date,code,name,trade_value,rank
20210131,060310,,0,1
20210131,095570,,0,2
20210131,006840,,0,3
20210131,054620,,0,4
20210131,265520,,0,5
20210131,211270,,0,6
20210131,027410,,0,7
20210131,282330,,0,8
20210131,138930,,0,9
20210131,001460,,0,10
20210131,001465,,0,11
20210131,001040,,0,12
20210131,079160,,0,13
20210131,035760,,0,14
20210131,00104K,,0,15
20210131,000120,,0,16
20210131,011150,,0,17
20210131,011155,,0,18
20210131,001045,,0,19
20210131,097950,,0,20
20210131,097955,,0,21
20210131,051500,,0,22
20210131,058820,,0,23
20210131,023460,,0,24
20210131,065770,,0,25
20210131,083660,,0,26
20210131,000590,,0,27
20210131,012030,,0,28
20210131,367340,,0,29
20210131,016610,,0,30
20210131,005830,,0,31
20210131,000990,,0,32
20210131,000995,,0,33
20210131,139130,,0,34
20210131,001530,,0,35
20210131,000210,,0,36
20210131,000215,,0,37
20210131,375500,,0,38
20210131,37550K,,0,39
20210131,068790,,0,40
20210131,004840,,0,41
20210131,241520,,0,42
20210131,155660,,0,43
20210131,069730,,0,44
20210131,017940,,0,45
20210131,245620,,0,46
20210131,037370,,0,47
20210131,079190,,0,48
20210131,365550,,0,49
20210131,007700,,0,50
20210131,130500,,0,51
20210131,114090,,0,52
20210131,900290,,0,53
20210131,078930,,0,54
20210131,083450,,0,55
20210131,006360,,0,56
20210131,001250,,0,57
20210131,007070,,0,58
20210131,078935,,0,59
20210131,028150,,0,60
20210131,045890,,0,61
20210131,078150,,0,62
20210131,012630,,0,63
20210131,039570,,0,64
20210131,089470,,0,65
20210131,294870,,0,66
20210131,011200,,0,67
20210131,036640,,0,68
20210131,082740,,0,69
20210131,335870,,0,70
20210131,351340,,0,71
20210131,351320,,0,72
20210131,003560,,0,73
20210131,095340,,0,74
20210131,099520,,0,75
20210131,175330,,0,76
20210131,950170,,0,77
20210131,234080,,0,78
20210131,067290,,0,79
20210131,001060,,0,80
20210131,001067,,0,81
20210131,001065,,0,82
20210131,096760,,0,83
20210131,035900,,0,84
20210131,024840,,0,85
20210131,105560,,0,86
20210131,024120,,0,87
20210131,002380,,0,88
20210131,021320,,0,89
20210131,036670,,0,90
20210131,009070,,0,91
20210131,009440,,0,92
20210131,112190,,0,93
20210131,119650,,0,94
20210131,044180,,0,95
20210131,092220,,0,96
20210131,151860,,0,97
20210131,016380,,0,98
20210131,016385,,0,99
20210131,046440,,0,100
20210131,035600,,0,101
20210131,001390,,0,102
20210131,060720,,0,103
20210131,001940,,0,104
20210131,122450,,0,105
20210131,052900,,0,106
20210131,058400,,0,107
20210131,114450,,0,108
20210131,025000,,0,109
20210131,092230,,0,110
20210131,000040,,0,111
20210131,044450,,0,112
20210131,030200,,0,113
20210131,033780,,0,114
20210131,030210,,0,115
20210131,036030,,0,116
20210131,058850,,0,117
20210131,058860,,0,118
20210131,060370,,0,119
20210131,093050,,0,120
20210131,003550,,0,121
20210131,034220,,0,122
20210131,001120,,0,123
20210131,051900,,0,124
20210131,051905,,0,125
20210131,003555,,0,126
20210131,032640,,0,127
20210131,011070,,0,128
20210131,066570,,0,129
20210131,066575,,0,130
20210131,108670,,0,131
20210131,108675,,0,132
20210131,037560,,0,133
20210131,051910,,0,134
20210131,051915,,0,135
20210131,079550,,0,136
20210131,006260,,0,137
20210131,010120,,0,138
20210131,000680,,0,139
20210131,229640,,0,140
20210131,023150,,0,141
20210131,065150,,0,142
20210131,219550,,0,143
20210131,035420,,0,144
20210131,160550,,0,145
20210131,053290,,0,146
20210131,181710,,0,147
20210131,104200,,0,148
20210131,060250,,0,149
20210131,005940,,0,150
20210131,005945,,0,151
20210131,338100,,0,152
20210131,034310,,0,153
20210131,030190,,0,154
20210131,008260,,0,155
20210131,004250,,0,156
20210131,004255,,0,157
20210131,010060,,0,158
20210131,078590,,0,159
20210131,178920,,0,160
20210131,024940,,0,161
20210131,005490,,0,162
20210131,218410,,0,163
20210131,091340,,0,164
20210131,100840,,0,165
20210131,064960,,0,166
20210131,003570,,0,167
20210131,036530,,0,168
20210131,010950,,0,169
20210131,010955,,0,170
20210131,019550,,0,171
20210131,950110,,0,172
20210131,034120,,0,173
20210131,101060,,0,174
20210131,046140,,0,175
20210131,036120,,0,176
20210131,099220,,0,177
20210131,036540,,0,178
20210131,255220,,0,179
20210131,040610,,0,180
20210131,049470,,0,181
20210131,184230,,0,182
20210131,224880,,0,183
20210131,005090,,0,184
20210131,016250,,0,185
20210131,004060,,0,186
20210131,001380,,0,187
20210131,002360,,0,188
20210131,009160,,0,189
20210131,123700,,0,190
20210131,025530,,0,191
20210131,034730,,0,192
20210131,307070,,0,193
20210131,337450,,0,194
20210131,340350,,0,195
20210131,011790,,0,196
20210131,018670,,0,197
20210131,001740,,0,198
20210131,001745,,0,199
20210131,006120,,0,200
20210228,060310,,0,1
20210228,095570,,0,2
20210228,006840,,0,3
20210228,054620,,0,4
20210228,265520,,0,5
20210228,211270,,0,6
20210228,027410,,0,7
20210228,282330,,0,8
20210228,138930,,0,9
20210228,001460,,0,10
20210228,001465,,0,11
20210228,001040,,0,12
20210228,079160,,0,13
20210228,035760,,0,14
20210228,00104K,,0,15
20210228,000120,,0,16
20210228,011150,,0,17
20210228,011155,,0,18
20210228,001045,,0,19
20210228,097950,,0,20
20210228,097955,,0,21
20210228,051500,,0,22
20210228,058820,,0,23
20210228,023460,,0,24
20210228,056000,,0,25
20210228,065770,,0,26
20210228,083660,,0,27
20210228,000590,,0,28
20210228,012030,,0,29
20210228,367340,,0,30
20210228,016610,,0,31
20210228,005830,,0,32
20210228,000990,,0,33
20210228,000995,,0,34
20210228,139130,,0,35
20210228,001530,,0,36
20210228,000210,,0,37
20210228,000215,,0,38
20210228,375500,,0,39
20210228,37550K,,0,40
20210228,068790,,0,41
20210228,004840,,0,42
20210228,241520,,0,43
20210228,155660,,0,44
20210228,069730,,0,45
20210228,017940,,0,46
20210228,245620,,0,47
20210228,037370,,0,48
20210228,079190,,0,49
20210228,365550,,0,50
20210228,007700,,0,51
20210228,130500,,0,52
20210228,114090,,0,53
20210228,900290,,0,54
20210228,078930,,0,55
20210228,083450,,0,56
20210228,006360,,0,57
20210228,001250,,0,58
20210228,007070,,0,59
20210228,078935,,0,60
20210228,028150,,0,61
20210228,045890,,0,62
20210228,078150,,0,63
20210228,012630,,0,64
20210228,039570,,0,65
20210228,089470,,0,66
20210228,294870,,0,67
20210228,011200,,0,68
20210228,036640,,0,69
20210228,082740,,0,70
20210228,335870,,0,71
20210228,351340,,0,72
20210228,351320,,0,73
20210228,373200,,0,74
20210228,003560,,0,75
20210228,095340,,0,76
20210228,099520,,0,77
20210228,175330,,0,78
20210228,950170,,0,79
20210228,234080,,0,80
20210228,067290,,0,81
20210228,001060,,0,82
20210228,001067,,0,83
20210228,001065,,0,84
20210228,096760,,0,85
20210228,035900,,0,86
20210228,024840,,0,87
20210228,105560,,0,88
20210228,024120,,0,89
20210228,002380,,0,90
20210228,021320,,0,91
20210228,036670,,0,92
20210228,009070,,0,93
20210228,009440,,0,94
20210228,112190,,0,95
20210228,119650,,0,96
20210228,044180,,0,97
20210228,092220,,0,98
20210228,151860,,0,99
20210228,016380,,0,100
20210228,016385,,0,101
20210228,046440,,0,102
20210228,035600,,0,103
20210228,001390,,0,104
20210228,060720,,0,105
20210228,001940,,0,106
20210228,122450,,0,107
20210228,052900,,0,108
20210228,058400,,0,109
20210228,114450,,0,110
20210228,025000,,0,111
20210228,092230,,0,112
20210228,000040,,0,113
20210228,044450,,0,114
20210228,030200,,0,115
20210228,033780,,0,116
20210228,030210,,0,117
20210228,036030,,0,118
20210228,058850,,0,119
20210228,058860,,0,120
20210228,060370,,0,121
20210228,093050,,0,122
20210228,003550,,0,123
20210228,034220,,0,124
20210228,001120,,0,125
20210228,051900,,0,126
20210228,051905,,0,127
20210228,003555,,0,128
20210228,032640,,0,129
20210228,011070,,0,130
20210228,066570,,0,131
20210228,066575,,0,132
20210228,108670,,0,133
20210228,108675,,0,134
20210228,037560,,0,135
20210228,051910,,0,136
20210228,051915,,0,137
20210228,079550,,0,138
20210228,006260,,0,139
20210228,010120,,0,140
20210228,000680,,0,141
20210228,229640,,0,142
20210228,023150,,0,143
20210228,065150,,0,144
20210228,219550,,0,145
20210228,035420,,0,146
20210228,160550,,0,147
20210228,053290,,0,148
20210228,181710,,0,149
20210228,104200,,0,150
20210228,060250,,0,151
20210228,005940,,0,152
20210228,005945,,0,153
20210228,338100,,0,154
20210228,034310,,0,155
20210228,030190,,0,156
20210228,008260,,0,157
20210228,004250,,0,158
20210228,004255,,0,159
20210228,010060,,0,160
20210228,078590,,0,161
20210228,178920,,0,162
20210228,024940,,0,163
20210228,005490,,0,164
20210228,218410,,0,165
20210228,091340,,0,166
20210228,100840,,0,167
20210228,064960,,0,168
20210228,003570,,0,169
20210228,036530,,0,170
20210228,010950,,0,171
20210228,010955,,0,172
20210228,019550,,0,173
20210228,950110,,0,174
20210228,034120,,0,175
20210228,101060,,0,176
20210228,046140,,0,177
20210228,036120,,0,178
20210228,099220,,0,179
20210228,036540,,0,180
20210228,255220,,0,181
20210228,040610,,0,182
20210228,049470,,0,183
20210228,184230,,0,184
20210228,224880,,0,185
20210228,005090,,0,186
20210228,016250,,0,187
20210228,004060,,0,188
20210228,001380,,0,189
20210228,002360,,0,190
20210228,009160,,0,191
20210228,123700,,0,192
20210228,025530,,0,193
20210228,034730,,0,194
20210228,307070,,0,195
20210228,337450,,0,196
20210228,340350,,0,197
20210228,011790,,0,198
20210228,018670,,0,199
20210228,001740,,0,200
20210331,005930,,1413779202400,1
20210331,003530,,864583621530,2
20210331,041190,,779764153700,3
20210331,053030,,459709492500,4
20210331,000660,,441276843000,5
20210331,011200,,440478716100,6
20210331,094480,,429708854130,7
20210331,086890,,426152249000,8
20210331,014470,,357452134045,9
20210331,045660,,356371472750,10
20210331,066570,,312182552000,11
20210331,051910,,304608223201,12
20210331,272210,,285478205600,13
20210331,000270,,263349818700,14
20210331,035720,,251144712500,15
20210331,007860,,233169333550,16
20210331,019170,,227865312500,17
20210331,224110,,223429967750,18
20210331,010140,,219866392150,19
20210331,035420,,215458155500,20
20210331,006400,,212227290000,21
20210331,009830,,209918032300,22
20210331,004830,,206331747600,23
20210331,064260,,189800497620,24
20210331,096770,,183021485000,25
20210331,068270,,172092054000,26
20210331,011780,,167554816000,27
20210331,005380,,164963338500,28
20210331,058630,,151859719560,29
20210331,005490,,150535408797,30
20210331,048910,,142842173950,31
20210331,005935,,137439672692,32
20210331,036570,,133000024000,33
20210331,001380,,126828409055,34
20210331,017670,,125799468500,35
20210331,302440,,123533877000,36
20210331,189980,,121562250280,37
20210331,026150,,118305615300,38
20210331,025950,,107340155900,39
20210331,026890,,106844570700,40
20210331,012330,,106412385000,41
20210331,027360,,106060674990,42
20210331,005360,,103770410720,43
20210331,105560,,102162112000,44
20210331,089150,,96662126550,45
20210331,034730,,94822041500,46
20210331,021650,,92385603430,47
20210331,194480,,91898821400,48
20210331,052420,,91485584780,49
20210331,055550,,90324710400,50
20210331,009150,,89984249000,51
20210331,281740,,89589489120,52
20210331,096040,,87558317505,53
20210331,003535,,84655816380,54
20210331,222980,,82823100850,55
20210331,066130,,80553660750,56
20210331,091990,,79771626400,57
20210331,042670,,75492609200,58
20210331,086790,,75298279800,59
20210331,009540,,72775253500,60
20210331,326030,,71191783000,61
20210331,027410,,71150947870,62
20210331,090430,,69212004500,63
20210331,080520,,68328388700,64
20210331,352820,,67919984000,65
20210331,088350,,67271711930,66
20210331,121800,,67148723100,67
20210331,048410,,67046358150,68
20210331,289220,,66390594250,69
20210331,285130,,64311490500,70
20210331,027830,,61539209635,71
20210331,010060,,60793967000,72
20210331,248070,,60190969450,73
20210331,299900,,58711171650,74
20210331,013990,,57627732510,75
20210331,015760,,57490148300,76
20210331,028670,,57414239320,77
20210331,034220,,57195806250,78
20210331,323990,,55609564800,79
20210331,043260,,55275262140,80
20210331,007330,,54956856700,81
20210331,096530,,54661494600,82
20210331,051900,,54225501000,83
20210331,038500,,54064529490,84
20210331,003580,,52221493460,85
20210331,004020,,51768436650,86
20210331,066970,,51163416900,87
20210331,011170,,51065798500,88
20210331,004980,,50713281550,89
20210331,208140,,50168872605,90
20210331,005390,,50049218035,91
20210331,036640,,49009331260,92
20210331,003670,,48223947500,93
20210331,065500,,47557459215,94
20210331,008770,,46612075700,95
20210331,028260,,45827963000,96
20210331,021080,,45403890145,97
20210331,317530,,44990181890,98
20210331,004140,,44953678840,99
20210331,030520,,44058241550,100
20210331,050960,,44038975300,101
20210331,006360,,44027107700,102
20210331,298020,,43661392000,103
20210331,003490,,43330938450,104
20210331,015890,,43005791570,105
20210331,028050,,42972658800,106
20210331,011080,,41620443770,107
20210331,011070,,41536492000,108
20210331,003410,,41435251830,109
20210331,093240,,40684001460,110
20210331,124560,,40302782970,111
20210331,001440,,39730511955,112
20210331,207940,,39500085000,113
20210331,159580,,39181539500,114
20210331,010620,,38952853100,115
20210331,030200,,38515339000,116
20210331,208710,,38360761580,117
20210331,082740,,38259115380,118
20210331,012450,,38131711600,119
20210331,086960,,38054756900,120
20210331,000220,,37914808600,121
20210331,011930,,37813136025,122
20210331,340360,,36699463430,123
20210331,112610,,36660848800,124
20210331,004540,,36523447240,125
20210331,086280,,36516102000,126
20210331,003780,,36007620860,127
20210331,217500,,35576599720,128
20210331,356890,,35449166300,129
20210331,950220,,35280463500,130
20210331,204320,,35238680300,131
20210331,126640,,35164112800,132
20210331,237820,,35124782350,133
20210331,015020,,35105133270,134
20210331,000990,,34049089600,135
20210331,303030,,34043425955,136
20210331,036630,,33780377301,137
20210331,071050,,33591419000,138
20210331,034020,,33233174600,139
20210331,060570,,32701318760,140
20210331,014530,,32653135730,141
20210331,036090,,32428340190,142
20210331,090350,,32264848700,143
20210331,287410,,31946580585,144
20210331,000720,,31836269000,145
20210331,016380,,31754783700,146
20210331,003550,,31298097900,147
20210331,069260,,31184482350,148
20210331,019770,,30939499600,149
20210331,033780,,30885448400,150
20210331,161390,,29975460300,151
20210331,053290,,29934872750,152
20210331,038110,,29876771370,153
20210331,298050,,29794623500,154
20210331,032640,,29632835950,155
20210331,046390,,29071121980,156
20210331,045340,,29041462350,157
20210331,016360,,28500357350,158
20210331,048530,,28294387850,159
20210331,011790,,28281793500,160
20210331,007460,,28207363850,161
20210331,011090,,28197280705,162
20210331,092440,,28098639830,163
20210331,018880,,28002212550,164
20210331,246710,,27346239150,165
20210331,068290,,26710091300,166
20210331,000810,,26444804000,167
20210331,019680,,26123298080,168
20210331,241560,,26012224750,169
20210331,334970,,25978732950,170
20210331,006800,,25841768380,171
20210331,067010,,25768676510,172
20210331,267250,,25744725000,173
20210331,047810,,25728865100,174
20210331,251270,,25631225000,175
20210331,024110,,25605189820,176
20210331,036030,,25474864850,177
20210331,014190,,25352923010,178
20210331,001230,,25336040400,179
20210331,104480,,25244447335,180
20210331,375500,,25233149500,181
20210331,032830,,25189497300,182
20210331,336260,,25123015200,183
20210331,065450,,24942096440,184
20210331,214270,,24780209320,185
20210331,139480,,24392687500,186
20210331,010950,,24079564100,187
20210331,108670,,23913185500,188
20210331,066910,,23756668855,189
20210331,039490,,23631286000,190
20210331,103840,,23600998700,191
20210331,000100,,23180368800,192
20210331,298000,,23102332000,193
20210331,000250,,23058808900,194
20210331,039200,,22919537250,195
20210331,002240,,22506934200,196
20210331,002380,,22243667500,197
20210331,192080,,22236887400,198
20210331,051600,,22224895300,199
20210331,361390,,22185560600,200
20210430,005930,,1525090284512,1
20210430,063160,,686120212400,2
20210430,051910,,611925801000,3
20210430,243070,,563146274900,4
20210430,000660,,506549397500,5
20210430,035720,,502063401000,6
20210430,011200,,439631750850,7
20210430,003850,,401421048600,8
20210430,035420,,368172293000,9
20210430,004720,,358452897100,10
20210430,303030,,309892101375,11
20210430,084110,,265589032300,12
20210430,066570,,256243079500,13
20210430,008770,,255349213900,14
20210430,005380,,248343193000,15
20210430,096040,,246420122067,16
20210430,000270,,245612841900,17
20210430,019170,,232760443700,18
20210430,005880,,227584021005,19
20210430,009540,,210477052000,20
20210430,071090,,206913497640,21
20210430,008970,,204097126270,22
20210430,002710,,198864295940,23
20210430,096770,,194977722500,24
20210430,205470,,193904307100,25
20210430,068270,,187024700500,26
20210430,009070,,184931034240,27
20210430,006400,,184540753000,28
20210430,005490,,182752490000,29
20210430,010140,,176237677110,30
20210430,078340,,175444678200,31
20210430,218150,,173701504480,32
20210430,064260,,169566171620,33
20210430,010620,,166934072200,34
20210430,200670,,162230342550,35
20210430,004020,,151718441900,36
20210430,034220,,147090925400,37
20210430,302440,,140093469000,38
20210430,950130,,136584785050,39
20210430,012330,,133695638000,40
20210430,028670,,132731786440,41
20210430,000720,,131857423600,42
20210430,003535,,125318853150,43
20210430,001230,,125114988050,44
20210430,353810,,123254253950,45
20210430,003490,,119944180050,46
20210430,009150,,119522456500,47
20210430,005935,,115582098896,48
20210430,091990,,112308006700,49
20210430,011780,,108348981000,50
20210430,003530,,106023883735,51
20210430,009180,,105673082010,52
20210430,071970,,105635257710,53
20210430,004560,,105527189250,54
20210430,004170,,101905184000,55
20210430,086790,,101740586250,56
20210430,028050,,100179745950,57
20210430,105560,,99886923300,58
20210430,055550,,98722850950,59
20210430,114450,,98026014350,60
20210430,028260,,97088797000,61
20210430,004140,,96673432090,62
20210430,214330,,93505054890,63
20210430,298020,,88004499000,64
20210430,017670,,87688213000,65
20210430,109820,,87209391000,66
20210430,214390,,86251823150,67
20210430,086890,,84531744250,68
20210430,001000,,81239687170,69
20210430,160550,,80655142050,70
20210430,010040,,80632064070,71
20210430,058430,,80390504800,72
20210430,011170,,79417816000,73
20210430,042660,,78092916150,74
20210430,093230,,77891856035,75
20210430,047040,,76418751920,76
20210430,095700,,74567315800,77
20210430,011790,,74109356000,78
20210430,082850,,72101708160,79
20210430,015760,,71992529200,80
20210430,082740,,69953910350,81
20210430,334970,,68397727900,82
20210430,036570,,65886922000,83
20210430,003580,,65572696950,84
20210430,267250,,65141918900,85
20210430,006280,,64746712000,86
20210430,043220,,64636195570,87
20210430,006360,,64536263050,88
20210430,053030,,64168990450,89
20210430,010130,,62264982500,90
20210430,069960,,61018399200,91
20210430,071050,,60660211000,92
20210430,003670,,58964871000,93
20210430,034230,,58661798200,94
20210430,034730,,58032430000,95
20210430,090430,,57606152500,96
20210430,133820,,57490426390,97
20210430,101060,,56473260010,98
20210430,164060,,55687137400,99
20210430,048410,,55551135300,100
20210430,096530,,54749518100,101
20210430,042700,,53064910950,102
20210430,207940,,53058150000,103
20210430,253450,,52949485300,104
20210430,010950,,52709904000,105
20210430,237690,,51130455600,106
20210430,011810,,50556490900,107
20210430,011070,,49354298500,108
20210430,010060,,49133383000,109
20210430,066970,,48848945900,110
20210430,051900,,48753099000,111
20210430,104480,,48702848740,112
20210430,000990,,48017698000,113
20210430,034020,,47662788150,114
20210430,026890,,47608828400,115
20210430,112610,,47558662100,116
20210430,009830,,46381490650,117
20210430,183490,,46108068500,118
20210430,042670,,45752747800,119
20210430,298000,,45577987500,120
20210430,032830,,44853607600,121
20210430,352820,,44806203000,122
20210430,253840,,44530685300,123
20210430,046140,,44260766690,124
20210430,086280,,43955483500,125
20210430,073010,,43350000150,126
20210430,218410,,43343573900,127
20210430,067160,,43275186100,128
20210430,004835,,43016045700,129
20210430,139480,,42827068500,130
20210430,032640,,42405532850,131
20210430,035250,,42250857250,132
20210430,084650,,42126922150,133
20210430,192820,,41434367500,134
20210430,026940,,40840996840,135
20210430,005940,,40740583650,136
20210430,018290,,39777379010,137
20210430,041190,,39489199100,138
20210430,138930,,39079458580,139
20210430,000180,,38798156855,140
20210430,014940,,38748590410,141
20210430,006650,,38697627500,142
20210430,185750,,38344569000,143
20210430,214610,,38119030500,144
20210430,298050,,38058153500,145
20210430,323990,,37671567000,146
20210430,204320,,37406042900,147
20210430,251270,,37390962000,148
20210430,336260,,37352139300,149
20210430,263770,,36842016180,150
20210430,294570,,36313547800,151
20210430,375500,,35996979000,152
20210430,024110,,35748449310,153
20210430,033780,,35249702500,154
20210430,047050,,35135955550,155
20210430,206650,,35066511550,156
20210430,018260,,35003094500,157
20210430,175250,,34844218950,158
20210430,26490K,,34695092050,159
20210430,065450,,33832638280,160
20210430,068760,,33533393700,161
20210430,030200,,33122219850,162
20210430,017480,,33115846600,163
20210430,247540,,33039966700,164
20210430,363280,,32505155000,165
20210430,215000,,32285179900,166
20210430,017550,,32270065870,167
20210430,053270,,31898356905,168
20210430,267260,,31799261050,169
20210430,007610,,31705825625,170
20210430,352770,,31681601900,171
20210430,217600,,31631420495,172
20210430,950210,,31094474550,173
20210430,075580,,31070181790,174
20210430,017960,,30857455150,175
20210430,299660,,30848393800,176
20210430,031430,,30228463500,177
20210430,052690,,30079473400,178
20210430,036460,,29855820500,179
20210430,316140,,29778832550,180
20210430,090350,,29581162550,181
20210430,035760,,29335607800,182
20210430,039490,,29162710000,183
20210430,006260,,29116228100,184
20210430,326030,,29077483500,185
20210430,129260,,28917625765,186
20210430,139130,,28790865210,187
20210430,016380,,28382022900,188
20210430,224060,,27960921788,189
20210430,238090,,27934428130,190
20210430,051915,,27701720000,191
20210430,064350,,27524154100,192
20210430,064760,,27298001400,193
20210430,240810,,27249331100,194
20210430,000210,,26986910800,195
20210430,002360,,26796151240,196
20210430,269620,,26423074810,197
20210430,144510,,26174409200,198
20210430,206640,,25883203350,199
20210430,103140,,25723842800,200
20210531,005930,,1065281026200,1
20210531,034020,,781148751650,2
20210531,011200,,553724716900,3
20210531,001440,,501981966765,4
20210531,006400,,394475490000,5
20210531,000660,,307757152500,6
20210531,001360,,295296916400,7
20210531,035080,,284636406440,8
20210531,035720,,281061828000,9
20210531,096770,,270575991500,10
20210531,005380,,264646360500,11
20210531,000270,,256374004100,12
20210531,137940,,241865410575,13
20210531,051910,,217283155000,14
20210531,048550,,199287000450,15
20210531,005490,,157561658000,16
20210531,042670,,153400164750,17
20210531,003920,,151632496000,18
20210531,192250,,146330073690,19
20210531,035420,,143584446500,20
20210531,222980,,141627413200,21
20210531,027830,,137270719250,22
20210531,383310,,130535489900,23
20210531,057030,,127640341190,24
20210531,291230,,127476629750,25
20210531,040160,,123467451310,26
20210531,008770,,121059318700,27
20210531,068270,,119230384500,28
20210531,171090,,112764137250,29
20210531,025980,,112242958520,30
20210531,047040,,112083473070,31
20210531,003490,,111476838950,32
20210531,003550,,108241293500,33
20210531,105560,,107436523300,34
20210531,011000,,107046780950,35
20210531,015760,,101650398900,36
20210531,012330,,99986959000,37
20210531,207940,,99788694000,38
20210531,094850,,95597708200,39
20210531,361610,,93019431000,40
20210531,024740,,92273675640,41
20210531,206650,,90800112400,42
20210531,009150,,89233285500,43
20210531,009620,,88744436835,44
20210531,034220,,84646566600,45
20210531,005935,,84253416700,46
20210531,010140,,81786249550,47
20210531,066570,,80790748500,48
20210531,016880,,75142744155,49
20210531,205500,,73916584650,50
20210531,000720,,72425104600,51
20210531,008060,,71815499330,52
20210531,079160,,71804376350,53
20210531,128540,,71204867280,54
20210531,036570,,70105557000,55
20210531,007070,,69899433150,56
20210531,035760,,66955097100,57
20210531,052690,,66710366000,58
20210531,035900,,66238979800,59
20210531,091990,,65661921500,60
20210531,072770,,64604849950,61
20210531,011210,,62917928800,62
20210531,251270,,62906400500,63
20210531,086520,,61926037550,64
20210531,010050,,61621564819,65
20210531,004990,,60858439050,66
20210531,063440,,59600511830,67
20210531,352820,,59548659500,68
20210531,003670,,58128647000,69
20210531,001230,,58027447250,70
20210531,323990,,57850065400,71
20210531,000080,,57484460950,72
20210531,024890,,57092233940,73
20210531,055550,,56443058200,74
20210531,038620,,56404624550,75
20210531,004020,,56056322900,76
20210531,035250,,55936324800,77
20210531,302440,,55910866500,78
20210531,039560,,55692047790,79
20210531,383800,,55563730200,80
20210531,016920,,54956976970,81
20210531,011780,,54503839000,82
20210531,001340,,54448888390,83
20210531,010060,,53636928500,84
20210531,204320,,53362862200,85
20210531,019170,,52311889800,86
20210531,027360,,51860648100,87
20210531,033310,,51510565300,88
20210531,151860,,50561175150,89
20210531,086790,,50164757300,90
20210531,096530,,49986388100,91
20210531,017670,,49717078000,92
20210531,033780,,49632826900,93
20210531,145210,,49372049511,94
20210531,028260,,48444256000,95
20210531,204020,,47264750220,96
20210531,208710,,46824626160,97
20210531,004170,,46615752500,98
20210531,009830,,46511650650,99
20210531,032500,,45848072000,100
20210531,051900,,45084088700,101
20210531,028050,,45068886900,102
20210531,090430,,45001304500,103
20210531,032350,,44247264400,104
20210531,092300,,43798179160,105
20210531,030200,,43259903800,106
20210531,001780,,42824028620,107
20210531,020180,,42754583720,108
20210531,083420,,42592055350,109
20210531,068290,,42391955700,110
20210531,109080,,42259464150,111
20210531,052460,,42165935870,112
20210531,010950,,41683871500,113
20210531,094820,,41538925040,114
20210531,336260,,41382336900,115
20210531,006360,,41185841200,116
20210531,009180,,40655354710,117
20210531,041510,,40532720100,118
20210531,039130,,40454613900,119
20210531,095700,,40007542000,120
20210531,253450,,39838425800,121
20210531,104620,,39742421250,122
20210531,010690,,39195395980,123
20210531,123410,,39160753195,124
20210531,009540,,37904840000,125
20210531,034730,,37850804000,126
20210531,011170,,37715395500,127
20210531,088800,,37410667100,128
20210531,033270,,36261260800,129
20210531,002290,,36124100100,130
20210531,205470,,35848191150,131
20210531,317320,,35504209690,132
20210531,066970,,35104423900,133
20210531,112610,,35033998100,134
20210531,097950,,34966529000,135
20210531,078650,,34674194965,136
20210531,122870,,34556628350,137
20210531,011790,,34404846500,138
20210531,090460,,34225256050,139
20210531,137950,,34205668120,140
20210531,006910,,34123004900,141
20210531,030000,,33942796800,142
20210531,237880,,33790669300,143
20210531,237690,,33610137300,144
20210531,373340,,33595372320,145
20210531,012450,,33387540250,146
20210531,078340,,32564238600,147
20210531,010620,,32375938900,148
20210531,095720,,32367680920,149
20210531,032640,,32221190350,150
20210531,008600,,32216812500,151
20210531,093230,,31596484862,152
20210531,048410,,31382486300,153
20210531,196170,,31261204400,154
20210531,297570,,30823608170,155
20210531,377400,,30659007685,156
20210531,340120,,30598154395,157
20210531,069960,,30516360800,158
20210531,042510,,30103665775,159
20210531,006280,,29875498500,160
20210531,042040,,29697160375,161
20210531,084180,,29361918775,162
20210531,005850,,29312548950,163
20210531,310870,,29143178400,164
20210531,028670,,29130147850,165
20210531,323280,,29098166720,166
20210531,248070,,28804587250,167
20210531,028300,,28476206800,168
20210531,064350,,28016748050,169
20210531,007210,,27962458070,170
20210531,041190,,27943679900,171
20210531,080160,,27621808800,172
20210531,026150,,27339071500,173
20210531,034230,,27082854700,174
20210531,023530,,27057575000,175
20210531,022100,,26436022920,176
20210531,000810,,26001822000,177
20210531,051600,,25911537600,178
20210531,145270,,25849130445,179
20210531,139480,,25647232500,180
20210531,050090,,25568631160,181
20210531,276730,,25506741535,182
20210531,021240,,25333743100,183
20210531,071050,,24684508500,184
20210531,086280,,24643751500,185
20210531,128940,,24623674000,186
20210531,178320,,24607881450,187
20210531,005940,,24549352550,188
20210531,353060,,24508716920,189
20210531,047050,,24433465100,190
20210531,008830,,24403783220,191
20210531,368770,,24310234165,192
20210531,307070,,24308112335,193
20210531,032830,,24137107000,194
20210531,096040,,24120319954,195
20210531,005070,,24116661750,196
20210531,016360,,24016338100,197
20210531,359090,,24008063700,198
20210531,35320K,,23831454700,199
20210531,268600,,23604819800,200
20210630,011000,,1600301641200,1
20210630,035720,,1178244500070,2
20210630,005930,,1075902355151,3
20210630,000660,,557285330300,4
20210630,007390,,475137471300,5
20210630,093230,,473833230589,6
20210630,035420,,399857908862,7
20210630,096770,,383417945500,8
20210630,352820,,293578665500,9
20210630,037560,,278525178490,10
20210630,051910,,263389539000,11
20210630,019170,,263256825600,12
20210630,090410,,240778800295,13
20210630,006400,,238164348857,14
20210630,361610,,210385375500,15
20210630,011200,,209788498550,16
20210630,071970,,209572292750,17
20210630,217600,,206484002715,18
20210630,066570,,183186558000,19
20210630,048550,,181312262870,20
20210630,084110,,176412093300,21
20210630,293490,,173035122100,22
20210630,096530,,171278006900,23
20210630,096040,,167674370750,24
20210630,013990,,162113757670,25
20210630,005380,,156348960372,26
20210630,224060,,154183653225,27
20210630,057880,,145607544645,28
20210630,002410,,141251391550,29
20210630,000270,,137219994800,30
20210630,100220,,131166988950,31
20210630,185490,,129684494750,32
20210630,009830,,129040703500,33
20210630,038110,,122649540030,34
20210630,016090,,120435648000,35
20210630,043910,,120323676320,36
20210630,005490,,119634322855,37
20210630,034020,,116545944650,38
20210630,006910,,115468553640,39
20210630,205470,,115306057050,40
20210630,028050,,115281447750,41
20210630,005935,,114320868243,42
20210630,339950,,112107178155,43
20210630,028670,,111585534550,44
20210630,035150,,106041025420,45
20210630,005320,,105361380180,46
20210630,008470,,104871117950,47
20210630,068270,,104431935000,48
20210630,263750,,97127960100,49
20210630,010240,,96249613550,50
20210630,318020,,95908783300,51
20210630,089850,,95311441350,52
20210630,290510,,94772884080,53
20210630,000990,,94151883200,54
20210630,011090,,92776553810,55
20210630,034220,,91545669350,56
20210630,244460,,91492154100,57
20210630,012330,,89280642000,58
20210630,302440,,84196439500,59
20210630,004590,,82634816610,60
20210630,258790,,81020527500,61
20210630,043220,,76850600340,62
20210630,299660,,76669560000,63
20210630,102460,,75582380000,64
20210630,005880,,75279364410,65
20210630,317530,,74036051300,66
20210630,011210,,73223161200,67
20210630,950130,,72439154200,68
20210630,000720,,71987495800,69
20210630,015020,,71059764800,70
20210630,226340,,69963797915,71
20210630,222800,,69903515050,72
20210630,011170,,68655288000,73
20210630,091990,,66334605700,74
20210630,001440,,65568671230,75
20210630,047040,,65121485920,76
20210630,017670,,64069644000,77
20210630,033640,,62513141400,78
20210630,033050,,61136329295,79
20210630,053350,,59080624560,80
20210630,090430,,58875922500,81
20210630,033530,,57529495130,82
20210630,133750,,57002487580,83
20210630,064550,,56604943550,84
20210630,120110,,56571614600,85
20210630,028300,,55571289600,86
20210630,055550,,55103620750,87
20210630,051900,,54091241186,88
20210630,068760,,53193544100,89
20210630,085660,,51378226500,90
20210630,105560,,51145966000,91
20210630,023350,,50154430300,92
20210630,011790,,49460246500,93
20210630,298020,,49211726000,94
20210630,011780,,48237655000,95
20210630,038070,,48191656150,96
20210630,036570,,47792123000,97
20210630,001470,,47490443790,98
20210630,038620,,47232498820,99
20210630,010170,,46963384420,100
20210630,090460,,46916517750,101
20210630,151860,,46025278450,102
20210630,004830,,44922999300,103
20210630,028260,,43887654500,104
20210630,065440,,43684754830,105
20210630,207940,,43260533000,106
20210630,009150,,43232426000,107
20210630,033540,,42730856610,108
20210630,043100,,42527034400,109
20210630,015760,,42218886800,110
20210630,053290,,41491536900,111
20210630,251270,,41207105000,112
20210630,950210,,40879739200,113
20210630,078340,,40795870300,114
20210630,001520,,40420012970,115
20210630,041510,,40299790700,116
20210630,298050,,40133067500,117
20210630,131370,,39983794930,118
20210630,336260,,39641079600,119
20210630,237690,,39375958000,120
20210630,004020,,39176444000,121
20210630,003490,,39112849100,122
20210630,032300,,39106033300,123
20210630,069410,,39004920200,124
20210630,003580,,38813477500,125
20210630,357580,,38607060100,126
20210630,008600,,37692450140,127
20210630,054940,,37384447540,128
20210630,375500,,37307003000,129
20210630,086790,,37303658700,130
20210630,033780,,36921530800,131
20210630,011070,,36642191500,132
20210630,247540,,36332746100,133
20210630,091580,,34998892350,134
20210630,010140,,34692949590,135
20210630,048410,,34679237600,136
20210630,016920,,33987309900,137
20210630,003550,,33458370000,138
20210630,003670,,33173533000,139
20210630,034730,,32557716500,140
20210630,086890,,32542700700,141
20210630,032820,,32355917640,142
20210630,007210,,31850596395,143
20210630,086900,,31089209600,144
20210630,127710,,30845421520,145
20210630,008350,,30805130560,146
20210630,002070,,30624306920,147
20210630,081660,,30507680700,148
20210630,139480,,30473090000,149
20210630,110790,,30384349500,150
20210630,003090,,29994994200,151
20210630,268600,,29723646500,152
20210630,064350,,29564425100,153
20210630,067160,,29507077600,154
20210630,007070,,28857860300,155
20210630,326030,,28603017500,156
20210630,095700,,28480939100,157
20210630,089890,,28424346200,158
20210630,206650,,28190033000,159
20210630,215480,,27556217350,160
20210630,083640,,27425831125,161
20210630,010950,,27392886500,162
20210630,024810,,27375206710,163
20210630,067000,,27106676850,164
20210630,049480,,27040408000,165
20210630,086280,,27020727500,166
20210630,005690,,26821390250,167
20210630,006340,,26699171605,168
20210630,001840,,26383826230,169
20210630,010060,,26162849500,170
20210630,195990,,25947163010,171
20210630,037230,,25890558340,172
20210630,204320,,25854011900,173
20210630,008770,,25844913300,174
20210630,036620,,25771092470,175
20210630,008930,,25716914600,176
20210630,006360,,25603792150,177
20210630,334970,,25169025350,178
20210630,001420,,25112884590,179
20210630,024900,,24957507765,180
20210630,256840,,24852552380,181
20210630,243070,,24831133800,182
20210630,024070,,24814277970,183
20210630,003920,,24763573000,184
20210630,047310,,24606678960,185
20210630,006140,,24566496650,186
20210630,058430,,24547270600,187
20210630,108320,,24530153800,188
20210630,104480,,24464774090,189
20210630,005390,,24298890460,190
20210630,130660,,24025260700,191
20210630,195870,,23992652650,192
20210630,002900,,23383991590,193
20210630,316140,,23303800750,194
20210630,004000,,23269450900,195
20210630,059120,,23179705250,196
20210630,071050,,22938377000,197
20210630,001230,,22915462550,198
20210630,009540,,22853371500,199
20210630,069620,,22735192500,200
20210731,060310,,0,1
20210731,095570,,0,2
20210731,006840,,0,3
20210731,054620,,0,4
20210731,265520,,0,5
20210731,211270,,0,6
20210731,027410,,0,7
20210731,282330,,0,8
20210731,138930,,0,9
20210731,001460,,0,10
20210731,001465,,0,11
20210731,013720,,0,12
20210731,001040,,0,13
20210731,079160,,0,14
20210731,035760,,0,15
20210731,00104K,,0,16
20210731,000120,,0,17
20210731,011150,,0,18
20210731,011155,,0,19
20210731,001045,,0,20
20210731,097950,,0,21
20210731,097955,,0,22
20210731,051500,,0,23
20210731,058820,,0,24
20210731,023460,,0,25
20210731,056730,,0,26
20210731,056000,,0,27
20210731,065770,,0,28
20210731,083660,,0,29
20210731,000590,,0,30
20210731,012030,,0,31
20210731,367340,,0,32
20210731,367360,,0,33
20210731,016610,,0,34
20210731,005830,,0,35
20210731,000990,,0,36
20210731,000995,,0,37
20210731,139130,,0,38
20210731,001530,,0,39
20210731,000210,,0,40
20210731,001880,,0,41
20210731,000215,,0,42
20210731,375500,,0,43
20210731,37550K,,0,44
20210731,068790,,0,45
20210731,004840,,0,46
20210731,241520,,0,47
20210731,155660,,0,48
20210731,069730,,0,49
20210731,017940,,0,50
20210731,245620,,0,51
20210731,037370,,0,52
20210731,278990,,0,53
20210731,079190,,0,54
20210731,365550,,0,55
20210731,050120,,0,56
20210731,383220,,0,57
20210731,007700,,0,58
20210731,130500,,0,59
20210731,114090,,0,60
20210731,900290,,0,61
20210731,078930,,0,62
20210731,083450,,0,63
20210731,006360,,0,64
20210731,001250,,0,65
20210731,007070,,0,66
20210731,078935,,0,67
20210731,045890,,0,68
20210731,297890,,0,69
20210731,078150,,0,70
20210731,012630,,0,71
20210731,039570,,0,72
20210731,089470,,0,73
20210731,294870,,0,74
20210731,011200,,0,75
20210731,036640,,0,76
20210731,082740,,0,77
20210731,335870,,0,78
20210731,351340,,0,79
20210731,351320,,0,80
20210731,373200,,0,81
20210731,003560,,0,82
20210731,095340,,0,83
20210731,099520,,0,84
20210731,175330,,0,85
20210731,950170,,0,86
20210731,234080,,0,87
20210731,067290,,0,88
20210731,001060,,0,89
20210731,001067,,0,90
20210731,001065,,0,91
20210731,096760,,0,92
20210731,035900,,0,93
20210731,024840,,0,94
20210731,105560,,0,95
20210731,024120,,0,96
20210731,002380,,0,97
20210731,021320,,0,98
20210731,344820,,0,99
20210731,036670,,0,100
20210731,009070,,0,101
20210731,009440,,0,102
20210731,112190,,0,103
20210731,119650,,0,104
20210731,044180,,0,105
20210731,092220,,0,106
20210731,151860,,0,107
20210731,016380,,0,108
20210731,016385,,0,109
20210731,046440,,0,110
20210731,035600,,0,111
20210731,001390,,0,112
20210731,226360,,0,113
20210731,111870,,0,114
20210731,033180,,0,115
20210731,060720,,0,116
20210731,001940,,0,117
20210731,122450,,0,118
20210731,052900,,0,119
20210731,058400,,0,120
20210731,114450,,0,121
20210731,025000,,0,122
20210731,092230,,0,123
20210731,000040,,0,124
20210731,044450,,0,125
20210731,030200,,0,126
20210731,033780,,0,127
20210731,030210,,0,128
20210731,058850,,0,129
20210731,058860,,0,130
20210731,060370,,0,131
20210731,093050,,0,132
20210731,003550,,0,133
20210731,034220,,0,134
20210731,051900,,0,135
20210731,051905,,0,136
20210731,003555,,0,137
20210731,032640,,0,138
20210731,011070,,0,139
20210731,066570,,0,140
20210731,066575,,0,141
20210731,037560,,0,142
20210731,051910,,0,143
20210731,051915,,0,144
20210731,079550,,0,145
20210731,006260,,0,146
20210731,010120,,0,147
20210731,000680,,0,148
20210731,229640,,0,149
20210731,108320,,0,150
20210731,001120,,0,151
20210731,108670,,0,152
20210731,108675,,0,153
20210731,383800,,0,154
20210731,38380K,,0,155
20210731,023150,,0,156
20210731,035420,,0,157
20210731,160550,,0,158
20210731,053290,,0,159
20210731,181710,,0,160
20210731,104200,,0,161
20210731,060250,,0,162
20210731,005940,,0,163
20210731,005945,,0,164
20210731,338100,,0,165
20210731,034310,,0,166
20210731,030190,,0,167
20210731,008260,,0,168
20210731,004250,,0,169
20210731,004255,,0,170
20210731,010060,,0,171
20210731,078590,,0,172
20210731,178920,,0,173
20210731,024940,,0,174
20210731,005490,,0,175
20210731,218410,,0,176
20210731,327260,,0,177
20210731,091340,,0,178
20210731,010950,,0,179
20210731,010955,,0,180
20210731,019550,,0,181
20210731,950110,,0,182
20210731,034120,,0,183
20210731,101060,,0,184
20210731,046140,,0,185
20210731,036120,,0,186
20210731,099220,,0,187
20210731,036540,,0,188
20210731,255220,,0,189
20210731,040610,,0,190
20210731,049470,,0,191
20210731,184230,,0,192
20210731,005090,,0,193
20210731,016250,,0,194
20210731,001380,,0,195
20210731,004060,,0,196
20210731,001770,,0,197
20210731,002360,,0,198
20210731,009160,,0,199
20210731,123700,,0,200
20210831,005930,,1864084402507,1
20210831,302440,,998249156000,2
20210831,017670,,935979863500,3
20210831,028300,,776512330300,4
20210831,256840,,593744527700,5
20210831,000660,,520811866500,6
20210831,086520,,511574741200,7
20210831,112040,,485635936700,8
20210831,035720,,472238141000,9
20210831,263750,,458119433100,10
20210831,051910,,437696986000,11
20210831,131390,,409267369550,12
20210831,247540,,398236285500,13
20210831,032300,,389013685700,14
20210831,036570,,350522410800,15
20210831,035420,,334035980500,16
20210831,066670,,333258983970,17
20210831,361610,,322533704500,18
20210831,089140,,318811007430,19
20210831,006400,,308107404000,20
20210831,182400,,266521468800,21
20210831,106240,,262611314000,22
20210831,383310,,256324917200,23
20210831,067630,,249613493450,24
20210831,299660,,230141220400,25
20210831,336260,,202759513400,26
20210831,259960,,197471759000,27
20210831,096770,,196829970500,28
20210831,217600,,192161026000,29
20210831,000270,,183798438600,30
20210831,068270,,177803221000,31
20210831,006280,,177450808500,32
20210831,011200,,175383233050,33
20210831,005380,,163722401000,34
20210831,005935,,159350311200,35
20210831,018470,,158329294470,36
20210831,064550,,154182134100,37
20210831,005490,,148533771500,38
20210831,003580,,147569214250,39
20210831,323410,,145547183800,40
20210831,066570,,145111487500,41
20210831,090080,,142524583135,42
20210831,011790,,140914553000,43
20210831,293490,,135755895800,44
20210831,234300,,134225468530,45
20210831,019170,,130728923200,46
20210831,011000,,123678422700,47
20210831,207940,,123192271000,48
20210831,052670,,119804049745,49
20210831,105560,,118534861700,50
20210831,214260,,114975199000,51
20210831,032500,,113181429400,52
20210831,115160,,112062661920,53
20210831,206560,,110699274850,54
20210831,003490,,109126864650,55
20210831,142760,,108389647640,56
20210831,025550,,107305276400,57
20210831,035080,,106482111510,58
20210831,002410,,103554786100,59
20210831,185490,,102375544300,60
20210831,066970,,101204272000,61
20210831,001570,,95015950590,62
20210831,091990,,94244836500,63
20210831,009150,,93377049500,64
20210831,265560,,92611504700,65
20210831,017000,,92053851650,66
20210831,038530,,88701186975,67
20210831,060720,,86936995450,68
20210831,034020,,86646733900,69
20210831,220260,,84287719760,70
20210831,051900,,83022284000,71
20210831,055550,,80337342640,72
20210831,012330,,78480150986,73
20210831,293780,,73584608500,74
20210831,137310,,71450290800,75
20210831,064350,,71101502100,76
20210831,039240,,71032667340,77
20210831,000720,,67343203400,78
20210831,208710,,67235686905,79
20210831,038070,,67145429800,80
20210831,015860,,64137285200,81
20210831,189300,,63272129100,82
20210831,034730,,63241395000,83
20210831,086790,,63146698350,84
20210831,028260,,62498178500,85
20210831,011070,,61874728000,86
20210831,034220,,61637831300,87
20210831,252500,,60729024255,88
20210831,272210,,58979884250,89
20210831,009830,,58044406050,90
20210831,020560,,57836744450,91
20210831,068760,,57064025500,92
20210831,010130,,56310324000,93
20210831,126560,,55531020295,94
20210831,011780,,55128381000,95
20210831,095700,,54326272700,96
20210831,006360,,54060966050,97
20210831,352820,,52929731000,98
20210831,081000,,52417065700,99
20210831,041930,,52385460900,100
20210831,010060,,51054558000,101
20210831,028050,,50402325400,102
20210831,028670,,50396447680,103
20210831,298050,,50173198000,104
20210831,012280,,49575961880,105
20210831,317320,,49020515370,106
20210831,285130,,47281609500,107
20210831,021240,,46861344600,108
20210831,090430,,46633505000,109
20210831,003670,,45505969000,110
20210831,015760,,45101269650,111
20210831,000990,,44792095800,112
20210831,048410,,44345141950,113
20210831,005070,,44252387650,114
20210831,247660,,43021132400,115
20210831,326030,,42626664000,116
20210831,251270,,41790436000,117
20210831,086280,,41736267000,118
20210831,272290,,41330579000,119
20210831,016360,,41288657050,120
20210831,047920,,41249455350,121
20210831,014830,,40806507000,122
20210831,066590,,40697199750,123
20210831,069260,,40027561100,124
20210831,213420,,39837113600,125
20210831,033780,,39726668500,126
20210831,243840,,39580150700,127
20210831,315640,,39578477650,128
20210831,220100,,38920608300,129
20210831,011420,,38219259810,130
20210831,010950,,38154100700,131
20210831,009540,,37711061000,132
20210831,015020,,37610346960,133
20210831,005390,,37364013300,134
20210831,033160,,36555125900,135
20210831,003550,,35940080200,136
20210831,139480,,35761786500,137
20210831,041510,,35503058200,138
20210831,030200,,35433351950,139
20210831,090460,,35086934750,140
20210831,336370,,34555519200,141
20210831,032640,,34480228450,142
20210831,096530,,34187335500,143
20210831,278280,,34059592500,144
20210831,011170,,33861503500,145
20210831,316140,,33803656500,146
20210831,003000,,33731003100,147
20210831,000100,,33407376300,148
20210831,004020,,32770974800,149
20210831,950130,,32155931450,150
20210831,108320,,32102162100,151
20210831,089980,,31967410900,152
20210831,071050,,31939953500,153
20210831,005420,,31628163250,154
20210831,048550,,31276572040,155
20210831,097780,,31142050070,156
20210831,357580,,30979661550,157
20210831,294570,,30976540700,158
20210831,377030,,30392270300,159
20210831,222080,,30143824000,160
20210831,011090,,29980451320,161
20210831,003220,,29939944700,162
20210831,298020,,29615312000,163
20210831,340360,,29188588270,164
20210831,323990,,29058030600,165
20210831,120110,,28927080500,166
20210831,308080,,28757588200,167
20210831,000810,,28446054000,168
20210831,035250,,28281698050,169
20210831,007390,,27698093050,170
20210831,214870,,27638474100,171
20210831,032830,,27490072600,172
20210831,006110,,26958291500,173
20210831,009420,,26937839500,174
20210831,375500,,26912941500,175
20210831,039200,,26897491150,176
20210831,000880,,26454299700,177
20210831,024890,,26352993455,178
20210831,289220,,26249691500,179
20210831,100090,,26015987050,180
20210831,089860,,25749239400,181
20210831,013360,,25740053200,182
20210831,009900,,25653944450,183
20210831,026890,,25600768950,184
20210831,314130,,25401111200,185
20210831,377630,,25354626140,186
20210831,010770,,24897181100,187
20210831,005250,,24034206900,188
20210831,196170,,24008165900,189
20210831,093640,,23640403745,190
20210831,042040,,23453836640,191
20210831,018260,,23334522500,192
20210831,032540,,23298507400,193
20210831,347770,,23186365600,194
20210831,353200,,23151253150,195
20210831,365270,,23149448800,196
20210831,298040,,22986948900,197
20210831,093370,,22970307500,198
20210831,000060,,22581105800,199
20210831,043220,,22563584310,200
20210930,005930,,1478002111149,1
20210930,222080,,987379302300,2
20210930,035720,,549314327000,3
20210930,011790,,519187245000,4
20210930,000660,,398749751000,5
20210930,220260,,346004028200,6
20210930,234100,,337595271220,7
20210930,000020,,337282193150,8
20210930,036570,,331487693000,9
20210930,086980,,320097044720,10
20210930,011200,,318229901500,11
20210930,307750,,310660927650,12
20210930,051910,,279816640246,13
20210930,011500,,270362612350,14
20210930,277880,,257359679350,15
20210930,025980,,249500739950,16
20210930,003000,,247533693850,17
20210930,035420,,236265881000,18
20210930,247540,,217488665700,19
20210930,066970,,213891374600,20
20210930,005935,,195082429780,21
20210930,009270,,194509906775,22
20210930,329180,,193271010000,23
20210930,259960,,193116348000,24
20210930,066570,,191639288500,25
20210930,006400,,181497798000,26
20210930,256840,,175307201750,27
20210930,093370,,174549618800,28
20210930,017670,,173559543500,29
20210930,003670,,170733077500,30
20210930,206650,,158349135200,31
20210930,096770,,153204984585,32
20210930,352820,,146977992000,33
20210930,066410,,144157378815,34
20210930,120110,,142054330000,35
20210930,006490,,141805969575,36
20210930,002880,,137629754370,37
20210930,302440,,132027529500,38
20210930,036460,,126385785950,39
20210930,361610,,123955338000,40
20210930,028670,,123363231060,41
20210930,068270,,120072560500,42
20210930,005380,,118839397500,43
20210930,298050,,118450075000,44
20210930,020150,,114220841400,45
20210930,047820,,113754959190,46
20210930,005950,,106717653300,47
20210930,010060,,104957601500,48
20210930,005490,,104073675500,49
20210930,027710,,102887265690,50
20210930,041510,,98157403300,51
20210930,013360,,96511628390,52
20210930,009830,,96413537700,53
20210930,161000,,95865406800,54
20210930,011170,,92340803000,55
20210930,025900,,90586942300,56
20210930,024890,,89523706490,57
20210930,064550,,88823816900,58
20210930,035810,,87638241160,59
20210930,000270,,86859906900,60
20210930,048410,,86749743200,61
20210930,003490,,86309795200,62
20210930,054090,,85190248640,63
20210930,151860,,85042386500,64
20210930,007610,,84973612430,65
20210930,023810,,83386932600,66
20210930,053050,,82246213260,67
20210930,028050,,82123765700,68
20210930,004000,,81746519300,69
20210930,285130,,78515761500,70
20210930,101490,,76899761700,71
20210930,034020,,76530911300,72
20210930,001120,,74972537100,73
20210930,055550,,71980560700,74
20210930,045390,,71754743030,75
20210930,034730,,68970953500,76
20210930,138490,,68782881400,77
20210930,284620,,68220549450,78
20210930,142760,,66996936400,79
20210930,078600,,66462388700,80
20210930,105560,,66252370700,81
20210930,357580,,64655952150,82
20210930,005320,,64580038070,83
20210930,017370,,63109765350,84
20210930,019170,,61736460500,85
20210930,017040,,61532865565,86
20210930,194480,,61051834500,87
20210930,247660,,60704909000,88
20210930,007370,,60376896660,89
20210930,000300,,59693458640,90
20210930,254120,,59203487345,91
20210930,105840,,58591106128,92
20210930,293490,,57623296500,93
20210930,026040,,57582309475,94
20210930,130660,,57499659600,95
20210930,323410,,55084934800,96
20210930,028300,,54538618400,97
20210930,012330,,54123729000,98
20210930,009150,,52976057000,99
20210930,207940,,51707961000,100
20210930,010950,,51666236500,101
20210930,048910,,50730570350,102
20210930,047050,,50524263200,103
20210930,011000,,50059109350,104
20210930,037270,,49710506340,105
20210930,122870,,49706555600,106
20210930,035900,,49576975500,107
20210930,039240,,49492571800,108
20210930,032080,,49449139920,109
20210930,086790,,46323501550,110
20210930,011070,,45915029000,111
20210930,112040,,45906179800,112
20210930,064350,,45740342800,113
20210930,112610,,45507906800,114
20210930,042040,,45444230535,115
20210930,060900,,45357614781,116
20210930,059270,,45063027800,117
20210930,051900,,43729107385,118
20210930,117580,,43394973050,119
20210930,060560,,43387182890,120
20210930,241840,,42985861450,121
20210930,091990,,42524503200,122
20210930,225530,,42039300000,123
20210930,086520,,41753436900,124
20210930,298020,,41587292000,125
20210930,336260,,41328470700,126
20210930,278280,,40918387300,127
20210930,263750,,40585758800,128
20210930,316140,,40352925000,129
20210930,303530,,40170596950,130
20210930,377220,,40145210900,131
20210930,257720,,39864970350,132
20210930,042600,,38982636850,133
20210930,000990,,38912815100,134
20210930,002360,,38875321620,135
20210930,131400,,38729506975,136
20210930,336370,,38720754000,137
20210930,007110,,38071226985,138
20210930,043370,,37734883100,139
20210930,004270,,36652115495,140
20210930,002380,,36255672000,141
20210930,043100,,36151422365,142
20210930,076080,,35106073685,143
20210930,206560,,35007718650,144
20210930,067630,,34647621900,145
20210930,014680,,34605068000,146
20210930,005070,,33926952400,147
20210930,091580,,33736436150,148
20210930,100090,,33661347200,149
20210930,028260,,33435923500,150
20210930,092780,,32843349820,151
20210930,038530,,31433709670,152
20210930,011780,,31198397500,153
20210930,017000,,30836441220,154
20210930,013000,,30808009355,155
20210930,071050,,30490031000,156
20210930,136510,,29190645050,157
20210930,000720,,28834421300,158
20210930,099430,,28833944850,159
20210930,032300,,28575276100,160
20210930,035250,,28546163350,161
20210930,144960,,28377996500,162
20210930,020560,,28346900700,163
20210930,090430,,28238633500,164
20210930,096530,,28111288200,165
20210930,034220,,27848191950,166
20210930,012860,,27763251590,167
20210930,009540,,27418939500,168
20210930,033780,,26710565800,169
20210930,006650,,26696744500,170
20210930,032640,,26612657650,171
20210930,042510,,26359453745,172
20210930,383310,,26266986100,173
20210930,139480,,26261523500,174
20210930,005290,,25982867400,175
20210930,138610,,25837189800,176
20210930,293780,,25769341750,177
20210930,000810,,25735934886,178
20210930,318000,,25716419320,179
20210930,036420,,25697774800,180
20210930,038110,,25562046780,181
20210930,011040,,25357204300,182
20210930,006280,,25086352500,183
20210930,012450,,24794837000,184
20210930,017800,,24718571800,185
20210930,015760,,24713312650,186
20210930,048260,,24531306700,187
20210930,092220,,24495329045,188
20210930,267260,,24487563650,189
20210930,137310,,24459364000,190
20210930,104620,,24405680050,191
20210930,215360,,24354964700,192
20210930,004020,,23915792900,193
20210930,010620,,23869605100,194
20210930,326030,,23791215500,195
20210930,069260,,23790751650,196
20210930,030200,,23777860200,197
20210930,003220,,23469763850,198
20210930,182400,,23414016700,199
20210930,001340,,23326869720,200
20211031,060310,,0,1
20211031,095570,,0,2
20211031,006840,,0,3
20211031,054620,,0,4
20211031,265520,,0,5
20211031,211270,,0,6
20211031,027410,,0,7
20211031,282330,,0,8
20211031,138930,,0,9
20211031,001460,,0,10
20211031,001465,,0,11
20211031,013720,,0,12
20211031,001040,,0,13
20211031,079160,,0,14
20211031,035760,,0,15
20211031,00104K,,0,16
20211031,000120,,0,17
20211031,011150,,0,18
20211031,011155,,0,19
20211031,001045,,0,20
20211031,097950,,0,21
20211031,097955,,0,22
20211031,051500,,0,23
20211031,058820,,0,24
20211031,023460,,0,25
20211031,056730,,0,26
20211031,056000,,0,27
20211031,065770,,0,28
20211031,083660,,0,29
20211031,000590,,0,30
20211031,012030,,0,31
20211031,367340,,0,32
20211031,367360,,0,33
20211031,016610,,0,34
20211031,005830,,0,35
20211031,000990,,0,36
20211031,000995,,0,37
20211031,139130,,0,38
20211031,001530,,0,39
20211031,000210,,0,40
20211031,001880,,0,41
20211031,000215,,0,42
20211031,375500,,0,43
20211031,37550K,,0,44
20211031,068790,,0,45
20211031,004840,,0,46
20211031,241520,,0,47
20211031,155660,,0,48
20211031,069730,,0,49
20211031,017940,,0,50
20211031,245620,,0,51
20211031,037370,,0,52
20211031,278990,,0,53
20211031,079190,,0,54
20211031,365550,,0,55
20211031,050120,,0,56
20211031,383220,,0,57
20211031,007700,,0,58
20211031,214270,,0,59
20211031,130500,,0,60
20211031,114090,,0,61
20211031,900290,,0,62
20211031,078930,,0,63
20211031,083450,,0,64
20211031,006360,,0,65
20211031,001250,,0,66
20211031,007070,,0,67
20211031,078935,,0,68
20211031,045890,,0,69
20211031,297890,,0,70
20211031,078150,,0,71
20211031,012630,,0,72
20211031,039570,,0,73
20211031,089470,,0,74
20211031,294870,,0,75
20211031,195940,,0,76
20211031,011200,,0,77
20211031,036640,,0,78
20211031,082740,,0,79
20211031,335870,,0,80
20211031,351340,,0,81
20211031,351320,,0,82
20211031,373200,,0,83
20211031,388790,,0,84
20211031,003560,,0,85
20211031,095340,,0,86
20211031,099520,,0,87
20211031,175330,,0,88
20211031,950170,,0,89
20211031,234080,,0,90
20211031,067290,,0,91
20211031,001060,,0,92
20211031,001067,,0,93
20211031,001065,,0,94
20211031,096760,,0,95
20211031,035900,,0,96
20211031,024840,,0,97
20211031,105560,,0,98
20211031,024120,,0,99
20211031,002380,,0,100
20211031,021320,,0,101
20211031,344820,,0,102
20211031,036670,,0,103
20211031,009070,,0,104
20211031,009440,,0,105
20211031,112190,,0,106
20211031,119650,,0,107
20211031,044180,,0,108
20211031,092220,,0,109
20211031,151860,,0,110
20211031,016380,,0,111
20211031,016385,,0,112
20211031,046440,,0,113
20211031,035600,,0,114
20211031,001390,,0,115
20211031,226360,,0,116
20211031,111870,,0,117
20211031,033180,,0,118
20211031,060720,,0,119
20211031,001940,,0,120
20211031,122450,,0,121
20211031,052900,,0,122
20211031,058400,,0,123
20211031,114450,,0,124
20211031,025000,,0,125
20211031,092230,,0,126
20211031,000040,,0,127
20211031,044450,,0,128
20211031,030200,,0,129
20211031,033780,,0,130
20211031,030210,,0,131
20211031,058850,,0,132
20211031,058860,,0,133
20211031,060370,,0,134
20211031,093050,,0,135
20211031,003550,,0,136
20211031,034220,,0,137
20211031,051900,,0,138
20211031,051905,,0,139
20211031,003555,,0,140
20211031,032640,,0,141
20211031,011070,,0,142
20211031,066570,,0,143
20211031,066575,,0,144
20211031,037560,,0,145
20211031,051910,,0,146
20211031,051915,,0,147
20211031,079550,,0,148
20211031,006260,,0,149
20211031,010120,,0,150
20211031,000680,,0,151
20211031,229640,,0,152
20211031,108320,,0,153
20211031,001120,,0,154
20211031,108670,,0,155
20211031,108675,,0,156
20211031,383800,,0,157
20211031,38380K,,0,158
20211031,023150,,0,159
20211031,035420,,0,160
20211031,160550,,0,161
20211031,053290,,0,162
20211031,181710,,0,163
20211031,104200,,0,164
20211031,060250,,0,165
20211031,005940,,0,166
20211031,005945,,0,167
20211031,338100,,0,168
20211031,034310,,0,169
20211031,030190,,0,170
20211031,008260,,0,171
20211031,004250,,0,172
20211031,004255,,0,173
20211031,010060,,0,174
20211031,078590,,0,175
20211031,178920,,0,176
20211031,024940,,0,177
20211031,005490,,0,178
20211031,218410,,0,179
20211031,327260,,0,180
20211031,091340,,0,181
20211031,010950,,0,182
20211031,010955,,0,183
20211031,019550,,0,184
20211031,950110,,0,185
20211031,034120,,0,186
20211031,101060,,0,187
20211031,046140,,0,188
20211031,036120,,0,189
20211031,099220,,0,190
20211031,036540,,0,191
20211031,255220,,0,192
20211031,040610,,0,193
20211031,049470,,0,194
20211031,184230,,0,195
20211031,005090,,0,196
20211031,016250,,0,197
20211031,001380,,0,198
20211031,004060,,0,199
20211031,001770,,0,200
20211130,005930,,2183677859000,1
20211130,259960,,1239852972500,2
20211130,000660,,861327494786,3
20211130,066970,,611209957200,4
20211130,293490,,600262968300,5
20211130,048410,,575667998000,6
20211130,402340,,505360814700,7
20211130,096530,,503019734700,8
20211130,323410,,487175144000,9
20211130,302440,,471417271500,10
20211130,035720,,466140385500,11
20211130,256840,,434170994550,12
20211130,020150,,429636591500,13
20211130,035420,,423327659500,14
20211130,137310,,406716009800,15
20211130,084650,,368204700700,16
20211130,112040,,355638523900,17
20211130,064260,,347608856050,18
20211130,377300,,319918894500,19
20211130,078340,,316392306000,20
20211130,383220,,313243081000,21
20211130,063080,,312126804000,22
20211130,034020,,311625907600,23
20211130,307750,,305038942150,24
20211130,193250,,293953609580,25
20211130,102280,,279641720348,26
20211130,214270,,278291167180,27
20211130,051910,,276368651000,28
20211130,011070,,273334736500,29
20211130,006400,,272582829227,30
20211130,095660,,265573080900,31
20211130,121800,,263091254000,32
20211130,017670,,260596585300,33
20211130,005380,,260036120500,34
20211130,000990,,251503818700,35
20211130,030520,,244077446550,36
20211130,101730,,243752894900,37
20211130,068270,,242963229000,38
20211130,036570,,239696054000,39
20211130,263750,,233767680500,40
20211130,005935,,217496149900,41
20211130,081660,,213442264200,42
20211130,066570,,211593511000,43
20211130,042420,,208685820200,44
20211130,004170,,201881351000,45
20211130,105560,,201076996376,46
20211130,352820,,194989843500,47
20211130,003670,,193401319000,48
20211130,247540,,189117165300,49
20211130,377480,,170210288100,50
20211130,000270,,169730866200,51
20211130,005490,,158953615000,52
20211130,361610,,157796445500,53
20211130,096770,,154685308000,54
20211130,009150,,148194964500,55
20211130,205470,,146768604200,56
20211130,034730,,145921115000,57
20211130,201490,,137408766600,58
20211130,299900,,136254168650,59
20211130,258830,,135577847250,60
20211130,055550,,127968674900,61
20211130,011790,,123293000500,62
20211130,092220,,117146521080,63
20211130,033230,,115448682660,64
20211130,000020,,115164765600,65
20211130,093370,,110983487700,66
20211130,019170,,109712268900,67
20211130,207940,,106486054000,68
20211130,051900,,106169708000,69
20211130,058630,,105228145900,70
20211130,091990,,103596522400,71
20211130,012330,,101358977000,72
20211130,011200,,100207527550,73
20211130,042660,,99084902500,74
20211130,034220,,98555179700,75
20211130,090460,,97603366200,76
20211130,086790,,97339187900,77
20211130,237690,,96553467400,78
20211130,291230,,94805849350,79
20211130,018880,,91677429150,80
20211130,094480,,88076086350,81
20211130,047820,,83892476355,82
20211130,033780,,83432056400,83
20211130,121600,,78565363600,84
20211130,003490,,75366408500,85
20211130,078600,,75176418000,86
20211130,028260,,72620317500,87
20211130,015760,,71927035150,88
20211130,052690,,69139293100,89
20211130,008770,,66269647600,90
20211130,063170,,65432105800,91
20211130,023770,,65157635900,92
20211130,086520,,64672212500,93
20211130,287410,,63370595170,94
20211130,347700,,62642983630,95
20211130,090430,,61973903000,96
20211130,003550,,60017284500,97
20211130,316140,,59074950300,98
20211130,089140,,58011114050,99
20211130,096040,,57524979805,100
20211130,036930,,56298769100,101
20211130,377030,,55187770900,102
20211130,095500,,54996420620,103
20211130,026890,,54440261500,104
20211130,030200,,54086483300,105
20211130,137400,,54055029500,106
20211130,067000,,53550774750,107
20211130,009830,,53391674250,108
20211130,032830,,53368117800,109
20211130,315640,,53224611200,110
20211130,214610,,52107346120,111
20211130,011170,,51749958000,112
20211130,263700,,51742501020,113
20211130,010950,,50645386600,114
20211130,003580,,50178624750,115
20211130,206560,,49996513900,116
20211130,950130,,48839709100,117
20211130,289220,,48023403500,118
20211130,035760,,47895474635,119
20211130,348370,,47892192100,120
20211130,247660,,47769308900,121
20211130,058110,,46745463050,122
20211130,028050,,46508089900,123
20211130,005290,,45903590800,124
20211130,041510,,45133130200,125
20211130,066410,,44989543040,126
20211130,278280,,44812723800,127
20211130,293780,,44746959950,128
20211130,353200,,44656956050,129
20211130,367000,,42817659250,130
20211130,011780,,42553278000,131
20211130,064550,,42463652100,132
20211130,041190,,42194915670,133
20211130,000810,,41555392500,134
20211130,010140,,41536284950,135
20211130,004020,,41170507700,136
20211130,372800,,40697175100,137
20211130,068760,,40690133300,138
20211130,057680,,39777503040,139
20211130,381970,,39709838000,140
20211130,010620,,39541209700,141
20211130,178920,,39364279800,142
20211130,071050,,37832258500,143
20211130,200470,,37591652510,144
20211130,088390,,37370543400,145
20211130,195940,,37275380000,146
20211130,251270,,37171512500,147
20211130,097950,,36306981000,148
20211130,018260,,36053399000,149
20211130,104200,,36043448200,150
20211130,011000,,35682587100,151
20211130,182400,,35477105700,152
20211130,064760,,35453846700,153
20211130,010130,,35309866000,154
20211130,298050,,35034686000,155
20211130,080220,,34256931660,156
20211130,024110,,34211012150,157
20211130,222800,,33745085350,158
20211130,033270,,33558855900,159
20211130,009540,,33355354700,160
20211130,100090,,33270305200,161
20211130,017000,,33252491600,162
20211130,206650,,33162500500,163
20211130,028300,,33120430050,164
20211130,271560,,32942182800,165
20211130,336370,,32801554000,166
20211130,035250,,32705402400,167
20211130,021240,,31967680600,168
20211130,000720,,31705457250,169
20211130,336260,,30769261028,170
20211130,025900,,30581595200,171
20211130,139480,,30538406000,172
20211130,030350,,30410771490,173
20211130,285130,,30359083500,174
20211130,181710,,30278559600,175
20211130,032640,,30001944950,176
20211130,357880,,29255366450,177
20211130,037270,,29210496980,178
20211130,041140,,29083898300,179
20211130,120110,,28986100500,180
20211130,036420,,28915553050,181
20211130,215000,,28713534100,182
20211130,086280,,28585458500,183
20211130,131370,,28453825930,184
20211130,230240,,28261042850,185
20211130,194480,,28109519100,186
20211130,236810,,27945179050,187
20211130,222080,,27865379400,188
20211130,383310,,27718450500,189
20211130,311390,,27133942000,190
20211130,064350,,27128042000,191
20211130,142760,,27046319160,192
20211130,163730,,26945355000,193
20211130,004430,,26658107200,194
20211130,225570,,26588491850,195
20211130,196170,,26483566400,196
20211130,007810,,26483277350,197
20211130,016360,,26479164350,198
20211130,052790,,26455178600,199
20211130,322310,,26438414050,200
20211231,060310,,0,1
20211231,095570,,0,2
20211231,006840,,0,3
20211231,054620,,0,4
20211231,265520,,0,5
20211231,211270,,0,6
20211231,027410,,0,7
20211231,282330,,0,8
20211231,032790,,0,9
20211231,138930,,0,10
20211231,001460,,0,11
20211231,001465,,0,12
20211231,013720,,0,13
20211231,001040,,0,14
20211231,079160,,0,15
20211231,035760,,0,16
20211231,00104K,,0,17
20211231,000120,,0,18
20211231,011150,,0,19
20211231,011155,,0,20
20211231,001045,,0,21
20211231,097950,,0,22
20211231,097955,,0,23
20211231,051500,,0,24
20211231,058820,,0,25
20211231,023460,,0,26
20211231,056730,,0,27
20211231,056000,,0,28
20211231,065770,,0,29
20211231,083660,,0,30
20211231,000590,,0,31
20211231,012030,,0,32
20211231,367340,,0,33
20211231,367360,,0,34
20211231,016610,,0,35
20211231,005830,,0,36
20211231,000990,,0,37
20211231,000995,,0,38
20211231,139130,,0,39
20211231,001530,,0,40
20211231,000210,,0,41
20211231,001880,,0,42
20211231,000215,,0,43
20211231,375500,,0,44
20211231,37550K,,0,45
20211231,068790,,0,46
20211231,004840,,0,47
20211231,241520,,0,48
20211231,155660,,0,49
20211231,069730,,0,50
20211231,017940,,0,51
20211231,245620,,0,52
20211231,037370,,0,53
20211231,278990,,0,54
20211231,079190,,0,55
20211231,365550,,0,56
20211231,050120,,0,57
20211231,383220,,0,58
20211231,007700,,0,59
20211231,214270,,0,60
20211231,130500,,0,61
20211231,114090,,0,62
20211231,900290,,0,63
20211231,078930,,0,64
20211231,083450,,0,65
20211231,006360,,0,66
20211231,001250,,0,67
20211231,007070,,0,68
20211231,078935,,0,69
20211231,297890,,0,70
20211231,078150,,0,71
20211231,012630,,0,72
20211231,039570,,0,73
20211231,089470,,0,74
20211231,294870,,0,75
20211231,195940,,0,76
20211231,011200,,0,77
20211231,036640,,0,78
20211231,082740,,0,79
20211231,335870,,0,80
20211231,351340,,0,81
20211231,373200,,0,82
20211231,388790,,0,83
20211231,003560,,0,84
20211231,095340,,0,85
20211231,099520,,0,86
20211231,175330,,0,87
20211231,950170,,0,88
20211231,234080,,0,89
20211231,067290,,0,90
20211231,001060,,0,91
20211231,001067,,0,92
20211231,001065,,0,93
20211231,096760,,0,94
20211231,035900,,0,95
20211231,024840,,0,96
20211231,105560,,0,97
20211231,024120,,0,98
20211231,002380,,0,99
20211231,021320,,0,100
20211231,344820,,0,101
20211231,036670,,0,102
20211231,009070,,0,103
20211231,009440,,0,104
20211231,112190,,0,105
20211231,119650,,0,106
20211231,044180,,0,107
20211231,092220,,0,108
20211231,151860,,0,109
20211231,016380,,0,110
20211231,016385,,0,111
20211231,046440,,0,112
20211231,035600,,0,113
20211231,001390,,0,114
20211231,226360,,0,115
20211231,111870,,0,116
20211231,033180,,0,117
20211231,060720,,0,118
20211231,001940,,0,119
20211231,122450,,0,120
20211231,052900,,0,121
20211231,058400,,0,122
20211231,114450,,0,123
20211231,025000,,0,124
20211231,092230,,0,125
20211231,000040,,0,126
20211231,044450,,0,127
20211231,030200,,0,128
20211231,033780,,0,129
20211231,030210,,0,130
20211231,058850,,0,131
20211231,058860,,0,132
20211231,060370,,0,133
20211231,093050,,0,134
20211231,003550,,0,135
20211231,034220,,0,136
20211231,051900,,0,137
20211231,051905,,0,138
20211231,003555,,0,139
20211231,032640,,0,140
20211231,011070,,0,141
20211231,066570,,0,142
20211231,066575,,0,143
20211231,037560,,0,144
20211231,051910,,0,145
20211231,051915,,0,146
20211231,079550,,0,147
20211231,006260,,0,148
20211231,010120,,0,149
20211231,000680,,0,150
20211231,229640,,0,151
20211231,108320,,0,152
20211231,001120,,0,153
20211231,108670,,0,154
20211231,108675,,0,155
20211231,383800,,0,156
20211231,38380K,,0,157
20211231,023150,,0,158
20211231,035420,,0,159
20211231,160550,,0,160
20211231,053290,,0,161
20211231,181710,,0,162
20211231,104200,,0,163
20211231,060250,,0,164
20211231,400760,,0,165
20211231,005940,,0,166
20211231,005945,,0,167
20211231,338100,,0,168
20211231,034310,,0,169
20211231,030190,,0,170
20211231,008260,,0,171
20211231,004250,,0,172
20211231,004255,,0,173
20211231,010060,,0,174
20211231,078590,,0,175
20211231,178920,,0,176
20211231,024940,,0,177
20211231,005490,,0,178
20211231,218410,,0,179
20211231,327260,,0,180
20211231,091340,,0,181
20211231,010950,,0,182
20211231,010955,,0,183
20211231,019550,,0,184
20211231,950110,,0,185
20211231,034120,,0,186
20211231,101060,,0,187
20211231,046140,,0,188
20211231,036120,,0,189
20211231,099220,,0,190
20211231,036540,,0,191
20211231,255220,,0,192
20211231,040610,,0,193
20211231,049470,,0,194
20211231,184230,,0,195
20211231,005090,,0,196
20211231,016250,,0,197
20211231,001380,,0,198
20211231,004060,,0,199
20211231,001770,,0,200
20220131,060310,,0,1
20220131,095570,,0,2
20220131,006840,,0,3
20220131,054620,,0,4
20220131,265520,,0,5
20220131,211270,,0,6
20220131,027410,,0,7
20220131,282330,,0,8
20220131,032790,,0,9
20220131,138930,,0,10
20220131,001460,,0,11
20220131,001465,,0,12
20220131,013720,,0,13
20220131,001040,,0,14
20220131,079160,,0,15
20220131,035760,,0,16
20220131,311690,,0,17
20220131,00104K,,0,18
20220131,000120,,0,19
20220131,011150,,0,20
20220131,011155,,0,21
20220131,001045,,0,22
20220131,097950,,0,23
20220131,097955,,0,24
20220131,051500,,0,25
20220131,058820,,0,26
20220131,023460,,0,27
20220131,056730,,0,28
20220131,056000,,0,29
20220131,065770,,0,30
20220131,083660,,0,31
20220131,000590,,0,32
20220131,012030,,0,33
20220131,404950,,0,34
20220131,367340,,0,35
20220131,367360,,0,36
20220131,016610,,0,37
20220131,005830,,0,38
20220131,000990,,0,39
20220131,000995,,0,40
20220131,139130,,0,41
20220131,001530,,0,42
20220131,000210,,0,43
20220131,001880,,0,44
20220131,000215,,0,45
20220131,375500,,0,46
20220131,37550K,,0,47
20220131,068790,,0,48
20220131,004840,,0,49
20220131,241520,,0,50
20220131,155660,,0,51
20220131,069730,,0,52
20220131,017940,,0,53
20220131,245620,,0,54
20220131,037370,,0,55
20220131,278990,,0,56
20220131,079190,,0,57
20220131,365550,,0,58
20220131,050120,,0,59
20220131,383220,,0,60
20220131,007700,,0,61
20220131,214270,,0,62
20220131,130500,,0,63
20220131,114090,,0,64
20220131,900290,,0,65
20220131,078930,,0,66
20220131,083450,,0,67
20220131,006360,,0,68
20220131,001250,,0,69
20220131,007070,,0,70
20220131,078935,,0,71
20220131,297890,,0,72
20220131,078150,,0,73
20220131,012630,,0,74
20220131,039570,,0,75
20220131,089470,,0,76
20220131,294870,,0,77
20220131,097230,,0,78
20220131,195940,,0,79
20220131,028300,,0,80
20220131,067630,,0,81
20220131,047920,,0,82
20220131,115450,,0,83
20220131,011200,,0,84
20220131,036640,,0,85
20220131,082740,,0,86
20220131,335870,,0,87
20220131,351340,,0,88
20220131,388790,,0,89
20220131,003560,,0,90
20220131,095340,,0,91
20220131,099520,,0,92
20220131,175330,,0,93
20220131,950170,,0,94
20220131,234080,,0,95
20220131,067290,,0,96
20220131,001060,,0,97
20220131,001067,,0,98
20220131,001065,,0,99
20220131,096760,,0,100
20220131,035900,,0,101
20220131,024840,,0,102
20220131,105560,,0,103
20220131,024120,,0,104
20220131,002380,,0,105
20220131,021320,,0,106
20220131,344820,,0,107
20220131,036670,,0,108
20220131,009070,,0,109
20220131,009440,,0,110
20220131,112190,,0,111
20220131,119650,,0,112
20220131,044180,,0,113
20220131,092220,,0,114
20220131,151860,,0,115
20220131,016380,,0,116
20220131,016385,,0,117
20220131,046440,,0,118
20220131,035600,,0,119
20220131,001390,,0,120
20220131,226360,,0,121
20220131,111870,,0,122
20220131,033180,,0,123
20220131,060720,,0,124
20220131,001940,,0,125
20220131,122450,,0,126
20220131,052900,,0,127
20220131,058400,,0,128
20220131,114450,,0,129
20220131,025000,,0,130
20220131,092230,,0,131
20220131,000040,,0,132
20220131,044450,,0,133
20220131,030200,,0,134
20220131,033780,,0,135
20220131,030210,,0,136
20220131,058850,,0,137
20220131,058860,,0,138
20220131,060370,,0,139
20220131,093050,,0,140
20220131,003550,,0,141
20220131,034220,,0,142
20220131,051900,,0,143
20220131,051905,,0,144
20220131,373220,,0,145
20220131,003555,,0,146
20220131,032640,,0,147
20220131,011070,,0,148
20220131,066570,,0,149
20220131,066575,,0,150
20220131,037560,,0,151
20220131,051910,,0,152
20220131,051915,,0,153
20220131,079550,,0,154
20220131,006260,,0,155
20220131,010120,,0,156
20220131,000680,,0,157
20220131,229640,,0,158
20220131,108320,,0,159
20220131,001120,,0,160
20220131,108670,,0,161
20220131,108675,,0,162
20220131,383800,,0,163
20220131,38380K,,0,164
20220131,023150,,0,165
20220131,035420,,0,166
20220131,160550,,0,167
20220131,053290,,0,168
20220131,181710,,0,169
20220131,104200,,0,170
20220131,060250,,0,171
20220131,400760,,0,172
20220131,005940,,0,173
20220131,005945,,0,174
20220131,338100,,0,175
20220131,034310,,0,176
20220131,030190,,0,177
20220131,008260,,0,178
20220131,004250,,0,179
20220131,004255,,0,180
20220131,010060,,0,181
20220131,178920,,0,182
20220131,024940,,0,183
20220131,005490,,0,184
20220131,218410,,0,185
20220131,327260,,0,186
20220131,091340,,0,187
20220131,010950,,0,188
20220131,010955,,0,189
20220131,019550,,0,190
20220131,950110,,0,191
20220131,034120,,0,192
20220131,046140,,0,193
20220131,036120,,0,194
20220131,099220,,0,195
20220131,036540,,0,196
20220131,255220,,0,197
20220131,040610,,0,198
20220131,049470,,0,199
20220131,184230,,0,200
20220228,005930,,1272250751300,1
20220228,034020,,605047486050,2
20220228,019170,,552241897700,3
20220228,402340,,483589313800,4
20220228,249420,,453265506700,5
20220228,373220,,397894926500,6
20220228,000660,,395526449500,7
20220228,371950,,340140503900,8
20220228,006910,,294346549780,9
20220228,011200,,235739119450,10
20220228,052690,,230436595100,11
20220228,117580,,224714604600,12
20220228,094820,,223103842200,13
20220228,005380,,214008093000,14
20220228,035720,,204423896100,15
20220228,036570,,202081553000,16
20220228,051910,,197158435500,17
20220228,015760,,179383413300,18
20220228,035420,,171203688500,19
20220228,000060,,166650843750,20
20220228,011700,,161972320485,21
20220228,215100,,160832594150,22
20220228,081150,,159496336360,23
20220228,000270,,151801344600,24
20220228,247540,,137883329700,25
20220228,112040,,137237501900,26
20220228,006400,,135064187000,27
20220228,067000,,131742869710,28
20220228,105560,,125572759368,29
20220228,032820,,121786444310,30
20220228,138040,,121458209350,31
20220228,053050,,115624166750,32
20220228,077970,,115085378850,33
20220228,065450,,113708186800,34
20220228,012450,,108158620700,35
20220228,105840,,104539459200,36
20220228,066570,,104376414500,37
20220228,205470,,104155242350,38
20220228,011070,,104051940500,39
20220228,005490,,103531616500,40
20220228,004090,,103216282650,41
20220228,000440,,101905483400,42
20220228,361610,,98494509000,43
20220228,005935,,95868669400,44
20220228,057880,,89554439295,45
20220228,019990,,89316431100,46
20220228,096770,,87884828000,47
20220228,086790,,87380997550,48
20220228,047810,,87160355600,49
20220228,012510,,86703016050,50
20220228,064550,,86472925900,51
20220228,086520,,83697926300,52
20220228,055550,,83010591700,53
20220228,066970,,82348736800,54
20220228,036930,,79900349200,55
20220228,036460,,79379682800,56
20220228,253840,,74541513650,57
20220228,046110,,71504106190,58
20220228,316140,,70636754750,59
20220228,012330,,69855934000,60
20220228,009150,,69183178000,61
20220228,048410,,68769894900,62
20220228,104200,,68750759150,63
20220228,011040,,68612003150,64
20220228,352820,,66086155000,65
20220228,003000,,65773696750,66
20220228,222800,,60725611000,67
20220228,079550,,60718367900,68
20220228,115440,,60669428130,69
20220228,068270,,60043423000,70
20220228,302440,,58699889000,71
20220228,136510,,58482778100,72
20220228,259960,,56785078000,73
20220228,377300,,56635484500,74
20220228,027710,,54283625810,75
20220228,003280,,53983760320,76
20220228,051900,,53725853000,77
20220228,041510,,53575711300,78
20220228,323410,,53170420050,79
20220228,137310,,53096055900,80
20220228,293490,,51257394500,81
20220228,028670,,50502341280,82
20220228,207940,,48422809000,83
20220228,189860,,48213439720,84
20220228,024060,,47664145980,85
20220228,051600,,47287361200,86
20220228,130660,,46213821100,87
20220228,053950,,46063188625,88
20220228,024740,,45274686480,89
20220228,034730,,44585509500,90
20220228,010140,,43681479810,91
20220228,001440,,43454938385,92
20220228,000990,,42171461700,93
20220228,096530,,42149476750,94
20220228,353200,,41098306700,95
20220228,267290,,40839690200,96
20220228,298380,,40362317950,97
20220228,063080,,39692970300,98
20220228,900110,,38846081014,99
20220228,276730,,38780108370,100
20220228,245620,,38523267765,101
20220228,000150,,37904627500,102
20220228,003490,,37727258650,103
20220228,336260,,37689526450,104
20220228,008560,,37654226320,105
20220228,010060,,36820216500,106
20220228,120110,,36239474900,107
20220228,035080,,35387891930,108
20220228,006340,,35319273510,109
20220228,035250,,35304019000,110
20220228,375500,,34526755500,111
20220228,090430,,34426139000,112
20220228,010130,,34393580000,113
20220228,051780,,34185375405,114
20220228,128540,,34098582020,115
20220228,017670,,33757792300,116
20220228,046120,,33629829400,117
20220228,006360,,32766952500,118
20220228,093370,,32439670200,119
20220228,091990,,32306540600,120
20220228,037440,,32171409280,121
20220228,001780,,32073860150,122
20220228,010950,,31523332700,123
20220228,028260,,31469957500,124
20220228,053800,,31266229900,125
20220228,117730,,30924887940,126
20220228,101730,,30882053500,127
20220228,034220,,29991188750,128
20220228,081660,,29771264550,129
20220228,112610,,29358720500,130
20220228,006280,,29157091500,131
20220228,005290,,28772472050,132
20220228,150840,,28645647910,133
20220228,048550,,28559091625,134
20220228,035900,,28485052150,135
20220228,263750,,28147696700,136
20220228,001060,,28140699850,137
20220228,177350,,27768872650,138
20220228,010820,,27235188985,139
20220228,019175,,27144918000,140
20220228,270660,,27103271950,141
20220228,002360,,26919827500,142
20220228,011210,,26496054800,143
20220228,139480,,26489773500,144
20220228,149980,,26432511240,145
20220228,000720,,26400945650,146
20220228,033780,,26400193600,147
20220228,007810,,25850998500,148
20220228,122870,,25426953600,149
20220228,042660,,25208412000,150
20220228,056360,,25049391040,151
20220228,121800,,24975297700,152
20220228,009830,,24755242150,153
20220228,028050,,24656344650,154
20220228,005880,,24339785645,155
20220228,004020,,24275382150,156
20220228,108490,,24023766550,157
20220228,064260,,23507302990,158
20220228,010620,,23506133200,159
20220228,020150,,23028298000,160
20220228,011170,,22808626000,161
20220228,383220,,22782802000,162
20220228,011790,,22697334000,163
20220228,353590,,22531137400,164
20220228,097950,,22275619500,165
20220228,161390,,22010524100,166
20220228,028300,,21935537200,167
20220228,256840,,21932585350,168
20220228,017040,,21902963855,169
20220228,047040,,21807043870,170
20220228,272210,,21686679500,171
20220228,042670,,21628816250,172
20220228,003670,,21325420000,173
20220228,142280,,21096612320,174
20220228,000810,,21038212500,175
20220228,008770,,20993362400,176
20220228,030200,,20657495650,177
20220228,271560,,20590508000,178
20220228,032830,,20444755900,179
20220228,088980,,19740814450,180
20220228,003550,,19715916900,181
20220228,036640,,19554171260,182
20220228,064350,,19507907950,183
20220228,121850,,19389929110,184
20220228,002380,,19365302500,185
20220228,005387,,19191287100,186
20220228,317240,,19163308310,187
20220228,003220,,18888652500,188
20220228,024110,,18861870700,189
20220228,348370,,18738024000,190
20220228,005830,,18674123100,191
20220228,056090,,18481332550,192
20220228,037070,,18395770600,193
20220228,278280,,18331488900,194
20220228,086280,,18104461000,195
20220228,032540,,17916415750,196
20220228,298020,,17843839000,197
20220228,329180,,17525059500,198
20220228,001470,,17403552995,199
20220228,041190,,17296767410,200
20220331,005930,,873212583300,1
20220331,214150,,688435124000,2
20220331,000660,,541078296000,3
20220331,001440,,491142363415,4
20220331,249420,,411287313300,5
20220331,006400,,384281762368,6
20220331,066970,,298837445000,7
20220331,006340,,238907112150,8
20220331,032540,,220064118830,9
20220331,020710,,211507424670,10
20220331,353590,,192835561850,11
20220331,020180,,184320955515,12
20220331,041510,,160440347800,13
20220331,034020,,155126082600,14
20220331,005935,,149744138700,15
20220331,035420,,145424351000,16
20220331,218150,,142603226110,17
20220331,048550,,131785143600,18
20220331,096770,,130724201000,19
20220331,082850,,121838978050,20
20220331,373220,,120293268000,21
20220331,104200,,117550191500,22
20220331,016600,,116484595658,23
20220331,035720,,113443683500,24
20220331,005860,,110789116650,25
20220331,011200,,105950195450,26
20220331,005380,,103812926500,27
20220331,247540,,99226112600,28
20220331,217600,,98142820120,29
20220331,002290,,95814814990,30
20220331,056090,,92160589900,31
20220331,051910,,89596049000,32
20220331,323990,,87590734000,33
20220331,302440,,86563654500,34
20220331,005490,,85721821760,35
20220331,066570,,82829468500,36
20220331,011070,,82233701000,37
20220331,276730,,82187957180,38
20220331,008350,,82106659935,39
20220331,115440,,81463840550,40
20220331,332290,,81200887480,41
20220331,060240,,81043380820,42
20220331,229640,,81023450490,43
20220331,053050,,80888025930,44
20220331,000990,,80866927800,45
20220331,000270,,78053551800,46
20220331,090710,,77625520895,47
20220331,198440,,76441989760,48
20220331,053800,,76088247600,49
20220331,323410,,75111557400,50
20220331,053260,,74994656500,51
20220331,105560,,74362142100,52
20220331,027710,,70975173225,53
20220331,010950,,70064605400,54
20220331,011320,,68806714190,55
20220331,036570,,66224634500,56
20220331,018260,,64761516500,57
20220331,068270,,64727440000,58
20220331,061040,,63601614670,59
20220331,009150,,62738878500,60
20220331,112040,,62460362800,61
20220331,327260,,62294499100,62
20220331,047810,,61880385600,63
20220331,136410,,61100316300,64
20220331,000810,,59465850500,65
20220331,298050,,57246138000,66
20220331,020150,,57011448300,67
20220331,030200,,55743149500,68
20220331,140670,,54941185300,69
20220331,011170,,53218008000,70
20220331,336370,,53069217900,71
20220331,259960,,51964595000,72
20220331,063080,,51713957700,73
20220331,293490,,51599746800,74
20220331,000500,,51561469650,75
20220331,121800,,50716421550,76
20220331,055550,,50037829150,77
20220331,178320,,49818046800,78
20220331,207940,,49200315600,79
20220331,009180,,48705755180,80
20220331,230240,,47864754200,81
20220331,263750,,47006453000,82
20220331,352820,,46983367000,83
20220331,011700,,46945195510,84
20220331,011790,,46463341500,85
20220331,097870,,46209981550,86
20220331,001470,,46007026505,87
20220331,145210,,44379845294,88
20220331,263700,,44116739010,89
20220331,084650,,44037544000,90
20220331,019170,,43945780350,91
20220331,006910,,43550035960,92
20220331,003490,,42938946450,93
20220331,230360,,42768755050,94
20220331,388720,,42522917050,95
20220331,043910,,42361264880,96
20220331,356890,,42276456150,97
20220331,002900,,42040073425,98
20220331,086790,,41903741200,99
20220331,051900,,41587055000,100
20220331,061250,,41350188860,101
20220331,289010,,41252340420,102
20220331,066410,,40751368570,103
20220331,117580,,40704911150,104
20220331,012330,,40487962750,105
20220331,000440,,39088596150,106
20220331,090430,,38995326500,107
20220331,078340,,38902106400,108
20220331,212560,,38428324080,109
20220331,011500,,37921777250,110
20220331,034220,,37014831900,111
20220331,086520,,36610766600,112
20220331,402340,,36049756000,113
20220331,036580,,35826361610,114
20220331,366030,,35458064350,115
20220331,256840,,35316816450,116
20220331,237690,,35015446000,117
20220331,339950,,34232564535,118
20220331,014200,,34204026920,119
20220331,064260,,34026132750,120
20220331,035900,,33789968500,121
20220331,028050,,33339106850,122
20220331,071090,,33328181815,123
20220331,361390,,32668199350,124
20220331,036930,,32254391300,125
20220331,000720,,32214994500,126
20220331,015760,,32166084650,127
20220331,005290,,31733289600,128
20220331,204320,,31149476350,129
20220331,091990,,30904975000,130
20220331,119500,,30383994590,131
20220331,034730,,30332949000,132
20220331,316140,,30248673250,133
20220331,291230,,30024395650,134
20220331,298020,,29516961000,135
20220331,361610,,28339143500,136
20220331,010130,,28215678000,137
20220331,278280,,28055505500,138
20220331,073570,,28036616095,139
20220331,003680,,27966109140,140
20220331,003670,,27958216500,141
20220331,067920,,27685823370,142
20220331,048410,,27505316050,143
20220331,065440,,27197923640,144
20220331,017670,,26984446500,145
20220331,030720,,26665998800,146
20220331,028260,,26555211500,147
20220331,120110,,26450216700,148
20220331,004020,,26387428150,149
20220331,381970,,26028528800,150
20220331,077360,,25729766700,151
20220331,272290,,25513539600,152
20220331,012450,,25433956400,153
20220331,123410,,25177134740,154
20220331,353810,,24994271710,155
20220331,035080,,24831176230,156
20220331,056360,,24738773240,157
20220331,002460,,24720187050,158
20220331,025820,,24509699460,159
20220331,014680,,24410413500,160
20220331,294870,,24394868800,161
20220331,137310,,24071359800,162
20220331,059120,,23999484600,163
20220331,041190,,23950857980,164
20220331,377300,,23876452500,165
20220331,179530,,23853857200,166
20220331,025860,,23797022400,167
20220331,353200,,23516679500,168
20220331,214310,,23487765615,169
20220331,003550,,23360458300,170
20220331,043610,,23356939310,171
20220331,294090,,23006548150,172
20220331,028670,,22729253710,173
20220331,087260,,22636851990,174
20220331,080220,,22430040680,175
20220331,001120,,22367961350,176
20220331,081150,,22125225380,177
20220331,086280,,22120803000,178
20220331,287410,,21623176300,179
20220331,222800,,21448135200,180
20220331,006360,,21385091250,181
20220331,004090,,21193591800,182
20220331,032830,,21166753900,183
20220331,094820,,21105616500,184
20220331,064350,,21090486300,185
20220331,010060,,20820385500,186
20220331,006880,,20771857910,187
20220331,009830,,20757201050,188
20220331,140410,,20735846700,189
20220331,003580,,20533185650,190
20220331,093370,,20527101250,191
20220331,000230,,20480370350,192
20220331,052400,,20434221300,193
20220331,052690,,20324491100,194
20220331,033780,,20284935600,195
20220331,383220,,20063349000,196
20220331,215100,,19975856800,197
20220331,096530,,19889136400,198
20220331,088980,,19691182200,199
20220331,225570,,19571467600,200
20220430,060310,,0,1
20220430,095570,,0,2
20220430,006840,,0,3
20220430,054620,,0,4
20220430,265520,,0,5
20220430,211270,,0,6
20220430,027410,,0,7
20220430,282330,,0,8
20220430,032790,,0,9
20220430,138930,,0,10
20220430,001460,,0,11
20220430,001465,,0,12
20220430,013720,,0,13
20220430,001040,,0,14
20220430,079160,,0,15
20220430,035760,,0,16
20220430,311690,,0,17
20220430,00104K,,0,18
20220430,000120,,0,19
20220430,011150,,0,20
20220430,011155,,0,21
20220430,001045,,0,22
20220430,097950,,0,23
20220430,097955,,0,24
20220430,051500,,0,25
20220430,058820,,0,26
20220430,023460,,0,27
20220430,056730,,0,28
20220430,065770,,0,29
20220430,083660,,0,30
20220430,000590,,0,31
20220430,012030,,0,32
20220430,404950,,0,33
20220430,367340,,0,34
20220430,367360,,0,35
20220430,016610,,0,36
20220430,005830,,0,37
20220430,000990,,0,38
20220430,000995,,0,39
20220430,139130,,0,40
20220430,001530,,0,41
20220430,000210,,0,42
20220430,001880,,0,43
20220430,000215,,0,44
20220430,375500,,0,45
20220430,37550L,,0,46
20220430,37550K,,0,47
20220430,068790,,0,48
20220430,004840,,0,49
20220430,241520,,0,50
20220430,155660,,0,51
20220430,069730,,0,52
20220430,017940,,0,53
20220430,245620,,0,54
20220430,037370,,0,55
20220430,278990,,0,56
20220430,365550,,0,57
20220430,050120,,0,58
20220430,084180,,0,59
20220430,383220,,0,60
20220430,007700,,0,61
20220430,214270,,0,62
20220430,130500,,0,63
20220430,114090,,0,64
20220430,900290,,0,65
20220430,078930,,0,66
20220430,083450,,0,67
20220430,006360,,0,68
20220430,001250,,0,69
20220430,007070,,0,70
20220430,078935,,0,71
20220430,297890,,0,72
20220430,078150,,0,73
20220430,012630,,0,74
20220430,039570,,0,75
20220430,089470,,0,76
20220430,294870,,0,77
20220430,267250,,0,78
20220430,097230,,0,79
20220430,195940,,0,80
20220430,028300,,0,81
20220430,003580,,0,82
20220430,343090,,0,83
20220430,067630,,0,84
20220430,047920,,0,85
20220430,115450,,0,86
20220430,011200,,0,87
20220430,036640,,0,88
20220430,082740,,0,89
20220430,335870,,0,90
20220430,351340,,0,91
20220430,388790,,0,92
20220430,405350,,0,93
20220430,003560,,0,94
20220430,095340,,0,95
20220430,099520,,0,96
20220430,175330,,0,97
20220430,950170,,0,98
20220430,234080,,0,99
20220430,067290,,0,100
20220430,001060,,0,101
20220430,001067,,0,102
20220430,001065,,0,103
20220430,096760,,0,104
20220430,035900,,0,105
20220430,318000,,0,106
20220430,024840,,0,107
20220430,105560,,0,108
20220430,024120,,0,109
20220430,002380,,0,110
20220430,021320,,0,111
20220430,344820,,0,112
20220430,036670,,0,113
20220430,009070,,0,114
20220430,009440,,0,115
20220430,112190,,0,116
20220430,119650,,0,117
20220430,044180,,0,118
20220430,092220,,0,119
20220430,151860,,0,120
20220430,046440,,0,121
20220430,016380,,0,122
20220430,016385,,0,123
20220430,035600,,0,124
20220430,001390,,0,125
20220430,226360,,0,126
20220430,111870,,0,127
20220430,033180,,0,128
20220430,060720,,0,129
20220430,001940,,0,130
20220430,122450,,0,131
20220430,052900,,0,132
20220430,058400,,0,133
20220430,114450,,0,134
20220430,025000,,0,135
20220430,092230,,0,136
20220430,000040,,0,137
20220430,044450,,0,138
20220430,030200,,0,139
20220430,033780,,0,140
20220430,058850,,0,141
20220430,058860,,0,142
20220430,060370,,0,143
20220430,093050,,0,144
20220430,003550,,0,145
20220430,034220,,0,146
20220430,051900,,0,147
20220430,051905,,0,148
20220430,373220,,0,149
20220430,003555,,0,150
20220430,032640,,0,151
20220430,011070,,0,152
20220430,066570,,0,153
20220430,066575,,0,154
20220430,037560,,0,155
20220430,051910,,0,156
20220430,051915,,0,157
20220430,079550,,0,158
20220430,006260,,0,159
20220430,010120,,0,160
20220430,000680,,0,161
20220430,229640,,0,162
20220430,108320,,0,163
20220430,001120,,0,164
20220430,108670,,0,165
20220430,108675,,0,166
20220430,383800,,0,167
20220430,38380K,,0,168
20220430,023150,,0,169
20220430,035420,,0,170
20220430,160550,,0,171
20220430,053290,,0,172
20220430,181710,,0,173
20220430,104200,,0,174
20220430,060250,,0,175
20220430,400760,,0,176
20220430,005940,,0,177
20220430,005945,,0,178
20220430,338100,,0,179
20220430,034310,,0,180
20220430,030190,,0,181
20220430,008260,,0,182
20220430,004250,,0,183
20220430,004255,,0,184
20220430,010060,,0,185
20220430,178920,,0,186
20220430,024940,,0,187
20220430,005490,,0,188
20220430,218410,,0,189
20220430,327260,,0,190
20220430,091340,,0,191
20220430,010950,,0,192
20220430,010955,,0,193
20220430,019550,,0,194
20220430,950110,,0,195
20220430,034120,,0,196
20220430,046140,,0,197
20220430,151910,,0,198
20220430,036120,,0,199
20220430,099220,,0,200
20220531,005930,,1637773742750,1
20220531,035420,,434458084500,2
20220531,000660,,431706106000,3
20220531,051910,,417857589000,4
20220531,015860,,337672691290,5
20220531,006400,,335088201000,6
20220531,105560,,310040280400,7
20220531,066970,,300032510100,8
20220531,195940,,287854784200,9
20220531,086790,,270685285561,10
20220531,261780,,263107758680,11
20220531,012330,,240850519000,12
20220531,003310,,240036979240,13
20220531,011200,,235747098650,14
20220531,329180,,222791189500,15
20220531,090710,,219578935455,16
20220531,009830,,205784261400,17
20220531,005490,,201287896395,18
20220531,066570,,191385069000,19
20220531,034020,,187416259700,20
20220531,000270,,187316739467,21
20220531,035720,,182759481800,22
20220531,316140,,175027709500,23
20220531,005380,,173117414500,24
20220531,226360,,163284013355,25
20220531,001440,,162739695320,26
20220531,034730,,162669422000,27
20220531,109820,,162340103070,28
20220531,096770,,157506216500,29
20220531,187270,,153728166650,30
20220531,323410,,153327348150,31
20220531,373220,,152722959500,32
20220531,055550,,149147276750,33
20220531,396300,,140042671780,34
20220531,005935,,128713777900,35
20220531,009150,,128198207000,36
20220531,020150,,127413263700,37
20220531,010060,,126200142000,38
20220531,041440,,123969674010,39
20220531,317850,,123524190950,40
20220531,247540,,122258221700,41
20220531,103590,,121948209770,42
20220531,011930,,113413617185,43
20220531,032830,,109351313200,44
20220531,214610,,107745789900,45
20220531,259960,,102120123500,46
20220531,090430,,96135521000,47
20220531,099220,,94959079195,48
20220531,003010,,94887374170,49
20220531,017670,,94670132576,50
20220531,142280,,91556753650,51
20220531,003670,,90374684500,52
20220531,003550,,90110128800,53
20220531,112040,,90075991800,54
20220531,036570,,87937810500,55
20220531,011070,,85120320000,56
20220531,068270,,84890838000,57
20220531,093370,,84752355150,58
20220531,005860,,78258829280,59
20220531,033780,,73255749300,60
20220531,002140,,73008085710,61
20220531,161390,,72893255900,62
20220531,100130,,69680876750,63
20220531,051900,,69230533000,64
20220531,028300,,68699715050,65
20220531,142760,,68680378020,66
20220531,297090,,67518740500,67
20220531,019170,,66270130100,68
20220531,000810,,65550300000,69
20220531,112610,,65239243200,70
20220531,207940,,64910615000,71
20220531,028260,,63004825000,72
20220531,010950,,62495638500,73
20220531,293490,,62107271400,74
20220531,007570,,61022311550,75
20220531,011700,,60397436200,76
20220531,015760,,59093677050,77
20220531,388720,,59029068100,78
20220531,101170,,56818789990,79
20220531,011790,,56590933500,80
20220531,352820,,55921765500,81
20220531,010130,,54122726000,82
20220531,267250,,53970963000,83
20220531,028050,,52222329600,84
20220531,005070,,52201312700,85
20220531,003490,,51229750750,86
20220531,900110,,50508164279,87
20220531,027710,,49835441885,88
20220531,079160,,49350456400,89
20220531,389260,,48703171850,90
20220531,006620,,48214434610,91
20220531,361610,,47837380000,92
20220531,005690,,45977797050,93
20220531,018000,,45951661390,94
20220531,179290,,45114358000,95
20220531,030200,,44432143600,96
20220531,189860,,42807553700,97
20220531,054540,,42452160080,98
20220531,249420,,42351423000,99
20220531,900270,,41967859443,100
20220531,000990,,41825918000,101
20220531,302440,,40728939500,102
20220531,086280,,40685850000,103
20220531,225570,,40596538800,104
20220531,010140,,40458045060,105
20220531,307750,,39687176550,106
20220531,009540,,39631321900,107
20220531,006260,,39425936000,108
20220531,319400,,38956428525,109
20220531,121600,,38898235300,110
20220531,091990,,38771814800,111
20220531,028670,,38682406110,112
20220531,043610,,38668533620,113
20220531,047810,,38302990500,114
20220531,016790,,37341272000,115
20220531,357430,,37041457390,116
20220531,017550,,36838471345,117
20220531,006360,,36808957400,118
20220531,121800,,36745515850,119
20220531,096530,,36661298450,120
20220531,067630,,36484334600,121
20220531,002900,,36272995555,122
20220531,100090,,34671774500,123
20220531,000440,,34492682350,124
20220531,000220,,34321504090,125
20220531,034220,,34202723700,126
20220531,322000,,34072241500,127
20220531,023770,,33535658950,128
20220531,035250,,33488308300,129
20220531,001790,,33457798960,130
20220531,326030,,33331968800,131
20220531,383220,,32779185000,132
20220531,000720,,32548065500,133
20220531,053800,,31867528100,134
20220531,402340,,31865436400,135
20220531,078930,,31770249100,136
20220531,263750,,31129542300,137
20220531,004250,,30510556800,138
20220531,142210,,30057307490,139
20220531,097950,,28808039500,140
20220531,016380,,28601268450,141
20220531,011170,,28571995500,142
20220531,018260,,28062466500,143
20220531,016360,,27890269100,144
20220531,008770,,27745615000,145
20220531,336370,,27688944600,146
20220531,222420,,27435868725,147
20220531,348370,,27058165400,148
20220531,900260,,26951093956,149
20220531,066590,,26686106035,150
20220531,021240,,26411910800,151
20220531,067310,,26375486850,152
20220531,000060,,26102749450,153
20220531,004020,,26062585300,154
20220531,105840,,25550233000,155
20220531,204320,,25529849700,156
20220531,100660,,24704889430,157
20220531,353810,,24545005090,158
20220531,014830,,24418283000,159
20220531,071050,,24018791800,160
20220531,014680,,23988150000,161
20220531,005290,,23551523300,162
20220531,005830,,23457243160,163
20220531,373200,,23338144200,164
20220531,298050,,23236021000,165
20220531,336260,,22932966250,166
20220531,267320,,22722460975,167
20220531,011780,,22719471500,168
20220531,251270,,22434192100,169
20220531,306620,,22261362650,170
20220531,139480,,22185170500,171
20220531,018880,,21744946450,172
20220531,353200,,21643032300,173
20220531,377300,,21467281000,174
20220531,247660,,20974981750,175
20220531,086520,,20834898500,176
20220531,035810,,20832920175,177
20220531,073560,,20797099730,178
20220531,000100,,20715734000,179
20220531,024110,,20666528700,180
20220531,064260,,20626037530,181
20220531,086980,,20613751890,182
20220531,035900,,20584771200,183
20220531,124560,,20566068420,184
20220531,006880,,20492433950,185
20220531,086390,,20232999400,186
20220531,048410,,19997553200,187
20220531,222800,,19663671600,188
20220531,290650,,19614286600,189
20220531,051380,,19589201650,190
20220531,008040,,19523724185,191
20220531,399720,,19267370800,192
20220531,002150,,19125529250,193
20220531,058470,,19068520400,194
20220531,036930,,18955965850,195
20220531,004090,,18762793200,196
20220531,298020,,18658883000,197
20220531,008560,,18650083640,198
20220531,035760,,18535771700,199
20220531,017040,,18487543485,200
20220630,005930,,1082799462452,1
20220630,005380,,298790200000,2
20220630,000660,,284596262600,3
20220630,037440,,262050201960,4
20220630,066970,,261145325900,5
20220630,006400,,248496695000,6
20220630,214610,,189590827050,7
20220630,000270,,184739876500,8
20220630,035420,,184132546000,9
20220630,226360,,178162729810,10
20220630,373220,,172557186500,11
20220630,034020,,165885379350,12
20220630,051910,,164477508000,13
20220630,036570,,158786005500,14
20220630,310210,,146471865200,15
20220630,068270,,145019854500,16
20220630,101170,,132069542710,17
20220630,102370,,123144868100,18
20220630,205470,,123126817100,19
20220630,096770,,120923263500,20
20220630,370090,,116114407900,21
20220630,001470,,113764274500,22
20220630,051900,,112783634000,23
20220630,091990,,112434387200,24
20220630,278650,,108708979130,25
20220630,257720,,107758543250,26
20220630,028260,,107574581500,27
20220630,247540,,106452486700,28
20220630,005070,,106054649450,29
20220630,259960,,98312689000,30
20220630,006880,,97375048350,31
20220630,035720,,94023639000,32
20220630,011790,,92853754000,33
20220630,003580,,91365655660,34
20220630,010060,,89792523000,35
20220630,302440,,83002663500,36
20220630,002140,,82215654010,37
20220630,058730,,81386438960,38
20220630,055550,,80873851256,39
20220630,105560,,79800716922,40
20220630,005490,,75352062500,41
20220630,332290,,73661021330,42
20220630,010140,,71554109080,43
20220630,151860,,71515012700,44
20220630,066570,,70716496800,45
20220630,032820,,69509132165,46
20220630,020150,,68408685300,47
20220630,399720,,68382381300,48
20220630,323410,,68168671650,49
20220630,036120,,67543310640,50
20220630,009150,,67336376500,51
20220630,009830,,67129196100,52
20220630,005935,,66191261604,53
20220630,056700,,65299384440,54
20220630,060310,,64952860130,55
20220630,010620,,64184313700,56
20220630,044060,,62393132300,57
20220630,011200,,62134888500,58
20220630,222080,,57859735900,59
20220630,086890,,57195205930,60
20220630,011070,,56422585000,61
20220630,090430,,55756999500,62
20220630,003670,,55477636000,63
20220630,105840,,53169159250,64
20220630,000720,,52779789000,65
20220630,100090,,52204288800,66
20220630,011700,,51192020110,67
20220630,010950,,48716297000,68
20220630,047810,,48675043100,69
20220630,053690,,48362897350,70
20220630,041440,,47858516730,71
20220630,006910,,47326951360,72
20220630,207940,,46194414000,73
20220630,112040,,46037290500,74
20220630,090710,,44167867205,75
20220630,015760,,42803562750,76
20220630,121600,,42586833900,77
20220630,329180,,42191264500,78
20220630,030200,,41433263585,79
20220630,337450,,41068294260,80
20220630,086790,,40793684150,81
20220630,278280,,40630408200,82
20220630,019550,,40258007395,83
20220630,196170,,39897751000,84
20220630,052690,,38960673900,85
20220630,017960,,38793070700,86
20220630,023350,,38786947380,87
20220630,088980,,37451318050,88
20220630,100660,,37042579170,89
20220630,049720,,37012521550,90
20220630,028300,,36655362600,91
20220630,012330,,36496062000,92
20220630,352820,,36482421500,93
20220630,377300,,35695668500,94
20220630,016790,,35472587500,95
20220630,382900,,35020621700,96
20220630,000990,,34542650200,97
20220630,093370,,34052455750,98
20220630,120030,,33416613000,99
20220630,340440,,33310500795,100
20220630,362320,,33245018820,101
20220630,013520,,33126664340,102
20220630,383220,,33119658000,103
20220630,096530,,33053536500,104
20220630,009540,,32656078100,105
20220630,034730,,32304736500,106
20220630,064350,,31874766050,107
20220630,005860,,31278198230,108
20220630,090370,,31231412495,109
20220630,293490,,31117228300,110
20220630,086520,,30543048100,111
20220630,267270,,30291289250,112
20220630,042660,,29628188050,113
20220630,195940,,29316889700,114
20220630,016380,,29168232950,115
20220630,297090,,29151261050,116
20220630,017670,,29010059600,117
20220630,003550,,28542996200,118
20220630,026150,,28390904620,119
20220630,316140,,28329231350,120
20220630,006360,,28178195550,121
20220630,141080,,27926016000,122
20220630,382840,,27877202000,123
20220630,034220,,27837295100,124
20220630,361610,,27825561500,125
20220630,108320,,27542678800,126
20220630,388050,,26645775050,127
20220630,001440,,26530979855,128
20220630,028050,,26426992100,129
20220630,246690,,25564118025,130
20220630,047920,,25400938300,131
20220630,298380,,25204376950,132
20220630,288980,,25177960250,133
20220630,003490,,24782358300,134
20220630,402340,,24615574100,135
20220630,101730,,24136313150,136
20220630,005290,,23969799500,137
20220630,011170,,23510367500,138
20220630,137400,,23047888700,139
20220630,412350,,22623347950,140
20220630,054930,,22551540750,141
20220630,002150,,22533365760,142
20220630,008970,,22231181387,143
20220630,007460,,22175768190,144
20220630,001250,,22036263780,145
20220630,353200,,21911890550,146
20220630,008770,,21496216500,147
20220630,112610,,21346212400,148
20220630,067630,,20956703650,149
20220630,139480,,20839783000,150
20220630,041510,,20627817300,151
20220630,074430,,20488326955,152
20220630,067310,,20447505900,153
20220630,099220,,19907058275,154
20220630,000810,,19895127500,155
20220630,377460,,19456985900,156
20220630,015860,,19368223470,157
20220630,002410,,19156537865,158
20220630,100130,,18986785430,159
20220630,336570,,18815818610,160
20220630,115450,,18450581700,161
20220630,376930,,18299051360,162
20220630,086280,,18234885500,163
20220630,002710,,18033061150,164
20220630,225570,,17926979450,165
20220630,396300,,17706991840,166
20220630,090410,,17597238595,167
20220630,077970,,17587952650,168
20220630,004170,,17562338000,169
20220630,323280,,17503447460,170
20220630,068760,,17463654300,171
20220630,035250,,17152602975,172
20220630,010130,,17104133000,173
20220630,080420,,17004028050,174
20220630,044480,,16938167525,175
20220630,000210,,16744752700,176
20220630,317850,,16634468020,177
20220630,047040,,16539455180,178
20220630,222800,,16539037300,179
20220630,348370,,16354954050,180
20220630,282330,,16326049500,181
20220630,091590,,16271000420,182
20220630,032830,,16127012200,183
20220630,035900,,15866209800,184
20220630,003010,,15818111670,185
20220630,018260,,15752064000,186
20220630,078600,,15672508500,187
20220630,033780,,15595854000,188
20220630,253450,,15500542100,189
20220630,050110,,15480891220,190
20220630,100840,,15354052250,191
20220630,064550,,15332642600,192
20220630,298050,,15268164500,193
20220630,091580,,14972186400,194
20220630,142280,,14837641650,195
20220630,083650,,14836479530,196
20220630,161390,,14462558600,197
20220630,051600,,14235234150,198
20220630,267260,,14168188950,199
20220630,097870,,14016270850,200
20220731,060310,,0,1
20220731,095570,,0,2
20220731,006840,,0,3
20220731,054620,,0,4
20220731,265520,,0,5
20220731,211270,,0,6
20220731,027410,,0,7
20220731,282330,,0,8
20220731,032790,,0,9
20220731,138930,,0,10
20220731,001460,,0,11
20220731,001465,,0,12
20220731,013720,,0,13
20220731,001040,,0,14
20220731,079160,,0,15
20220731,035760,,0,16
20220731,311690,,0,17
20220731,00104K,,0,18
20220731,000120,,0,19
20220731,011150,,0,20
20220731,011155,,0,21
20220731,001045,,0,22
20220731,097950,,0,23
20220731,097955,,0,24
20220731,051500,,0,25
20220731,058820,,0,26
20220731,023460,,0,27
20220731,056730,,0,28
20220731,065770,,0,29
20220731,083660,,0,30
20220731,000590,,0,31
20220731,012030,,0,32
20220731,404950,,0,33
20220731,367340,,0,34
20220731,367360,,0,35
20220731,016610,,0,36
20220731,005830,,0,37
20220731,000990,,0,38
20220731,000995,,0,39
20220731,139130,,0,40
20220731,001530,,0,41
20220731,000210,,0,42
20220731,001880,,0,43
20220731,000215,,0,44
20220731,375500,,0,45
20220731,37550L,,0,46
20220731,37550K,,0,47
20220731,068790,,0,48
20220731,007340,,0,49
20220731,004840,,0,50
20220731,241520,,0,51
20220731,155660,,0,52
20220731,069730,,0,53
20220731,017940,,0,54
20220731,245620,,0,55
20220731,037370,,0,56
20220731,278990,,0,57
20220731,365550,,0,58
20220731,050120,,0,59
20220731,084180,,0,60
20220731,383220,,0,61
20220731,007700,,0,62
20220731,214270,,0,63
20220731,130500,,0,64
20220731,114090,,0,65
20220731,900290,,0,66
20220731,078930,,0,67
20220731,083450,,0,68
20220731,006360,,0,69
20220731,001250,,0,70
20220731,007070,,0,71
20220731,078935,,0,72
20220731,297890,,0,73
20220731,078150,,0,74
20220731,012630,,0,75
20220731,039570,,0,76
20220731,089470,,0,77
20220731,294870,,0,78
20220731,267250,,0,79
20220731,097230,,0,80
20220731,195940,,0,81
20220731,028300,,0,82
20220731,003580,,0,83
20220731,343090,,0,84
20220731,067630,,0,85
20220731,047920,,0,86
20220731,115450,,0,87
20220731,011200,,0,88
20220731,403870,,0,89
20220731,036640,,0,90
20220731,082740,,0,91
20220731,335870,,0,92
20220731,351340,,0,93
20220731,388790,,0,94
20220731,405350,,0,95
20220731,424760,,0,96
20220731,003560,,0,97
20220731,095340,,0,98
20220731,099520,,0,99
20220731,175330,,0,100
20220731,950170,,0,101
20220731,234080,,0,102
20220731,067290,,0,103
20220731,001060,,0,104
20220731,001067,,0,105
20220731,001065,,0,106
20220731,096760,,0,107
20220731,035900,,0,108
20220731,318000,,0,109
20220731,024840,,0,110
20220731,105560,,0,111
20220731,024120,,0,112
20220731,002380,,0,113
20220731,021320,,0,114
20220731,344820,,0,115
20220731,036670,,0,116
20220731,009070,,0,117
20220731,009440,,0,118
20220731,112190,,0,119
20220731,119650,,0,120
20220731,044180,,0,121
20220731,092220,,0,122
20220731,151860,,0,123
20220731,046440,,0,124
20220731,016380,,0,125
20220731,035600,,0,126
20220731,001390,,0,127
20220731,226360,,0,128
20220731,111870,,0,129
20220731,033180,,0,130
20220731,060720,,0,131
20220731,001940,,0,132
20220731,058400,,0,133
20220731,114450,,0,134
20220731,025000,,0,135
20220731,092230,,0,136
20220731,000040,,0,137
20220731,044450,,0,138
20220731,030200,,0,139
20220731,033780,,0,140
20220731,058850,,0,141
20220731,058860,,0,142
20220731,060370,,0,143
20220731,122450,,0,144
20220731,052900,,0,145
20220731,093050,,0,146
20220731,003550,,0,147
20220731,034220,,0,148
20220731,051900,,0,149
20220731,051905,,0,150
20220731,373220,,0,151
20220731,003555,,0,152
20220731,032640,,0,153
20220731,011070,,0,154
20220731,066570,,0,155
20220731,066575,,0,156
20220731,037560,,0,157
20220731,051910,,0,158
20220731,051915,,0,159
20220731,079550,,0,160
20220731,006260,,0,161
20220731,010120,,0,162
20220731,000680,,0,163
20220731,229640,,0,164
20220731,108320,,0,165
20220731,001120,,0,166
20220731,108670,,0,167
20220731,108675,,0,168
20220731,383800,,0,169
20220731,38380K,,0,170
20220731,023150,,0,171
20220731,035420,,0,172
20220731,160550,,0,173
20220731,053290,,0,174
20220731,181710,,0,175
20220731,104200,,0,176
20220731,060250,,0,177
20220731,400760,,0,178
20220731,005940,,0,179
20220731,005945,,0,180
20220731,338100,,0,181
20220731,034310,,0,182
20220731,030190,,0,183
20220731,008260,,0,184
20220731,004250,,0,185
20220731,004255,,0,186
20220731,010060,,0,187
20220731,178920,,0,188
20220731,024940,,0,189
20220731,005490,,0,190
20220731,218410,,0,191
20220731,327260,,0,192
20220731,091340,,0,193
20220731,010950,,0,194
20220731,010955,,0,195
20220731,019550,,0,196
20220731,950110,,0,197
20220731,034120,,0,198
20220731,046140,,0,199
20220731,151910,,0,200
20220831,034020,,1059836314500,1
20220831,005930,,841319635900,2
20220831,064350,,266728117100,3
20220831,000660,,228286190480,4
20220831,012450,,216504184600,5
20220831,017670,,213292250200,6
20220831,365340,,209523544400,7
20220831,373220,,199598615500,8
20220831,010130,,180913510000,9
20220831,388720,,176990117300,10
20220831,107600,,173177846700,11
20220831,009830,,168370037400,12
20220831,006400,,153085811580,13
20220831,005380,,149339417500,14
20220831,323990,,141858182900,15
20220831,389260,,138973270000,16
20220831,051910,,137161612000,17
20220831,096770,,134258732000,18
20220831,048260,,123755275300,19
20220831,005490,,119411488500,20
20220831,048550,,117739924960,21
20220831,003670,,111538891000,22
20220831,086520,,111227839900,23
20220831,000270,,107281720000,24
20220831,005420,,104720444650,25
20220831,388050,,103296694100,26
20220831,247540,,102185534700,27
20220831,035420,,100954572000,28
20220831,035720,,98266319800,29
20220831,047810,,97328315800,30
20220831,011070,,94867845000,31
20220831,009150,,94842650000,32
20220831,001440,,94133868840,33
20220831,053690,,93159977600,34
20220831,352820,,87456771500,35
20220831,048410,,86657571300,36
20220831,010060,,83622338500,37
20220831,376180,,81756669600,38
20220831,024880,,80129700310,39
20220831,047310,,78845530630,40
20220831,005950,,77507019600,41
20220831,095660,,75864452350,42
20220831,066970,,75779297600,43
20220831,005935,,74720275700,44
20220831,010950,,74408083700,45
20220831,086790,,73804043875,46
20220831,340930,,72680451450,47
20220831,055550,,71390775850,48
20220831,066570,,70587675000,49
20220831,028300,,68829904000,50
20220831,382480,,67145979005,51
20220831,011200,,67049609850,52
20220831,317330,,66939375300,53
20220831,316140,,66839805250,54
20220831,001570,,65744707850,55
20220831,105560,,64544899800,56
20220831,034730,,61463388500,57
20220831,322000,,61274973100,58
20220831,083650,,60620787500,59
20220831,090460,,59235726150,60
20220831,068270,,56824805500,61
20220831,003490,,52919909500,62
20220831,000720,,50847748300,63
20220831,010620,,50522715000,64
20220831,028050,,50225188550,65
20220831,012330,,50151157000,66
20220831,115440,,49287158000,67
20220831,353200,,49093444950,68
20220831,004250,,48036871830,69
20220831,205470,,48033082800,70
20220831,053050,,48001307660,71
20220831,302440,,46675143000,72
20220831,207940,,45255120000,73
20220831,030200,,44754522250,74
20220831,323410,,43477937800,75
20220831,159010,,43200762090,76
20220831,015760,,42574664400,77
20220831,403870,,42418742700,78
20220831,329180,,42327336500,79
20220831,220260,,42043400500,80
20220831,025770,,39256462090,81
20220831,143540,,38984963035,82
20220831,028260,,38595069500,83
20220831,005070,,37463550900,84
20220831,007390,,37060294800,85
20220831,036560,,36523133620,86
20220831,091990,,36415950600,87
20220831,302550,,36121971250,88
20220831,373200,,36021897470,89
20220831,299030,,35739542100,90
20220831,033780,,35723786000,91
20220831,095910,,35139736160,92
20220831,003550,,34815962600,93
20220831,011790,,34339555000,94
20220831,000990,,33247198300,95
20220831,041920,,33120417905,96
20220831,010140,,33078062920,97
20220831,054930,,32985009100,98
20220831,145720,,32753219300,99
20220831,008870,,32680684700,100
20220831,174900,,32676326600,101
20220831,259960,,32554485500,102
20220831,041510,,32442380600,103
20220831,033240,,32244741150,104
20220831,100090,,31768371650,105
20220831,036460,,31701289300,106
20220831,037440,,31250475710,107
20220831,016710,,31054529500,108
20220831,047050,,30808834050,109
20220831,333430,,30732179450,110
20220831,011210,,29730288200,111
20220831,063440,,29267338580,112
20220831,036570,,28996108500,113
20220831,006360,,28663470700,114
20220831,361610,,28548101600,115
20220831,084650,,28368424360,116
20220831,052690,,28061895300,117
20220831,079550,,27523620000,118
20220831,085670,,27166052540,119
20220831,090710,,26639417500,120
20220831,091090,,26451010209,121
20220831,009540,,26292182700,122
20220831,011420,,25489761175,123
20220831,090430,,25361127500,124
20220831,052260,,25309195900,125
20220831,008770,,25247868600,126
20220831,038460,,24979647960,127
20220831,044060,,24705722200,128
20220831,222800,,24582969450,129
20220831,118990,,24496732200,130
20220831,124560,,24338412820,131
20220831,039130,,23771321500,132
20220831,032640,,23502305700,133
20220831,112610,,23384766100,134
20220831,095500,,23256149750,135
20220831,263050,,22984552630,136
20220831,267260,,22808895600,137
20220831,005010,,22515286480,138
20220831,018260,,22344572500,139
20220831,402340,,22266624250,140
20220831,000880,,22094707850,141
20220831,051900,,21953371000,142
20220831,025860,,21672450650,143
20220831,129920,,21669747850,144
20220831,009450,,21513125150,145
20220831,093370,,21483039350,146
20220831,086280,,21222902000,147
20220831,020150,,21167985100,148
20220831,001120,,20982362950,149
20220831,019440,,20604107300,150
20220831,382900,,20552473750,151
20220831,900310,,20352801475,152
20220831,315640,,20156879590,153
20220831,060150,,19802249900,154
20220831,293490,,19772713100,155
20220831,078600,,19770008400,156
20220831,096530,,19440205650,157
20220831,121800,,19086059500,158
20220831,074600,,19078457900,159
20220831,077970,,19072211100,160
20220831,053080,,18829745600,161
20220831,067630,,18180183450,162
20220831,281740,,18169178780,163
20220831,000810,,17819639000,164
20220831,204620,,17676864120,165
20220831,042670,,17614799090,166
20220831,267250,,17601856800,167
20220831,005850,,17505245800,168
20220831,121600,,17439650600,169
20220831,213420,,17429001650,170
20220831,139480,,17129275900,171
20220831,011170,,17013453500,172
20220831,272290,,16318720500,173
20220831,336260,,16212019450,174
20220831,073010,,16162196790,175
20220831,117580,,16106753650,176
20220831,377300,,15927183300,177
20220831,377330,,15885978850,178
20220831,009520,,15751493090,179
20220831,039610,,15694477300,180
20220831,201490,,15681417410,181
20220831,032830,,15382987900,182
20220831,278280,,15341725700,183
20220831,257720,,15060941530,184
20220831,032350,,15009304650,185
20220831,125210,,14782180400,186
20220831,000150,,14778781400,187
20220831,331920,,14606202030,188
20220831,182400,,14553612650,189
20220831,249420,,14437122650,190
20220831,028670,,14402933900,191
20220831,263750,,14352865400,192
20220831,108320,,14031882800,193
20220831,034230,,13946553600,194
20220831,005290,,13939004000,195
20220831,071050,,13870818500,196
20220831,137310,,13815136300,197
20220831,021240,,13795618300,198
20220831,017960,,13789121500,199
20220831,272210,,13720374200,200
20220930,005930,,1187343660500,1
20220930,000660,,389466671870,2
20220930,016790,,198770969450,3
20220930,035420,,179743445146,4
20220930,049720,,179363978400,5
20220930,005380,,178250693500,6
20220930,006400,,167903776000,7
20220930,007330,,167168607200,8
20220930,393890,,165749531200,9
20220930,052220,,156789074855,10
20220930,373220,,153804360500,11
20220930,003670,,143084263500,12
20220930,258830,,140739766685,13
20220930,011070,,131855629000,14
20220930,064350,,121910477650,15
20220930,040300,,121863298350,16
20220930,096300,,111423638570,17
20220930,068270,,109024378500,18
20220930,035720,,107097953200,19
20220930,051910,,105464104000,20
20220930,034020,,101722760850,21
20220930,000270,,101498574300,22
20220930,095500,,99716868000,23
20220930,012450,,99047419100,24
20220930,086520,,98203791400,25
20220930,036120,,91423477295,26
20220930,005935,,90946954050,27
20220930,009830,,90612735450,28
20220930,009150,,89305777000,29
20220930,247540,,88917109900,30
20220930,005490,,88070839500,31
20220930,030960,,86307415550,32
20220930,001570,,83442514450,33
20220930,066970,,81973182100,34
20220930,006220,,81037613050,35
20220930,007390,,76864028900,36
20220930,067080,,74413316900,37
20220930,117580,,72339399450,38
20220930,307750,,71904702850,39
20220930,323410,,71807493650,40
20220930,047810,,70917838650,41
20220930,066570,,69767713900,42
20220930,073570,,69437500105,43
20220930,015760,,66432872100,44
20220930,101670,,64606267450,45
20220930,207940,,61437785000,46
20220930,105560,,59134880200,47
20220930,084650,,56864711170,48
20220930,361610,,55260769900,49
20220930,018470,,55225131625,50
20220930,005420,,54735990600,51
20220930,055550,,52879709500,52
20220930,053690,,51039224450,53
20220930,052020,,50419909650,54
20220930,051900,,50327933000,55
20220930,179290,,49856903600,56
20220930,091990,,49078829900,57
20220930,012330,,47817254500,58
20220930,096770,,46984889500,59
20220930,010130,,45626493000,60
20220930,053050,,45448268210,61
20220930,086790,,45029192600,62
20220930,056090,,44785321810,63
20220930,005860,,44263136970,64
20220930,017670,,43489743600,65
20220930,052420,,42859162855,66
20220930,033780,,42140695200,67
20220930,011200,,42087853950,68
20220930,030200,,41646420200,69
20220930,010660,,39960084800,70
20220930,365340,,39871588100,71
20220930,036570,,39469334000,72
20220930,028050,,38558278950,73
20220930,314140,,36564279750,74
20220930,118990,,35569255350,75
20220930,003310,,34807756785,76
20220930,208340,,34722084175,77
20220930,041510,,34531429500,78
20220930,010950,,34053757500,79
20220930,011790,,33875299500,80
20220930,028260,,33874016500,81
20220930,000810,,33616288030,82
20220930,302440,,33097991800,83
20220930,003550,,32663424600,84
20220930,107600,,32586265600,85
20220930,000150,,32128913700,86
20220930,329180,,32072976000,87
20220930,012700,,31804917860,88
20220930,317850,,31730752170,89
20220930,399720,,30853659000,90
20220930,131400,,30239912035,91
20220930,005070,,30105204450,92
20220930,058610,,29831241750,93
20220930,394280,,29731294000,94
20220930,010620,,29603430200,95
20220930,025530,,28971070635,96
20220930,005950,,28606754300,97
20220930,304840,,28578036770,98
20220930,196170,,28547451000,99
20220930,383220,,28190539000,100
20220930,259960,,27875568000,101
20220930,000990,,27808844500,102
20220930,277810,,27076917350,103
20220930,094170,,27026877470,104
20220930,378850,,26986719840,105
20220930,091090,,26745962316,106
20220930,322000,,26431824100,107
20220930,020150,,26246361300,108
20220930,003490,,26017035700,109
20220930,010060,,25771024500,110
20220930,090430,,25641721500,111
20220930,004310,,24969983450,112
20220930,006360,,24882140550,113
20220930,316140,,24371113650,114
20220930,008420,,24235191880,115
20220930,950200,,24087266020,116
20220930,034730,,23668504000,117
20220930,018260,,23652704000,118
20220930,028670,,23641106475,119
20220930,028300,,23398839750,120
20220930,352820,,23294671000,121
20220930,090460,,23213916500,122
20220930,293490,,23206659300,123
20220930,011170,,22579091500,124
20220930,034220,,22327366100,125
20220930,014200,,22100931105,126
20220930,000720,,21987556750,127
20220930,249420,,21672491700,128
20220930,263050,,21131110550,129
20220930,120240,,20925587800,130
20220930,122870,,20851330650,131
20220930,402340,,20759463000,132
20220930,036460,,20676025500,133
20220930,121600,,20483680900,134
20220930,199800,,20281256800,135
20220930,005010,,20191053930,136
20220930,002140,,20157908810,137
20220930,318000,,19806836185,138
20220930,032830,,19716173600,139
20220930,048410,,19682818000,140
20220930,403870,,19522668500,141
20220930,039340,,19339684430,142
20220930,097950,,19263525000,143
20220930,083420,,19085162510,144
20220930,348370,,18750273400,145
20220930,035900,,17931680100,146
20220930,010140,,17857390550,147
20220930,093370,,17801225850,148
20220930,267260,,17400961950,149
20220930,377300,,17387375300,150
20220930,032300,,17296857300,151
20220930,008730,,17109659300,152
20220930,081660,,17047301850,153
20220930,014620,,16923595450,154
20220930,205470,,16840683600,155
20220930,178320,,16684468550,156
20220930,225570,,16496572450,157
20220930,388720,,16294450700,158
20220930,095660,,16250215250,159
20220930,041440,,15996245200,160
20220930,278650,,15951237790,161
20220930,009540,,15914904800,162
20220930,271560,,15761715500,163
20220930,018880,,15746863810,164
20220930,299030,,15687212000,165
20220930,353200,,15658894400,166
20220930,079550,,15630059000,167
20220930,108320,,15468593300,168
20220930,004020,,15466063400,169
20220930,268600,,15079516100,170
20220930,053700,,14982156810,171
20220930,065650,,14876209455,172
20220930,042660,,14842960500,173
20220930,123410,,14777945015,174
20220930,074600,,14740749050,175
20220930,312610,,14604326820,176
20220930,035250,,14558116900,177
20220930,298050,,14088292000,178
20220930,011210,,14040886100,179
20220930,078600,,14030605900,180
20220930,222080,,13917596900,181
20220930,059270,,13827443300,182
20220930,036930,,13767570050,183
20220930,105630,,13751431900,184
20220930,008770,,13733550000,185
20220930,005290,,13661724650,186
20220930,021240,,13595164300,187
20220930,204320,,13159232400,188
20220930,195870,,12933818050,189
20220930,079170,,12752671650,190
20220930,161390,,12751910200,191
20220930,082850,,12702865040,192
20220930,005160,,12654799635,193
20220930,251270,,12652384600,194
20220930,222800,,12650409300,195
20220930,049070,,12630547100,196
20220930,078340,,12570176100,197
20220930,023160,,12525662500,198
20220930,194480,,12381505050,199
20220930,054180,,12378626720,200
20221031,005930,,1126467842000,1
20221031,000660,,524946910700,2
20221031,001570,,523632484050,3
20221031,051910,,462452788000,4
20221031,373220,,331526483000,5
20221031,035420,,265166034000,6
20221031,053690,,235263314900,7
20221031,006400,,215287332011,8
20221031,005950,,207511400800,9
20221031,003670,,171508704000,10
20221031,011070,,165961507500,11
20221031,035720,,156117451100,12
20221031,012450,,117722892400,13
20221031,288980,,117139587005,14
20221031,010660,,115445204270,15
20221031,008770,,112287948000,16
20221031,247540,,110437125500,17
20221031,096770,,104663909000,18
20221031,009830,,102853637650,19
20221031,005380,,101737589500,20
20221031,066970,,99716334300,21
20221031,005490,,93699245000,22
20221031,074610,,90250220150,23
20221031,205470,,88275227700,24
20221031,005935,,79978998600,25
20221031,010130,,79162140000,26
20221031,086520,,74238650700,27
20221031,005860,,73650444940,28
20221031,000270,,71674466100,29
20221031,151860,,66704790790,30
20221031,323410,,64983401500,31
20221031,130500,,64976904290,32
20221031,034020,,63870716800,33
20221031,004310,,62885681015,34
20221031,101670,,62507527750,35
20221031,054930,,60371282850,36
20221031,009150,,59124508500,37
20221031,066570,,57979612800,38
20221031,012330,,57946908500,39
20221031,068270,,57781428500,40
20221031,047810,,57654014900,41
20221031,365340,,54664792800,42
20221031,016790,,53520742650,43
20221031,067170,,53382763710,44
20221031,112040,,50745241800,45
20221031,086790,,50349786366,46
20221031,027710,,48904271030,47
20221031,055550,,46769425900,48
20221031,388050,,45050795310,49
20221031,033780,,44810800600,50
20221031,105560,,42886683950,51
20221031,000990,,42585459450,52
20221031,083930,,40189510450,53
20221031,006880,,39054525530,54
20221031,040300,,38988670890,55
20221031,020150,,38680629500,56
20221031,129920,,37521945560,57
20221031,051900,,37115459000,58
20221031,005160,,35914352840,59
20221031,067160,,35852009200,60
20221031,263050,,35650185120,61
20221031,207940,,35110131000,62
20221031,011200,,34905318200,63
20221031,377220,,34816447160,64
20221031,005420,,34474811300,65
20221031,242040,,34137073145,66
20221031,090430,,33672807400,67
20221031,037230,,33646090750,68
20221031,215600,,33039817800,69
20221031,405000,,32180708450,70
20221031,095500,,31886978400,71
20221031,064350,,31484928050,72
20221031,005070,,31257784000,73
20221031,010620,,31189913000,74
20221031,316140,,30841704800,75
20221031,107600,,30830254700,76
20221031,234300,,30394172105,77
20221031,053700,,30393361820,78
20221031,417840,,30340782650,79
20221031,030960,,30240225000,80
20221031,003490,,30124087100,81
20221031,028260,,30054601500,82
20221031,041920,,29983516275,83
20221031,041510,,29982473400,84
20221031,002900,,29471547700,85
20221031,036570,,28412262000,86
20221031,394280,,28286648090,87
20221031,079550,,27690925100,88
20221031,148930,,27512184850,89
20221031,010950,,27040283400,90
20221031,091990,,26765914700,91
20221031,290520,,26526009735,92
20221031,122350,,25284652605,93
20221031,034730,,24862104000,94
20221031,012320,,24861547600,95
20221031,010060,,24763993500,96
20221031,034220,,24647659750,97
20221031,004170,,24563471000,98
20221031,015760,,23822971850,99
20221031,000490,,22915952100,100
20221031,006360,,22856890300,101
20221031,293490,,22840702200,102
20221031,322000,,22549268200,103
20221031,011790,,22452267000,104
20221031,137400,,22287802350,105
20221031,302440,,22191673900,106
20221031,383220,,22165150000,107
20221031,278650,,22124366880,108
20221031,348370,,21782530700,109
20221031,011210,,20932038500,110
20221031,000720,,20621177200,111
20221031,950160,,20579462250,112
20221031,007540,,20404440850,113
20221031,298040,,20105280650,114
20221031,004020,,20017197450,115
20221031,000810,,19858920500,116
20221031,009520,,19470279180,117
20221031,187790,,19411696695,118
20221031,003310,,19363006540,119
20221031,086280,,19338691500,120
20221031,377300,,18931229550,121
20221031,011000,,18910014220,122
20221031,393890,,18716750100,123
20221031,059090,,18692345990,124
20221031,267270,,18643573950,125
20221031,361610,,18508404900,126
20221031,329180,,18508279500,127
20221031,030200,,18305153100,128
20221031,073570,,18249334225,129
20221031,001790,,18234000130,130
20221031,052690,,18173264900,131
20221031,352820,,17865789000,132
20221031,028300,,17744672400,133
20221031,028050,,17723029850,134
20221031,017670,,17358538350,135
20221031,382480,,17170929825,136
20221031,090460,,17035129250,137
20221031,014970,,16350722120,138
20221031,360070,,16317829750,139
20221031,011700,,16254469010,140
20221031,366030,,16210559780,141
20221031,097950,,16117890500,142
20221031,378800,,16022784680,143
20221031,336370,,15846284100,144
20221031,108320,,15786639900,145
20221031,204320,,15782711800,146
20221031,900280,,15701782052,147
20221031,263700,,15648399080,148
20221031,010140,,15493256430,149
20221031,020560,,15291351300,150
20221031,010120,,15198440700,151
20221031,118990,,14942687250,152
20221031,067370,,14724316690,153
20221031,005290,,14521241850,154
20221031,304840,,14369799550,155
20221031,298020,,14322956000,156
20221031,036120,,14108989140,157
20221031,348030,,14090981350,158
20221031,025320,,14064264540,159
20221031,011170,,13988655000,160
20221031,003550,,13916313900,161
20221031,222800,,13691546200,162
20221031,348350,,13505739950,163
20221031,259960,,13437629000,164
20221031,035900,,13389802800,165
20221031,004800,,13277198800,166
20221031,032830,,12922758200,167
20221031,121600,,12409371000,168
20221031,241560,,12327604350,169
20221031,402030,,12265840900,170
20221031,112610,,12255169600,171
20221031,018260,,12147624500,172
20221031,002140,,12120147800,173
20221031,042670,,12091425630,174
20221031,001440,,12040246170,175
20221031,362320,,11855833050,176
20221031,014200,,11511431970,177
20221031,019440,,11497129350,178
20221031,115480,,11243024360,179
20221031,036930,,11218842100,180
20221031,065450,,11218807970,181
20221031,036690,,10970627765,182
20221031,353200,,10886127350,183
20221031,067310,,10709575120,184
20221031,161390,,10458038124,185
20221031,348210,,10452055650,186
20221031,402340,,10397451450,187
20221031,023530,,10308170800,188
20221031,214270,,10231490660,189
20221031,044060,,10084517100,190
20221031,016380,,10045697670,191
20221031,071050,,9925320950,192
20221031,101730,,9809258900,193
20221031,006910,,9809236755,194
20221031,131390,,9794666300,195
20221031,122870,,9492989650,196
20221031,104040,,9319137310,197
20221031,048260,,9296057100,198
20221031,043090,,9290883160,199
20221031,375500,,9263342100,200
20221130,005930,,1218354958444,1
20221130,373220,,902818923500,2
20221130,241560,,305553924550,3
20221130,000660,,282110177452,4
20221130,005490,,274419521001,5
20221130,074610,,236802537450,6
20221130,010620,,236452812500,7
20221130,051910,,235554476980,8
20221130,006360,,202093906250,9
20221130,009520,,189207222250,10
20221130,003670,,189049543000,11
20221130,006400,,184380571000,12
20221130,009830,,171809354600,13
20221130,066570,,168823002900,14
20221130,138040,,166666183800,15
20221130,035420,,163074997500,16
20221130,003070,,160284973000,17
20221130,259960,,159065357500,18
20221130,011070,,154923364000,19
20221130,064350,,153367712200,20
20221130,000250,,137389797500,21
20221130,002790,,137257742900,22
20221130,096530,,136044779150,23
20221130,105560,,134851034300,24
20221130,000270,,134103793000,25
20221130,001570,,132873990550,26
20221130,196170,,130455969900,27
20221130,009150,,122829690000,28
20221130,285130,,122502609300,29
20221130,247540,,120869017400,30
20221130,022100,,118805387470,31
20221130,086790,,117216002150,32
20221130,086520,,114719470900,33
20221130,000120,,112202861100,34
20221130,005950,,111899856800,35
20221130,006220,,111575156750,36
20221130,005380,,107252827000,37
20221130,033780,,105603340225,38
20221130,003550,,105038106250,39
20221130,035720,,102351874576,40
20221130,323410,,98978312800,41
20221130,129920,,98895878260,42
20221130,051905,,97429766500,43
20221130,005935,,96758990200,44
20221130,047810,,96572702300,45
20221130,035760,,93961609800,46
20221130,096770,,86174039000,47
20221130,316140,,85475806350,48
20221130,048430,,82204248740,49
20221130,076080,,81658629860,50
20221130,036570,,81434538000,51
20221130,003520,,81408816045,52
20221130,015760,,77856739950,53
20221130,006280,,77718355000,54
20221130,112040,,76706009600,55
20221130,055550,,73272963050,56
20221130,042670,,68853365850,57
20221130,012330,,67413473000,58
20221130,288980,,66288989985,59
20221130,051900,,66125502000,60
20221130,319400,,66081651495,61
20221130,066970,,65888476800,62
20221130,067290,,64425285570,63
20221130,010130,,63130590000,64
20221130,207940,,61541059000,65
20221130,267290,,60628238050,66
20221130,035250,,58781166200,67
20221130,090430,,57820516000,68
20221130,034020,,57042609700,69
20221130,011200,,56200319150,70
20221130,402340,,55668055100,71
20221130,068270,,54371138500,72
20221130,012450,,51603375100,73
20221130,095500,,50774813000,74
20221130,017670,,49973683530,75
20221130,034730,,49752643500,76
20221130,027410,,49369104315,77
20221130,267850,,48413221100,78
20221130,035460,,45685467340,79
20221130,058430,,45360427300,80
20221130,282330,,44268140500,81
20221130,037440,,41774300650,82
20221130,014580,,41765461330,83
20221130,032830,,40750100800,84
20221130,200350,,39793148300,85
20221130,028260,,39202586500,86
20221130,021240,,39077506200,87
20221130,101670,,38797572250,88
20221130,003490,,38686456300,89
20221130,900280,,38466395047,90
20221130,041510,,37458594500,91
20221130,329180,,37383915000,92
20221130,249420,,36600565850,93
20221130,145210,,35973484310,94
20221130,361610,,35871550500,95
20221130,377300,,35816317300,96
20221130,012320,,35437382500,97
20221130,036120,,35377132985,98
20221130,011810,,34991314320,99
20221130,361670,,34174439050,100
20221130,351320,,34117680305,101
20221130,005070,,34064763300,102
20221130,028300,,33296378050,103
20221130,015750,,33026867090,104
20221130,018260,,32874058000,105
20221130,002990,,32516869860,106
20221130,381970,,32234366550,107
20221130,007700,,32152890700,108
20221130,271560,,31193269500,109
20221130,032640,,31095063900,110
20221130,291230,,31026404310,111
20221130,091590,,30944890990,112
20221130,034220,,30794838800,113
20221130,010950,,30210389700,114
20221130,190510,,30196427650,115
20221130,111110,,29188821890,116
20221130,030200,,28820721000,117
20221130,053690,,28343816300,118
20221130,028050,,28278724550,119
20221130,253450,,28094257400,120
20221130,117580,,28070561650,121
20221130,092300,,27842138810,122
20221130,004690,,27839726000,123
20221130,005385,,27794457900,124
20221130,014990,,27768036610,125
20221130,091990,,27737636900,126
20221130,114190,,27676894030,127
20221130,052020,,26381407050,128
20221130,053050,,26225446385,129
20221130,118990,,25727998800,130
20221130,000810,,25555733500,131
20221130,036560,,25438669500,132
20221130,000060,,24854852650,133
20221130,086960,,24618685430,134
20221130,322000,,24264945400,135
20221130,010060,,24151745200,136
20221130,267270,,24108019100,137
20221130,097950,,23852347000,138
20221130,290670,,23684129700,139
20221130,332370,,23634949070,140
20221130,083420,,23564503750,141
20221130,096350,,23342872534,142
20221130,024110,,23320850000,143
20221130,034230,,23289122250,144
20221130,011170,,22950140500,145
20221130,303530,,22747348950,146
20221130,000990,,22503308500,147
20221130,008560,,22387465520,148
20221130,383220,,21812430000,149
20221130,362320,,21741043450,150
20221130,032190,,21713362650,151
20221130,161390,,21689970950,152
20221130,322310,,21576262700,153
20221130,000720,,21428293700,154
20221130,112610,,21195733000,155
20221130,024060,,20921787280,156
20221130,000490,,20595814300,157
20221130,007460,,20503289338,158
20221130,302440,,20198434900,159
20221130,008770,,19731840300,160
20221130,011790,,19457640000,161
20221130,068290,,19279876700,162
20221130,251270,,18952220650,163
20221130,405000,,18939959440,164
20221130,360070,,18619501200,165
20221130,002900,,18465935645,166
20221130,010140,,18383136180,167
20221130,067160,,18371228400,168
20221130,389470,,18304342800,169
20221130,336260,,18256128150,170
20221130,018880,,18094733060,171
20221130,352820,,17879333500,172
20221130,123690,,17781971960,173
20221130,086280,,17772631500,174
20221130,298380,,17748089950,175
20221130,005960,,17606613050,176
20221130,005420,,17596776900,177
20221130,293490,,17317688600,178
20221130,016790,,17072946650,179
20221130,008350,,17025275000,180
20221130,047050,,16902174900,181
20221130,109610,,16846173620,182
20221130,101730,,16775039750,183
20221130,019170,,16759927850,184
20221130,024950,,16561712370,185
20221130,053260,,16518397270,186
20221130,131970,,16491185450,187
20221130,007980,,16224566450,188
20221130,004020,,16219655000,189
20221130,205470,,16186650400,190
20221130,000100,,16179419800,191
20221130,001450,,15460399550,192
20221130,043710,,15111884425,193
20221130,032350,,15036207500,194
20221130,009540,,15004871900,195
20221130,014910,,14990900295,196
20221130,078930,,14921011500,197
20221130,004980,,14833393250,198
20221130,010170,,14830800765,199
20221130,020150,,14825723300,200
20221231,060310,,0,1
20221231,095570,,0,2
20221231,006840,,0,3
20221231,054620,,0,4
20221231,265520,,0,5
20221231,211270,,0,6
20221231,027410,,0,7
20221231,282330,,0,8
20221231,138930,,0,9
20221231,001460,,0,10
20221231,001465,,0,11
20221231,013720,,0,12
20221231,001040,,0,13
20221231,079160,,0,14
20221231,035760,,0,15
20221231,311690,,0,16
20221231,00104K,,0,17
20221231,000120,,0,18
20221231,011150,,0,19
20221231,011155,,0,20
20221231,001045,,0,21
20221231,097950,,0,22
20221231,097955,,0,23
20221231,051500,,0,24
20221231,058820,,0,25
20221231,023460,,0,26
20221231,056730,,0,27
20221231,065770,,0,28
20221231,083660,,0,29
20221231,000590,,0,30
20221231,012030,,0,31
20221231,404950,,0,32
20221231,367340,,0,33
20221231,367360,,0,34
20221231,016610,,0,35
20221231,005830,,0,36
20221231,000990,,0,37
20221231,000995,,0,38
20221231,139130,,0,39
20221231,001530,,0,40
20221231,000210,,0,41
20221231,001880,,0,42
20221231,000215,,0,43
20221231,375500,,0,44
20221231,37550L,,0,45
20221231,37550K,,0,46
20221231,068790,,0,47
20221231,007340,,0,48
20221231,004840,,0,49
20221231,241520,,0,50
20221231,155660,,0,51
20221231,069730,,0,52
20221231,017940,,0,53
20221231,245620,,0,54
20221231,037370,,0,55
20221231,278990,,0,56
20221231,365550,,0,57
20221231,050120,,0,58
20221231,084180,,0,59
20221231,383220,,0,60
20221231,007700,,0,61
20221231,214270,,0,62
20221231,130500,,0,63
20221231,114090,,0,64
20221231,900290,,0,65
20221231,078930,,0,66
20221231,083450,,0,67
20221231,006360,,0,68
20221231,001250,,0,69
20221231,007070,,0,70
20221231,078935,,0,71
20221231,297890,,0,72
20221231,078150,,0,73
20221231,012630,,0,74
20221231,039570,,0,75
20221231,089470,,0,76
20221231,294870,,0,77
20221231,267250,,0,78
20221231,097230,,0,79
20221231,195940,,0,80
20221231,014790,,0,81
20221231,028300,,0,82
20221231,003580,,0,83
20221231,343090,,0,84
20221231,067630,,0,85
20221231,047920,,0,86
20221231,115450,,0,87
20221231,204320,,0,88
20221231,060980,,0,89
20221231,011200,,0,90
20221231,403870,,0,91
20221231,036640,,0,92
20221231,082740,,0,93
20221231,351340,,0,94
20221231,388790,,0,95
20221231,405350,,0,96
20221231,424760,,0,97
20221231,426550,,0,98
20221231,439730,,0,99
20221231,442770,,0,100
20221231,003560,,0,101
20221231,095340,,0,102
20221231,099520,,0,103
20221231,175330,,0,104
20221231,950170,,0,105
20221231,234080,,0,106
20221231,067290,,0,107
20221231,001060,,0,108
20221231,001067,,0,109
20221231,001065,,0,110
20221231,096760,,0,111
20221231,035900,,0,112
20221231,318000,,0,113
20221231,024840,,0,114
20221231,105560,,0,115
20221231,432320,,0,116
20221231,024120,,0,117
20221231,002380,,0,118
20221231,021320,,0,119
20221231,344820,,0,120
20221231,036670,,0,121
20221231,009070,,0,122
20221231,009440,,0,123
20221231,112190,,0,124
20221231,119650,,0,125
20221231,044180,,0,126
20221231,092220,,0,127
20221231,151860,,0,128
20221231,046440,,0,129
20221231,016380,,0,130
20221231,035600,,0,131
20221231,001390,,0,132
20221231,226360,,0,133
20221231,111870,,0,134
20221231,033180,,0,135
20221231,060720,,0,136
20221231,001940,,0,137
20221231,058400,,0,138
20221231,114450,,0,139
20221231,025000,,0,140
20221231,092230,,0,141
20221231,000040,,0,142
20221231,044450,,0,143
20221231,030200,,0,144
20221231,033780,,0,145
20221231,058850,,0,146
20221231,058860,,0,147
20221231,060370,,0,148
20221231,122450,,0,149
20221231,052900,,0,150
20221231,093050,,0,151
20221231,003550,,0,152
20221231,034220,,0,153
20221231,051900,,0,154
20221231,051905,,0,155
20221231,373220,,0,156
20221231,003555,,0,157
20221231,032640,,0,158
20221231,011070,,0,159
20221231,066570,,0,160
20221231,066575,,0,161
20221231,037560,,0,162
20221231,051910,,0,163
20221231,051915,,0,164
20221231,079550,,0,165
20221231,006260,,0,166
20221231,010120,,0,167
20221231,000680,,0,168
20221231,229640,,0,169
20221231,108320,,0,170
20221231,001120,,0,171
20221231,108670,,0,172
20221231,108675,,0,173
20221231,383800,,0,174
20221231,38380K,,0,175
20221231,086960,,0,176
20221231,023150,,0,177
20221231,035420,,0,178
20221231,160550,,0,179
20221231,053290,,0,180
20221231,181710,,0,181
20221231,104200,,0,182
20221231,060250,,0,183
20221231,400760,,0,184
20221231,005940,,0,185
20221231,005945,,0,186
20221231,338100,,0,187
20221231,034310,,0,188
20221231,030190,,0,189
20221231,008260,,0,190
20221231,004250,,0,191
20221231,004255,,0,192
20221231,010060,,0,193
20221231,178920,,0,194
20221231,024940,,0,195
20221231,005490,,0,196
20221231,218410,,0,197
20221231,327260,,0,198
20221231,091340,,0,199
20221231,010950,,0,200
20230131,005930,,1835768640685,1
20230131,003670,,773471674500,2
20230131,000660,,458628061505,3
20230131,373220,,374919075000,4
20230131,006400,,304175358216,5
20230131,277810,,292096733800,6
20230131,394280,,260652736690,7
20230131,010140,,258040572350,8
20230131,035420,,220320297500,9
20230131,051910,,213998455000,10
20230131,090360,,201010865100,11
20230131,058850,,200096663475,12
20230131,009520,,199319418340,13
20230131,377480,,190001082300,14
20230131,417860,,176696998550,15
20230131,389500,,175026487950,16
20230131,214870,,171587040840,17
20230131,108490,,159253435900,18
20230131,005490,,154022111500,19
20230131,035720,,148714880400,20
20230131,247540,,132545526400,21
20230131,000270,,131136355450,22
20230131,348340,,125915413250,23
20230131,005380,,117508559520,24
20230131,066570,,115280933300,25
20230131,053800,,110342453400,26
20230131,300120,,110264212340,27
20230131,011320,,110179023530,28
20230131,055550,,108855191850,29
20230131,005935,,108561335817,30
20230131,064350,,101713159300,31
20230131,086790,,100429679150,32
20230131,066970,,98754468300,33
20230131,046140,,93222748320,34
20230131,377300,,90489393400,35
20230131,093640,,89734070480,36
20230131,086520,,86315144000,37
20230131,006220,,82678821520,38
20230131,105560,,79145485500,39
20230131,064480,,78788742250,40
20230131,012450,,77775126400,41
20230131,207940,,75346194000,42
20230131,032620,,73853690590,43
20230131,254490,,72122726980,44
20230131,028050,,71407024700,45
20230131,090710,,70118911240,46
20230131,376300,,68598438700,47
20230131,039610,,67855280290,48
20230131,086280,,67851849500,49
20230131,007120,,66412083749,50
20230131,300080,,66018113450,51
20230131,068270,,65508406100,52
20230131,012330,,65270422250,53
20230131,009150,,62693390800,54
20230131,041510,,61883556100,55
20230131,096770,,60583552100,56
20230131,034020,,60341151540,57
20230131,039740,,59587299815,58
20230131,316140,,58724689910,59
20230131,022100,,58305110180,60
20230131,011070,,57667711000,61
20230131,450140,,57562858300,62
20230131,001570,,56056992900,63
20230131,108860,,55721629090,64
20230131,033780,,54495885800,65
20230131,063170,,54436163950,66
20230131,095500,,54331354380,67
20230131,205470,,54187536760,68
20230131,004770,,54079593780,69
20230131,007660,,52986685970,70
20230131,048260,,52519102900,71
20230131,036570,,51231518500,72
20230131,419530,,49273259100,73
20230131,052690,,48856567200,74
20230131,323410,,48343860700,75
20230131,304100,,48066481950,76
20230131,035610,,47855076670,77
20230131,011200,,47833499300,78
20230131,352820,,47497712650,79
20230131,034120,,46188341550,80
20230131,112040,,46141938900,81
20230131,296640,,45773880640,82
20230131,058610,,45653727930,83
20230131,051900,,45261245212,84
20230131,217500,,44588728305,85
20230131,009830,,44423038500,86
20230131,101670,,44090339000,87
20230131,060230,,42892019505,88
20230131,347860,,42555607600,89
20230131,033230,,42424537845,90
20230131,383220,,42389432500,91
20230131,058860,,42371083220,92
20230131,047810,,42297251600,93
20230131,112610,,42171572600,94
20230131,008770,,41924355300,95
20230131,010130,,40892630000,96
20230131,031310,,39630087355,97
20230131,268600,,37880090270,98
20230131,090430,,37592207000,99
20230131,017670,,35507905050,100
20230131,402340,,35250501475,101
20230131,028260,,34932447300,102
20230131,291230,,34684127550,103
20230131,214270,,34136977085,104
20230131,189690,,33870995120,105
20230131,003490,,33862474550,106
20230131,099750,,33642942300,107
20230131,005420,,33280559800,108
20230131,006360,,33139761700,109
20230131,034730,,33119422800,110
20230131,399720,,32350273960,111
20230131,005290,,31966235350,112
20230131,009540,,31289105300,113
20230131,010950,,31021583600,114
20230131,263800,,30725238300,115
20230131,015760,,30366460030,116
20230131,003550,,30208903376,117
20230131,054920,,30161674210,118
20230131,047040,,29767155965,119
20230131,049080,,29548293611,120
20230131,010620,,29298582250,121
20230131,232680,,28846865680,122
20230131,095660,,28450819500,123
20230131,045970,,28400109690,124
20230131,000810,,28349532000,125
20230131,196170,,28138413100,126
20230131,030200,,27824937300,127
20230131,357880,,27560185180,128
20230131,035900,,27475892000,129
20230131,041460,,27383397060,130
20230131,270660,,26920867740,131
20230131,003070,,26894200670,132
20230131,011170,,26830865100,133
20230131,259960,,26825074500,134
20230131,000720,,26251474350,135
20230131,382840,,25643722040,136
20230131,307950,,25632538300,137
20230131,091990,,25561432400,138
20230131,298020,,25481219500,139
20230131,000250,,25363388950,140
20230131,036030,,25016596490,141
20230131,396270,,24903375910,142
20230131,011000,,24029913090,143
20230131,388720,,23853075700,144
20230131,272210,,23680649590,145
20230131,005070,,23215131000,146
20230131,291810,,23053676510,147
20230131,049950,,22966230700,148
20230131,083640,,22944181234,149
20230131,239340,,22534480905,150
20230131,293490,,22525945200,151
20230131,362320,,22518021230,152
20230131,104200,,22476541240,153
20230131,034220,,22441476210,154
20230131,032190,,22405392850,155
20230131,301300,,22374029200,156
20230131,052220,,21730910420,157
20230131,329180,,21572548000,158
20230131,129920,,21452187090,159
20230131,214370,,21293803800,160
20230131,339950,,21263485365,161
20230131,138040,,21259377300,162
20230131,000990,,21037788050,163
20230131,042660,,20995231300,164
20230131,028670,,20700396350,165
20230131,002790,,20684020550,166
20230131,037440,,20498780700,167
20230131,302440,,20353205400,168
20230131,032830,,20340895900,169
20230131,007820,,19990806750,170
20230131,010060,,19980213200,171
20230131,016790,,19978768460,172
20230131,047050,,19851316780,173
20230131,251270,,19837733900,174
20230131,122870,,19696456800,175
20230131,361610,,19366228700,176
20230131,365340,,19243891300,177
20230131,018260,,18337474100,178
20230131,043610,,18332214815,179
20230131,016360,,18318614150,180
20230131,391710,,18308592425,181
20230131,011790,,18176946600,182
20230131,073570,,18028854380,183
20230131,004020,,17831895450,184
20230131,005950,,17820549780,185
20230131,072130,,17719590480,186
20230131,328130,,17680361750,187
20230131,071050,,17558755700,188
20230131,271560,,17516700700,189
20230131,419120,,17498361950,190
20230131,389140,,17224356270,191
20230131,004170,,16911090188,192
20230131,189330,,16412216700,193
20230131,036460,,16336606300,194
20230131,242040,,16279107410,195
20230131,097950,,16187097500,196
20230131,042670,,16104107960,197
20230131,417970,,16033670100,198
20230131,263700,,15970916550,199
20230131,028300,,15918789500,200
20230228,066970,,997114905000,1
20230228,005930,,834902635220,2
20230228,005490,,460983516500,3
20230228,247540,,440899722700,4
20230228,041510,,429252555700,5
20230228,086520,,403134318500,6
20230228,005420,,304653903450,7
20230228,058850,,295863427595,8
20230228,277810,,261749260400,9
20230228,095500,,254390316700,10
20230228,003670,,235677741500,11
20230228,373220,,219217798000,12
20230228,086960,,216713259225,13
20230228,064480,,206170141030,14
20230228,005950,,204309887850,15
20230228,377300,,199522629200,16
20230228,006400,,189262200000,17
20230228,000660,,186728994200,18
20230228,257720,,183078208375,19
20230228,001570,,179078117650,20
20230228,035420,,177495612500,21
20230228,051910,,170281481690,22
20230228,005070,,169465584400,23
20230228,171090,,168394065650,24
20230228,365340,,152777092600,25
20230228,090360,,149773738700,26
20230228,005380,,145827349300,27
20230228,058860,,133472702980,28
20230228,000270,,126651035700,29
20230228,348340,,122716634200,30
20230228,049950,,120742913450,31
20230228,035720,,116940741300,32
20230228,108490,,115953061300,33
20230228,417180,,111998307810,34
20230228,068270,,107417428200,35
20230228,450140,,103335821820,36
20230228,288980,,96001936500,37
20230228,402030,,95803318700,38
20230228,108860,,94398726150,39
20230228,007660,,94023907940,40
20230228,042600,,93921899550,41
20230228,347860,,92374014990,42
20230228,096770,,90418332100,43
20230228,394280,,89268575950,44
20230228,121600,,87844852400,45
20230228,323410,,83733209500,46
20230228,065370,,81996248600,47
20230228,389140,,79573108510,48
20230228,066570,,74600963200,49
20230228,105560,,74524769900,50
20230228,446070,,72376350730,51
20230228,207760,,72134638975,52
20230228,009900,,70525056090,53
20230228,034730,,69150294800,54
20230228,005935,,69127659800,55
20230228,328130,,68703725850,56
20230228,009150,,68139675200,57
20230228,373200,,67054344930,58
20230228,048550,,66834728450,59
20230228,352820,,65583739000,60
20230228,012330,,64318762000,61
20230228,012450,,62647193700,62
20230228,034020,,62055175900,63
20230228,377480,,60815275200,64
20230228,011070,,60483989850,65
20230228,016790,,59196581900,66
20230228,278280,,59073990000,67
20230228,101670,,58693992750,68
20230228,055550,,58473697200,69
20230228,085370,,58039233150,70
20230228,011790,,57854146700,71
20230228,122870,,57520235200,72
20230228,010780,,56716986700,73
20230228,011500,,55014987230,74
20230228,138040,,54633898050,75
20230228,293490,,54370555150,76
20230228,417840,,54127360830,77
20230228,086790,,53234630850,78
20230228,211270,,52086621700,79
20230228,107600,,51291687000,80
20230228,001430,,51062058350,81
20230228,189330,,50476114250,82
20230228,338220,,50457232970,83
20230228,064550,,49459047700,84
20230228,175250,,49124143470,85
20230228,304100,,48777859400,86
20230228,45014K,,48604826660,87
20230228,030200,,47916448550,88
20230228,036030,,47656050100,89
20230228,010620,,46430775700,90
20230228,011200,,45557199700,91
20230228,021240,,44535668300,92
20230228,028050,,43700472342,93
20230228,000250,,43423679300,94
20230228,036570,,42760735500,95
20230228,090430,,42321639200,96
20230228,411080,,42025719710,97
20230228,028260,,41934086800,98
20230228,270520,,41635906110,99
20230228,207940,,40055754000,100
20230228,112040,,39546929900,101
20230228,051900,,38212824000,102
20230228,047810,,38124784050,103
20230228,291230,,37406241840,104
20230228,086900,,36711877500,105
20230228,315640,,34745790030,106
20230228,376300,,34609659750,107
20230228,035900,,34527401900,108
20230228,222080,,33896225580,109
20230228,060280,,33872446720,110
20230228,064350,,33794951750,111
20230228,316140,,33789175400,112
20230228,092220,,33661180200,113
20230228,190510,,33560875580,114
20230228,000150,,33518601000,115
20230228,028300,,33377875900,116
20230228,033780,,33160823400,117
20230228,214270,,32969062235,118
20230228,090710,,32878108335,119
20230228,272290,,32877432850,120
20230228,012030,,32828958382,121
20230228,095340,,32203304150,122
20230228,017670,,31973708750,123
20230228,094480,,31832180770,124
20230228,032680,,31724072625,125
20230228,011780,,31374640800,126
20230228,419050,,31189491730,127
20230228,308170,,31133176710,128
20230228,352910,,30885186360,129
20230228,047310,,30634147280,130
20230228,329180,,30624012500,131
20230228,389500,,30536332400,132
20230228,016360,,30523792150,133
20230228,010130,,30221897000,134
20230228,010140,,30015372110,135
20230228,300120,,29963803240,136
20230228,357880,,29942476280,137
20230228,060230,,29268822240,138
20230228,091990,,29098235100,139
20230228,015750,,28833312360,140
20230228,003490,,28607615450,141
20230228,034220,,28596547430,142
20230228,396270,,27840906750,143
20230228,205470,,27199299210,144
20230228,246710,,26451432740,145
20230228,214370,,25963055800,146
20230228,028670,,25476607700,147
20230228,058610,,25305452680,148
20230228,336060,,25085910305,149
20230228,086280,,24593737900,150
20230228,219550,,24294280957,151
20230228,277070,,24125637640,152
20230228,003550,,24116357800,153
20230228,118990,,24049858100,154
20230228,097950,,23985075000,155
20230228,259960,,23951385400,156
20230228,276040,,23860065350,157
20230228,000810,,23845489904,158
20230228,011170,,23776907600,159
20230228,000720,,23629981400,160
20230228,010950,,23512782300,161
20230228,310200,,23397639290,162
20230228,254490,,23244033280,163
20230228,005830,,23010559700,164
20230228,299170,,22877899685,165
20230228,036460,,22745504850,166
20230228,418550,,22725832100,167
20230228,039130,,22626834900,168
20230228,020150,,22453121700,169
20230228,009200,,22420855125,170
20230228,001040,,22355284700,171
20230228,363260,,22291526257,172
20230228,273060,,21872692521,173
20230228,004020,,21871330900,174
20230228,015760,,21863153440,175
20230228,006220,,21500931950,176
20230228,402340,,21454720500,177
20230228,361610,,21331998600,178
20230228,399720,,20952903550,179
20230228,035250,,20823111835,180
20230228,093370,,20820466340,181
20230228,336370,,20809463000,182
20230228,004170,,20768665500,183
20230228,078600,,20701872600,184
20230228,018260,,20610939800,185
20230228,008770,,20301526400,186
20230228,072130,,20217751630,187
20230228,007390,,20208830630,188
20230228,008350,,20096593445,189
20230228,101490,,19760727150,190
20230228,032640,,19645097410,191
20230228,205100,,19524590190,192
20230228,085670,,19390059820,193
20230228,042670,,19190602960,194
20230228,370090,,19123777850,195
20230228,047050,,19009003500,196
20230228,089890,,18624002470,197
20230228,010060,,18620757500,198
20230228,161390,,18602889950,199
20230228,009540,,18334039900,200
20230331,005490,,1403427430000,1
20230331,016790,,1294834657350,2
20230331,005930,,900711556583,3
20230331,000990,,764045770500,4
20230331,009830,,640461771100,5
20230331,086520,,604949733000,6
20230331,066970,,603021684500,7
20230331,022100,,577346374060,8
20230331,388050,,552139544140,9
20230331,003670,,512945936000,10
20230331,247540,,397840702500,11
20230331,096770,,351599005700,12
20230331,101670,,348963943700,13
20230331,452260,,306405848952,14
20230331,018260,,264847782000,15
20230331,000660,,236686923700,16
20230331,005070,,201159307600,17
20230331,007660,,197360738730,18
20230331,042700,,193681934550,19
20230331,035420,,188788645700,20
20230331,009520,,187392036070,21
20230331,258830,,185153220385,22
20230331,006400,,180825676000,23
20230331,034020,,179569527390,24
20230331,373220,,174146403000,25
20230331,005950,,173332746850,26
20230331,074610,,170240532670,27
20230331,051910,,166718450000,28
20230331,277810,,154770693900,29
20230331,225570,,147943395480,30
20230331,073570,,143865216300,31
20230331,011790,,142286348500,32
20230331,012030,,141421883420,33
20230331,270520,,138960484010,34
20230331,114190,,134517032650,35
20230331,108860,,134456416650,36
20230331,358570,,130634676500,37
20230331,000270,,127590775700,38
20230331,094820,,124623723460,39
20230331,005380,,122913133000,40
20230331,093370,,119076982600,41
20230331,290520,,108547859780,42
20230331,035720,,105844517200,43
20230331,005935,,103669340000,44
20230331,234920,,102799730500,45
20230331,222080,,98850298420,46
20230331,294090,,98576220050,47
20230331,066570,,98365168400,48
20230331,093640,,98351310210,49
20230331,194480,,96828136200,50
20230331,059090,,94971678010,51
20230331,001570,,93505079300,52
20230331,036540,,91170791210,53
20230331,171090,,89210162800,54
20230331,028050,,88147029450,55
20230331,058610,,87681587050,56
20230331,078600,,87515364100,57
20230331,095500,,86557383600,58
20230331,067310,,85311647080,59
20230331,060230,,84667857620,60
20230331,015760,,78303520170,61
20230331,036930,,77575582710,62
20230331,067160,,76922673200,63
20230331,389260,,76887415250,64
20230331,317830,,76152568230,65
20230331,348150,,75099929640,66
20230331,012450,,73474267700,67
20230331,376180,,73256744250,68
20230331,254490,,73184741950,69
20230331,008560,,73035003600,70
20230331,380540,,72056949195,71
20230331,383310,,71571442300,72
20230331,007390,,70449390650,73
20230331,030200,,69842295900,74
20230331,168360,,68513639410,75
20230331,138040,,68163268450,76
20230331,131400,,66951245310,77
20230331,121600,,66652235900,78
20230331,151860,,66456961870,79
20230331,016380,,66247743690,80
20230331,196170,,64992212250,81
20230331,064550,,64379234950,82
20230331,108490,,64008820300,83
20230331,418550,,63811469000,84
20230331,005420,,63475846450,85
20230331,105560,,63164339650,86
20230331,020150,,61598545500,87
20230331,055550,,57535737200,88
20230331,017800,,56374637750,89
20230331,407400,,55713138750,90
20230331,068270,,53864719300,91
20230331,069260,,51793332180,92
20230331,246720,,50960756940,93
20230331,010130,,50841688000,94
20230331,049080,,49246717607,95
20230331,000250,,49172595700,96
20230331,417010,,48494632550,97
20230331,047810,,48122351900,98
20230331,211270,,47503347350,99
20230331,365340,,47141987200,100
20230331,011500,,46305697500,101
20230331,207940,,46277897000,102
20230331,105840,,45104387950,103
20230331,108320,,45056450800,104
20230331,112610,,45006553700,105
20230331,086790,,44439818750,106
20230331,259960,,44374079100,107
20230331,189300,,44009674400,108
20230331,086960,,43996446495,109
20230331,049070,,43958214000,110
20230331,011070,,43827720500,111
20230331,361610,,43725592100,112
20230331,139130,,43561870030,113
20230331,101360,,43398124600,114
20230331,028300,,43302964400,115
20230331,080220,,43233385330,116
20230331,278280,,42977710500,117
20230331,052020,,42872261250,118
20230331,322000,,42758416500,119
20230331,009150,,42617823500,120
20230331,101490,,42506676700,121
20230331,294140,,42316383470,122
20230331,018470,,42044440530,123
20230331,145210,,41957380465,124
20230331,034220,,41531169120,125
20230331,041510,,41487951100,126
20230331,372170,,41248740100,127
20230331,011170,,40530396400,128
20230331,009835,,40064435950,129
20230331,145720,,39527835800,130
20230331,012330,,38975262500,131
20230331,348370,,37794261300,132
20230331,096610,,37665306390,133
20230331,052690,,36275340700,134
20230331,015750,,36187557740,135
20230331,399720,,35985803400,136
20230331,090360,,35629307950,137
20230331,058430,,35525297550,138
20230331,394280,,35486920770,139
20230331,010060,,35258618600,140
20230331,036570,,34733244000,141
20230331,348340,,34540587050,142
20230331,006220,,34528797600,143
20230331,011200,,34198091560,144
20230331,222800,,33723504650,145
20230331,259630,,33608292310,146
20230331,037950,,33544140735,147
20230331,005290,,32769245400,148
20230331,036810,,32620677200,149
20230331,017670,,32614030250,150
20230331,272210,,32476238500,151
20230331,047050,,32019871050,152
20230331,304100,,31869177700,153
20230331,112040,,31640797150,154
20230331,228670,,31503116050,155
20230331,090430,,31237455600,156
20230331,320000,,31008385440,157
20230331,402340,,30966924450,158
20230331,091990,,30686184000,159
20230331,033780,,30512885800,160
20230331,389500,,30304981700,161
20230331,068760,,29574987900,162
20230331,003380,,29524175100,163
20230331,220260,,29418149220,164
20230331,218410,,29078533400,165
20230331,272290,,28478829250,166
20230331,418420,,28006346900,167
20230331,093230,,27988639939,168
20230331,064350,,27904416550,169
20230331,090460,,27765637900,170
20230331,316140,,27235081620,171
20230331,028260,,26595339400,172
20230331,126600,,26446407890,173
20230331,309960,,26325002080,174
20230331,001390,,26156202650,175
20230331,010140,,26089652850,176
20230331,403870,,25887372750,177
20230331,352820,,25856213500,178
20230331,051900,,25767115000,179
20230331,003550,,25764583300,180
20230331,200710,,25613621700,181
20230331,083650,,25553270150,182
20230331,293490,,25347182200,183
20230331,049950,,25257822300,184
20230331,281740,,25037482600,185
20230331,214370,,24990907100,186
20230331,290670,,24956339400,187
20230331,323410,,24873263400,188
20230331,086040,,24666690480,189
20230331,003490,,24357328650,190
20230331,092220,,24262545415,191
20230331,006910,,24205158135,192
20230331,034730,,24078371300,193
20230331,037370,,23916412610,194
20230331,004020,,23501940600,195
20230331,014680,,23223181000,196
20230331,004980,,23204353090,197
20230331,058970,,23069070100,198
20230331,032640,,23004555055,199
20230331,118990,,22956473620,200
20230430,060310,,0,1
20230430,095570,,0,2
20230430,006840,,0,3
20230430,054620,,0,4
20230430,265520,,0,5
20230430,211270,,0,6
20230430,027410,,0,7
20230430,282330,,0,8
20230430,126600,,0,9
20230430,138930,,0,10
20230430,001460,,0,11
20230430,001465,,0,12
20230430,013720,,0,13
20230430,001040,,0,14
20230430,079160,,0,15
20230430,035760,,0,16
20230430,311690,,0,17
20230430,00104K,,0,18
20230430,000120,,0,19
20230430,011150,,0,20
20230430,011155,,0,21
20230430,001045,,0,22
20230430,097950,,0,23
20230430,097955,,0,24
20230430,051500,,0,25
20230430,058820,,0,26
20230430,023460,,0,27
20230430,056730,,0,28
20230430,065770,,0,29
20230430,083660,,0,30
20230430,000590,,0,31
20230430,012030,,0,32
20230430,404950,,0,33
20230430,367340,,0,34
20230430,367360,,0,35
20230430,016610,,0,36
20230430,005830,,0,37
20230430,000990,,0,38
20230430,000995,,0,39
20230430,139130,,0,40
20230430,060900,,0,41
20230430,025440,,0,42
20230430,001530,,0,43
20230430,000210,,0,44
20230430,001880,,0,45
20230430,000215,,0,46
20230430,375500,,0,47
20230430,37550L,,0,48
20230430,37550K,,0,49
20230430,068790,,0,50
20230430,007340,,0,51
20230430,004840,,0,52
20230430,241520,,0,53
20230430,065150,,0,54
20230430,155660,,0,55
20230430,069730,,0,56
20230430,180400,,0,57
20230430,017940,,0,58
20230430,245620,,0,59
20230430,037370,,0,60
20230430,278990,,0,61
20230430,365550,,0,62
20230430,050120,,0,63
20230430,383220,,0,64
20230430,007700,,0,65
20230430,214270,,0,66
20230430,130500,,0,67
20230430,114090,,0,68
20230430,900290,,0,69
20230430,078930,,0,70
20230430,083450,,0,71
20230430,006360,,0,72
20230430,001250,,0,73
20230430,007070,,0,74
20230430,078935,,0,75
20230430,297890,,0,76
20230430,078150,,0,77
20230430,012630,,0,78
20230430,039570,,0,79
20230430,089470,,0,80
20230430,294870,,0,81
20230430,009540,,0,82
20230430,267250,,0,83
20230430,267270,,0,84
20230430,322000,,0,85
20230430,042670,,0,86
20230430,267260,,0,87
20230430,329180,,0,88
20230430,097230,,0,89
20230430,195940,,0,90
20230430,014790,,0,91
20230430,028300,,0,92
20230430,003580,,0,93
20230430,278650,,0,94
20230430,343090,,0,95
20230430,067630,,0,96
20230430,024850,,0,97
20230430,047920,,0,98
20230430,115450,,0,99
20230430,204320,,0,100
20230430,060980,,0,101
20230430,011200,,0,102
20230430,403870,,0,103
20230430,036640,,0,104
20230430,082740,,0,105
20230430,405350,,0,106
20230430,426550,,0,107
20230430,439730,,0,108
20230430,442770,,0,109
20230430,448760,,0,110
20230430,003560,,0,111
20230430,095340,,0,112
20230430,099520,,0,113
20230430,175330,,0,114
20230430,950170,,0,115
20230430,234080,,0,116
20230430,067290,,0,117
20230430,001060,,0,118
20230430,001067,,0,119
20230430,001065,,0,120
20230430,096760,,0,121
20230430,035900,,0,122
20230430,318000,,0,123
20230430,024840,,0,124
20230430,105560,,0,125
20230430,432320,,0,126
20230430,024120,,0,127
20230430,002380,,0,128
20230430,021320,,0,129
20230430,344820,,0,130
20230430,036670,,0,131
20230430,009070,,0,132
20230430,009440,,0,133
20230430,112190,,0,134
20230430,119650,,0,135
20230430,044180,,0,136
20230430,092220,,0,137
20230430,151860,,0,138
20230430,046440,,0,139
20230430,003620,,0,140
20230430,016380,,0,141
20230430,035600,,0,142
20230430,001390,,0,143
20230430,226360,,0,144
20230430,111870,,0,145
20230430,033180,,0,146
20230430,060720,,0,147
20230430,001940,,0,148
20230430,058400,,0,149
20230430,114450,,0,150
20230430,025000,,0,151
20230430,092230,,0,152
20230430,000040,,0,153
20230430,044450,,0,154
20230430,030200,,0,155
20230430,033780,,0,156
20230430,058850,,0,157
20230430,058860,,0,158
20230430,060370,,0,159
20230430,122450,,0,160
20230430,052900,,0,161
20230430,376190,,0,162
20230430,061970,,0,163
20230430,309960,,0,164
20230430,093050,,0,165
20230430,003550,,0,166
20230430,034220,,0,167
20230430,051900,,0,168
20230430,051905,,0,169
20230430,373220,,0,170
20230430,003555,,0,171
20230430,032640,,0,172
20230430,011070,,0,173
20230430,066570,,0,174
20230430,066575,,0,175
20230430,037560,,0,176
20230430,051910,,0,177
20230430,051915,,0,178
20230430,079550,,0,179
20230430,006260,,0,180
20230430,010120,,0,181
20230430,000680,,0,182
20230430,229640,,0,183
20230430,108320,,0,184
20230430,001120,,0,185
20230430,108670,,0,186
20230430,108675,,0,187
20230430,383800,,0,188
20230430,38380K,,0,189
20230430,086960,,0,190
20230430,023150,,0,191
20230430,038340,,0,192
20230430,035420,,0,193
20230430,160550,,0,194
20230430,053290,,0,195
20230430,181710,,0,196
20230430,060250,,0,197
20230430,104200,,0,198
20230430,400760,,0,199
20230430,005940,,0,200
20230531,005930,,1840726217336,1
20230531,000660,,891972441357,2
20230531,003670,,466186355500,3
20230531,007660,,430389249320,4
20230531,005070,,424943749800,5
20230531,012450,,402427999800,6
20230531,373220,,363888359000,7
20230531,086520,,362388319000,8
20230531,051910,,341093639839,9
20230531,005490,,284508302500,10
20230531,247540,,267759684000,11
20230531,005950,,246843137700,12
20230531,066570,,244457637700,13
20230531,066970,,243011479000,14
20230531,005935,,225839634800,15
20230531,036570,,207452345000,16
20230531,030200,,206670999300,17
20230531,006400,,201749258178,18
20230531,055550,,200347400850,19
20230531,035420,,198857047700,20
20230531,047050,,195014352800,21
20230531,011500,,192940169440,22
20230531,033170,,183175506165,23
20230531,005380,,176352155900,24
20230531,456040,,175879980100,25
20230531,030000,,156526682710,26
20230531,001470,,155389876142,27
20230531,010060,,154766164400,28
20230531,064550,,153091117300,29
20230531,091990,,152912494200,30
20230531,068270,,152399734000,31
20230531,042700,,144210696550,32
20230531,033320,,136220536070,33
20230531,900250,,132707307360,34
20230531,052460,,132195011630,35
20230531,012750,,131467122600,36
20230531,096770,,129360107500,37
20230531,060310,,128834191830,38
20230531,000270,,128607789900,39
20230531,208370,,120569651000,40
20230531,051900,,116669650000,41
20230531,090430,,115237638800,42
20230531,035720,,112140794300,43
20230531,105560,,109882769414,44
20230531,035900,,106175207400,45
20230531,023530,,99133352400,46
20230531,403870,,98376349350,47
20230531,018260,,96530405500,48
20230531,033780,,96513851300,49
20230531,238490,,91760531550,50
20230531,420770,,91207007600,51
20230531,257720,,90678022970,52
20230531,090080,,90375519946,53
20230531,323410,,90014667700,54
20230531,009830,,89905509800,55
20230531,333430,,88810638260,56
20230531,281740,,88780661580,57
20230531,009150,,86490173000,58
20230531,196170,,86287427450,59
20230531,137310,,80267553860,60
20230531,010130,,79777103000,61
20230531,011070,,79179570500,62
20230531,353200,,78821690400,63
20230531,011200,,77449836840,64
20230531,034020,,76429589030,65
20230531,024900,,72934466410,66
20230531,012330,,71358776000,67
20230531,352820,,69016609500,68
20230531,034730,,68346424700,69
20230531,069410,,67306947280,70
20230531,086790,,65829808550,71
20230531,041510,,64254992600,72
20230531,032580,,63770707677,73
20230531,117730,,62095964940,74
20230531,161580,,61973427720,75
20230531,263750,,60885245950,76
20230531,329180,,60551817100,77
20230531,298830,,60524328810,78
20230531,015760,,59408583430,79
20230531,086960,,58460456770,80
20230531,008770,,58105558500,81
20230531,376300,,58024184200,82
20230531,207940,,57834186183,83
20230531,418420,,57035625600,84
20230531,294090,,55853921100,85
20230531,074610,,54782039080,86
20230531,122870,,54501597400,87
20230531,302440,,54340362900,88
20230531,011230,,54227992480,89
20230531,402340,,53998608740,90
20230531,180640,,53793043500,91
20230531,005830,,53531065600,92
20230531,032830,,53261288400,93
20230531,001570,,52983687950,94
20230531,016790,,50804368250,95
20230531,332290,,50750120025,96
20230531,394280,,49751439850,97
20230531,138080,,49464390270,98
20230531,316140,,48499696110,99
20230531,004170,,47972110200,100
20230531,003550,,47082575900,101
20230531,000990,,46894745500,102
20230531,028260,,46282382900,103
20230531,058610,,45925604500,104
20230531,009470,,45924971750,105
20230531,007810,,45707544860,106
20230531,028050,,45345255574,107
20230531,424980,,43858147250,108
20230531,005290,,42885006750,109
20230531,078150,,42499664425,110
20230531,138040,,42233021050,111
20230531,267250,,41947251700,112
20230531,015750,,41309486380,113
20230531,332570,,40678026710,114
20230531,108860,,40482136400,115
20230531,254490,,40214573850,116
20230531,101490,,40029361600,117
20230531,011300,,39193377785,118
20230531,034220,,39099881860,119
20230531,009520,,38566791550,120
20230531,418550,,38307629200,121
20230531,328130,,37471539300,122
20230531,000810,,37367951000,123
20230531,010620,,36992570900,124
20230531,171090,,36760545950,125
20230531,063570,,36717402940,126
20230531,095500,,36166095450,127
20230531,016360,,35971968900,128
20230531,045300,,35898057880,129
20230531,096610,,35850019400,130
20230531,361610,,35377686100,131
20230531,377300,,35055344500,132
20230531,059270,,34365943590,133
20230531,036010,,34350740250,134
20230531,011790,,34086776200,135
20230531,010950,,33091647800,136
20230531,161000,,32932627000,137
20230531,094360,,32271770850,138
20230531,383220,,32207917500,139
20230531,028300,,31965139950,140
20230531,263810,,31489264230,141
20230531,048430,,30778776410,142
20230531,020760,,30583391780,143
20230531,002680,,30335927414,144
20230531,001790,,29673610015,145
20230531,005420,,29631697200,146
20230531,290690,,29397976850,147
20230531,047810,,28574022400,148
20230531,017670,,28344348150,149
20230531,017900,,28343240120,150
20230531,004020,,28122689100,151
20230531,086900,,28098958500,152
20230531,222800,,27671633250,153
20230531,101670,,27636037400,154
20230531,271560,,27544509500,155
20230531,010140,,27180516260,156
20230531,032640,,27171771130,157
20230531,372800,,26759753870,158
20230531,005940,,26492129360,159
20230531,017800,,26447186300,160
20230531,348370,,26424544500,161
20230531,108320,,26144106300,162
20230531,220180,,26091233735,163
20230531,000720,,26004511800,164
20230531,148780,,25595220185,165
20230531,348340,,25414116700,166
20230531,001340,,25370161850,167
20230531,357550,,25262036350,168
20230531,115500,,25031136930,169
20230531,219550,,24993393740,170
20230531,095340,,24709372850,171
20230531,131400,,24585643260,172
20230531,009540,,24524018700,173
20230531,277810,,23996114100,174
20230531,201490,,23887479000,175
20230531,005387,,23862309400,176
20230531,003720,,23740491410,177
20230531,112610,,23543319800,178
20230531,097950,,23350655500,179
20230531,006110,,23241794300,180
20230531,064350,,23168459450,181
20230531,183300,,22718389800,182
20230531,18064K,,22703312600,183
20230531,376190,,22603563470,184
20230531,086280,,22583516700,185
20230531,001360,,22467529395,186
20230531,290670,,22252562800,187
20230531,021240,,22206072850,188
20230531,036170,,22203837882,189
20230531,003490,,21905792800,190
20230531,259960,,21796057300,191
20230531,396270,,21649601340,192
20230531,093370,,21546530470,193
20230531,015860,,21544765635,194
20230531,204320,,21473834200,195
20230531,051915,,21307313000,196
20230531,000100,,21278423100,197
20230531,078600,,21261864300,198
20230531,011780,,21146376300,199
20230531,189300,,20869690500,200
20230630,440320,,929451585910,1
20230630,005930,,844353820176,2
20230630,354320,,761329269200,3
20230630,086520,,493817638000,4
20230630,000660,,307081354902,5
20230630,457190,,279376537500,6
20230630,328130,,276984897300,7
20230630,064350,,274326241900,8
20230630,232830,,261872493550,9
20230630,007660,,261672145400,10
20230630,053700,,207395015490,11
20230630,005490,,201663329000,12
20230630,005290,,192593391000,13
20230630,001790,,190536816740,14
20230630,006400,,168385799727,15
20230630,000270,,167364079900,16
20230630,003670,,158689773500,17
20230630,247540,,157269670500,18
20230630,001780,,128576486090,19
20230630,013310,,127566520360,20
20230630,035420,,124514883500,21
20230630,168360,,123956229250,22
20230630,051910,,117588344000,23
20230630,005380,,116632794500,24
20230630,022100,,100113080320,25
20230630,373220,,95782869000,26
20230630,066570,,94132774400,27
20230630,281740,,92086552760,28
20230630,005935,,90428632500,29
20230630,035900,,81925618100,30
20230630,361610,,81373817400,31
20230630,009780,,80210133810,32
20230630,012450,,78553414300,33
20230630,001230,,78239547350,34
20230630,066970,,72468172000,35
20230630,042670,,71310950270,36
20230630,199820,,71156244600,37
20230630,096770,,70903423900,38
20230630,047050,,70603972150,39
20230630,234300,,69430627810,40
20230630,162300,,66921473570,41
20230630,042700,,66780729600,42
20230630,067080,,66673846800,43
20230630,237750,,65975074410,44
20230630,407400,,65764805620,45
20230630,005070,,64332958100,46
20230630,001470,,62671980595,47
20230630,368770,,62310754860,48
20230630,035720,,62262964050,49
20230630,034020,,61883414430,50
20230630,299030,,60881967400,51
20230630,012330,,59525842500,52
20230630,090410,,59383604055,53
20230630,311390,,58692598240,54
20230630,352820,,57757902000,55
20230630,178920,,57387758300,56
20230630,006220,,54888278650,57
20230630,015750,,54515597210,58
20230630,101490,,54283739500,59
20230630,420770,,52963490400,60
20230630,049180,,52245069470,61
20230630,208710,,50543049725,62
20230630,267260,,50232741500,63
20230630,068270,,49492234600,64
20230630,105560,,48732130800,65
20230630,036540,,48160476870,66
20230630,253590,,47674116825,67
20230630,012610,,47418778580,68
20230630,270520,,47268825640,69
20230630,348340,,45626817850,70
20230630,001390,,44949261900,71
20230630,152550,,44544399757,72
20230630,338220,,44452048750,73
20230630,036930,,44366212550,74
20230630,205470,,44260100085,75
20230630,001570,,44161719600,76
20230630,015760,,44144913440,77
20230630,065530,,43518853265,78
20230630,086790,,43488135700,79
20230630,131400,,42952454800,80
20230630,241560,,41809915000,81
20230630,028300,,41749911700,82
20230630,011210,,40495890400,83
20230630,087010,,39831057180,84
20230630,053610,,39180892450,85
20230630,011070,,38964543000,86
20230630,307950,,38649558000,87
20230630,000990,,37843511500,88
20230630,073640,,37510822600,89
20230630,098460,,37080472450,90
20230630,302440,,36748039900,91
20230630,009540,,36623569800,92
20230630,222080,,36574576570,93
20230630,277410,,36054705180,94
20230630,900250,,35477117130,95
20230630,001795,,34908583620,96
20230630,161580,,34674752410,97
20230630,207940,,33625021000,98
20230630,067310,,33545496800,99
20230630,046440,,33484412990,100
20230630,244460,,33391301869,101
20230630,108320,,32317072600,102
20230630,267270,,32203064600,103
20230630,298040,,31836928800,104
20230630,091990,,31567276800,105
20230630,000250,,31259489000,106
20230630,006740,,30925889400,107
20230630,036570,,30801454500,108
20230630,161000,,30695504750,109
20230630,000720,,30554253100,110
20230630,353200,,30235559250,111
20230630,051900,,30189917500,112
20230630,064290,,30072992150,113
20230630,003490,,29871414550,114
20230630,078940,,29768165880,115
20230630,017670,,29447149900,116
20230630,112610,,29213670900,117
20230630,027580,,29198968340,118
20230630,005420,,29130827650,119
20230630,403870,,28826281700,120
20230630,112040,,28689617200,121
20230630,117730,,28567145550,122
20230630,009830,,28414589250,123
20230630,001120,,28266112100,124
20230630,042660,,28137850350,125
20230630,009900,,27821312950,126
20230630,042000,,27669987290,127
20230630,074610,,27569819370,128
20230630,293490,,27241455250,129
20230630,010140,,27111688260,130
20230630,094170,,26961763500,131
20230630,047810,,26675319200,132
20230630,086280,,26309508400,133
20230630,005950,,25733840450,134
20230630,297890,,25627847920,135
20230630,055550,,25447138600,136
20230630,009150,,25411399500,137
20230630,010690,,24872156350,138
20230630,000100,,24529914100,139
20230630,138930,,24386504535,140
20230630,140410,,24369851950,141
20230630,120110,,24215743600,142
20230630,039440,,23725725990,143
20230630,006360,,23635790110,144
20230630,122870,,23512951600,145
20230630,056190,,23492581800,146
20230630,012030,,23419071675,147
20230630,034730,,23275927700,148
20230630,010620,,23226213600,149
20230630,086900,,23007634000,150
20230630,083930,,22679646050,151
20230630,228760,,22247628190,152
20230630,322510,,22149066070,153
20230630,316140,,21945554120,154
20230630,419540,,21806536355,155
20230630,198940,,21694356970,156
20230630,014680,,21636761000,157
20230630,041510,,21600042000,158
20230630,009520,,21409811400,159
20230630,010120,,21388595800,160
20230630,020150,,21380903100,161
20230630,373200,,21326433210,162
20230630,090430,,21158996496,163
20230630,033100,,21016937010,164
20230630,081660,,20914943200,165
20230630,222800,,20701629400,166
20230630,204320,,20646049700,167
20230630,393890,,20496167400,168
20230630,335890,,19993982910,169
20230630,049080,,19795680160,170
20230630,016790,,19762405650,171
20230630,006260,,19673682200,172
20230630,006280,,19575893700,173
20230630,033530,,19055967480,174
20230630,000810,,19002064000,175
20230630,058470,,18745737300,176
20230630,225570,,18729300600,177
20230630,031980,,18657116890,178
20230630,060280,,18581507790,179
20230630,011930,,18533940540,180
20230630,018290,,18464273160,181
20230630,095340,,18070563200,182
20230630,214680,,17839330440,183
20230630,034220,,17751823550,184
20230630,003550,,17523561100,185
20230630,033780,,17491930800,186
20230630,010950,,17371743700,187
20230630,418550,,17183777900,188
20230630,109610,,17066182560,189
20230630,383220,,16979781800,190
20230630,439090,,16598701200,191
20230630,049950,,16534838700,192
20230630,011170,,16470286100,193
20230630,248070,,16334032900,194
20230630,028260,,16220416900,195
20230630,089890,,16213515290,196
20230630,004170,,16093165000,197
20230630,214370,,15981248000,198
20230630,039030,,15949248300,199
20230630,402340,,15927093500,200
20230731,005490,,2109363506000,1
20230731,086520,,1572819675000,2
20230731,047050,,1402020780500,3
20230731,247540,,948048077000,4
20230731,005930,,914993886320,5
20230731,001570,,693842156800,6
20230731,035420,,608126994000,7
20230731,003670,,587957182000,8
20230731,000660,,577960118323,9
20230731,096770,,523573368200,10
20230731,277810,,407430100900,11
20230731,066970,,341231842500,12
20230731,051910,,323513689000,13
20230731,022100,,321943841700,14
20230731,304100,,267972783950,15
20230731,006400,,264036229000,16
20230731,108860,,259922105870,17
20230731,007660,,235360681000,18
20230731,403870,,226529961200,19
20230731,000150,,220587721500,20
20230731,373220,,210744455000,21
20230731,009520,,206074110300,22
20230731,006260,,185699555200,23
20230731,042700,,180512961800,24
20230731,005290,,169629261850,25
20230731,066570,,167564066100,26
20230731,012450,,150851546000,27
20230731,361610,,135578574000,28
20230731,005380,,133307872523,29
20230731,010140,,126440500410,30
20230731,036930,,114579841700,31
20230731,035720,,112729562600,32
20230731,041020,,109686370885,33
20230731,065350,,108332980820,34
20230731,298040,,107082078700,35
20230731,383310,,102710042500,36
20230731,034020,,101471755810,37
20230731,460860,,99815491570,38
20230731,011930,,99075784830,39
20230731,389030,,97606568450,40
20230731,006740,,96147084800,41
20230731,000270,,95132079100,42
20230731,294630,,95076685050,43
20230731,393890,,90528737300,44
20230731,000480,,88677285620,45
20230731,073640,,87411555045,46
20230731,000100,,86491681500,47
20230731,039030,,86484228500,48
20230731,117730,,85905294800,49
20230731,010120,,80638925600,50
20230731,005070,,80448723000,51
20230731,005935,,80365434000,52
20230731,078140,,77361376130,53
20230731,001470,,74858656605,54
20230731,207940,,73201002000,55
20230731,028050,,72640366900,56
20230731,347860,,72229330340,57
20230731,121600,,72047772800,58
20230731,010600,,71886003190,59
20230731,009830,,71431259400,60
20230731,094170,,70495052850,61
20230731,008770,,69740334300,62
20230731,298050,,66059847500,63
20230731,432430,,65891351890,64
20230731,068270,,65431250800,65
20230731,011070,,63337081000,66
20230731,002710,,61733475200,67
20230731,382840,,61030819950,68
20230731,328130,,60341708900,69
20230731,096530,,60015847000,70
20230731,095340,,59937343200,71
20230731,035900,,59789523200,72
20230731,086790,,59598628350,73
20230731,064350,,59443176000,74
20230731,440320,,58916677940,75
20230731,091990,,58660290900,76
20230731,137310,,58107071750,77
20230731,001230,,55323271170,78
20230731,105560,,54257503200,79
20230731,042670,,52913416210,80
20230731,019170,,52719816310,81
20230731,005420,,52221792300,82
20230731,457190,,51972324500,83
20230731,068760,,50810988200,84
20230731,307950,,50246612400,85
20230731,058430,,49642251100,86
20230731,101670,,48071095400,87
20230731,352820,,47934969000,88
20230731,009150,,47144213600,89
20230731,009540,,46818935300,90
20230731,042660,,46609868500,91
20230731,281740,,45941774010,92
20230731,039200,,45851587700,93
20230731,060370,,44962664560,94
20230731,205470,,44368590675,95
20230731,049950,,44324478400,96
20230731,036540,,43388667340,97
20230731,051915,,42564298500,98
20230731,137400,,42210234900,99
20230731,010950,,42179565500,100
20230731,234920,,42061227400,101
20230731,036570,,41914754500,102
20230731,012330,,41763556500,103
20230731,064550,,41525282750,104
20230731,001060,,41160575400,105
20230731,010620,,40892473700,106
20230731,315640,,40643439190,107
20230731,011790,,40507686100,108
20230731,055550,,40035498200,109
20230731,086280,,40012981500,110
20230731,067310,,39962494100,111
20230731,051900,,39754657000,112
20230731,034730,,39023471500,113
20230731,010100,,38417783875,114
20230731,000680,,37876330660,115
20230731,226330,,37613070520,116
20230731,112610,,37602091700,117
20230731,041510,,37295029400,118
20230731,067160,,36977868200,119
20230731,001120,,35621385800,120
20230731,462520,,35586051150,121
20230731,033780,,34042424800,122
20230731,017370,,34041574030,123
20230731,090430,,33861810000,124
20230731,389470,,33473532300,125
20230731,018470,,33138338820,126
20230731,073570,,33090485430,127
20230731,394280,,32533081050,128
20230731,058610,,32523812050,129
20230731,354320,,32425871400,130
20230731,093370,,32361849070,131
20230731,000430,,32332703420,132
20230731,122870,,32002777500,133
20230731,004830,,31975194500,134
20230731,046940,,31774539260,135
20230731,399720,,31736042450,136
20230731,195870,,31621865500,137
20230731,058470,,30987376100,138
20230731,267260,,30943194800,139
20230731,241560,,30885609500,140
20230731,010130,,30297814500,141
20230731,028260,,29917735700,142
20230731,192650,,29843425950,143
20230731,000720,,29614202800,144
20230731,015750,,29549491360,145
20230731,204320,,29266453850,146
20230731,272210,,29180439870,147
20230731,047810,,29077281154,148
20230731,077500,,28859876960,149
20230731,229640,,28727781300,150
20230731,003490,,28619057050,151
20230731,348370,,28550032500,152
20230731,316140,,28547426740,153
20230731,006360,,28256589260,154
20230731,028300,,28095535350,155
20230731,017670,,28092266350,156
20230731,372170,,28057685000,157
20230731,353200,,27906925100,158
20230731,417860,,27498307650,159
20230731,011200,,27471154860,160
20230731,383220,,27467324500,161
20230731,128940,,27369276000,162
20230731,095500,,27181217550,163
20230731,348340,,27143075700,164
20230731,240810,,26434113200,165
20230731,018260,,26188091000,166
20230731,323410,,25899654250,167
20230731,299030,,25875016800,168
20230731,004020,,25872486450,169
20230731,388870,,25620900870,170
20230731,232830,,25544856210,171
20230731,099190,,25459986250,172
20230731,082660,,25370066595,173
20230731,208370,,25149749060,174
20230731,101490,,24977669900,175
20230731,377480,,24971314600,176
20230731,357550,,24938440300,177
20230731,365340,,24770160900,178
20230731,081580,,24693363870,179
20230731,053610,,24405911300,180
20230731,087010,,24074108550,181
20230731,456040,,23981888000,182
20230731,058970,,23966053000,183
20230731,196170,,23863147700,184
20230731,214450,,23861324700,185
20230731,222800,,23847736800,186
20230731,293490,,23693284950,187
20230731,079810,,23540939150,188
20230731,047040,,23235832480,189
20230731,425420,,23054362250,190
20230731,039440,,22874733350,191
20230731,000990,,22802502400,192
20230731,084440,,22713535099,193
20230731,321370,,22512485830,194
20230731,382480,,22485935225,195
20230731,078600,,22477509600,196
20230731,000250,,22353476100,197
20230731,120110,,22330083700,198
20230731,161390,,22125456300,199
20230731,060280,,22033024130,200
20230831,086520,,3385813164000,1
20230831,022100,,1409301217200,2
20230831,005930,,1066351061800,3
20230831,277810,,838003403500,4
20230831,373220,,660053689000,5
20230831,000660,,536628688400,6
20230831,005490,,514406656000,7
20230831,041020,,435947981210,8
20230831,042700,,418019506000,9
20230831,035900,,396628171700,10
20230831,389470,,325889932200,11
20230831,034020,,321071052770,12
20230831,424960,,320697343950,13
20230831,065350,,297037976800,14
20230831,323990,,296080117850,15
20230831,047050,,285989516200,16
20230831,348340,,274341340550,17
20230831,247540,,257325818500,18
20230831,388870,,244083966740,19
20230831,003670,,223119970000,20
20230831,457190,,204975071500,21
20230831,006740,,200888889100,22
20230831,338220,,199632635300,23
20230831,056080,,197891177850,24
20230831,007660,,188150497750,25
20230831,117730,,183557445650,26
20230831,084650,,176453766120,27
20230831,087010,,176247111800,28
20230831,035420,,173582387500,29
20230831,042660,,169601044750,30
20230831,051910,,166901359000,31
20230831,066970,,142584262000,32
20230831,048770,,140190054865,33
20230831,139480,,137359199500,34
20230831,006400,,134768024000,35
20230831,005935,,132072998820,36
20230831,140670,,129128782390,37
20230831,001040,,129081092500,38
20230831,027580,,127830654649,39
20230831,377480,,123109988950,40
20230831,010130,,122163796000,41
20230831,099190,,121077104150,42
20230831,226330,,119972459160,43
20230831,001570,,114214874400,44
20230831,005380,,111016634400,45
20230831,140410,,108256711400,46
20230831,096610,,107167050420,47
20230831,013570,,106986766600,48
20230831,105560,,106665558500,49
20230831,328130,,103521829200,50
20230831,060280,,102001307650,51
20230831,445680,,101768766100,52
20230831,000270,,97781554500,53
20230831,052420,,97299967023,54
20230831,112610,,96881668300,55
20230831,229640,,91296305950,56
20230831,094170,,90247492700,57
20230831,005950,,89952495500,58
20230831,096770,,88652606200,59
20230831,028050,,84921250850,60
20230831,066570,,82403815200,61
20230831,035720,,82033164300,62
20230831,355390,,80803232000,63
20230831,418250,,78524946650,64
20230831,078600,,75905768600,65
20230831,068270,,73416548100,66
20230831,000100,,67834280300,67
20230831,009150,,66551204400,68
20230831,009520,,65864193100,69
20230831,000250,,65255643500,70
20230831,055550,,65166963800,71
20230831,407400,,65008159070,72
20230831,010140,,64119090020,73
20230831,052690,,62721008900,74
20230831,207940,,61665534000,75
20230831,298830,,61560002580,76
20230831,900250,,60833897380,77
20230831,352820,,60563369500,78
20230831,322510,,60365862400,79
20230831,032680,,58524563748,80
20230831,058610,,57610951150,81
20230831,058970,,57516064600,82
20230831,304100,,56755429400,83
20230831,161000,,56587797590,84
20230831,008770,,56527795600,85
20230831,069540,,56467537350,86
20230831,318000,,55357281690,87
20230831,315640,,53195043000,88
20230831,012450,,52449419300,89
20230831,086790,,51495194500,90
20230831,091990,,50687626500,91
20230831,001470,,50151685155,92
20230831,082850,,49060775125,93
20230831,336570,,48857589600,94
20230831,033780,,47870207068,95
20230831,073640,,47783840880,96
20230831,018260,,47582757700,97
20230831,316140,,46939182650,98
20230831,053290,,46428218880,99
20230831,047310,,46308382060,100
20230831,009830,,46195397800,101
20230831,087260,,46176613445,102
20230831,282720,,46170135670,103
20230831,121600,,44926977600,104
20230831,012330,,42544825000,105
20230831,299030,,42303981400,106
20230831,011070,,42266921025,107
20230831,006260,,41723031900,108
20230831,383310,,41683369800,109
20230831,005070,,40888015900,110
20230831,108860,,40650976100,111
20230831,138040,,40474423300,112
20230831,011930,,40374003795,113
20230831,028260,,39909403700,114
20230831,310210,,39620841000,115
20230831,025320,,39324747230,116
20230831,061250,,39258505635,117
20230831,010120,,39244143000,118
20230831,011170,,38831752400,119
20230831,014580,,38631156830,120
20230831,074610,,38516012360,121
20230831,004430,,38202965700,122
20230831,034730,,37962022100,123
20230831,214370,,37617067950,124
20230831,091120,,36945121200,125
20230831,000150,,36716125000,126
20230831,011200,,36512095810,127
20230831,335890,,36478722840,128
20230831,073110,,35909045170,129
20230831,204620,,35157586290,130
20230831,440110,,33885398950,131
20230831,900290,,33845551280,132
20230831,032350,,33648763370,133
20230831,048530,,33269550100,134
20230831,038870,,33250827085,135
20230831,361610,,33229970100,136
20230831,122870,,33182512900,137
20230831,051900,,32513192500,138
20230831,025560,,31813707345,139
20230831,307950,,31639711700,140
20230831,151860,,31488420160,141
20230831,241560,,31482111800,142
20230831,003550,,31235357300,143
20230831,214680,,31119040070,144
20230831,041510,,31097241000,145
20230831,323410,,31033511200,146
20230831,009540,,31025856020,147
20230831,011790,,30979156700,148
20230831,095340,,30359302200,149
20230831,001060,,30250004100,150
20230831,358570,,29914486350,151
20230831,010600,,29846434210,152
20230831,131970,,29588180200,153
20230831,259960,,29302114500,154
20230831,118990,,29174785090,155
20230831,389500,,29120616650,156
20230831,228760,,29066042300,157
20230831,067310,,28911042100,158
20230831,078140,,28868658430,159
20230831,036930,,28404760500,160
20230831,039200,,28287181400,161
20230831,008930,,28266721900,162
20230831,317120,,27962173190,163
20230831,248070,,27911590000,164
20230831,214260,,27865093450,165
20230831,015760,,27735167180,166
20230831,039030,,27646234300,167
20230831,028300,,27500819150,168
20230831,016790,,27267764810,169
20230831,079810,,26853785750,170
20230831,297090,,26595648330,171
20230831,321370,,26406949545,172
20230831,079980,,26358165380,173
20230831,047810,,26247309750,174
20230831,002710,,26193119800,175
20230831,003490,,26035449750,176
20230831,036570,,25866438500,177
20230831,030200,,25689447200,178
20230831,090430,,25393533500,179
20230831,064290,,25371516800,180
20230831,014680,,25184289700,181
20230831,108490,,24694422700,182
20230831,281740,,24554295610,183
20230831,064350,,24504032900,184
20230831,000810,,24420300500,185
20230831,004020,,24394438400,186
20230831,214450,,24248549800,187
20230831,103590,,23877012140,188
20230831,214150,,23556489100,189
20230831,137400,,23512005200,190
20230831,403870,,23043090800,191
20230831,388050,,22927096520,192
20230831,021240,,22558827150,193
20230831,010950,,21996472600,194
20230831,256840,,21987975595,195
20230831,034220,,21951382160,196
20230831,086900,,21796007500,197
20230831,017670,,21642071350,198
20230831,119830,,21478281160,199
20230831,100090,,21381702500,200
20230930,060310,,0,1
20230930,095570,,0,2
20230930,006840,,0,3
20230930,054620,,0,4
20230930,265520,,0,5
20230930,211270,,0,6
20230930,027410,,0,7
20230930,282330,,0,8
20230930,126600,,0,9
20230930,138930,,0,10
20230930,001460,,0,11
20230930,001465,,0,12
20230930,013720,,0,13
20230930,083790,,0,14
20230930,001040,,0,15
20230930,079160,,0,16
20230930,035760,,0,17
20230930,311690,,0,18
20230930,00104K,,0,19
20230930,000120,,0,20
20230930,011150,,0,21
20230930,011155,,0,22
20230930,001045,,0,23
20230930,097950,,0,24
20230930,097955,,0,25
20230930,051500,,0,26
20230930,058820,,0,27
20230930,023460,,0,28
20230930,056730,,0,29
20230930,000480,,0,30
20230930,065770,,0,31
20230930,083660,,0,32
20230930,000590,,0,33
20230930,012030,,0,34
20230930,404950,,0,35
20230930,456440,,0,36
20230930,367360,,0,37
20230930,016610,,0,38
20230930,005830,,0,39
20230930,000990,,0,40
20230930,139130,,0,41
20230930,060900,,0,42
20230930,025440,,0,43
20230930,001530,,0,44
20230930,000210,,0,45
20230930,001880,,0,46
20230930,000215,,0,47
20230930,375500,,0,48
20230930,37550L,,0,49
20230930,37550K,,0,50
20230930,068790,,0,51
20230930,007340,,0,52
20230930,004840,,0,53
20230930,241520,,0,54
20230930,065150,,0,55
20230930,155660,,0,56
20230930,069730,,0,57
20230930,180400,,0,58
20230930,017940,,0,59
20230930,245620,,0,60
20230930,037370,,0,61
20230930,278990,,0,62
20230930,365550,,0,63
20230930,050120,,0,64
20230930,383220,,0,65
20230930,007700,,0,66
20230930,214270,,0,67
20230930,130500,,0,68
20230930,114090,,0,69
20230930,900290,,0,70
20230930,078930,,0,71
20230930,083450,,0,72
20230930,006360,,0,73
20230930,001250,,0,74
20230930,007070,,0,75
20230930,078935,,0,76
20230930,297890,,0,77
20230930,078150,,0,78
20230930,012630,,0,79
20230930,039570,,0,80
20230930,089470,,0,81
20230930,294870,,0,82
20230930,009540,,0,83
20230930,267250,,0,84
20230930,267270,,0,85
20230930,322000,,0,86
20230930,042670,,0,87
20230930,267260,,0,88
20230930,329180,,0,89
20230930,097230,,0,90
20230930,195940,,0,91
20230930,014790,,0,92
20230930,028300,,0,93
20230930,003580,,0,94
20230930,278650,,0,95
20230930,343090,,0,96
20230930,067630,,0,97
20230930,024850,,0,98
20230930,047920,,0,99
20230930,115450,,0,100
20230930,046210,,0,101
20230930,204320,,0,102
20230930,060980,,0,103
20230930,011200,,0,104
20230930,403870,,0,105
20230930,036640,,0,106
20230930,082740,,0,107
20230930,035000,,0,108
20230930,405350,,0,109
20230930,426550,,0,110
20230930,439730,,0,111
20230930,442770,,0,112
20230930,448760,,0,113
20230930,003560,,0,114
20230930,095340,,0,115
20230930,099520,,0,116
20230930,175330,,0,117
20230930,950170,,0,118
20230930,234080,,0,119
20230930,067290,,0,120
20230930,001060,,0,121
20230930,001067,,0,122
20230930,001065,,0,123
20230930,096760,,0,124
20230930,035900,,0,125
20230930,318000,,0,126
20230930,024840,,0,127
20230930,105560,,0,128
20230930,432320,,0,129
20230930,024120,,0,130
20230930,455250,,0,131
20230930,458320,,0,132
20230930,002380,,0,133
20230930,021320,,0,134
20230930,344820,,0,135
20230930,036670,,0,136
20230930,009070,,0,137
20230930,009440,,0,138
20230930,112190,,0,139
20230930,119650,,0,140
20230930,044180,,0,141
20230930,092220,,0,142
20230930,151860,,0,143
20230930,046440,,0,144
20230930,003620,,0,145
20230930,016380,,0,146
20230930,035600,,0,147
20230930,001390,,0,148
20230930,226360,,0,149
20230930,111870,,0,150
20230930,033180,,0,151
20230930,060720,,0,152
20230930,015590,,0,153
20230930,001940,,0,154
20230930,058400,,0,155
20230930,025000,,0,156
20230930,092230,,0,157
20230930,000040,,0,158
20230930,044450,,0,159
20230930,030200,,0,160
20230930,033780,,0,161
20230930,058850,,0,162
20230930,058860,,0,163
20230930,122450,,0,164
20230930,052900,,0,165
20230930,376190,,0,166
20230930,061970,,0,167
20230930,309960,,0,168
20230930,093050,,0,169
20230930,003550,,0,170
20230930,034220,,0,171
20230930,051900,,0,172
20230930,051905,,0,173
20230930,373220,,0,174
20230930,003555,,0,175
20230930,032640,,0,176
20230930,011070,,0,177
20230930,066570,,0,178
20230930,066575,,0,179
20230930,037560,,0,180
20230930,051910,,0,181
20230930,051915,,0,182
20230930,079550,,0,183
20230930,006260,,0,184
20230930,010120,,0,185
20230930,000680,,0,186
20230930,060370,,0,187
20230930,229640,,0,188
20230930,108320,,0,189
20230930,001120,,0,190
20230930,108670,,0,191
20230930,108675,,0,192
20230930,383800,,0,193
20230930,38380K,,0,194
20230930,086960,,0,195
20230930,023150,,0,196
20230930,038340,,0,197
20230930,035420,,0,198
20230930,160550,,0,199
20230930,053290,,0,200
20231031,005930,,975299568500,1
20231031,005490,,479309619000,2
20231031,000660,,372828957600,3
20231031,396470,,312951016890,4
20231031,086520,,294556491000,5
20231031,003670,,292217692000,6
20231031,373220,,278447497000,7
20231031,037950,,230399688270,8
20231031,247540,,203332212400,9
20231031,006400,,196956541500,10
20231031,051910,,189770919790,11
20231031,035420,,155396663700,12
20231031,454910,,139671748300,13
20231031,022100,,134944670100,14
20231031,005870,,134771238690,15
20231031,024740,,134287800090,16
20231031,090430,,131357974700,17
20231031,006220,,126337424440,18
20231031,005380,,119447400500,19
20231031,042700,,117104239100,20
20231031,004090,,117101126590,21
20231031,432720,,116975110110,22
20231031,020560,,114153687070,23
20231031,439090,,111322836400,24
20231031,250060,,106241009270,25
20231031,053050,,97638438125,26
20231031,038110,,95148563635,27
20231031,066970,,94763084900,28
20231031,047050,,84246847700,29
20231031,000270,,80828157900,30
20231031,189690,,78941192265,31
20231031,403870,,75467033000,32
20231031,067310,,74613184600,33
20231031,267850,,73162119260,34
20231031,105560,,73003982325,35
20231031,066570,,72428668100,36
20231031,092070,,71089011980,37
20231031,051900,,69139696000,38
20231031,001570,,68850333200,39
20231031,035720,,68076650300,40
20231031,096770,,67024880300,41
20231031,009830,,66921782250,42
20231031,011790,,66525601200,43
20231031,277810,,66079076900,44
20231031,196170,,64478280300,45
20231031,068270,,63244411100,46
20231031,047810,,62648456500,47
20231031,024060,,61626657900,48
20231031,003570,,60221959140,49
20231031,012450,,58902097600,50
20231031,010120,,56262723500,51
20231031,048410,,54662050900,52
20231031,008770,,52681814600,53
20231031,067160,,51817864000,54
20231031,207940,,50247099000,55
20231031,009150,,49947458500,56
20231031,010130,,48786395000,57
20231031,086790,,48269584400,58
20231031,445180,,47936030880,59
20231031,028050,,47784422050,60
20231031,027050,,47481079085,61
20231031,010140,,46910603730,62
20231031,362320,,43645084100,63
20231031,010950,,43464853700,64
20231031,042670,,41893532380,65
20231031,005935,,40412606250,66
20231031,055550,,40288195250,67
20231031,010100,,39400321890,68
20231031,328130,,39245971300,69
20231031,229640,,38611725370,70
20231031,272210,,38221280900,71
20231031,034020,,37629843550,72
20231031,012330,,37617655500,73
20231031,000100,,37299885800,74
20231031,267260,,37175554700,75
20231031,307950,,36357427500,76
20231031,322510,,36312672550,77
20231031,014530,,35368713440,78
20231031,027580,,34952661111,79
20231031,065350,,34618029500,80
20231031,406820,,34481402820,81
20231031,338220,,33254344500,82
20231031,007660,,32861930950,83
20231031,091990,,32205428600,84
20231031,053950,,31857066033,85
20231031,064350,,31674105550,86
20231031,028260,,31394336800,87
20231031,117580,,30963887340,88
20231031,105630,,30719127950,89
20231031,384470,,30599875110,90
20231031,138490,,29720940370,91
20231031,017670,,29033357176,92
20231031,352820,,28737058000,93
20231031,042370,,28338356340,94
20231031,036620,,28136484805,95
20231031,159580,,28042212890,96
20231031,039030,,27931752700,97
20231031,033780,,27687199400,98
20231031,054940,,27439283875,99
20231031,009420,,27346301050,100
20231031,315640,,26775629600,101
20231031,403490,,26721883445,102
20231031,323410,,26548613800,103
20231031,005070,,26348378800,104
20231031,407400,,26208293610,105
20231031,323990,,26072531900,106
20231031,131970,,26063635150,107
20231031,009540,,25049060600,108
20231031,011070,,24457306000,109
20231031,036930,,23783860850,110
20231031,003490,,23452321000,111
20231031,035900,,23373335400,112
20231031,009290,,23143731980,113
20231031,002790,,22984215600,114
20231031,011170,,22963247000,115
20231031,087010,,22493208400,116
20231031,053290,,22474470470,117
20231031,002720,,22133694780,118
20231031,241560,,22066629900,119
20231031,004020,,21895010050,120
20231031,006260,,21851352700,121
20231031,316140,,21723436600,122
20231031,041510,,21237343700,123
20231031,299030,,20813648000,124
20231031,370090,,20775797700,125
20231031,065450,,20576574570,126
20231031,356680,,20417958420,127
20231031,095340,,20150107200,128
20231031,129920,,20111457500,129
20231031,259960,,20084955200,130
20231031,002710,,19958006700,131
20231031,014830,,19859807200,132
20231031,002210,,19535467420,133
20231031,213420,,19371026300,134
20231031,377480,,19081258650,135
20231031,030200,,18801265150,136
20231031,004560,,18515505830,137
20231031,138040,,18464251400,138
20231031,137400,,18415152850,139
20231031,204620,,18324203210,140
20231031,353200,,18270768750,141
20231031,109610,,18199743310,142
20231031,000080,,18018895650,143
20231031,257720,,17818659620,144
20231031,000810,,17655898000,145
20231031,298020,,17596812500,146
20231031,329180,,17547323300,147
20231031,036570,,17475490500,148
20231031,000720,,17334401450,149
20231031,006110,,17048778800,150
20231031,430690,,16997988970,151
20231031,009190,,16768838431,152
20231031,011200,,16474531750,153
20231031,066790,,16434674538,154
20231031,038950,,16209517995,155
20231031,248070,,16131287000,156
20231031,039490,,15906787000,157
20231031,058470,,15647466800,158
20231031,112040,,15619155800,159
20231031,094360,,15512328500,160
20231031,192820,,15442672100,161
20231031,042660,,15404288050,162
20231031,018260,,15269035700,163
20231031,079550,,15269020800,164
20231031,396270,,15237918840,165
20231031,000440,,15207479550,166
20231031,372170,,15194116300,167
20231031,194700,,15053276510,168
20231031,440110,,14955349550,169
20231031,101490,,14936175750,170
20231031,003550,,14913598900,171
20231031,298040,,14866400600,172
20231031,005290,,14751054350,173
20231031,003350,,14709054550,174
20231031,112610,,14660574450,175
20231031,122870,,14645565600,176
20231031,348370,,14621692600,177
20231031,457190,,14565361600,178
20231031,267250,,14504084000,179
20231031,204320,,14441616250,180
20231031,000250,,13992056600,181
20231031,011780,,13839048400,182
20231031,451220,,13720052700,183
20231031,355390,,13680249630,184
20231031,034730,,13289250000,185
20231031,001040,,13212169200,186
20231031,222800,,12985347200,187
20231031,161390,,12944237300,188
20231031,361610,,12929337700,189
20231031,121600,,12890402200,190
20231031,124500,,12878367505,191
20231031,034220,,12799725860,192
20231031,018290,,12696239630,193
20231031,015760,,12623904610,194
20231031,360070,,12552334300,195
20231031,009520,,12521238150,196
20231031,016790,,12467703055,197
20231031,084370,,12467637900,198
20231031,010620,,12298451230,199
20231031,298690,,12277949190,200
20231130,005930,,1146427486200,1
20231130,454910,,620301285700,2
20231130,001570,,560413226200,3
20231130,000660,,479403393700,4
20231130,022100,,411913163100,5
20231130,450080,,411610943400,6
20231130,247540,,409562641500,7
20231130,066970,,354638789300,8
20231130,017670,,350921857850,9
20231130,229640,,309767461530,10
20231130,003670,,286942025500,11
20231130,011810,,282280304620,12
20231130,086520,,274655477000,13
20231130,005490,,271171034000,14
20231130,457190,,267132992000,15
20231130,403870,,227777541850,16
20231130,058610,,204450128350,17
20231130,446540,,195791744960,18
20231130,028670,,181285273575,19
20231130,006400,,180009608500,20
20231130,402490,,171097678150,21
20231130,000270,,162816821383,22
20231130,282330,,153075981000,23
20231130,277810,,146740913000,24
20231130,051910,,144000447500,25
20231130,035420,,133659823000,26
20231130,222080,,131521608960,27
20231130,373220,,130212963000,28
20231130,003280,,124212622448,29
20231130,005935,,123230187260,30
20231130,432720,,120243178350,31
20231130,012450,,118374550800,32
20231130,084690,,115596216010,33
20231130,281740,,115443979750,34
20231130,452280,,111896826980,35
20231130,005950,,106414547540,36
20231130,005380,,105652453600,37
20231130,042700,,102130894600,38
20231130,020150,,97955655850,39
20231130,293490,,97203047800,40
20231130,079370,,96829342800,41
20231130,066570,,95203973870,42
20231130,066790,,81950423040,43
20231130,035720,,81271347200,44
20231130,011420,,81270546350,45
20231130,009830,,80095162400,46
20231130,094480,,77316060250,47
20231130,105560,,76704298600,48
20231130,009150,,73903721500,49
20231130,328130,,71996986700,50
20231130,004100,,69555817380,51
20231130,352820,,68510810500,52
20231130,047050,,68244378700,53
20231130,042660,,66802474650,54
20231130,060250,,65813072270,55
20231130,290560,,65121285790,56
20231130,307950,,64026134500,57
20231130,035900,,63574372900,58
20231130,028260,,62708172900,59
20231130,297570,,62654692692,60
20231130,215600,,62036872780,61
20231130,086790,,61348673500,62
20231130,402340,,61305569218,63
20231130,065350,,61214233100,64
20231130,007660,,61103966150,65
20231130,068270,,60179703800,66
20231130,465770,,58791943360,67
20231130,383310,,58080684800,68
20231130,034020,,57002962060,69
20231130,067310,,56727940000,70
20231130,000990,,55531300900,71
20231130,012330,,55493178500,72
20231130,087010,,54295005550,73
20231130,055550,,53780551900,74
20231130,445680,,53106240350,75
20231130,033780,,52880839000,76
20231130,018260,,51996780600,77
20231130,453860,,51902791600,78
20231130,000680,,50326748420,79
20231130,004830,,49815109680,80
20231130,207940,,48713806000,81
20231130,000810,,47035026500,82
20231130,063170,,46828716940,83
20231130,452160,,46443990790,84
20231130,096770,,46293680700,85
20231130,196170,,46077755200,86
20231130,338220,,45602733000,87
20231130,036570,,45518181000,88
20231130,316140,,45205782870,89
20231130,091990,,44230536200,90
20231130,108860,,42822751450,91
20231130,060280,,42624139090,92
20231130,318000,,42515982850,93
20231130,010140,,42473168410,94
20231130,034730,,41454120200,95
20231130,445090,,40977849700,96
20231130,009420,,40778695300,97
20231130,451760,,40711720890,98
20231130,011200,,40531632680,99
20231130,382900,,39851485340,100
20231130,030200,,39809733800,101
20231130,008350,,39736934970,102
20231130,418470,,39246250220,103
20231130,051900,,38940751500,104
20231130,376930,,38360498650,105
20231130,131400,,38300891625,106
20231130,241820,,37690848100,107
20231130,267260,,37480120200,108
20231130,076080,,37013829525,109
20231130,001470,,36958356080,110
20231130,095340,,36225604300,111
20231130,028050,,36147999275,112
20231130,000120,,36060674400,113
20231130,214150,,35907861100,114
20231130,004060,,35452971117,115
20231130,014680,,35322641300,116
20231130,005290,,35226437950,117
20231130,090430,,35170315444,118
20231130,036930,,35048788750,119
20231130,058470,,34963111200,120
20231130,008770,,34776410900,121
20231130,005880,,34664668570,122
20231130,058970,,34376773000,123
20231130,259960,,34053700500,124
20231130,000100,,34033317700,125
20231130,335890,,33846419640,126
20231130,448280,,33799906400,127
20231130,267250,,33513631000,128
20231130,384470,,33511919600,129
20231130,003550,,32126347300,130
20231130,011790,,31399143200,131
20231130,054450,,31284434150,132
20231130,005830,,31043689438,133
20231130,361610,,31028502800,134
20231130,131970,,30882536900,135
20231130,372320,,30601421250,136
20231130,298830,,30199927450,137
20231130,010660,,29885871880,138
20231130,000250,,29019024100,139
20231130,138040,,28991196100,140
20231130,112040,,28968187400,141
20231130,005070,,28829591300,142
20231130,067160,,28758634400,143
20231130,251270,,28667628600,144
20231130,011500,,28663675330,145
20231130,355390,,28019080350,146
20231130,294140,,27617677835,147
20231130,010950,,27577971400,148
20231130,241560,,26931792650,149
20231130,009540,,26808113786,150
20231130,011070,,26547477500,151
20231130,272210,,26181075300,152
20231130,047810,,25844008850,153
20231130,336570,,25461305960,154
20231130,004835,,25282688500,155
20231130,394280,,25162207100,156
20231130,064350,,24900790450,157
20231130,051160,,24790925410,158
20231130,294090,,24647596070,159
20231130,056080,,24568343340,160
20231130,015760,,24525618390,161
20231130,027580,,24265598524,162
20231130,018290,,23312690300,163
20231130,094360,,23160147150,164
20231130,299030,,23072762300,165
20231130,007980,,22954283800,166
20231130,058850,,22897521705,167
20231130,011780,,22740199700,168
20231130,003490,,22364953050,169
20231130,026940,,21775184200,170
20231130,016790,,21286248610,171
20231130,086280,,21230501900,172
20231130,080220,,20894623800,173
20231130,372170,,20682578500,174
20231130,024110,,20549623270,175
20231130,006800,,20232360290,176
20231130,049950,,20208102300,177
20231130,323410,,20198509500,178
20231130,222800,,20045414200,179
20231130,112610,,19934609400,180
20231130,010130,,19821832500,181
20231130,200710,,19779849750,182
20231130,383220,,19605490200,183
20231130,399720,,19145401700,184
20231130,000150,,18965342600,185
20231130,304100,,18818741200,186
20231130,078140,,18772406600,187
20231130,298040,,18714663500,188
20231130,348340,,18701597500,189
20231130,028300,,18701429200,190
20231130,039030,,18633343700,191
20231130,285800,,18580304305,192
20231130,430690,,18280762550,193
20231130,010120,,18242479000,194
20231130,357780,,18044834500,195
20231130,033290,,18041116130,196
20231130,033230,,17933099700,197
20231130,117730,,17926711550,198
20231130,072130,,17871178065,199
20231130,004370,,17847714000,200
20231231,060310,,0,1
20231231,095570,,0,2
20231231,006840,,0,3
20231231,054620,,0,4
20231231,265520,,0,5
20231231,211270,,0,6
20231231,027410,,0,7
20231231,282330,,0,8
20231231,126600,,0,9
20231231,138930,,0,10
20231231,001460,,0,11
20231231,001465,,0,12
20231231,013720,,0,13
20231231,083790,,0,14
20231231,001040,,0,15
20231231,079160,,0,16
20231231,035760,,0,17
20231231,311690,,0,18
20231231,00104K,,0,19
20231231,000120,,0,20
20231231,011150,,0,21
20231231,011155,,0,22
20231231,001045,,0,23
20231231,097950,,0,24
20231231,097955,,0,25
20231231,051500,,0,26
20231231,058820,,0,27
20231231,023460,,0,28
20231231,056730,,0,29
20231231,000480,,0,30
20231231,065770,,0,31
20231231,083660,,0,32
20231231,000590,,0,33
20231231,012030,,0,34
20231231,404950,,0,35
20231231,456440,,0,36
20231231,016610,,0,37
20231231,005830,,0,38
20231231,000990,,0,39
20231231,139130,,0,40
20231231,060900,,0,41
20231231,025440,,0,42
20231231,001530,,0,43
20231231,000210,,0,44
20231231,001880,,0,45
20231231,000215,,0,46
20231231,375500,,0,47
20231231,37550L,,0,48
20231231,37550K,,0,49
20231231,068790,,0,50
20231231,007340,,0,51
20231231,004840,,0,52
20231231,241520,,0,53
20231231,065150,,0,54
20231231,155660,,0,55
20231231,069730,,0,56
20231231,017860,,0,57
20231231,180400,,0,58
20231231,017940,,0,59
20231231,245620,,0,60
20231231,037370,,0,61
20231231,278990,,0,62
20231231,365550,,0,63
20231231,050120,,0,64
20231231,383220,,0,65
20231231,007700,,0,66
20231231,214270,,0,67
20231231,130500,,0,68
20231231,114090,,0,69
20231231,900290,,0,70
20231231,078930,,0,71
20231231,083450,,0,72
20231231,006360,,0,73
20231231,001250,,0,74
20231231,007070,,0,75
20231231,078935,,0,76
20231231,297890,,0,77
20231231,078150,,0,78
20231231,012630,,0,79
20231231,039570,,0,80
20231231,089470,,0,81
20231231,294870,,0,82
20231231,009540,,0,83
20231231,267250,,0,84
20231231,267270,,0,85
20231231,322000,,0,86
20231231,042670,,0,87
20231231,267260,,0,88
20231231,329180,,0,89
20231231,097230,,0,90
20231231,195940,,0,91
20231231,014790,,0,92
20231231,028300,,0,93
20231231,003580,,0,94
20231231,278650,,0,95
20231231,343090,,0,96
20231231,067630,,0,97
20231231,024850,,0,98
20231231,047920,,0,99
20231231,115450,,0,100
20231231,046210,,0,101
20231231,204320,,0,102
20231231,060980,,0,103
20231231,011200,,0,104
20231231,403870,,0,105
20231231,036640,,0,106
20231231,082740,,0,107
20231231,035000,,0,108
20231231,426550,,0,109
20231231,439730,,0,110
20231231,442770,,0,111
20231231,448760,,0,112
20231231,467930,,0,113
20231231,003560,,0,114
20231231,095340,,0,115
20231231,099520,,0,116
20231231,175330,,0,117
20231231,950170,,0,118
20231231,234080,,0,119
20231231,067290,,0,120
20231231,001060,,0,121
20231231,001067,,0,122
20231231,001065,,0,123
20231231,096760,,0,124
20231231,035900,,0,125
20231231,318000,,0,126
20231231,024840,,0,127
20231231,105560,,0,128
20231231,432320,,0,129
20231231,024120,,0,130
20231231,455250,,0,131
20231231,458320,,0,132
20231231,464680,,0,133
20231231,002380,,0,134
20231231,021320,,0,135
20231231,344820,,0,136
20231231,036670,,0,137
20231231,009070,,0,138
20231231,009440,,0,139
20231231,112190,,0,140
20231231,119650,,0,141
20231231,044180,,0,142
20231231,092220,,0,143
20231231,151860,,0,144
20231231,046440,,0,145
20231231,003620,,0,146
20231231,016380,,0,147
20231231,035600,,0,148
20231231,001390,,0,149
20231231,226360,,0,150
20231231,111870,,0,151
20231231,033180,,0,152
20231231,060720,,0,153
20231231,015590,,0,154
20231231,001940,,0,155
20231231,058400,,0,156
20231231,025000,,0,157
20231231,092230,,0,158
20231231,000040,,0,159
20231231,044450,,0,160
20231231,030200,,0,161
20231231,033780,,0,162
20231231,058850,,0,163
20231231,058860,,0,164
20231231,122450,,0,165
20231231,052900,,0,166
20231231,376190,,0,167
20231231,061970,,0,168
20231231,309960,,0,169
20231231,093050,,0,170
20231231,003550,,0,171
20231231,034220,,0,172
20231231,051900,,0,173
20231231,051905,,0,174
20231231,373220,,0,175
20231231,003555,,0,176
20231231,032640,,0,177
20231231,011070,,0,178
20231231,066570,,0,179
20231231,066575,,0,180
20231231,037560,,0,181
20231231,051910,,0,182
20231231,051915,,0,183
20231231,079550,,0,184
20231231,006260,,0,185
20231231,010120,,0,186
20231231,000680,,0,187
20231231,060370,,0,188
20231231,417200,,0,189
20231231,229640,,0,190
20231231,108320,,0,191
20231231,001120,,0,192
20231231,108670,,0,193
20231231,108675,,0,194
20231231,383800,,0,195
20231231,38380K,,0,196
20231231,086960,,0,197
20231231,023150,,0,198
20231231,038340,,0,199
20231231,035420,,0,200
20240131,005930,,1148592184077,1
20240131,006220,,473829095780,2
20240131,190510,,411554738700,3
20240131,126700,,396590733930,4
20240131,000270,,384231079600,5
20240131,000660,,379897664200,6
20240131,027580,,306107669225,7
20240131,028300,,287316733100,8
20240131,035420,,267032071500,9
20240131,080220,,257760442850,10
20240131,348370,,241948973300,11
20240131,028260,,224854488000,12
20240131,047560,,218655987300,13
20240131,005380,,204149289900,14
20240131,005490,,193146916500,15
20240131,247540,,176290316500,16
20240131,105760,,153125182150,17
20240131,450080,,151376596500,18
20240131,271830,,151118755615,19
20240131,006400,,132805151000,20
20240131,065350,,127721695500,21
20240131,207940,,125298239600,22
20240131,067630,,119925151040,23
20240131,022100,,115131722600,24
20240131,053030,,112892449540,25
20240131,270660,,111599354800,26
20240131,162300,,111415009935,27
20240131,064350,,108124519500,28
20240131,450140,,107889813290,29
20240131,051910,,107022051000,30
20240131,003550,,105555414317,31
20240131,086520,,103380207000,32
20240131,286940,,100771190450,33
20240131,083450,,96533419550,34
20240131,086790,,95633550525,35
20240131,035720,,94911221100,36
20240131,032850,,91218155060,37
20240131,007330,,90664869940,38
20240131,047310,,87633014960,39
20240131,089890,,87158368470,40
20240131,098460,,85586051270,41
20240131,417200,,83497341650,42
20240131,460930,,83440320300,43
20240131,068270,,81692085300,44
20240131,373220,,81257200000,45
20240131,285800,,80552475920,46
20240131,003670,,79309410500,47
20240131,347770,,78398892225,48
20240131,030520,,78295894650,49
20240131,090430,,77661102400,50
20240131,105560,,75558626200,51
20240131,454910,,74995982700,52
20240131,034730,,74772129500,53
20240131,005935,,74343917700,54
20240131,028050,,71745804000,55
20240131,012450,,68151879700,56
20240131,196170,,68118336600,57
20240131,055550,,68014002300,58
20240131,102120,,65248462720,59
20240131,066570,,65247954600,60
20240131,112290,,63552260930,61
20240131,034020,,56457681980,62
20240131,009150,,55711643800,63
20240131,234300,,55639509335,64
20240131,138040,,54062212000,65
20240131,060250,,53932859680,66
20240131,119500,,53340727765,67
20240131,047920,,51961341550,68
20240131,032640,,50886321550,69
20240131,051370,,49857840920,70
20240131,316140,,48923160440,71
20240131,066970,,48876527900,72
20240131,219420,,48093360760,73
20240131,182400,,47798830590,74
20240131,058470,,47268420900,75
20240131,032830,,46407116650,76
20240131,277810,,45945020700,77
20240131,007660,,45665174550,78
20240131,900140,,45410550770,79
20240131,011070,,45234980300,80
20240131,139480,,44663096300,81
20240131,000720,,42084204450,82
20240131,050110,,42079527941,83
20240131,035900,,41931196400,84
20240131,012330,,41813616974,85
20240131,033230,,41328842275,86
20240131,900250,,39124851023,87
20240131,041020,,38894078370,88
20240131,267260,,37919849700,89
20240131,051900,,37775445500,90
20240131,366030,,37442196870,91
20240131,124500,,36562489240,92
20240131,025320,,36474898800,93
20240131,005387,,35948748300,94
20240131,047050,,35821118200,95
20240131,403870,,35393819200,96
20240131,189690,,34716761980,97
20240131,267250,,34197626400,98
20240131,253590,,33497099100,99
20240131,036540,,33257483030,100
20240131,399720,,33178955300,101
20240131,096530,,32790405150,102
20240131,042700,,32688380700,103
20240131,094480,,32503288450,104
20240131,030200,,31669470968,105
20240131,347000,,31568673530,106
20240131,245620,,31454350676,107
20240131,096770,,31387726200,108
20240131,012510,,31314940350,109
20240131,033780,,31000101200,110
20240131,267850,,30682844280,111
20240131,252990,,30635065950,112
20240131,067000,,30544461300,113
20240131,066790,,30109082565,114
20240131,034220,,30009124110,115
20240131,101360,,29273811200,116
20240131,307950,,29139472000,117
20240131,352820,,28666833500,118
20240131,024110,,28620217700,119
20240131,068760,,27880732600,120
20240131,009415,,27780294100,121
20240131,005070,,27699411800,122
20240131,297890,,27641214425,123
20240131,241560,,27271912710,124
20240131,412350,,27140706630,125
20240131,235980,,26502232020,126
20240131,079550,,26251132700,127
20240131,024060,,26110335880,128
20240131,003090,,25932939200,129
20240131,328130,,25920552800,130
20240131,001570,,25883684200,131
20240131,011780,,25881450500,132
20240131,047810,,25324107300,133
20240131,000810,,25293498000,134
20240131,161390,,25271678190,135
20240131,000880,,25238335600,136
20240131,042670,,25102485720,137
20240131,452260,,24643667901,138
20240131,017670,,24444377100,139
20240131,370090,,24324340900,140
20240131,067310,,24246796450,141
20240131,039030,,24195215200,142
20240131,001450,,24052818750,143
20240131,008930,,23646265950,144
20240131,015760,,23587657870,145
20240131,010140,,23090797440,146
20240131,389140,,22947303040,147
20240131,052690,,22736255800,148
20240131,010130,,22454028000,149
20240131,141080,,22388539500,150
20240131,271560,,22337063000,151
20240131,016790,,22217628054,152
20240131,402340,,22177585500,153
20240131,009420,,22106296100,154
20240131,011200,,22094002380,155
20240131,006260,,22051645400,156
20240131,259960,,22025794000,157
20240131,300080,,21447795850,158
20240131,009830,,21402409500,159
20240131,036120,,21150952955,160
20240131,005290,,21068743900,161
20240131,087010,,21040682800,162
20240131,035610,,20775050910,163
20240131,451220,,20654854950,164
20240131,005830,,20509637200,165
20240131,101490,,20310204750,166
20240131,067160,,19651288900,167
20240131,003490,,19515474700,168
20240131,321820,,19494118890,169
20240131,003240,,18791497000,170
20240131,014680,,18700412000,171
20240131,085670,,18500592890,172
20240131,094360,,18004989250,173
20240131,077500,,17760731250,174
20240131,457550,,17733449080,175
20240131,010120,,17522394200,176
20240131,002790,,17448702750,177
20240131,095340,,17383595100,178
20240131,039130,,17339364700,179
20240131,111770,,17082365750,180
20240131,036570,,16877209400,181
20240131,053300,,16605492650,182
20240131,017860,,16505085100,183
20240131,263800,,16481687420,184
20240131,094170,,16167879400,185
20240131,018260,,16137174230,186
20240131,010060,,16086324900,187
20240131,290660,,16074040746,188
20240131,445090,,15939804100,189
20240131,000100,,15772447900,190
20240131,161580,,15608761440,191
20240131,009410,,15575306800,192
20240131,011790,,15371188600,193
20240131,069960,,15309893700,194
20240131,036930,,15300856700,195
20240131,323410,,15187327650,196
20240131,001040,,15172939000,197
20240131,278650,,15168119290,198
20240131,015590,,15082544652,199
20240131,272210,,15052346370,200
20240229,005930,,1543929097874,1
20240229,000270,,721606987100,2
20240229,468760,,578487134905,3
20240229,000660,,530044185000,4
20240229,005380,,512342792000,5
20240229,041190,,459597582950,6
20240229,450080,,422496938000,7
20240229,196170,,398407220500,8
20240229,035420,,397064235700,9
20240229,278470,,356988021500,10
20240229,348370,,337263139500,11
20240229,012450,,308366635500,12
20240229,065350,,304253728000,13
20240229,041020,,303521212730,14
20240229,247540,,290151140500,15
20240229,086520,,268033456000,16
20240229,028300,,251979814800,17
20240229,068270,,246923123700,18
20240229,042700,,227880670700,19
20240229,035900,,224640436700,20
20240229,360350,,222443768750,21
20240229,095500,,222273830650,22
20240229,105560,,213039922032,23
20240229,008770,,212207850300,24
20240229,473050,,204453367400,25
20240229,051910,,204300797000,26
20240229,005490,,184865090000,27
20240229,005935,,181720352455,28
20240229,010620,,172078673300,29
20240229,180640,,168155528000,30
20240229,035720,,164098960200,31
20240229,013990,,157666474260,32
20240229,199550,,151102997400,33
20240229,055550,,148040682900,34
20240229,443670,,143011980560,35
20240229,373220,,142735468500,36
20240229,028260,,139126443800,37
20240229,457190,,135419932500,38
20240229,256840,,133530255580,39
20240229,036930,,130313638350,40
20240229,383220,,125213732600,41
20240229,028670,,118651839285,42
20240229,101670,,117905252490,43
20240229,145720,,116707895900,44
20240229,003530,,113293497900,45
20240229,086790,,110509236600,46
20240229,207940,,107142256000,47
20240229,317330,,105571572900,48
20240229,263750,,101386144250,49
20240229,080220,,99114565250,50
20240229,003670,,96399868500,51
20240229,066790,,94496690180,52
20240229,012330,,94461536000,53
20240229,006400,,93137018000,54
20240229,405100,,91233019350,55
20240229,032830,,91182513800,56
20240229,316140,,89325072280,57
20240229,039030,,89030169800,58
20240229,079550,,88377289800,59
20240229,270660,,86306488600,60
20240229,307930,,85722712840,61
20240229,001250,,82819599085,62
20240229,015760,,81281598650,63
20240229,326030,,80081721900,64
20240229,403870,,79847769500,65
20240229,121600,,79666614900,66
20240229,016790,,76597118221,67
20240229,240810,,73963178800,68
20240229,005387,,73716145600,69
20240229,064350,,73596694700,70
20240229,034730,,71298040900,71
20240229,074430,,69132943349,72
20240229,012170,,67208017177,73
20240229,138040,,67013484500,74
20240229,261200,,66768961240,75
20240229,096770,,63304756200,76
20240229,073570,,62285918120,77
20240229,418620,,61820717370,78
20240229,009150,,59991912900,79
20240229,399720,,59433518400,80
20240229,068760,,58634007000,81
20240229,445090,,58517744100,82
20240229,402340,,58381254700,83
20240229,042660,,58323511550,84
20240229,066970,,58322021300,85
20240229,001570,,58152097400,86
20240229,066570,,57630150100,87
20240229,010140,,56487961600,88
20240229,005070,,56486075300,89
20240229,123410,,56103799780,90
20240229,000810,,53498489000,91
20240229,067310,,52548916650,92
20240229,028050,,51281062350,93
20240229,003490,,51037273750,94
20240229,030520,,50997671550,95
20240229,098460,,50988907290,96
20240229,330730,,49733081515,97
20240229,022100,,49615726600,98
20240229,352820,,48415936300,99
20240229,025320,,45323807600,100
20240229,319660,,45263787600,101
20240229,307750,,44640219970,102
20240229,058470,,44590069500,103
20240229,005385,,44514896500,104
20240229,141080,,44079964000,105
20240229,007660,,43980081850,106
20240229,057030,,41946005145,107
20240229,024940,,41884343040,108
20240229,232140,,40270163650,109
20240229,253590,,39753587710,110
20240229,015750,,38449260490,111
20240229,024110,,38229880830,112
20240229,017670,,37973890300,113
20240229,396470,,37600264280,114
20240229,418550,,36602691250,115
20240229,003550,,36586873700,116
20240229,006220,,36519741160,117
20240229,417200,,36503902050,118
20240229,290690,,36437859525,119
20240229,258830,,36352670155,120
20240229,047810,,35889153500,121
20240229,000250,,35581925300,122
20240229,009540,,35143948100,123
20240229,036570,,34233212200,124
20240229,001380,,34139920881,125
20240229,083450,,34126887050,126
20240229,030200,,33939357950,127
20240229,394280,,33847939200,128
20240229,161580,,33846281840,129
20240229,101360,,33804727800,130
20240229,034020,,32891197030,131
20240229,036830,,32609482200,132
20240229,011200,,32596466380,133
20240229,033780,,32041727280,134
20240229,034220,,31987134210,135
20240229,010950,,31916267300,136
20240229,011420,,31816949120,137
20240229,272210,,31521548330,138
20240229,039980,,31400903972,139
20240229,131370,,31329893110,140
20240229,016360,,30969425350,141
20240229,454910,,30553180300,142
20240229,002710,,30352606100,143
20240229,059270,,30263937990,144
20240229,079370,,30013709050,145
20240229,010130,,29738269000,146
20240229,277810,,29661144500,147
20240229,064290,,29436101900,148
20240229,003410,,29404621540,149
20240229,361610,,28910699500,150
20240229,019170,,28699353960,151
20240229,018260,,28625900900,152
20240229,089230,,28290622850,153
20240229,051900,,28266546500,154
20240229,011780,,28041914600,155
20240229,000100,,27773097500,156
20240229,328130,,27411992700,157
20240229,005830,,27058408300,158
20240229,281740,,27022721500,159
20240229,032640,,26778102360,160
20240229,323410,,26372557396,161
20240229,272290,,26088867800,162
20240229,101490,,26008255700,163
20240229,009830,,25481683650,164
20240229,090430,,25407922000,165
20240229,102120,,25368308370,166
20240229,067160,,25035524600,167
20240229,234100,,24939597579,168
20240229,011070,,24901689500,169
20240229,073010,,24656947365,170
20240229,200710,,24651031150,171
20240229,267260,,24650454500,172
20240229,047050,,24551979500,173
20240229,163560,,24401581770,174
20240229,417840,,24388314210,175
20240229,161390,,24075620100,176
20240229,005290,,23358935950,177
20240229,271560,,23305995200,178
20240229,168360,,23170469110,179
20240229,004990,,22545838250,180
20240229,112040,,22458354000,181
20240229,090360,,22307090350,182
20240229,122640,,22258213000,183
20240229,047310,,22007225390,184
20240229,259960,,21993434500,185
20240229,151860,,21948201420,186
20240229,294090,,21824385780,187
20240229,087010,,21383671700,188
20240229,294630,,21313494880,189
20240229,452300,,21248354780,190
20240229,086980,,21029677595,191
20240229,086280,,20277483200,192
20240229,241560,,20155972847,193
20240229,095340,,19399313700,194
20240229,032620,,19250945380,195
20240229,000720,,19091055750,196
20240229,047560,,18954444550,197
20240229,330860,,18745216900,198
20240229,011170,,18365143900,199
20240229,035080,,18319733010,200
20240331,060310,,0,1
20240331,095570,,0,2
20240331,006840,,0,3
20240331,054620,,0,4
20240331,265520,,0,5
20240331,211270,,0,6
20240331,139050,,0,7
20240331,027410,,0,8
20240331,282330,,0,9
20240331,126600,,0,10
20240331,138930,,0,11
20240331,001460,,0,12
20240331,001465,,0,13
20240331,013720,,0,14
20240331,083790,,0,15
20240331,001040,,0,16
20240331,079160,,0,17
20240331,035760,,0,18
20240331,311690,,0,19
20240331,00104K,,0,20
20240331,000120,,0,21
20240331,011150,,0,22
20240331,011155,,0,23
20240331,001045,,0,24
20240331,097950,,0,25
20240331,097955,,0,26
20240331,051500,,0,27
20240331,058820,,0,28
20240331,023460,,0,29
20240331,056730,,0,30
20240331,000480,,0,31
20240331,065770,,0,32
20240331,083660,,0,33
20240331,000590,,0,34
20240331,012030,,0,35
20240331,456440,,0,36
20240331,016610,,0,37
20240331,005830,,0,38
20240331,000990,,0,39
20240331,139130,,0,40
20240331,060900,,0,41
20240331,290120,,0,42
20240331,025440,,0,43
20240331,001530,,0,44
20240331,000210,,0,45
20240331,000215,,0,46
20240331,375500,,0,47
20240331,37550L,,0,48
20240331,37550K,,0,49
20240331,068790,,0,50
20240331,007340,,0,51
20240331,004840,,0,52
20240331,241520,,0,53
20240331,155660,,0,54
20240331,069730,,0,55
20240331,017860,,0,56
20240331,180400,,0,57
20240331,017940,,0,58
20240331,245620,,0,59
20240331,037370,,0,60
20240331,278990,,0,61
20240331,365550,,0,62
20240331,050120,,0,63
20240331,383220,,0,64
20240331,007700,,0,65
20240331,214270,,0,66
20240331,130500,,0,67
20240331,114090,,0,68
20240331,900290,,0,69
20240331,078930,,0,70
20240331,083450,,0,71
20240331,006360,,0,72
20240331,001250,,0,73
20240331,007070,,0,74
20240331,078935,,0,75
20240331,297890,,0,76
20240331,440290,,0,77
20240331,078150,,0,78
20240331,012630,,0,79
20240331,039570,,0,80
20240331,089470,,0,81
20240331,294870,,0,82
20240331,009540,,0,83
20240331,267250,,0,84
20240331,267270,,0,85
20240331,322000,,0,86
20240331,042670,,0,87
20240331,267260,,0,88
20240331,329180,,0,89
20240331,097230,,0,90
20240331,195940,,0,91
20240331,014790,,0,92
20240331,028300,,0,93
20240331,003580,,0,94
20240331,278650,,0,95
20240331,343090,,0,96
20240331,067630,,0,97
20240331,024850,,0,98
20240331,047920,,0,99
20240331,115450,,0,100
20240331,046210,,0,101
20240331,204320,,0,102
20240331,060980,,0,103
20240331,011200,,0,104
20240331,403870,,0,105
20240331,036640,,0,106
20240331,035000,,0,107
20240331,439730,,0,108
20240331,442770,,0,109
20240331,448760,,0,110
20240331,467930,,0,111
20240331,469480,,0,112
20240331,003560,,0,113
20240331,095340,,0,114
20240331,099520,,0,115
20240331,175330,,0,116
20240331,950170,,0,117
20240331,234080,,0,118
20240331,067290,,0,119
20240331,001060,,0,120
20240331,001067,,0,121
20240331,001065,,0,122
20240331,096760,,0,123
20240331,035900,,0,124
20240331,318000,,0,125
20240331,024840,,0,126
20240331,105560,,0,127
20240331,432320,,0,128
20240331,024120,,0,129
20240331,455250,,0,130
20240331,458320,,0,131
20240331,464680,,0,132
20240331,002380,,0,133
20240331,021320,,0,134
20240331,344820,,0,135
20240331,036670,,0,136
20240331,009070,,0,137
20240331,009440,,0,138
20240331,112190,,0,139
20240331,119650,,0,140
20240331,044180,,0,141
20240331,092220,,0,142
20240331,151860,,0,143
20240331,046440,,0,144
20240331,003620,,0,145
20240331,016380,,0,146
20240331,035600,,0,147
20240331,001390,,0,148
20240331,226360,,0,149
20240331,111870,,0,150
20240331,033180,,0,151
20240331,060720,,0,152
20240331,015590,,0,153
20240331,001940,,0,154
20240331,058400,,0,155
20240331,025000,,0,156
20240331,092230,,0,157
20240331,000040,,0,158
20240331,044450,,0,159
20240331,030200,,0,160
20240331,033780,,0,161
20240331,058850,,0,162
20240331,058860,,0,163
20240331,122450,,0,164
20240331,052900,,0,165
20240331,376190,,0,166
20240331,061970,,0,167
20240331,309960,,0,168
20240331,093050,,0,169
20240331,003550,,0,170
20240331,034220,,0,171
20240331,051900,,0,172
20240331,051905,,0,173
20240331,373220,,0,174
20240331,003555,,0,175
20240331,032640,,0,176
20240331,011070,,0,177
20240331,066570,,0,178
20240331,066575,,0,179
20240331,037560,,0,180
20240331,051910,,0,181
20240331,051915,,0,182
20240331,079550,,0,183
20240331,006260,,0,184
20240331,010120,,0,185
20240331,000680,,0,186
20240331,060370,,0,187
20240331,417200,,0,188
20240331,229640,,0,189
20240331,108320,,0,190
20240331,001120,,0,191
20240331,108670,,0,192
20240331,108675,,0,193
20240331,383800,,0,194
20240331,38380K,,0,195
20240331,086960,,0,196
20240331,023150,,0,197
20240331,038340,,0,198
20240331,035420,,0,199
20240331,160550,,0,200
20240430,005930,,1477530164700,1
20240430,000660,,640736439440,2
20240430,229640,,584984599550,3
20240430,412540,,518866629150,4
20240430,439090,,297349841150,5
20240430,012450,,265941523000,6
20240430,007660,,254940830700,7
20240430,171090,,234733027400,8
20240430,068270,,231964826922,9
20240430,028300,,231851326000,10
20240430,086520,,231764873200,11
20240430,006340,,217464249100,12
20240430,451250,,217451191270,13
20240430,051910,,212034217000,14
20240430,006400,,207315580500,15
20240430,267260,,206052566500,16
20240430,012510,,203414848800,17
20240430,307950,,180095160500,18
20240430,196170,,177824192200,19
20240430,010120,,176197455500,20
20240430,009470,,175940027400,21
20240430,232140,,168809911110,22
20240430,090430,,168215513500,23
20240430,033100,,152873866000,24
20240430,024840,,150991279290,25
20240430,009150,,150637895200,26
20240430,042700,,150002543300,27
20240430,000270,,149563697254,28
20240430,298830,,147930944430,29
20240430,001440,,147561086450,30
20240430,005380,,137130232000,31
20240430,105560,,134464541470,32
20240430,005490,,133538281500,33
20240430,278470,,122911454500,34
20240430,161580,,122006878450,35
20240430,035420,,115107178500,36
20240430,461030,,113704883120,37
20240430,373220,,107267320500,38
20240430,055550,,106744774000,39
20240430,006260,,100007762000,40
20240430,247540,,98266997000,41
20240430,297890,,96774630810,42
20240430,003670,,96559025000,43
20240430,064350,,96382276000,44
20240430,348370,,94134196000,45
20240430,010140,,94026171350,46
20240430,112290,,93191450700,47
20240430,011070,,90853180496,48
20240430,005935,,86394781300,49
20240430,051900,,86164568000,50
20240430,430690,,83292331660,51
20240430,406820,,81091320770,52
20240430,424960,,78053204700,53
20240430,002240,,77636674450,54
20240430,237690,,77152655100,55
20240430,388790,,77054549595,56
20240430,204320,,70135284350,57
20240430,086790,,66969547200,58
20240430,272210,,66203571790,59
20240430,087260,,65171721175,60
20240430,025820,,64178778430,61
20240430,128660,,63073711645,62
20240430,204270,,61861032820,63
20240430,089010,,61632157150,64
20240430,099320,,60385662950,65
20240430,096770,,60087891700,66
20240430,012330,,59623141500,67
20240430,328130,,59064012500,68
20240430,038460,,58871240780,69
20240430,352820,,56940284000,70
20240430,000500,,56503310550,71
20240430,034020,,56400775980,72
20240430,095340,,55740605500,73
20240430,066570,,54960910200,74
20240430,103590,,53615542650,75
20240430,298040,,52835165000,76
20240430,445680,,49317790400,77
20240430,035720,,49307097500,78
20240430,079550,,49249702500,79
20240430,042660,,48668869000,80
20240430,131290,,48308845100,81
20240430,047810,,47911849700,82
20240430,207940,,47564089750,83
20240430,450080,,43290164900,84
20240430,001470,,42593205029,85
20240430,080220,,42501457500,86
20240430,036810,,41988395200,87
20240430,005680,,41935631990,88
20240430,103140,,41698986700,89
20240430,032830,,41459830020,90
20240430,066970,,41340244500,91
20240430,317120,,41243470670,92
20240430,078350,,40453724050,93
20240430,028260,,40414515500,94
20240430,118990,,40410966410,95
20240430,000250,,40002212300,96
20240430,393210,,39864051930,97
20240430,361610,,39337486300,98
20240430,001820,,39039481350,99
20240430,078150,,37297455160,100
20240430,018470,,36157222510,101
20240430,009540,,35620080800,102
20240430,000810,,35144374040,103
20240430,304360,,34861157300,104
20240430,006360,,34478969630,105
20240430,403870,,33870892200,106
20240430,009830,,33523744200,107
20240430,039290,,33078102980,108
20240430,018290,,32881072250,109
20240430,011790,,32374173100,110
20240430,420570,,32028543170,111
20240430,264660,,32027741990,112
20240430,370090,,31927336900,113
20240430,402340,,31832910700,114
20240430,015760,,31817078400,115
20240430,455900,,31808454250,116
20240430,138040,,31552934900,117
20240430,110990,,31383564600,118
20240430,008770,,31283178500,119
20240430,277810,,30625606300,120
20240430,006345,,30471321750,121
20240430,018260,,29611358300,122
20240430,259960,,29582870500,123
20240430,214450,,29276943000,124
20240430,000150,,29108060000,125
20240430,022100,,28992423050,126
20240430,287410,,28778754350,127
20240430,316140,,28155035590,128
20240430,454910,,28093790700,129
20240430,030520,,28080637550,130
20240430,067310,,27876971050,131
20240430,161390,,27726634300,132
20240430,010130,,27357506000,133
20240430,010620,,27352929800,134
20240430,011230,,27284166890,135
20240430,065350,,26964600400,136
20240430,007460,,26911905869,137
20240430,002790,,26379727700,138
20240430,004090,,26308539270,139
20240430,006220,,26124936760,140
20240430,214420,,25967527300,141
20240430,028050,,25906033900,142
20240430,368770,,25884278460,143
20240430,068760,,25825955600,144
20240430,099440,,25353437390,145
20240430,317330,,25333681200,146
20240430,366030,,25317042550,147
20240430,220100,,25224001260,148
20240430,042670,,24669476990,149
20240430,017670,,24411570413,150
20240430,200470,,24248388210,151
20240430,010950,,24171418300,152
20240430,140670,,23903827530,153
20240430,000100,,23828107400,154
20240430,257720,,23497206230,155
20240430,005290,,23424975900,156
20240430,067160,,23122824200,157
20240430,141080,,23099245800,158
20240430,452430,,23034840100,159
20240430,147830,,22793548850,160
20240430,356860,,22463063850,161
20240430,058470,,22390202500,162
20240430,001570,,22003430100,163
20240430,424980,,21956742440,164
20240430,024060,,21795505470,165
20240430,088130,,21617000090,166
20240430,047920,,21551108650,167
20240430,003230,,21287873500,168
20240430,358570,,21152970530,169
20240430,192820,,21150413900,170
20240430,329180,,21149944000,171
20240430,083930,,21133401520,172
20240430,011200,,21000954630,173
20240430,067630,,20932281170,174
20240430,003550,,20638324444,175
20240430,047050,,20599940550,176
20240430,003160,,20546948030,177
20240430,475150,,20522743580,178
20240430,036930,,20479538600,179
20240430,001040,,20185954100,180
20240430,039030,,20107003000,181
20240430,082740,,20071512250,182
20240430,024110,,19906715900,183
20240430,178320,,19552833350,184
20240430,031980,,19527942250,185
20240430,443670,,19442854350,186
20240430,115160,,19175372195,187
20240430,030200,,19093411700,188
20240430,089030,,19070267000,189
20240430,034730,,19024906100,190
20240430,025320,,19015275940,191
20240430,101360,,18373443400,192
20240430,073240,,18276197480,193
20240430,000720,,18235005300,194
20240430,086280,,18145791000,195
20240430,322510,,17915594800,196
20240430,411080,,17824978140,197
20240430,378340,,17677989750,198
20240430,017510,,17648954095,199
20240430,335890,,17508199350,200
20240531,005930,,1935963757832,1
20240531,000660,,1131954708965,2
20240531,196170,,928438505500,3
20240531,267260,,763295692000,4
20240531,232140,,667135370070,5
20240531,034730,,615032388700,6
20240531,034020,,490832466250,7
20240531,348370,,450247893500,8
20240531,028300,,355182703900,9
20240531,005880,,298428252645,10
20240531,105560,,265797108831,11
20240531,005380,,258540736466,12
20240531,016360,,251238751800,13
20240531,000270,,238882889700,14
20240531,042700,,237800742300,15
20240531,086520,,235322588500,16
20240531,451250,,233612072780,17
20240531,145170,,221276331800,18
20240531,066570,,220754237200,19
20240531,457550,,212698983850,20
20240531,032820,,208683188070,21
20240531,005935,,206696141863,22
20240531,000250,,200290902400,23
20240531,247540,,197684941300,24
20240531,352820,,196233748400,25
20240531,005490,,194205686000,26
20240531,003160,,192097182840,27
20240531,035420,,190517554300,28
20240531,009150,,188493338000,29
20240531,137400,,184190574900,30
20240531,051910,,178502827197,31
20240531,006400,,177507220000,32
20240531,090430,,176906932600,33
20240531,475150,,161633548550,34
20240531,068270,,156424974972,35
20240531,086710,,141982843140,36
20240531,055550,,138529659350,37
20240531,006660,,134735051730,38
20240531,035250,,131493176630,39
20240531,086790,,129183555082,40
20240531,001440,,125763154410,41
20240531,010120,,123070483500,42
20240531,278470,,121480877500,43
20240531,003670,,121358830500,44
20240531,257720,,119752300900,45
20240531,028260,,117422846000,46
20240531,006260,,115672049800,47
20240531,030200,,115331349850,48
20240531,406820,,114964179800,49
20240531,443060,,114708483500,50
20240531,089030,,111311898700,51
20240531,011790,,105938327600,52
20240531,439090,,102629414650,53
20240531,211270,,101596673500,54
20240531,035720,,94273846700,55
20240531,402340,,93509153134,56
20240531,096770,,92134328800,57
20240531,018260,,91923231700,58
20240531,259960,,90313882000,59
20240531,011070,,87630284500,60
20240531,373220,,87510775500,61
20240531,009830,,86376511000,62
20240531,229640,,86251457750,63
20240531,012450,,85521437000,64
20240531,066970,,85152961300,65
20240531,161890,,84802884700,66
20240531,018880,,84756628120,67
20240531,090460,,84247505900,68
20240531,009420,,83194299850,69
20240531,001340,,81580317740,70
20240531,140430,,80053924820,71
20240531,465770,,79370886820,72
20240531,007660,,77848773350,73
20240531,226340,,77817751795,74
20240531,298040,,75924626000,75
20240531,001570,,74452316700,76
20240531,252500,,73763270743,77
20240531,078600,,72642896500,78
20240531,377300,,72466357250,79
20240531,042660,,71640268050,80
20240531,033100,,70208256500,81
20240531,103590,,69223972650,82
20240531,047810,,68880748400,83
20240531,105630,,67707211050,84
20240531,017670,,65877566895,85
20240531,011200,,65654971660,86
20240531,051900,,65047835000,87
20240531,012330,,62696841000,88
20240531,194370,,60293851050,89
20240531,018290,,59244762750,90
20240531,010140,,57661912010,91
20240531,457190,,57660922250,92
20240531,138040,,57423150500,93
20240531,900300,,57070151827,94
20240531,298830,,56759397400,95
20240531,033780,,56607193600,96
20240531,900270,,56530978441,97
20240531,417200,,56493026750,98
20240531,051980,,55861137750,99
20240531,323410,,55294173950,100
20240531,03473K,,53268833400,101
20240531,000810,,52463651500,102
20240531,199820,,51688930210,103
20240531,316140,,50990810130,104
20240531,000100,,50587037400,105
20240531,006220,,50426501130,106
20240531,455900,,50390026100,107
20240531,355150,,49999098070,108
20240531,420570,,49481701900,109
20240531,005830,,48587421400,110
20240531,450080,,48344857100,111
20240531,064350,,46694294600,112
20240531,204320,,46481570050,113
20240531,323280,,45651623460,114
20240531,039030,,44736434800,115
20240531,047920,,44349282400,116
20240531,078520,,43437111810,117
20240531,032830,,43127706600,118
20240531,003350,,43007971100,119
20240531,241710,,42251677500,120
20240531,137080,,42026587120,121
20240531,006340,,41873322695,122
20240531,032350,,41631032230,123
20240531,403870,,41327951400,124
20240531,083650,,40993933780,125
20240531,003550,,40980836600,126
20240531,171090,,40497695900,127
20240531,003230,,40209924000,128
20240531,005070,,39124684100,129
20240531,010950,,37852017458,130
20240531,015760,,37728942090,131
20240531,207940,,37599700000,132
20240531,368770,,37124822405,133
20240531,097950,,36787532000,134
20240531,028050,,36751443900,135
20240531,199550,,35897759920,136
20240531,453860,,34525065950,137
20240531,009540,,34432740000,138
20240531,214450,,34149747400,139
20240531,267250,,33783327500,140
20240531,175250,,33637450002,141
20240531,372320,,33474688550,142
20240531,130660,,33151554070,143
20240531,000150,,32537327700,144
20240531,192820,,32428706000,145
20240531,022100,,32133156750,146
20240531,336260,,31455430650,147
20240531,329180,,30012616400,148
20240531,010130,,29658626000,149
20240531,366030,,29468987220,150
20240531,178320,,29413330450,151
20240531,036810,,29184996650,152
20240531,036570,,28586138500,153
20240531,036930,,27795057250,154
20240531,436610,,27580486600,155
20240531,317240,,27289680348,156
20240531,060310,,27083378940,157
20240531,083450,,27024411850,158
20240531,002790,,26741611050,159
20240531,030520,,26574430350,160
20240531,351330,,26008624230,161
20240531,322000,,25401220400,162
20240531,214680,,25174372220,163
20240531,034220,,25159393390,164
20240531,041510,,25050859000,165
20240531,287410,,24955269380,166
20240531,012510,,24714147900,167
20240531,011780,,24475180800,168
20240531,103840,,24400074710,169
20240531,003490,,24198668800,170
20240531,079550,,24109312000,171
20240531,304840,,23987399770,172
20240531,067630,,23895362800,173
20240531,065350,,23849165400,174
20240531,005290,,23741257300,175
20240531,161390,,23654986500,176
20240531,036200,,23403932810,177
20240531,950140,,23387175200,178
20240531,204270,,23212169560,179
20240531,372170,,23195473600,180
20240531,004370,,23034875500,181
20240531,115450,,22815294590,182
20240531,282720,,22778859720,183
20240531,347850,,22750309850,184
20240531,161580,,22390216950,185
20240531,009470,,22338536100,186
20240531,241560,,22321660600,187
20240531,180640,,21981667700,188
20240531,001740,,21883004080,189
20240531,025320,,21735530670,190
20240531,089980,,21640521450,191
20240531,059090,,21604914720,192
20240531,004020,,21540163500,193
20240531,005940,,21532892440,194
20240531,021240,,21286264800,195
20240531,035900,,21272462600,196
20240531,388050,,20848293390,197
20240531,000500,,20788761200,198
20240531,028670,,20762258370,199
20240531,335890,,20573597580,200
20240630,060310,,0,1
20240630,095570,,0,2
20240630,006840,,0,3
20240630,054620,,0,4
20240630,265520,,0,5
20240630,211270,,0,6
20240630,109960,,0,7
20240630,139050,,0,8
20240630,027410,,0,9
20240630,282330,,0,10
20240630,126600,,0,11
20240630,138930,,0,12
20240630,001460,,0,13
20240630,001465,,0,14
20240630,013720,,0,15
20240630,083790,,0,16
20240630,001040,,0,17
20240630,079160,,0,18
20240630,035760,,0,19
20240630,311690,,0,20
20240630,00104K,,0,21
20240630,000120,,0,22
20240630,011150,,0,23
20240630,011155,,0,24
20240630,001045,,0,25
20240630,097950,,0,26
20240630,097955,,0,27
20240630,051500,,0,28
20240630,058820,,0,29
20240630,023460,,0,30
20240630,056730,,0,31
20240630,000480,,0,32
20240630,065770,,0,33
20240630,083660,,0,34
20240630,000590,,0,35
20240630,012030,,0,36
20240630,456440,,0,37
20240630,477760,,0,38
20240630,016610,,0,39
20240630,005830,,0,40
20240630,000990,,0,41
20240630,139130,,0,42
20240630,060900,,0,43
20240630,290120,,0,44
20240630,025440,,0,45
20240630,001530,,0,46
20240630,000210,,0,47
20240630,000215,,0,48
20240630,375500,,0,49
20240630,37550L,,0,50
20240630,37550K,,0,51
20240630,068790,,0,52
20240630,007340,,0,53
20240630,004840,,0,54
20240630,241520,,0,55
20240630,155660,,0,56
20240630,069730,,0,57
20240630,017860,,0,58
20240630,180400,,0,59
20240630,017940,,0,60
20240630,245620,,0,61
20240630,037370,,0,62
20240630,278990,,0,63
20240630,365550,,0,64
20240630,050120,,0,65
20240630,383220,,0,66
20240630,007700,,0,67
20240630,214270,,0,68
20240630,130500,,0,69
20240630,114090,,0,70
20240630,900290,,0,71
20240630,078930,,0,72
20240630,083450,,0,73
20240630,006360,,0,74
20240630,001250,,0,75
20240630,007070,,0,76
20240630,078935,,0,77
20240630,297890,,0,78
20240630,440290,,0,79
20240630,078150,,0,80
20240630,012630,,0,81
20240630,039570,,0,82
20240630,089470,,0,83
20240630,294870,,0,84
20240630,009540,,0,85
20240630,267250,,0,86
20240630,267270,,0,87
20240630,443060,,0,88
20240630,010620,,0,89
20240630,322000,,0,90
20240630,042670,,0,91
20240630,267260,,0,92
20240630,329180,,0,93
20240630,097230,,0,94
20240630,195940,,0,95
20240630,014790,,0,96
20240630,028300,,0,97
20240630,003580,,0,98
20240630,278650,,0,99
20240630,343090,,0,100
20240630,067630,,0,101
20240630,024850,,0,102
20240630,047920,,0,103
20240630,115450,,0,104
20240630,046210,,0,105
20240630,204320,,0,106
20240630,060980,,0,107
20240630,011200,,0,108
20240630,403870,,0,109
20240630,036640,,0,110
20240630,035000,,0,111
20240630,439730,,0,112
20240630,442770,,0,113
20240630,448760,,0,114
20240630,467930,,0,115
20240630,469480,,0,116
20240630,003560,,0,117
20240630,095340,,0,118
20240630,099520,,0,119
20240630,175330,,0,120
20240630,950170,,0,121
20240630,234080,,0,122
20240630,067290,,0,123
20240630,001060,,0,124
20240630,001067,,0,125
20240630,001065,,0,126
20240630,096760,,0,127
20240630,035900,,0,128
20240630,318000,,0,129
20240630,024840,,0,130
20240630,105560,,0,131
20240630,432320,,0,132
20240630,024120,,0,133
20240630,455250,,0,134
20240630,458320,,0,135
20240630,464680,,0,136
20240630,476470,,0,137
20240630,478390,,0,138
20240630,002380,,0,139
20240630,021320,,0,140
20240630,344820,,0,141
20240630,036670,,0,142
20240630,009070,,0,143
20240630,009440,,0,144
20240630,112190,,0,145
20240630,119650,,0,146
20240630,044180,,0,147
20240630,092220,,0,148
20240630,046440,,0,149
20240630,003620,,0,150
20240630,016380,,0,151
20240630,151860,,0,152
20240630,035600,,0,153
20240630,001390,,0,154
20240630,226360,,0,155
20240630,111870,,0,156
20240630,033180,,0,157
20240630,060720,,0,158
20240630,015590,,0,159
20240630,001940,,0,160
20240630,058400,,0,161
20240630,025000,,0,162
20240630,092230,,0,163
20240630,000040,,0,164
20240630,044450,,0,165
20240630,101000,,0,166
20240630,030200,,0,167
20240630,033780,,0,168
20240630,058850,,0,169
20240630,058860,,0,170
20240630,122450,,0,171
20240630,052900,,0,172
20240630,376190,,0,173
20240630,061970,,0,174
20240630,309960,,0,175
20240630,093050,,0,176
20240630,003550,,0,177
20240630,034220,,0,178
20240630,051900,,0,179
20240630,051905,,0,180
20240630,373220,,0,181
20240630,003555,,0,182
20240630,032640,,0,183
20240630,011070,,0,184
20240630,066570,,0,185
20240630,066575,,0,186
20240630,037560,,0,187
20240630,051910,,0,188
20240630,051915,,0,189
20240630,079550,,0,190
20240630,225190,,0,191
20240630,006260,,0,192
20240630,010120,,0,193
20240630,000680,,0,194
20240630,060370,,0,195
20240630,417200,,0,196
20240630,229640,,0,197
20240630,078020,,0,198
20240630,108320,,0,199
20240630,001120,,0,200
20240731,005930,,1709905651240,1
20240731,000660,,1228259251360,2
20240731,232140,,468755871350,3
20240731,012450,,449406036000,4
20240731,196170,,433041196500,5
20240731,460940,,361841170800,6
20240731,024060,,327851422580,7
20240731,034020,,271874473480,8
20240731,042700,,269864048900,9
20240731,006400,,258022147000,10
20240731,004090,,219054324100,11
20240731,068270,,208846338500,12
20240731,141080,,175306144700,13
20240731,064350,,173540296200,14
20240731,036460,,169488536350,15
20240731,038500,,167829764010,16
20240731,000100,,167693749500,17
20240731,062040,,167415019050,18
20240731,272210,,156708247450,19
20240731,005380,,148545018500,20
20240731,278470,,145401996500,21
20240731,052420,,144919480825,22
20240731,058730,,142701490335,23
20240731,028260,,136804334100,24
20240731,255220,,133738228955,25
20240731,267260,,131195081000,26
20240731,005490,,128832765476,27
20240731,010120,,121645963500,28
20240731,105560,,120595509500,29
20240731,247540,,113776643800,30
20240731,010140,,109873216150,31
20240731,329180,,106993457500,32
20240731,005935,,106515830500,33
20240731,047810,,101705601400,34
20240731,207940,,101701033000,35
20240731,009540,,101149328000,36
20240731,000270,,98688944576,37
20240731,130660,,97089317680,38
20240731,007660,,96980908850,39
20240731,009150,,96965266000,40
20240731,041440,,96639951460,41
20240731,094170,,95831148980,42
20240731,086520,,95628245000,43
20240731,298380,,91920354150,44
20240731,055550,,91652422540,45
20240731,079550,,91172158600,46
20240731,086790,,90231181000,47
20240731,089030,,90110263800,48
20240731,117580,,85136225420,49
20240731,004310,,80752712980,50
20240731,047050,,80499116000,51
20240731,028300,,77882529800,52
20240731,035420,,73684476800,53
20240731,046940,,71904865560,54
20240731,082850,,70908203530,55
20240731,465770,,69914384140,56
20240731,316140,,69593125190,57
20240731,000250,,69558178000,58
20240731,317690,,68994290360,59
20240731,003230,,68474864000,60
20240731,067160,,67423255500,61
20240731,003160,,64043287530,62
20240731,010620,,63597204700,63
20240731,003280,,62376295455,64
20240731,042660,,61904580300,65
20240731,373220,,59230325500,66
20240731,084650,,54509824925,67
20240731,066570,,53539373200,68
20240731,012330,,53027477596,69
20240731,051910,,50783221000,70
20240731,001840,,50261100760,71
20240731,011070,,49523886000,72
20240731,348370,,48915759900,73
20240731,090430,,48815625400,74
20240731,018290,,48555497350,75
20240731,053030,,48270599350,76
20240731,003670,,47891817000,77
20240731,052690,,47758198700,78
20240731,000150,,47547258600,79
20240731,066130,,46946729150,80
20240731,033100,,46847156100,81
20240731,011000,,44910394980,82
20240731,008730,,44459074700,83
20240731,035720,,44387519750,84
20240731,032830,,44072596800,85
20240731,053280,,42522674340,86
20240731,257720,,41154654950,87
20240731,253840,,41109462960,88
20240731,152550,,41068313279,89
20240731,003550,,40182905500,90
20240731,039030,,39556243200,91
20240731,061250,,39287597683,92
20240731,087010,,39206304000,93
20240731,198440,,38466435795,94
20240731,011200,,37399690540,95
20240731,450080,,37235404900,96
20240731,017670,,36742595700,97
20240731,039610,,35726498820,98
20240731,000810,,35263581000,99
20240731,000990,,34106872000,100
20240731,298040,,33832067500,101
20240731,452280,,32729572540,102
20240731,237690,,32387808700,103
20240731,365330,,32297897060,104
20240731,138040,,31868130800,105
20240731,000720,,31252544700,106
20240731,439090,,31163416650,107
20240731,205470,,30921934839,108
20240731,071970,,30665929100,109
20240731,030200,,30610587513,110
20240731,032820,,30544219830,111
20240731,259960,,30193340500,112
20240731,161390,,29969654250,113
20240731,053050,,29942856935,114
20240731,294870,,29916618500,115
20240731,078600,,29906542700,116
20240731,317850,,29426499060,117
20240731,068760,,29350789200,118
20240731,033780,,29188250400,119
20240731,402340,,28942597700,120
20240731,028050,,28894624900,121
20240731,462870,,28878145200,122
20240731,031980,,27500583950,123
20240731,035900,,27015878800,124
20240731,009070,,27012451090,125
20240731,403870,,26600797350,126
20240731,011790,,26592767800,127
20240731,240810,,26587486500,128
20240731,039200,,26379713550,129
20240731,015760,,26057032360,130
20240731,005880,,26011873710,131
20240731,101530,,25783511410,132
20240731,010130,,25735458036,133
20240731,241560,,25610065950,134
20240731,082640,,25466445060,135
20240731,454910,,25384936100,136
20240731,128940,,25165945000,137
20240731,009420,,25011854500,138
20240731,006260,,24720647000,139
20240731,094480,,24686035960,140
20240731,066970,,24454324300,141
20240731,042000,,24391292500,142
20240731,000440,,24100971970,143
20240731,086280,,23945527700,144
20240731,096770,,23905223000,145
20240731,006360,,23737217370,146
20240731,208370,,23685070640,147
20240731,225570,,23557692100,148
20240731,026150,,23534420640,149
20240731,001040,,23332855500,150
20240731,137400,,22917722900,151
20240731,299660,,22768244885,152
20240731,001250,,22372573705,153
20240731,389020,,22326127000,154
20240731,375500,,21987762200,155
20240731,253590,,21724236990,156
20240731,001340,,21611431690,157
20240731,017180,,21413592650,158
20240731,005830,,21227676300,159
20240731,267250,,21206578500,160
20240731,058470,,20888576200,161
20240731,263750,,20381747300,162
20240731,297890,,20309303165,163
20240731,051980,,19945966370,164
20240731,443060,,19851701000,165
20240731,010950,,19828335900,166
20240731,099320,,19820645700,167
20240731,023160,,19716844130,168
20240731,267270,,19665569600,169
20240731,011780,,19646153000,170
20240731,051900,,19590543000,171
20240731,097950,,19206111324,172
20240731,004370,,18975314500,173
20240731,002720,,18762588570,174
20240731,461030,,18691957580,175
20240731,042670,,18531823390,176
20240731,086900,,18282996900,177
20240731,139480,,18038016500,178
20240731,018260,,17981910600,179
20240731,014620,,17969984970,180
20240731,004980,,17916176870,181
20240731,024110,,17886485910,182
20240731,251970,,17615447600,183
20240731,352820,,17610781000,184
20240731,001440,,17420975220,185
20240731,016360,,17356900900,186
20240731,290720,,17124086625,187
20240731,319660,,16994481800,188
20240731,228760,,16687666440,189
20240731,161890,,16635350800,190
20240731,103590,,16607414300,191
20240731,107640,,16332373000,192
20240731,326030,,16307546300,193
20240731,001450,,16203659950,194
20240731,263860,,16202189460,195
20240731,103140,,16103702600,196
20240731,220100,,15974441760,197
20240731,034220,,15949809630,198
20240731,252500,,15868916751,199
20240731,138930,,15823742860,200
20240831,060310,,0,1
20240831,095570,,0,2
20240831,006840,,0,3
20240831,054620,,0,4
20240831,265520,,0,5
20240831,211270,,0,6
20240831,109960,,0,7
20240831,139050,,0,8
20240831,027410,,0,9
20240831,282330,,0,10
20240831,126600,,0,11
20240831,138930,,0,12
20240831,001460,,0,13
20240831,001465,,0,14
20240831,013720,,0,15
20240831,083790,,0,16
20240831,001040,,0,17
20240831,079160,,0,18
20240831,035760,,0,19
20240831,311690,,0,20
20240831,00104K,,0,21
20240831,000120,,0,22
20240831,011150,,0,23
20240831,011155,,0,24
20240831,001045,,0,25
20240831,097950,,0,26
20240831,097955,,0,27
20240831,051500,,0,28
20240831,058820,,0,29
20240831,023460,,0,30
20240831,056730,,0,31
20240831,000480,,0,32
20240831,065770,,0,33
20240831,083660,,0,34
20240831,000590,,0,35
20240831,012030,,0,36
20240831,456440,,0,37
20240831,477760,,0,38
20240831,016610,,0,39
20240831,005830,,0,40
20240831,000990,,0,41
20240831,139130,,0,42
20240831,099520,,0,43
20240831,060900,,0,44
20240831,290120,,0,45
20240831,025440,,0,46
20240831,001530,,0,47
20240831,000210,,0,48
20240831,000215,,0,49
20240831,375500,,0,50
20240831,37550L,,0,51
20240831,37550K,,0,52
20240831,068790,,0,53
20240831,007340,,0,54
20240831,004840,,0,55
20240831,241520,,0,56
20240831,155660,,0,57
20240831,069730,,0,58
20240831,017860,,0,59
20240831,180400,,0,60
20240831,017940,,0,61
20240831,245620,,0,62
20240831,037370,,0,63
20240831,278990,,0,64
20240831,365550,,0,65
20240831,050120,,0,66
20240831,383220,,0,67
20240831,007700,,0,68
20240831,214270,,0,69
20240831,130500,,0,70
20240831,114090,,0,71
20240831,900290,,0,72
20240831,078930,,0,73
20240831,083450,,0,74
20240831,006360,,0,75
20240831,001250,,0,76
20240831,007070,,0,77
20240831,078935,,0,78
20240831,297890,,0,79
20240831,440290,,0,80
20240831,078150,,0,81
20240831,012630,,0,82
20240831,039570,,0,83
20240831,089470,,0,84
20240831,294870,,0,85
20240831,009540,,0,86
20240831,267250,,0,87
20240831,267270,,0,88
20240831,443060,,0,89
20240831,071970,,0,90
20240831,010620,,0,91
20240831,322000,,0,92
20240831,042670,,0,93
20240831,267260,,0,94
20240831,329180,,0,95
20240831,097230,,0,96
20240831,195940,,0,97
20240831,014790,,0,98
20240831,028300,,0,99
20240831,003580,,0,100
20240831,278650,,0,101
20240831,343090,,0,102
20240831,067630,,0,103
20240831,024850,,0,104
20240831,047920,,0,105
20240831,115450,,0,106
20240831,046210,,0,107
20240831,204320,,0,108
20240831,060980,,0,109
20240831,011200,,0,110
20240831,403870,,0,111
20240831,036640,,0,112
20240831,035000,,0,113
20240831,002460,,0,114
20240831,487570,,0,115
20240831,439730,,0,116
20240831,442770,,0,117
20240831,448760,,0,118
20240831,467930,,0,119
20240831,469480,,0,120
20240831,003560,,0,121
20240831,095340,,0,122
20240831,175330,,0,123
20240831,950170,,0,124
20240831,234080,,0,125
20240831,067290,,0,126
20240831,001060,,0,127
20240831,001067,,0,128
20240831,001065,,0,129
20240831,096760,,0,130
20240831,035900,,0,131
20240831,318000,,0,132
20240831,024840,,0,133
20240831,105560,,0,134
20240831,432320,,0,135
20240831,024120,,0,136
20240831,455250,,0,137
20240831,458320,,0,138
20240831,464680,,0,139
20240831,476470,,0,140
20240831,478390,,0,141
20240831,002380,,0,142
20240831,021320,,0,143
20240831,344820,,0,144
20240831,036670,,0,145
20240831,009070,,0,146
20240831,009440,,0,147
20240831,112190,,0,148
20240831,119650,,0,149
20240831,044180,,0,150
20240831,092220,,0,151
20240831,046440,,0,152
20240831,003620,,0,153
20240831,016380,,0,154
20240831,151860,,0,155
20240831,035600,,0,156
20240831,001390,,0,157
20240831,226360,,0,158
20240831,111870,,0,159
20240831,033180,,0,160
20240831,060720,,0,161
20240831,015590,,0,162
20240831,001940,,0,163
20240831,058400,,0,164
20240831,025000,,0,165
20240831,092230,,0,166
20240831,000040,,0,167
20240831,044450,,0,168
20240831,101000,,0,169
20240831,030200,,0,170
20240831,033780,,0,171
20240831,058850,,0,172
20240831,058860,,0,173
20240831,122450,,0,174
20240831,052900,,0,175
20240831,376190,,0,176
20240831,061970,,0,177
20240831,309960,,0,178
20240831,093050,,0,179
20240831,003550,,0,180
20240831,034220,,0,181
20240831,051900,,0,182
20240831,051905,,0,183
20240831,373220,,0,184
20240831,003555,,0,185
20240831,032640,,0,186
20240831,011070,,0,187
20240831,066570,,0,188
20240831,066575,,0,189
20240831,037560,,0,190
20240831,051910,,0,191
20240831,051915,,0,192
20240831,079550,,0,193
20240831,225190,,0,194
20240831,006260,,0,195
20240831,010120,,0,196
20240831,000680,,0,197
20240831,060370,,0,198
20240831,417200,,0,199
20240831,229640,,0,200
20240930,005930,,2043449921900,1
20240930,000660,,866892945285,2
20240930,381620,,570218060150,3
20240930,450080,,474400643900,4
20240930,000100,,408210027400,5
20240930,035420,,337688553000,6
20240930,351870,,310642494630,7
20240930,005380,,254522116000,8
20240930,489790,,254062025150,9
20240930,010130,,221543009000,10
20240930,439580,,221131057500,11
20240930,373220,,188202059000,12
20240930,084650,,180134397395,13
20240930,012450,,176019062000,14
20240930,348370,,153950483800,15
20240930,005490,,152258474000,16
20240930,003670,,146850266500,17
20240930,199480,,144894548440,18
20240930,051910,,143663141000,19
20240930,000270,,142965806100,20
20240930,247540,,131573166800,21
20240930,207940,,126671488000,22
20240930,006400,,124434393000,23
20240930,105560,,120321390236,24
20240930,086520,,119065761800,25
20240930,005935,,115996841000,26
20240930,257720,,111872483100,27
20240930,218150,,107432115470,28
20240930,314930,,107155159550,29
20240930,068270,,104146879100,30
20240930,337930,,102332009300,31
20240930,267260,,101151887000,32
20240930,465770,,97472140360,33
20240930,058850,,94321509015,34
20240930,253590,,91189604930,35
20240930,220100,,88422128300,36
20240930,289220,,85409062650,37
20240930,457190,,84220193600,38
20240930,042700,,80422938900,39
20240930,196170,,79577384500,40
20240930,013810,,79388289830,41
20240930,055550,,78107261916,42
20240930,053030,,72900283250,43
20240930,024060,,72171165040,44
20240930,009540,,67444178000,45
20240930,028300,,67010393500,46
20240930,323280,,66676503450,47
20240930,009150,,64976772200,48
20240930,064350,,63523394800,49
20240930,001570,,62447038600,50
20240930,101360,,62274809900,51
20240930,000250,,58881187600,52
20240930,064850,,57844273340,53
20240930,035720,,57763997375,54
20240930,124560,,57234417865,55
20240930,259960,,56483326500,56
20240930,086790,,53479166600,57
20240930,010140,,52127669780,58
20240930,109820,,50776181505,59
20240930,066970,,49012126800,60
20240930,900270,,48595655318,61
20240930,011790,,47379352100,62
20240930,192820,,46274371800,63
20240930,377030,,45138319405,64
20240930,011200,,43560907600,65
20240930,010120,,43548688300,66
20240930,066570,,42890180300,67
20240930,475150,,42391620830,68
20240930,034020,,41933212530,69
20240930,090430,,41473149000,70
20240930,322510,,40730287060,71
20240930,009420,,40245421250,72
20240930,003230,,40071811000,73
20240930,033780,,39301427200,74
20240930,141080,,39278027700,75
20240930,000810,,38961293000,76
20240930,316140,,38850354350,77
20240930,047050,,36534198600,78
20240930,007660,,36422912150,79
20240930,017670,,35758978600,80
20240930,040300,,35727323880,81
20240930,030200,,35587472550,82
20240930,002140,,35538788370,83
20240930,011170,,35334381200,84
20240930,028260,,34711534000,85
20240930,011070,,34657339500,86
20240930,086280,,33830016100,87
20240930,036460,,33006057050,88
20240930,028050,,32841640050,89
20240930,089030,,32390117550,90
20240930,005870,,31460561980,91
20240930,298830,,31064124280,92
20240930,051900,,31060095500,93
20240930,018260,,30758624800,94
20240930,012330,,30737301000,95
20240930,032830,,30323176085,96
20240930,036560,,30207249550,97
20240930,028670,,30078194620,98
20240930,138040,,29960016900,99
20240930,096770,,29870179500,100
20240930,161890,,29788324900,101
20240930,005387,,29786178500,102
20240930,382840,,28947561250,103
20240930,102370,,28657364960,104
20240930,239610,,28294566210,105
20240930,389650,,28257982650,106
20240930,129920,,28189890605,107
20240930,329180,,28149148600,108
20240930,011500,,27941284150,109
20240930,214450,,27398634000,110
20240930,003280,,27121332970,111
20240930,039200,,27053641200,112
20240930,278470,,26813502000,113
20240930,079550,,26181097000,114
20240930,402340,,25826953900,115
20240930,058860,,25379758405,116
20240930,204270,,24908146650,117
20240930,085670,,24718322090,118
20240930,326030,,24639404600,119
20240930,018290,,24420273250,120
20240930,018880,,24335375745,121
20240930,137400,,24297258400,122
20240930,036570,,24188698500,123
20240930,009830,,23888841500,124
20240930,006260,,23764936800,125
20240930,078140,,23713521450,126
20240930,034220,,23441108540,127
20240930,298040,,23225754000,128
20240930,015760,,23158639750,129
20240930,128940,,23141363000,130
20240930,022100,,23082170350,131
20240930,163730,,23035570540,132
20240930,238490,,23015957530,133
20240930,454910,,22983487300,134
20240930,271560,,22905130700,135
20240930,237690,,22819361000,136
20240930,078600,,22593987200,137
20240930,373110,,22593058520,138
20240930,047810,,21987720900,139
20240930,103140,,21898791500,140
20240930,011780,,21357741800,141
20240930,042660,,21298303950,142
20240930,058470,,21086533300,143
20240930,003550,,20906836100,144
20240930,112610,,20810573200,145
20240930,277810,,20805149200,146
20240930,298380,,20539476950,147
20240930,051980,,20398269880,148
20240930,005070,,20092310200,149
20240930,016360,,20068072500,150
20240930,464500,,20004714720,151
20240930,082270,,19994901140,152
20240930,005830,,19858580300,153
20240930,161580,,19790435420,154
20240930,004020,,19272518300,155
20240930,091810,,17939089475,156
20240930,010620,,17871018300,157
20240930,004090,,17842411390,158
20240930,035900,,17749898100,159
20240930,001040,,17589985600,160
20240930,003490,,17477921350,161
20240930,204320,,16946530050,162
20240930,019490,,16943113375,163
20240930,464080,,16916138330,164
20240930,065450,,16815897335,165
20240930,352820,,16618892400,166
20240930,062040,,16508494250,167
20240930,087010,,16488094800,168
20240930,361610,,16368698700,169
20240930,362320,,16313934020,170
20240930,067080,,16269530070,171
20240930,005860,,16249231915,172
20240930,456070,,15927077160,173
20240930,097950,,15641425500,174
20240930,034730,,14957777200,175
20240930,005880,,14599435580,176
20240930,139480,,14490083500,177
20240930,241560,,14453808650,178
20240930,403870,,14331868950,179
20240930,101670,,14230440679,180
20240930,464280,,14119600970,181
20240930,328130,,14106374750,182
20240930,180400,,14094435545,183
20240930,383220,,14071702600,184
20240930,383310,,13951350700,185
20240930,034230,,13858937290,186
20240930,323410,,13644860200,187
20240930,145020,,13449311000,188
20240930,000105,,13352675900,189
20240930,317330,,13132920750,190
20240930,389470,,13123118740,191
20240930,272210,,13010304740,192
20240930,020150,,12927871300,193
20240930,005385,,12724052200,194
20240930,267250,,12691459800,195
20240930,255440,,12638964400,196
20240930,476080,,12601077410,197
20240930,411080,,12589237120,198
20240930,024110,,12535755810,199
20240930,021240,,12380182300,200
20241031,005930,,2141845557150,1
20241031,000660,,860701411700,2
20241031,010130,,625703152000,3
20241031,445090,,391427268100,4
20241031,458650,,284943428650,5
20241031,034020,,282170184880,6
20241031,017860,,265092324500,7
20241031,000100,,248322958800,8
20241031,007660,,235147239050,9
20241031,005380,,233306829500,10
20241031,105560,,162493699900,11
20241031,403870,,162164207300,12
20241031,028260,,159973981500,13
20241031,247540,,157540174300,14
20241031,489790,,153009069600,15
20241031,012450,,151532248500,16
20241031,008930,,140303324700,17
20241031,000270,,139201490200,18
20241031,055550,,133324107800,19
20241031,006400,,125792837000,20
20241031,005935,,118916516648,21
20241031,086790,,115282865800,22
20241031,373220,,109446712000,23
20241031,089030,,107734017850,24
20241031,314930,,102454704500,25
20241031,064350,,102329488600,26
20241031,007390,,101231556900,27
20241031,196170,,100019704000,28
20241031,122640,,99531789490,29
20241031,068270,,97055096300,30
20241031,253590,,96817727450,31
20241031,005490,,96776429500,32
20241031,036930,,92036003200,33
20241031,207940,,91164570000,34
20241031,042700,,87581288400,35
20241031,037270,,84415186420,36
20241031,035420,,83195108500,37
20241031,267260,,79634747000,38
20241031,051910,,79203248500,39
20241031,205470,,74785051111,40
20241031,232140,,72783393260,41
20241031,004870,,71714684669,42
20241031,066570,,69957778200,43
20241031,006880,,67930876220,44
20241031,141080,,67829457000,45
20241031,009540,,66611122200,46
20241031,087010,,65218819700,47
20241031,036000,,64781624675,48
20241031,013810,,60584846180,49
20241031,015760,,59623629950,50
20241031,033130,,57528777539,51
20241031,012330,,56894290500,52
20241031,092870,,56618388570,53
20241031,200710,,56536142920,54
20241031,010620,,55316830300,55
20241031,140430,,55186030265,56
20241031,003670,,53629783000,57
20241031,018290,,52897758100,58
20241031,047810,,52361728300,59
20241031,272210,,52165398690,60
20241031,001570,,51931000450,61
20241031,000810,,51521375750,62
20241031,402340,,50339814500,63
20241031,316140,,49193062490,64
20241031,028300,,49053174400,65
20241031,009420,,48508446900,66
20241031,091810,,47295713745,67
20241031,000250,,46558899500,68
20241031,035720,,46476442300,69
20241031,450080,,46283551300,70
20241031,466100,,46029687630,71
20241031,066970,,46000187800,72
20241031,018260,,45003622900,73
20241031,488060,,44440792560,74
20241031,082800,,43468859860,75
20241031,257720,,43223209050,76
20241031,011790,,41283794400,77
20241031,206650,,40795079200,78
20241031,418550,,40062436280,79
20241031,079550,,39678854000,80
20241031,026960,,39548955150,81
20241031,090430,,38005980800,82
20241031,214450,,37812425500,83
20241031,086520,,37802621000,84
20241031,009410,,37652342875,85
20241031,082270,,37497054760,86
20241031,329180,,37436101400,87
20241031,215100,,37408408790,88
20241031,007720,,36729060015,89
20241031,017670,,36480646400,90
20241031,010140,,36094740420,91
20241031,278470,,35827289250,92
20241031,259960,,35293466000,93
20241031,041190,,34874848130,94
20241031,042660,,34797545400,95
20241031,003490,,34665612800,96
20241031,031980,,34609838950,97
20241031,326030,,34519873200,98
20241031,352820,,33652201900,99
20241031,032830,,33114049900,100
20241031,036560,,32420218610,101
20241031,009150,,32175556500,102
20241031,030200,,32133364100,103
20241031,086280,,31861420100,104
20241031,376930,,31222695580,105
20241031,000670,,31205202000,106
20241031,010120,,30891737100,107
20241031,039440,,30870030240,108
20241031,079900,,30119562500,109
20241031,009730,,29170440726,110
20241031,100590,,28944545375,111
20241031,323280,,28691982400,112
20241031,348370,,28653146800,113
20241031,298380,,28457046750,114
20241031,089150,,28357276990,115
20241031,103140,,28180359900,116
20241031,003160,,28154446220,117
20241031,000150,,27910731000,118
20241031,443060,,27892424700,119
20241031,161390,,27782747775,120
20241031,310210,,27633844700,121
20241031,011070,,27133136200,122
20241031,457550,,26273664940,123
20241031,041440,,26209838880,124
20241031,474170,,26178809480,125
20241031,306620,,26155304550,126
20241031,053030,,26057578310,127
20241031,028050,,25513934090,128
20241031,225570,,25391518880,129
20241031,005387,,25209637600,130
20241031,462870,,25069434000,131
20241031,112610,,24102834800,132
20241031,084650,,23939197090,133
20241031,024110,,23834391730,134
20241031,138040,,23420444700,135
20241031,052690,,23276102300,136
20241031,051900,,23146852500,137
20241031,005830,,23006067200,138
20241031,237690,,22904059800,139
20241031,209640,,22315095340,140
20241031,192820,,21714534700,141
20241031,128940,,21431501000,142
20241031,033780,,21027067800,143
20241031,050890,,20845866705,144
20241031,039030,,20807943700,145
20241031,096770,,20313758700,146
20241031,007110,,20216327630,147
20241031,195940,,20054363200,148
20241031,003230,,19677065000,149
20241031,298040,,19341494500,150
20241031,003550,,19215151100,151
20241031,214150,,19132677650,152
20241031,163730,,19080326060,153
20241031,021240,,18774879350,154
20241031,036460,,18731191450,155
20241031,051980,,18670560670,156
20241031,439580,,18503008460,157
20241031,365330,,18454047570,158
20241031,308430,,18011835080,159
20241031,187420,,17873133370,160
20241031,062040,,17814953000,161
20241031,454910,,17786285500,162
20241031,030520,,17658579090,163
20241031,015710,,17504807115,164
20241031,024740,,17395435170,165
20241031,145020,,17317112000,166
20241031,227100,,17124627449,167
20241031,388050,,17109559690,168
20241031,161890,,16900477500,169
20241031,138930,,16845116740,170
20241031,009830,,16691594300,171
20241031,457370,,16642178700,172
20241031,011200,,16496575770,173
20241031,271560,,16396738600,174
20241031,056080,,16168140950,175
20241031,381620,,16034673750,176
20241031,032820,,15774663970,177
20241031,255220,,15733722855,178
20241031,086060,,15584506510,179
20241031,067160,,15520211400,180
20241031,094170,,15283131250,181
20241031,012510,,15262083200,182
20241031,010820,,14953741920,183
20241031,083650,,14823671340,184
20241031,051600,,14476632150,185
20241031,378800,,14372832220,186
20241031,065450,,14261601820,187
20241031,241710,,14178500900,188
20241031,002710,,14092326350,189
20241031,147760,,14084909820,190
20241031,047050,,14057938900,191
20241031,035250,,13983283900,192
20241031,016360,,13963009450,193
20241031,267250,,13938125900,194
20241031,389650,,13925597750,195
20241031,475400,,13656349740,196
20241031,220100,,13654607350,197
20241031,263750,,13578011250,198
20241031,025950,,13498489150,199
20241031,069620,,13333061500,200
20241130,060310,,0,1
20241130,095570,,0,2
20241130,006840,,0,3
20241130,054620,,0,4
20241130,265520,,0,5
20241130,211270,,0,6
20241130,109960,,0,7
20241130,139050,,0,8
20241130,027410,,0,9
20241130,282330,,0,10
20241130,126600,,0,11
20241130,138930,,0,12
20241130,001460,,0,13
20241130,001465,,0,14
20241130,013720,,0,15
20241130,083790,,0,16
20241130,001040,,0,17
20241130,079160,,0,18
20241130,035760,,0,19
20241130,311690,,0,20
20241130,00104K,,0,21
20241130,000120,,0,22
20241130,011150,,0,23
20241130,011155,,0,24
20241130,001045,,0,25
20241130,097950,,0,26
20241130,097955,,0,27
20241130,051500,,0,28
20241130,058820,,0,29
20241130,023460,,0,30
20241130,056730,,0,31
20241130,000480,,0,32
20241130,065770,,0,33
20241130,083660,,0,34
20241130,000590,,0,35
20241130,012030,,0,36
20241130,456440,,0,37
20241130,477760,,0,38
20241130,016610,,0,39
20241130,005830,,0,40
20241130,000990,,0,41
20241130,139130,,0,42
20241130,099520,,0,43
20241130,060900,,0,44
20241130,290120,,0,45
20241130,025440,,0,46
20241130,001530,,0,47
20241130,000210,,0,48
20241130,000215,,0,49
20241130,375500,,0,50
20241130,37550L,,0,51
20241130,37550K,,0,52
20241130,068790,,0,53
20241130,007340,,0,54
20241130,004840,,0,55
20241130,241520,,0,56
20241130,155660,,0,57
20241130,069730,,0,58
20241130,017860,,0,59
20241130,180400,,0,60
20241130,017940,,0,61
20241130,245620,,0,62
20241130,037370,,0,63
20241130,278990,,0,64
20241130,365550,,0,65
20241130,050120,,0,66
20241130,383220,,0,67
20241130,007700,,0,68
20241130,214270,,0,69
20241130,130500,,0,70
20241130,114090,,0,71
20241130,900290,,0,72
20241130,078930,,0,73
20241130,083450,,0,74
20241130,006360,,0,75
20241130,001250,,0,76
20241130,007070,,0,77
20241130,078935,,0,78
20241130,297890,,0,79
20241130,440290,,0,80
20241130,078150,,0,81
20241130,012630,,0,82
20241130,039570,,0,83
20241130,089470,,0,84
20241130,294870,,0,85
20241130,009540,,0,86
20241130,267250,,0,87
20241130,267270,,0,88
20241130,443060,,0,89
20241130,071970,,0,90
20241130,010620,,0,91
20241130,322000,,0,92
20241130,042670,,0,93
20241130,267260,,0,94
20241130,329180,,0,95
20241130,097230,,0,96
20241130,195940,,0,97
20241130,014790,,0,98
20241130,028300,,0,99
20241130,003580,,0,100
20241130,278650,,0,101
20241130,343090,,0,102
20241130,067630,,0,103
20241130,024850,,0,104
20241130,047920,,0,105
20241130,115450,,0,106
20241130,046210,,0,107
20241130,204320,,0,108
20241130,060980,,0,109
20241130,011200,,0,110
20241130,403870,,0,111
20241130,036640,,0,112
20241130,035000,,0,113
20241130,002460,,0,114
20241130,487570,,0,115
20241130,298050,,0,116
20241130,439730,,0,117
20241130,442770,,0,118
20241130,448760,,0,119
20241130,467930,,0,120
20241130,469480,,0,121
20241130,003560,,0,122
20241130,095340,,0,123
20241130,175330,,0,124
20241130,950170,,0,125
20241130,234080,,0,126
20241130,067290,,0,127
20241130,001060,,0,128
20241130,001067,,0,129
20241130,001065,,0,130
20241130,096760,,0,131
20241130,035900,,0,132
20241130,318000,,0,133
20241130,024840,,0,134
20241130,105560,,0,135
20241130,415640,,0,136
20241130,432320,,0,137
20241130,024120,,0,138
20241130,455250,,0,139
20241130,458320,,0,140
20241130,464680,,0,141
20241130,476470,,0,142
20241130,478390,,0,143
20241130,486630,,0,144
20241130,002380,,0,145
20241130,021320,,0,146
20241130,344820,,0,147
20241130,036670,,0,148
20241130,009070,,0,149
20241130,009440,,0,150
20241130,112190,,0,151
20241130,119650,,0,152
20241130,044180,,0,153
20241130,092220,,0,154
20241130,046440,,0,155
20241130,003620,,0,156
20241130,016380,,0,157
20241130,151860,,0,158
20241130,035600,,0,159
20241130,001390,,0,160
20241130,226360,,0,161
20241130,111870,,0,162
20241130,033180,,0,163
20241130,060720,,0,164
20241130,015590,,0,165
20241130,001940,,0,166
20241130,058400,,0,167
20241130,025000,,0,168
20241130,092230,,0,169
20241130,000040,,0,170
20241130,044450,,0,171
20241130,101000,,0,172
20241130,030200,,0,173
20241130,033780,,0,174
20241130,058850,,0,175
20241130,058860,,0,176
20241130,122450,,0,177
20241130,052900,,0,178
20241130,376190,,0,179
20241130,061970,,0,180
20241130,309960,,0,181
20241130,093050,,0,182
20241130,003550,,0,183
20241130,034220,,0,184
20241130,051900,,0,185
20241130,051905,,0,186
20241130,373220,,0,187
20241130,003555,,0,188
20241130,032640,,0,189
20241130,011070,,0,190
20241130,066570,,0,191
20241130,066575,,0,192
20241130,037560,,0,193
20241130,051910,,0,194
20241130,051915,,0,195
20241130,079550,,0,196
20241130,225190,,0,197
20241130,006260,,0,198
20241130,010120,,0,199
20241130,000680,,0,200
20241231,060310,,0,1
20241231,095570,,0,2
20241231,006840,,0,3
20241231,054620,,0,4
20241231,265520,,0,5
20241231,211270,,0,6
20241231,109960,,0,7
20241231,139050,,0,8
20241231,027410,,0,9
20241231,282330,,0,10
20241231,126600,,0,11
20241231,138930,,0,12
20241231,001460,,0,13
20241231,001465,,0,14
20241231,013720,,0,15
20241231,083790,,0,16
20241231,001040,,0,17
20241231,079160,,0,18
20241231,035760,,0,19
20241231,311690,,0,20
20241231,00104K,,0,21
20241231,000120,,0,22
20241231,011150,,0,23
20241231,011155,,0,24
20241231,001045,,0,25
20241231,097950,,0,26
20241231,097955,,0,27
20241231,051500,,0,28
20241231,058820,,0,29
20241231,023460,,0,30
20241231,056730,,0,31
20241231,000480,,0,32
20241231,065770,,0,33
20241231,083660,,0,34
20241231,000590,,0,35
20241231,012030,,0,36
20241231,456440,,0,37
20241231,477760,,0,38
20241231,016610,,0,39
20241231,005830,,0,40
20241231,000990,,0,41
20241231,139130,,0,42
20241231,099520,,0,43
20241231,060900,,0,44
20241231,290120,,0,45
20241231,025440,,0,46
20241231,001530,,0,47
20241231,000210,,0,48
20241231,000215,,0,49
20241231,375500,,0,50
20241231,37550L,,0,51
20241231,37550K,,0,52
20241231,068790,,0,53
20241231,007340,,0,54
20241231,004840,,0,55
20241231,241520,,0,56
20241231,155660,,0,57
20241231,069730,,0,58
20241231,017860,,0,59
20241231,180400,,0,60
20241231,017940,,0,61
20241231,245620,,0,62
20241231,037370,,0,63
20241231,278990,,0,64
20241231,365550,,0,65
20241231,050120,,0,66
20241231,383220,,0,67
20241231,007700,,0,68
20241231,214270,,0,69
20241231,130500,,0,70
20241231,114090,,0,71
20241231,900290,,0,72
20241231,078930,,0,73
20241231,083450,,0,74
20241231,006360,,0,75
20241231,001250,,0,76
20241231,007070,,0,77
20241231,078935,,0,78
20241231,499790,,0,79
20241231,297890,,0,80
20241231,440290,,0,81
20241231,078150,,0,82
20241231,012630,,0,83
20241231,039570,,0,84
20241231,089470,,0,85
20241231,294870,,0,86
20241231,009540,,0,87
20241231,267250,,0,88
20241231,267270,,0,89
20241231,443060,,0,90
20241231,071970,,0,91
20241231,010620,,0,92
20241231,322000,,0,93
20241231,042670,,0,94
20241231,267260,,0,95
20241231,329180,,0,96
20241231,097230,,0,97
20241231,195940,,0,98
20241231,014790,,0,99
20241231,028300,,0,100
20241231,003580,,0,101
20241231,278650,,0,102
20241231,343090,,0,103
20241231,067630,,0,104
20241231,024850,,0,105
20241231,187420,,0,106
20241231,047920,,0,107
20241231,115450,,0,108
20241231,046210,,0,109
20241231,204320,,0,110
20241231,060980,,0,111
20241231,011200,,0,112
20241231,403870,,0,113
20241231,036640,,0,114
20241231,035000,,0,115
20241231,002460,,0,116
20241231,487570,,0,117
20241231,298050,,0,118
20241231,439730,,0,119
20241231,442770,,0,120
20241231,448760,,0,121
20241231,467930,,0,122
20241231,469480,,0,123
20241231,003560,,0,124
20241231,095340,,0,125
20241231,175330,,0,126
20241231,950170,,0,127
20241231,234080,,0,128
20241231,067290,,0,129
20241231,001060,,0,130
20241231,001067,,0,131
20241231,001065,,0,132
20241231,096760,,0,133
20241231,035900,,0,134
20241231,318000,,0,135
20241231,024840,,0,136
20241231,105560,,0,137
20241231,415640,,0,138
20241231,432320,,0,139
20241231,024120,,0,140
20241231,455250,,0,141
20241231,458320,,0,142
20241231,464680,,0,143
20241231,476470,,0,144
20241231,478390,,0,145
20241231,486630,,0,146
20241231,492220,,0,147
20241231,002380,,0,148
20241231,021320,,0,149
20241231,344820,,0,150
20241231,036670,,0,151
20241231,009070,,0,152
20241231,009440,,0,153
20241231,112190,,0,154
20241231,119650,,0,155
20241231,044180,,0,156
20241231,092220,,0,157
20241231,046440,,0,158
20241231,003620,,0,159
20241231,016380,,0,160
20241231,151860,,0,161
20241231,035600,,0,162
20241231,001390,,0,163
20241231,226360,,0,164
20241231,111870,,0,165
20241231,033180,,0,166
20241231,060720,,0,167
20241231,015590,,0,168
20241231,001940,,0,169
20241231,058400,,0,170
20241231,025000,,0,171
20241231,092230,,0,172
20241231,000040,,0,173
20241231,044450,,0,174
20241231,101000,,0,175
20241231,030200,,0,176
20241231,033780,,0,177
20241231,058850,,0,178
20241231,058860,,0,179
20241231,122450,,0,180
20241231,052900,,0,181
20241231,376190,,0,182
20241231,061970,,0,183
20241231,309960,,0,184
20241231,093050,,0,185
20241231,003550,,0,186
20241231,034220,,0,187
20241231,051900,,0,188
20241231,051905,,0,189
20241231,373220,,0,190
20241231,003555,,0,191
20241231,032640,,0,192
20241231,011070,,0,193
20241231,066570,,0,194
20241231,066575,,0,195
20241231,037560,,0,196
20241231,051910,,0,197
20241231,051915,,0,198
20241231,079550,,0,199
20241231,225190,,0,200
20250131,000660,,2370677638450,1
20250131,005930,,2207004262250,2
20250131,277810,,515210444500,3
20250131,042660,,485008068800,4
20250131,035420,,423400867000,5
20250131,062040,,404702337500,6
20250131,267260,,369923913000,7
20250131,034020,,361243404300,8
20250131,035720,,260138650100,9
20250131,328130,,212554565000,10
20250131,005380,,202431528500,11
20250131,105560,,192672876550,12
20250131,010120,,192152181500,13
20250131,007660,,189407463550,14
20250131,196170,,186146521500,15
20250131,108490,,181512523050,16
20250131,042700,,180713124000,17
20250131,332570,,174470302990,18
20250131,012450,,168562884200,19
20250131,010100,,153516967605,20
20250131,091810,,146150636830,21
20250131,053030,,130295820210,22
20250131,437730,,124973160850,23
20250131,329180,,123749604000,24
20250131,160190,,118731616750,25
20250131,298040,,113093954500,26
20250131,450950,,111748365980,27
20250131,000250,,108720699000,28
20250131,098460,,107857591880,29
20250131,094360,,106754539100,30
20250131,058610,,104495169000,31
20250131,011790,,99801772000,32
20250131,000810,,99597792750,33
20250131,009150,,94154618200,34
20250131,010140,,93488007990,35
20250131,068270,,93360165800,36
20250131,000270,,92553488500,37
20250131,000100,,89551858200,38
20250131,006400,,89516630000,39
20250131,207940,,89389904000,40
20250131,259960,,87620500000,41
20250131,000150,,86808417500,42
20250131,003780,,85645935660,43
20250131,009540,,79278025000,44
20250131,141080,,79265300200,45
20250131,086790,,78796480000,46
20250131,005935,,78432307800,47
20250131,304100,,77946527850,48
20250131,012330,,76052252500,49
20250131,047560,,74882117600,50
20250131,028260,,74755729300,51
20250131,411080,,74103023900,52
20250131,028300,,73757995300,53
20250131,103590,,70986154550,54
20250131,055550,,70985872549,55
20250131,060720,,68582121580,56
20250131,030520,,68511541750,57
20250131,247540,,63149273000,58
20250131,083650,,63075394400,59
20250131,000720,,61619658200,60
20250131,051910,,61173819000,61
20250131,274090,,59716274670,62
20250131,272210,,58272443100,63
20250131,161580,,57540523600,64
20250131,402340,,55325992200,65
20250131,005490,,54903019000,66
20250131,377480,,54782406300,67
20250131,382150,,54701229580,68
20250131,032830,,54276662700,69
20250131,086280,,54065869600,70
20250131,454910,,52228017600,71
20250131,373220,,51977272500,72
20250131,050890,,51819846580,73
20250131,241560,,51725841150,74
20250131,079550,,50934084500,75
20250131,017670,,50724988100,76
20250131,064350,,49698847900,77
20250131,018260,,48350278300,78
20250131,089030,,48041270450,79
20250131,352820,,47969244000,80
20250131,003230,,47584133000,81
20250131,009450,,47518239700,82
20250131,006260,,46898302500,83
20250131,140670,,46615852820,84
20250131,062970,,46311858310,85
20250131,033100,,45854472100,86
20250131,394800,,45333082770,87
20250131,010620,,44953397500,88
20250131,011200,,43744014630,89
20250131,466100,,43514708350,90
20250131,066570,,42621437800,91
20250131,079900,,42530273950,92
20250131,316140,,42402671060,93
20250131,298380,,41313582600,94
20250131,138040,,40894890800,95
20250131,450520,,40300093605,96
20250131,489790,,39482726000,97
20250131,082740,,38256855650,98
20250131,039030,,37325542600,99
20250131,090430,,37189680300,100
20250131,478560,,36856490050,101
20250131,087010,,36675072000,102
20250131,003670,,36043713700,103
20250131,434480,,35348482710,104
20250131,065500,,35142126365,105
20250131,012510,,34510035900,106
20250131,042000,,33847619750,107
20250131,033780,,33581662300,108
20250131,030200,,32543024814,109
20250131,403870,,31811568850,110
20250131,005387,,31729679750,111
20250131,001440,,31062988050,112
20250131,041020,,30852750140,113
20250131,229640,,30448903300,114
20250131,035900,,30166786700,115
20250131,065350,,29458290700,116
20250131,010130,,29292426000,117
20250131,018290,,28958291150,118
20250131,402030,,28659374300,119
20250131,003490,,28621721900,120
20250131,108860,,28403852860,121
20250131,011070,,28252866600,122
20250131,047810,,28089598800,123
20250131,086520,,27780565200,124
20250131,039980,,27674592790,125
20250131,475400,,27602018950,126
20250131,300080,,26526047310,127
20250131,024110,,26462764240,128
20250131,031980,,26223510500,129
20250131,009830,,26175834270,130
20250131,003550,,25660090800,131
20250131,317830,,25598684060,132
20250131,005830,,25386115100,133
20250131,347850,,25255631000,134
20250131,443060,,25079345800,135
20250131,214450,,24987236500,136
20250131,267270,,24347667800,137
20250131,232680,,24297937660,138
20250131,005420,,24289734260,139
20250131,014160,,24257268659,140
20250131,353200,,24059426370,141
20250131,464580,,23898135780,142
20250131,094170,,23579106970,143
20250131,095340,,23284067900,144
20250131,119850,,23154141500,145
20250131,416180,,23094604900,146
20250131,310210,,22811553100,147
20250131,096770,,22464628500,148
20250131,053800,,22360995300,149
20250131,028050,,22177553990,150
20250131,080220,,21945014580,151
20250131,323280,,21908343300,152
20250131,199820,,21864851620,153
20250131,009420,,21109646500,154
20250131,005385,,21052981800,155
20250131,017860,,20860924500,156
20250131,034730,,20478987800,157
20250131,001570,,20464741720,158
20250131,464080,,20036795890,159
20250131,058970,,20033761000,160
20250131,051900,,19899583500,161
20250131,430690,,19738785360,162
20250131,226950,,19556270040,163
20250131,257720,,19479378500,164
20250131,010770,,19283836105,165
20250131,010640,,19090662950,166
20250131,033240,,18922047570,167
20250131,005690,,18792170530,168
20250131,145020,,18713249500,169
20250131,450080,,18574337600,170
20250131,058470,,18538126000,171
20250131,455900,,18436692650,172
20250131,002630,,18393005881,173
20250131,073240,,17904065800,174
20250131,036930,,17875236550,175
20250131,356890,,17760142080,176
20250131,326030,,17621371400,177
20250131,051630,,17513029010,178
20250131,016360,,17417043700,179
20250131,204270,,17133961350,180
20250131,052690,,17051568700,181
20250131,015760,,16899685400,182
20250131,278470,,16885515750,183
20250131,090080,,16844169921,184
20250131,004870,,16840422397,185
20250131,059120,,16798399220,186
20250131,039240,,16772320690,187
20250131,100840,,16263279700,188
20250131,348370,,15816165900,189
20250131,090360,,15810235400,190
20250131,009470,,15795988200,191
20250131,066970,,15705240400,192
20250131,323410,,15632717350,193
20250131,049070,,15323163950,194
20250131,138930,,15287315130,195
20250131,096250,,15250097080,196
20250131,036460,,15211884300,197
20250131,067310,,15079275590,198
20250131,014620,,15050462450,199
20250131,140070,,14714585245,200
20250228,005930,,1540205401313,1
20250228,000660,,1053368170640,2
20250228,042660,,570273224400,3
20250228,277810,,482830569000,4
20250228,012450,,465097236000,5
20250228,034020,,351021043200,6
20250228,035420,,347729555500,7
20250228,010140,,304887108990,8
20250228,028050,,302872969160,9
20250228,247540,,302200374000,10
20250228,035720,,287205843206,11
20250228,450080,,252699553000,12
20250228,005380,,231850331300,13
20250228,196170,,228584834500,14
20250228,037270,,221566028240,15
20250228,068270,,216086463600,16
20250228,439090,,214942842340,17
20250228,066970,,213052400400,18
20250228,267260,,210185756805,19
20250228,008830,,207582324250,20
20250228,214150,,201486962000,21
20250228,241520,,192312050415,22
20250228,456070,,187224555210,23
20250228,348370,,185156118400,24
20250228,078930,,170570954250,25
20250228,011780,,167041142400,26
20250228,128940,,165176126500,27
20250228,028300,,161155861200,28
20250228,022100,,157687943400,29
20250228,006400,,156347557000,30
20250228,000270,,153204893712,31
20250228,010120,,146063638500,32
20250228,015760,,142379371850,33
20250228,055550,,141645013450,34
20250228,329180,,138065735500,35
20250228,214420,,137867484700,36
20250228,005935,,136203721085,37
20250228,064350,,135233746500,38
20250228,251270,,132196098400,39
20250228,000100,,128780427300,40
20250228,042700,,128093381800,41
20250228,005490,,126717491000,42
20250228,457190,,125602307600,43
20250228,047810,,124175151700,44
20250228,435570,,123218305910,45
20250228,051915,,120372540800,46
20250228,086790,,120117240300,47
20250228,051910,,118044607500,48
20250228,105560,,117435512439,49
20250228,011170,,117066075600,50
20250228,207940,,113572699000,51
20250228,079550,,104243392500,52
20250228,033780,,103643076800,53
20250228,373220,,103632655500,54
20250228,096770,,103095555500,55
20250228,302440,,99527408550,56
20250228,011200,,97532455730,57
20250228,389140,,95804049980,58
20250228,199550,,94023581240,59
20250228,000150,,93265194500,60
20250228,272210,,92055939900,61
20250228,096530,,88930501750,62
20250228,161580,,83613990750,63
20250228,003550,,82073958820,64
20250228,007660,,80531928600,65
20250228,009540,,80110331000,66
20250228,001570,,80047010150,67
20250228,086520,,79651319100,68
20250228,257720,,79603589400,69
20250228,259960,,79591288000,70
20250228,009150,,77873895700,71
20250228,098460,,76638564180,72
20250228,437730,,76357125830,73
20250228,352820,,76204027000,74
20250228,226950,,76038141100,75
20250228,489790,,73298114850,76
20250228,012330,,70895270250,77
20250228,408900,,70736991810,78
20250228,035900,,70043825100,79
20250228,066570,,68251390300,80
20250228,000910,,67889441320,81
20250228,010130,,66757271000,82
20250228,009830,,66645001950,83
20250228,047050,,64760539400,84
20250228,475830,,64690994000,85
20250228,003670,,64567584700,86
20250228,000810,,63752282500,87
20250228,011790,,63327367100,88
20250228,005010,,62659603525,89
20250228,028260,,61135323900,90
20250228,017670,,61090079600,91
20250228,079900,,59114036300,92
20250228,290690,,58907491330,93
20250228,278470,,58723485500,94
20250228,316140,,57736127780,95
20250228,222800,,54529203050,96
20250228,122870,,54460110400,97
20250228,000250,,51721197400,98
20250228,011280,,51523294035,99
20250228,463480,,50680646760,100
20250228,393210,,50447518520,101
20250228,042000,,49628397900,102
20250228,246690,,47995008219,103
20250228,018290,,47302768700,104
20250228,092790,,47110811350,105
20250228,003230,,45827787000,106
20250228,221800,,45085027490,107
20250228,298040,,44883584000,108
20250228,010770,,44596568660,109
20250228,317770,,44086512595,110
20250228,466100,,43713192670,111
20250228,003490,,43633298900,112
20250228,489500,,42447026250,113
20250228,071200,,42022433780,114
20250228,090430,,40859494600,115
20250228,402340,,40673144200,116
20250228,062040,,39821592000,117
20250228,192820,,38650383200,118
20250228,005830,,38286082700,119
20250228,138040,,38023489600,120
20250228,011070,,37695185100,121
20250228,326030,,37248307700,122
20250228,000720,,37243592900,123
20250228,141080,,37185277200,124
20250228,479960,,36556218590,125
20250228,032830,,36548705000,126
20250228,097950,,36438396500,127
20250228,005290,,36080472750,128
20250228,413390,,35306560470,129
20250228,253840,,35089312610,130
20250228,446540,,35077495385,131
20250228,064400,,35050436200,132
20250228,051900,,34832210000,133
20250228,005070,,34789096300,134
20250228,078600,,34521358700,135
20250228,010620,,34420269000,136
20250228,065500,,34080307810,137
20250228,006660,,33816937880,138
20250228,298380,,33406518700,139
20250228,476080,,33339246840,140
20250228,030960,,33129849930,141
20250228,021240,,32395727300,142
20250228,145020,,32312935250,143
20250228,089030,,32157033300,144
20250228,443060,,32094228200,145
20250228,034730,,31335997800,146
20250228,024110,,30917456110,147
20250228,000990,,30752739000,148
20250228,161890,,30331514500,149
20250228,454910,,30008035400,150
20250228,034220,,29591938200,151
20250228,328130,,29534646800,152
20250228,323410,,28846359425,153
20250228,047920,,28411258400,154
20250228,011500,,28180513020,155
20250228,090710,,27814060470,156
20250228,086280,,26847206800,157
20250228,039030,,26631951700,158
20250228,082740,,26181739650,159
20250228,388720,,26096983500,160
20250228,041510,,26095249200,161
20250228,036570,,25935534300,162
20250228,030200,,25856234985,163
20250228,005387,,25683070500,164
20250228,452190,,25536387430,165
20250228,006260,,24934579900,166
20250228,065370,,24632532300,167
20250228,000880,,24412448450,168
20250228,087010,,24153112000,169
20250228,074600,,23972442240,170
20250228,138930,,23903850340,171
20250228,377300,,23810185600,172
20250228,042670,,23624871960,173
20250228,452450,,23599838030,174
20250228,020120,,23455657795,175
20250228,161390,,23145434050,176
20250228,214450,,22531848500,177
20250228,113810,,22530984945,178
20250228,376300,,22336469450,179
20250228,004020,,22331130400,180
20250228,241560,,22168828350,181
20250228,018260,,22126881800,182
20250228,267270,,21949308600,183
20250228,037460,,21875399330,184
20250228,068760,,21525124100,185
20250228,080220,,21483216560,186
20250228,253450,,21447091000,187
20250228,000490,,21176995820,188
20250228,036460,,21039734650,189
20250228,005940,,20994256510,190
20250228,358570,,20583429970,191
20250228,058470,,20395087500,192
20250228,016360,,20227685850,193
20250228,009420,,20073546050,194
20250228,323280,,20022275300,195
20250228,462870,,19840054000,196
20250228,310210,,19588704400,197
20250228,036930,,19429149950,198
20250228,101240,,19078847440,199
20250228,451250,,18818380150,200
20250331,005930,,1029323854400,1
20250331,000660,,876621938700,2
20250331,196170,,283069653250,3
20250331,484810,,249291295225,4
20250331,476060,,220043602775,5
20250331,373220,,191966296250,6
20250331,012450,,191512998500,7
20250331,005380,,185729892700,8
20250331,042700,,169717611700,9
20250331,042660,,164916093650,10
20250331,065500,,164723147485,11
20250331,064350,,140160882150,12
20250331,035420,,127534776450,13
20250331,105560,,124547324000,14
20250331,267260,,123817240642,15
20250331,005490,,123528351000,16
20250331,393970,,123076927910,17
20250331,000270,,113680677300,18
20250331,086520,,113108954075,19
20250331,011080,,110253739147,20
20250331,006400,,107483116950,21
20250331,068270,,105505378200,22
20250331,047810,,102011072200,23
20250331,034020,,101047107250,24
20250331,466100,,100029449105,25
20250331,259960,,98655165750,26
20250331,037950,,97200148668,27
20250331,005935,,95923104836,28
20250331,010140,,94218955220,29
20250331,024720,,93590251395,30
20250331,051910,,93046037000,31
20250331,043910,,88684698761,32
20250331,363260,,76043532009,33
20250331,003670,,72701418300,34
20250331,272210,,71596327150,35
20250331,247540,,70973701500,36
20250331,451220,,70822159710,37
20250331,329180,,68325967500,38
20250331,035720,,67862424800,39
20250331,020180,,67428421152,40
20250331,000250,,66641772450,41
20250331,024060,,65152067620,42
20250331,000100,,64369683350,43
20250331,055550,,63662712150,44
20250331,007390,,62374573600,45
20250331,489790,,61089679100,46
20250331,028300,,60740815550,47
20250331,008970,,58997158629,48
20250331,207940,,56544124000,49
20250331,000720,,55792191500,50
20250331,090430,,55763851800,51
20250331,010120,,54122776450,52
20250331,086790,,48160388400,53
20250331,098070,,47705910175,54
20250331,950160,,47003754150,55
20250331,012330,,46834130000,56
20250331,003230,,46746461000,57
20250331,277810,,46683228500,58
20250331,010620,,46252567150,59
20250331,011790,,46233616100,60
20250331,271980,,45639554395,61
20250331,093240,,44769881395,62
20250331,450080,,44233869300,63
20250331,009150,,44010090050,64
20250331,402340,,42101940850,65
20250331,028260,,41423400600,66
20250331,009540,,41146260750,67
20250331,382150,,41007977640,68
20250331,066570,,40864798750,69
20250331,163280,,38280399900,70
20250331,067080,,36859187320,71
20250331,096770,,36853416650,72
20250331,109610,,35720003953,73
20250331,079550,,35690927000,74
20250331,000150,,34712044000,75
20250331,199550,,34510543455,76
20250331,007660,,34390172900,77
20250331,035900,,34343410900,78
20250331,087010,,33392483550,79
20250331,011200,,31729471005,80
20250331,352820,,30549785250,81
20250331,141080,,30189396450,82
20250331,034730,,29703844350,83
20250331,002630,,29584709281,84
20250331,033780,,29311497150,85
20250331,088340,,29010440680,86
20250331,226950,,28545273700,87
20250331,047050,,27723842600,88
20250331,089030,,27497591600,89
20250331,138040,,27469262400,90
20250331,017670,,27380143700,91
20250331,082270,,27082789975,92
20250331,000880,,26884580200,93
20250331,003550,,26614448616,94
20250331,014280,,26260744334,95
20250331,214450,,26234083072,96
20250331,278470,,26001050450,97
20250331,015760,,25903414550,98
20250331,032830,,25440582800,99
20250331,066970,,25078670350,100
20250331,030960,,25010025570,101
20250331,003490,,24870943675,102
20250331,022100,,24685579625,103
20250331,257720,,24483567450,104
20250331,036570,,23975322300,105
20250331,348370,,23964751100,106
20250331,463480,,23880753175,107
20250331,028050,,23652584700,108
20250331,273060,,23384475918,109
20250331,006220,,23289149860,110
20250331,475830,,23063932625,111
20250331,328130,,23007615825,112
20250331,316140,,22901324245,113
20250331,024910,,22803173722,114
20250331,009830,,22607509760,115
20250331,000810,,22166898000,116
20250331,267320,,21836302360,117
20250331,200130,,21762315470,118
20250331,021240,,21409803250,119
20250331,051900,,21216144500,120
20250331,161580,,21169889275,121
20250331,082740,,21089957025,122
20250331,439090,,21035745245,123
20250331,024110,,20835432745,124
20250331,025950,,20797526025,125
20250331,005387,,20680361600,126
20250331,068050,,20642952633,127
20250331,041510,,19566487850,128
20250331,465480,,18657797630,129
20250331,011070,,18586478000,130
20250331,177900,,18549493365,131
20250331,004090,,18476664840,132
20250331,011780,,18312176200,133
20250331,298040,,18161985000,134
20250331,460870,,17995191836,135
20250331,308100,,17791100640,136
20250331,457190,,17743940250,137
20250331,086280,,17489352900,138
20250331,018290,,17126159475,139
20250331,031210,,17050289825,140
20250331,062040,,17026746300,141
20250331,241560,,17003763725,142
20250331,005070,,16959909250,143
20250331,044180,,16781959424,144
20250331,045660,,16675342975,145
20250331,310210,,16377532150,146
20250331,403870,,16324163175,147
20250331,058470,,16068727150,148
20250331,240550,,15705913860,149
20250331,237820,,15538268870,150
20250331,018260,,15446012550,151
20250331,010130,,15373518500,152
20250331,005830,,15233018550,153
20250331,097870,,15074283135,154
20250331,005290,,15024549875,155
20250331,298380,,14990039325,156
20250331,098460,,14802526815,157
20250331,192820,,14669217140,158
20250331,030200,,14666171127,159
20250331,145020,,14537062250,160
20250331,039030,,14290250500,161
20250331,036930,,14180757825,162
20250331,004020,,14152262800,163
20250331,060310,,14143697299,164
20250331,034220,,14081167375,165
20250331,139480,,14026715400,166
20250331,001040,,13965881300,167
20250331,160190,,13936697725,168
20250331,035250,,13837627630,169
20250331,113810,,13803785228,170
20250331,006260,,13732777500,171
20250331,011170,,13436384700,172
20250331,138930,,13253939305,173
20250331,071970,,13174301300,174
20250331,078600,,13084145450,175
20250331,347850,,13080014750,176
20250331,036460,,12857230950,177
20250331,326030,,12787615750,178
20250331,323280,,12764365900,179
20250331,290690,,12746149762,180
20250331,012510,,12665771900,181
20250331,103140,,12633094750,182
20250331,473980,,12370808475,183
20250331,323410,,12361313100,184
20250331,005385,,12359477300,185
20250331,010950,,12329033050,186
20250331,161390,,12308828800,187
20250331,033500,,12301942675,188
20250331,454910,,12236007800,189
20250331,267250,,11811651600,190
20250331,097950,,11789195250,191
20250331,065350,,11702584800,192
20250331,271560,,11662914800,193
20250331,086900,,11417769100,194
20250331,204270,,11384329200,195
20250331,452450,,11277380780,196
20250331,039490,,11133699800,197
20250331,140410,,11110646300,198
20250331,004370,,11035928500,199
20250331,222800,,11032815980,200
20250430,005930,,723346232700,1
20250430,081180,,446471797835,2
20250430,000660,,418810546350,3
20250430,042660,,408282274200,4
20250430,012450,,407934044000,5
20250430,065500,,328025810435,6
20250430,064350,,215678109200,7
20250430,034020,,210350382775,8
20250430,207760,,166674348379,9
20250430,373220,,155973429500,10
20250430,042940,,148627018225,11
20250430,105560,,144019688300,12
20250430,352820,,141880505750,13
20250430,161000,,130753747955,14
20250430,462860,,124926252650,15
20250430,329180,,121262725250,16
20250430,446540,,119172332098,17
20250430,010140,,116098727540,18
20250430,272210,,116001345975,19
20250430,006400,,107603636500,20
20250430,196170,,106279272750,21
20250430,035420,,104218055400,22
20250430,013580,,98376665950,23
20250430,389470,,97916558975,24
20250430,259960,,97204373750,25
20250430,476060,,95266057600,26
20250430,000270,,92431226550,27
20250430,364950,,87047371305,28
20250430,055550,,86494027500,29
20250430,009830,,86219190150,30
20250430,014970,,83334966515,31
20250430,005380,,82137940050,32
20250430,063170,,80784226075,33
20250430,017670,,78104683450,34
20250430,267260,,76969278500,35
20250430,128940,,75320315500,36
20250430,005935,,73729630165,37
20250430,006800,,73044236252,38
20250430,009150,,72400403150,39
20250430,052400,,72294768250,40
20250430,090430,,70981775900,41
20250430,035720,,70866694425,42
20250430,068270,,70562823050,43
20250430,002630,,70491378624,44
20250430,009540,,70224016000,45
20250430,435570,,66888739715,46
20250430,489790,,66004686400,47
20250430,010620,,62670455850,48
20250430,047810,,62074921050,49
20250430,087010,,62003280350,50
20250430,438700,,61728911655,51
20250430,389140,,61555442675,52
20250430,010120,,60554880850,53
20250430,086790,,60508904350,54
20250430,079550,,59816535750,55
20250430,207940,,57891109500,56
20250430,098460,,56387324615,57
20250430,042700,,55943533250,58
20250430,051910,,55162453500,59
20250430,018470,,54961269826,60
20250430,000150,,53465648250,61
20250430,347850,,53187775250,62
20250430,005490,,50743893250,63
20250430,012330,,49816620000,64
20250430,083650,,49237428900,65
20250430,316140,,48866224340,66
20250430,138040,,47993183150,67
20250430,247540,,47360336500,68
20250430,095720,,46258652407,69
20250430,417180,,44869621337,70
20250430,308100,,43318153115,71
20250430,001540,,42976800915,72
20250430,035900,,42842094250,73
20250430,093240,,41057681456,74
20250430,010130,,40990100500,75
20250430,033780,,40828268650,76
20250430,000810,,40625966000,77
20250430,298380,,40303726500,78
20250430,086520,,40137662750,79
20250430,003670,,39336498000,80
20250430,016880,,39082280290,81
20250430,408900,,37393897518,82
20250430,089850,,36491488210,83
20250430,226590,,36277669795,84
20250430,015760,,35478822875,85
20250430,028260,,35292866950,86
20250430,444530,,35066477075,87
20250430,007660,,34916213150,88
20250430,037270,,34794798635,89
20250430,070300,,33965345307,90
20250430,393890,,33716879820,91
20250430,020710,,33495951885,92
20250430,021040,,32891514759,93
20250430,102370,,32417476623,94
20250430,025950,,32271764875,95
20250430,086280,,32019551050,96
20250430,016360,,30850799500,97
20250430,000720,,30848146775,98
20250430,082740,,30639440375,99
20250430,000100,,30107524550,100
20250430,039240,,30097255993,101
20250430,277810,,29564361000,102
20250430,382150,,29331432665,103
20250430,094840,,29312550580,104
20250430,096770,,28950933300,105
20250430,062040,,28744559600,106
20250430,033230,,28502627982,107
20250430,039490,,28405179600,108
20250430,027830,,27862649199,109
20250430,032830,,27460331050,110
20250430,288620,,27123385625,111
20250430,030200,,27068223486,112
20250430,298040,,26914341250,113
20250430,032640,,26820125315,114
20250430,011200,,26388990580,115
20250430,001790,,24980169596,116
20250430,031310,,24746332394,117
20250430,006260,,24725125150,118
20250430,011080,,24241330685,119
20250430,028300,,24195871400,120
20250430,003490,,24039033950,121
20250430,289010,,23899530363,122
20250430,402340,,23606774050,123
20250430,407400,,23386745080,124
20250430,439580,,23216720555,125
20250430,021240,,23198319850,126
20250430,103140,,22797096500,127
20250430,004100,,22120180002,128
20250430,009410,,21910490819,129
20250430,041510,,21434747450,130
20250430,005940,,21193236580,131
20250430,003230,,21103287000,132
20250430,141080,,20738803250,133
20250430,348080,,20585899224,134
20250430,066570,,20461819850,135
20250430,011150,,20244300852,136
20250430,036930,,20152358175,137
20250430,037560,,19950335191,138
20250430,005387,,19560993000,139
20250430,000250,,19439596300,140
20250430,000880,,19263306125,141
20250430,257720,,18995527900,142
20250430,950160,,18930393625,143
20250430,450080,,18764490250,144
20250430,103590,,18345186075,145
20250430,045660,,18291749600,146
20250430,007390,,17332413350,147
20250430,003310,,17193218780,148
20250430,071050,,17186506150,149
20250430,024110,,17107921390,150
20250430,195940,,17018897200,151
20250430,214450,,16844675500,152
20250430,064400,,16762949400,153
20250430,267320,,16759299321,154
20250430,271560,,16733027500,155
20250430,226950,,16624610100,156
20250430,456010,,16487556725,157
20250430,138930,,16429029600,158
20250430,310210,,16289347200,159
20250430,008970,,16285994872,160
20250430,088340,,16023750075,161
20250430,278470,,15856384550,162
20250430,003350,,15450841000,163
20250430,001450,,15341850825,164
20250430,011070,,15187386800,165
20250430,326030,,15187247200,166
20250430,475830,,15014590260,167
20250430,328130,,14989313000,168
20250430,003550,,14661077600,169
20250430,036570,,14632629550,170
20250430,011790,,14594078550,171
20250430,382900,,14582249785,172
20250430,288330,,14575510405,173
20250430,066970,,14552374900,174
20250430,122870,,14506077900,175
20250430,475150,,14472710590,176
20250430,458650,,14457166495,177
20250430,086710,,14406312165,178
20250430,013360,,14346503243,179
20250430,018260,,14064413100,180
20250430,010770,,13815304245,181
20250430,053580,,13804550560,182
20250430,005830,,13667885400,183
20250430,097950,,13558788000,184
20250430,047050,,13299919300,185
20250430,028050,,13253596010,186
20250430,071970,,13070376900,187
20250430,058470,,12986871675,188
20250430,430690,,12935142105,189
20250430,001795,,12833717806,190
20250430,267250,,12622520450,191
20250430,098070,,12395916450,192
20250430,053800,,12095735700,193
20250430,358570,,12056707495,194
20250430,217270,,11988525775,195
20250430,001040,,11898020550,196
20250430,034730,,11878737150,197
20250430,036460,,11822201425,198
20250430,051900,,11809806750,199
20250430,214150,,11799992550,200
20250531,060310,,0,1
20250531,095570,,0,2
20250531,006840,,0,3
20250531,054620,,0,4
20250531,265520,,0,5
20250531,211270,,0,6
20250531,109960,,0,7
20250531,139050,,0,8
20250531,027410,,0,9
20250531,282330,,0,10
20250531,126600,,0,11
20250531,138930,,0,12
20250531,001460,,0,13
20250531,001465,,0,14
20250531,013720,,0,15
20250531,083790,,0,16
20250531,001040,,0,17
20250531,079160,,0,18
20250531,035760,,0,19
20250531,311690,,0,20
20250531,00104K,,0,21
20250531,000120,,0,22
20250531,011150,,0,23
20250531,011155,,0,24
20250531,001045,,0,25
20250531,097950,,0,26
20250531,097955,,0,27
20250531,051500,,0,28
20250531,058820,,0,29
20250531,023460,,0,30
20250531,056730,,0,31
20250531,000480,,0,32
20250531,065770,,0,33
20250531,083660,,0,34
20250531,000590,,0,35
20250531,012030,,0,36
20250531,477760,,0,37
20250531,005830,,0,38
20250531,016610,,0,39
20250531,000990,,0,40
20250531,099520,,0,41
20250531,060900,,0,42
20250531,000300,,0,43
20250531,290120,,0,44
20250531,025440,,0,45
20250531,001530,,0,46
20250531,015590,,0,47
20250531,000210,,0,48
20250531,000215,,0,49
20250531,375500,,0,50
20250531,37550L,,0,51
20250531,37550K,,0,52
20250531,068790,,0,53
20250531,007340,,0,54
20250531,004840,,0,55
20250531,241520,,0,56
20250531,155660,,0,57
20250531,069730,,0,58
20250531,017860,,0,59
20250531,180400,,0,60
20250531,092780,,0,61
20250531,017940,,0,62
20250531,418620,,0,63
20250531,245620,,0,64
20250531,037370,,0,65
20250531,278990,,0,66
20250531,365550,,0,67
20250531,050120,,0,68
20250531,383220,,0,69
20250531,007700,,0,70
20250531,214270,,0,71
20250531,130500,,0,72
20250531,114090,,0,73
20250531,900290,,0,74
20250531,078930,,0,75
20250531,083450,,0,76
20250531,006360,,0,77
20250531,001250,,0,78
20250531,007070,,0,79
20250531,078935,,0,80
20250531,499790,,0,81
20250531,297890,,0,82
20250531,440290,,0,83
20250531,078150,,0,84
20250531,012630,,0,85
20250531,039570,,0,86
20250531,089470,,0,87
20250531,294870,,0,88
20250531,009540,,0,89
20250531,267250,,0,90
20250531,267270,,0,91
20250531,443060,,0,92
20250531,071970,,0,93
20250531,010620,,0,94
20250531,322000,,0,95
20250531,042670,,0,96
20250531,267260,,0,97
20250531,329180,,0,98
20250531,097230,,0,99
20250531,195940,,0,100
20250531,014790,,0,101
20250531,028300,,0,102
20250531,003580,,0,103
20250531,278650,,0,104
20250531,343090,,0,105
20250531,067630,,0,106
20250531,024850,,0,107
20250531,187420,,0,108
20250531,047920,,0,109
20250531,115450,,0,110
20250531,046210,,0,111
20250531,196300,,0,112
20250531,204320,,0,113
20250531,060980,,0,114
20250531,011200,,0,115
20250531,403870,,0,116
20250531,036640,,0,117
20250531,035000,,0,118
20250531,002460,,0,119
20250531,487570,,0,120
20250531,298050,,0,121
20250531,439730,,0,122
20250531,442770,,0,123
20250531,448760,,0,124
20250531,467930,,0,125
20250531,469480,,0,126
20250531,003560,,0,127
20250531,015360,,0,128
20250531,095340,,0,129
20250531,175330,,0,130
20250531,950170,,0,131
20250531,234080,,0,132
20250531,067290,,0,133
20250531,001060,,0,134
20250531,001067,,0,135
20250531,001065,,0,136
20250531,096760,,0,137
20250531,035900,,0,138
20250531,318000,,0,139
20250531,024840,,0,140
20250531,105560,,0,141
20250531,415640,,0,142
20250531,432320,,0,143
20250531,024120,,0,144
20250531,455250,,0,145
20250531,464680,,0,146
20250531,476470,,0,147
20250531,478390,,0,148
20250531,486630,,0,149
20250531,492220,,0,150
20250531,002380,,0,151
20250531,021320,,0,152
20250531,344820,,0,153
20250531,009070,,0,154
20250531,009440,,0,155
20250531,112190,,0,156
20250531,119650,,0,157
20250531,044180,,0,158
20250531,092220,,0,159
20250531,046440,,0,160
20250531,003620,,0,161
20250531,016380,,0,162
20250531,151860,,0,163
20250531,035600,,0,164
20250531,001390,,0,165
20250531,226360,,0,166
20250531,111870,,0,167
20250531,033180,,0,168
20250531,060720,,0,169
20250531,001940,,0,170
20250531,058400,,0,171
20250531,025000,,0,172
20250531,092230,,0,173
20250531,000040,,0,174
20250531,044450,,0,175
20250531,101000,,0,176
20250531,030200,,0,177
20250531,033780,,0,178
20250531,058850,,0,179
20250531,058860,,0,180
20250531,089600,,0,181
20250531,418470,,0,182
20250531,043610,,0,183
20250531,122450,,0,184
20250531,052900,,0,185
20250531,036560,,0,186
20250531,061970,,0,187
20250531,309960,,0,188
20250531,093050,,0,189
20250531,003550,,0,190
20250531,034220,,0,191
20250531,051900,,0,192
20250531,051905,,0,193
20250531,064400,,0,194
20250531,373220,,0,195
20250531,003555,,0,196
20250531,032640,,0,197
20250531,011070,,0,198
20250531,066570,,0,199
20250531,066575,,0,200
20250630,388610,,1285006250225,1
20250630,000660,,1270954675000,2
20250630,005930,,1030779273850,3
20250630,034020,,850040300500,4
20250630,035420,,579964215000,5
20250630,096770,,379080427450,6
20250630,015760,,327651549000,7
20250630,377300,,304254175900,8
20250630,064400,,301202944250,9
20250630,257720,,265050180450,10
20250630,035720,,245773500400,11
20250630,012450,,223336613400,12
20250630,090710,,213221023842,13
20250630,032820,,185049520353,14
20250630,008970,,178337576628,15
20250630,267260,,166547849250,16
20250630,064350,,159843511250,17
20250630,203400,,155413667760,18
20250630,402340,,152766512600,19
20250630,042660,,149129382100,20
20250630,105560,,140980272412,21
20250630,010140,,139926210815,22
20250630,055550,,137916566400,23
20250630,000150,,135794839500,24
20250630,123690,,127566529570,25
20250630,476040,,108887743275,26
20250630,024720,,103843622520,27
20250630,032940,,102610937100,28
20250630,087010,,102436789000,29
20250630,005380,,100917401750,30
20250630,003230,,97887895000,31
20250630,103590,,97428223850,32
20250630,086790,,97018156150,33
20250630,288330,,94043522765,34
20250630,042700,,92760883000,35
20250630,062040,,88614265800,36
20250630,000720,,87783733150,37
20250630,005935,,86056235575,38
20250630,034730,,85788546850,39
20250630,323410,,85623961950,40
20250630,010620,,85383901950,41
20250630,010120,,83536972500,42
20250630,103140,,81999509450,43
20250630,009540,,81076178250,44
20250630,196170,,76947646250,45
20250630,006260,,76389783200,46
20250630,483650,,75961867900,47
20250630,000880,,75801632150,48
20250630,053300,,75560184835,49
20250630,007660,,75188554225,50
20250630,278470,,73399343650,51
20250630,006400,,71595424400,52
20250630,329180,,69963024750,53
20250630,006800,,69525397325,54
20250630,000270,,67456152200,55
20250630,079550,,64567002000,56
20250630,259960,,63501465750,57
20250630,373220,,62004920750,58
20250630,018260,,61542241700,59
20250630,093240,,61118176176,60
20250630,328130,,60742894950,61
20250630,036570,,59925913400,62
20250630,352820,,59320558500,63
20250630,001440,,59301962810,64
20250630,092790,,58850682525,65
20250630,028260,,57162942550,66
20250630,052690,,57046829950,67
20250630,030200,,56173738275,68
20250630,272210,,56130036700,69
20250630,009830,,55398152125,70
20250630,005490,,54591038250,71
20250630,298040,,53820930000,72
20250630,298380,,51240598700,73
20250630,454910,,50301209000,74
20250630,068270,,50191359600,75
20250630,006220,,48944893270,76
20250630,161890,,48844371700,77
20250630,097870,,48689177300,78
20250630,307950,,48127069700,79
20250630,003490,,47437707975,80
20250630,316140,,47258939750,81
20250630,056090,,45518145225,82
20250630,214450,,45435133000,83
20250630,376900,,45369318520,84
20250630,108490,,44669924700,85
20250630,207940,,44337303500,86
20250630,012330,,43185320250,87
20250630,033780,,42791003300,88
20250630,017670,,41965256400,89
20250630,090430,,41423432700,90
20250630,003670,,40883191150,91
20250630,036460,,39463630825,92
20250630,016360,,39424801950,93
20250630,347850,,38787378450,94
20250630,010950,,37069200800,95
20250630,032830,,36818098900,96
20250630,051910,,36721806000,97
20250630,241560,,36666948950,98
20250630,039830,,36612447960,99
20250630,247540,,36443555600,100
20250630,267250,,35858991950,101
20250630,375500,,35699004000,102
20250630,047810,,35653840300,103
20250630,141080,,34667753000,104
20250630,124500,,33606826675,105
20250630,078600,,33597187300,106
20250630,000810,,33534001500,107
20250630,071050,,33526835300,108
20250630,489460,,33412817380,109
20250630,037070,,33199474620,110
20250630,044490,,32714918700,111
20250630,039490,,32689676750,112
20250630,002020,,31915454125,113
20250630,192820,,31682202750,114
20250630,019170,,31404389700,115
20250630,204270,,31355924560,116
20250630,066570,,31302491950,117
20250630,123420,,30914967275,118
20250630,214270,,30805795084,119
20250630,277810,,30319304000,120
20250630,009150,,30011109600,121
20250630,086900,,29828912800,122
20250630,000155,,29345363500,123
20250630,418620,,29090184546,124
20250630,138040,,29051834400,125
20250630,950210,,28640342235,126
20250630,047050,,28483954975,127
20250630,000100,,28147878800,128
20250630,005830,,28104551600,129
20250630,358570,,27809631015,130
20250630,011790,,27378039900,131
20250630,001040,,27259609800,132
20250630,010130,,27133642000,133
20250630,263050,,27097349881,134
20250630,201490,,26816248716,135
20250630,025980,,26674251185,136
20250630,086520,,26492469900,137
20250630,018290,,25664508175,138
20250630,005385,,25377370200,139
20250630,051600,,25375572800,140
20250630,003550,,24901802200,141
20250630,450080,,24793554300,142
20250630,457550,,24114855675,143
20250630,028300,,24041108100,144
20250630,041510,,23854316550,145
20250630,051900,,23552039250,146
20250630,033340,,23393537438,147
20250630,011080,,23360765184,148
20250630,348350,,23188050705,149
20250630,021240,,23168210150,150
20250630,082740,,23062179700,151
20250630,012510,,22992857250,152
20250630,083650,,22650348450,153
20250630,011200,,22340848975,154
20250630,489790,,22072524000,155
20250630,145020,,21884566500,156
20250630,293490,,21556071405,157
20250630,005387,,21390259050,158
20250630,037270,,21349632465,159
20250630,294870,,21285407825,160
20250630,086280,,20959003250,161
20250630,207760,,20780486632,162
20250630,475150,,20580815250,163
20250630,251270,,20543665800,164
20250630,158430,,20315788950,165
20250630,024110,,20313393930,166
20250630,950140,,20278352140,167
20250630,078930,,19953756200,168
20250630,310210,,19917641150,169
20250630,200230,,19862104950,170
20250630,064260,,19847837890,171
20250630,042370,,19648164685,172
20250630,376300,,19621357900,173
20250630,017960,,19470893500,174
20250630,032640,,19145682460,175
20250630,443060,,18901984000,176
20250630,097950,,18688341000,177
20250630,000250,,18584615600,178
20250630,071090,,18508485843,179
20250630,027050,,18316850394,180
20250630,046120,,18294765229,181
20250630,032350,,18217594375,182
20250630,028050,,18208314550,183
20250630,277410,,18186766615,184
20250630,308100,,18096683785,185
20250630,139480,,17978750400,186
20250630,192410,,17978364906,187
20250630,010660,,17843902690,188
20250630,033100,,17819722275,189
20250630,435570,,17798179135,190
20250630,042670,,17764375845,191
20250630,122870,,17756632450,192
20250630,462860,,17735885608,193
20250630,003530,,16996627140,194
20250630,205500,,16705199465,195
20250630,192250,,16677926390,196
20250630,466100,,16258872975,197
20250630,293780,,16068688360,198
20250630,388720,,16033593150,199
20250630,017800,,15918154600,200
20250731,005930,,1907638117550,1
20250731,042660,,1561456170850,2
20250731,000660,,943515065750,3
20250731,034020,,661576384900,4
20250731,005380,,645914516250,5
20250731,012450,,599453452099,6
20250731,272210,,408586324900,7
20250731,329180,,339551881000,8
20250731,000270,,329846203750,9
20250731,373220,,270600989056,10
20250731,010140,,263912284195,11
20250731,010620,,224083459000,12
20250731,000720,,218066514026,13
20250731,009540,,205230461000,14
20250731,000150,,193514153000,15
20250731,006400,,193086091350,16
20250731,042700,,188892808450,17
20250731,009830,,184904629800,18
20250731,333430,,184232210725,19
20250731,105560,,173519819776,20
20250731,196170,,141975483912,21
20250731,025980,,138749932695,22
20250731,005935,,131698533950,23
20250731,051910,,129620277500,24
20250731,033340,,128751121008,25
20250731,096770,,126224057900,26
20250731,489790,,122713386921,27
20250731,035420,,121965523500,28
20250731,064350,,121951512050,29
20250731,028260,,118233482100,30
20250731,035720,,117784970450,31
20250731,278470,,115376182900,32
20250731,003230,,110743090500,33
20250731,008970,,107190219722,34
20250731,012330,,104013262282,35
20250731,005490,,103348197000,36
20250731,007390,,99435797375,37
20250731,015760,,98468308775,38
20250731,298040,,97952420500,39
20250731,047050,,97777122250,40
20250731,000880,,95501998950,41
20250731,009150,,93727858650,42
20250731,267260,,92587937750,43
20250731,000100,,91858004050,44
20250731,010120,,91378533250,45
20250731,071970,,87194248400,46
20250731,007660,,83776876600,47
20250731,460930,,81323261265,48
20250731,114190,,80725810195,49
20250731,352820,,80185721000,50
20250731,007110,,78765331360,51
20250731,047810,,77116870500,52
20250731,201490,,76802849700,53
20250731,079550,,76603286000,54
20250731,082740,,76141798400,55
20250731,207940,,74957390000,56
20250731,103140,,72763502550,57
20250731,402340,,71330437900,58
20250731,033230,,70488454747,59
20250731,054950,,69713070125,60
20250731,298380,,69396660050,61
20250731,003670,,65658780500,62
20250731,055550,,64965450600,63
20250731,095500,,63067977505,64
20250731,066970,,62010836450,65
20250731,033500,,60839097125,66
20250731,068270,,60064783000,67
20250731,247540,,59376789850,68
20250731,005387,,58347677750,69
20250731,257720,,57556208900,70
20250731,066570,,57208707550,71
20250731,086790,,57008571300,72
20250731,419050,,56453832545,73
20250731,005880,,55929744987,74
20250731,141080,,55564411000,75
20250731,000250,,54009178000,76
20250731,006800,,52653248475,77
20250731,041510,,50402553700,78
20250731,035900,,50018353550,79
20250731,086520,,48430162650,80
20250731,475460,,47706984665,81
20250731,033780,,47417377664,82
20250731,259960,,45633389250,83
20250731,052690,,43924004700,84
20250731,377300,,43379839900,85
20250731,062040,,42035466000,86
20250731,036460,,41644197050,87
20250731,101670,,41385924778,88
20250731,005385,,41247744700,89
20250731,210120,,39922417523,90
20250731,353200,,39542897375,91
20250731,443060,,38959025150,92
20250731,034730,,38570446900,93
20250731,087010,,38198313750,94
20250731,017800,,37790265700,95
20250731,006260,,37674096500,96
20250731,214450,,36625734500,97
20250731,065500,,36466815505,98
20250731,042670,,36449761510,99
20250731,090430,,35808772250,100
20250731,161890,,35409705350,101
20250731,054300,,35212453819,102
20250731,014990,,35205208641,103
20250731,160550,,34560774054,104
20250731,267250,,34387060050,105
20250731,204320,,34038007550,106
20250731,192820,,33780905250,107
20250731,086280,,33702792085,108
20250731,075580,,33695240655,109
20250731,034220,,33631778315,110
20250731,136150,,33449663675,111
20250731,318000,,32982506790,112
20250731,051900,,32725685000,113
20250731,028300,,32286466625,114
20250731,010130,,31916663500,115
20250731,011790,,31848414200,116
20250731,005850,,31333966150,117
20250731,348370,,31285383650,118
20250731,088980,,31260286725,119
20250731,316140,,31155976300,120
20250731,083650,,30749012575,121
20250731,064400,,30598592600,122
20250731,180400,,30255418659,123
20250731,131400,,30244246506,124
20250731,077360,,30221801697,125
20250731,071090,,30180339409,126
20250731,037270,,29838803715,127
20250731,017670,,29544383950,128
20250731,122870,,29420149450,129
20250731,067310,,29102619965,130
20250731,018260,,28692321550,131
20250731,483650,,28567300200,132
20250731,011200,,28177159725,133
20250731,003490,,28151445675,134
20250731,170030,,27922450045,135
20250731,103840,,27840363120,136
20250731,032830,,27824450250,137
20250731,471820,,27809663310,138
20250731,195940,,27081165475,139
20250731,000810,,27056385000,140
20250731,290690,,26689737880,141
20250731,226950,,26655530075,142
20250731,071050,,26250521450,143
20250731,347850,,26117929700,144
20250731,069620,,25870623550,145
20250731,380550,,25625849265,146
20250731,277810,,25430458250,147
20250731,000155,,25027532750,148
20250731,000040,,24902370029,149
20250731,011070,,24759624650,150
20250731,468530,,24728025935,151
20250731,131970,,24696672400,152
20250731,028050,,24546546100,153
20250731,018290,,24144698675,154
20250731,103590,,24101337825,155
20250731,039490,,24031906500,156
20250731,047770,,23770415468,157
20250731,016360,,23743200200,158
20250731,004020,,23684483550,159
20250731,039030,,23124159750,160
20250731,022100,,22720266975,161
20250731,097230,,22513836720,162
20250731,375500,,21997583450,163
20250731,005830,,21981775150,164
20250731,462860,,21852641690,165
20250731,389140,,21749860125,166
20250731,036930,,21597221150,167
20250731,450080,,21065716700,168
20250731,092790,,20849808200,169
20250731,138040,,20639379500,170
20250731,009270,,20638130566,171
20250731,001040,,20599587200,172
20250731,001440,,19840795895,173
20250731,010060,,19789817700,174
20250731,044490,,19467028275,175
20250731,290650,,19381794675,176
20250731,010690,,19122453990,177
20250731,323410,,18847618800,178
20250731,085310,,18608334430,179
20250731,017960,,18362574500,180
20250731,034230,,18325593400,181
20250731,032820,,18152821938,182
20250731,214430,,18136685450,183
20250731,023160,,18072098325,184
20250731,357780,,17887045250,185
20250731,093520,,17872128375,186
20250731,021240,,17797335650,187
20250731,003550,,17732750050,188
20250731,014620,,17663663375,189
20250731,310210,,17627952200,190
20250731,005290,,17441978625,191
20250731,119850,,17389427700,192
20250731,006360,,17386385835,193
20250731,058470,,17244577792,194
20250731,161390,,17092855025,195
20250731,078600,,16969739150,196
20250731,051980,,16968149022,197
20250731,030200,,16298753010,198
20250731,032350,,16190249055,199
20250731,064260,,15721267290,200
20250831,060310,,0,1
20250831,095570,,0,2
20250831,006840,,0,3
20250831,054620,,0,4
20250831,265520,,0,5
20250831,211270,,0,6
20250831,109960,,0,7
20250831,139050,,0,8
20250831,027410,,0,9
20250831,282330,,0,10
20250831,126600,,0,11
20250831,138930,,0,12
20250831,001460,,0,13
20250831,001465,,0,14
20250831,083790,,0,15
20250831,001040,,0,16
20250831,079160,,0,17
20250831,035760,,0,18
20250831,311690,,0,19
20250831,00104K,,0,20
20250831,000120,,0,21
20250831,011150,,0,22
20250831,011155,,0,23
20250831,001045,,0,24
20250831,097950,,0,25
20250831,097955,,0,26
20250831,051500,,0,27
20250831,058820,,0,28
20250831,056730,,0,29
20250831,000480,,0,30
20250831,065770,,0,31
20250831,083660,,0,32
20250831,000590,,0,33
20250831,012030,,0,34
20250831,477760,,0,35
20250831,005830,,0,36
20250831,016610,,0,37
20250831,000990,,0,38
20250831,099520,,0,39
20250831,060900,,0,40
20250831,000300,,0,41
20250831,290120,,0,42
20250831,025440,,0,43
20250831,001530,,0,44
20250831,015590,,0,45
20250831,000210,,0,46
20250831,000215,,0,47
20250831,375500,,0,48
20250831,37550L,,0,49
20250831,37550K,,0,50
20250831,068790,,0,51
20250831,007340,,0,52
20250831,004840,,0,53
20250831,241520,,0,54
20250831,155660,,0,55
20250831,069730,,0,56
20250831,017860,,0,57
20250831,180400,,0,58
20250831,092780,,0,59
20250831,017940,,0,60
20250831,418620,,0,61
20250831,245620,,0,62
20250831,037370,,0,63
20250831,278990,,0,64
20250831,365550,,0,65
20250831,050120,,0,66
20250831,383220,,0,67
20250831,007700,,0,68
20250831,214270,,0,69
20250831,130500,,0,70
20250831,114090,,0,71
20250831,900290,,0,72
20250831,078930,,0,73
20250831,083450,,0,74
20250831,006360,,0,75
20250831,001250,,0,76
20250831,007070,,0,77
20250831,078935,,0,78
20250831,499790,,0,79
20250831,297890,,0,80
20250831,440290,,0,81
20250831,078150,,0,82
20250831,225530,,0,83
20250831,060560,,0,84
20250831,012630,,0,85
20250831,039570,,0,86
20250831,089470,,0,87
20250831,294870,,0,88
20250831,009540,,0,89
20250831,267250,,0,90
20250831,267270,,0,91
20250831,443060,,0,92
20250831,071970,,0,93
20250831,010620,,0,94
20250831,322000,,0,95
20250831,042670,,0,96
20250831,267260,,0,97
20250831,329180,,0,98
20250831,097230,,0,99
20250831,195940,,0,100
20250831,014790,,0,101
20250831,028300,,0,102
20250831,003580,,0,103
20250831,278650,,0,104
20250831,343090,,0,105
20250831,067630,,0,106
20250831,024850,,0,107
20250831,187420,,0,108
20250831,047920,,0,109
20250831,115450,,0,110
20250831,046210,,0,111
20250831,196300,,0,112
20250831,204320,,0,113
20250831,060980,,0,114
20250831,011200,,0,115
20250831,403870,,0,116
20250831,036640,,0,117
20250831,035000,,0,118
20250831,002460,,0,119
20250831,487570,,0,120
20250831,298050,,0,121
20250831,442770,,0,122
20250831,448760,,0,123
20250831,467930,,0,124
20250831,469480,,0,125
20250831,003560,,0,126
20250831,015360,,0,127
20250831,095340,,0,128
20250831,175330,,0,129
20250831,950170,,0,130
20250831,234080,,0,131
20250831,067290,,0,132
20250831,001060,,0,133
20250831,001067,,0,134
20250831,001065,,0,135
20250831,096760,,0,136
20250831,035900,,0,137
20250831,318000,,0,138
20250831,024840,,0,139
20250831,105560,,0,140
20250831,415640,,0,141
20250831,432320,,0,142
20250831,024120,,0,143
20250831,455250,,0,144
20250831,464680,,0,145
20250831,478390,,0,146
20250831,486630,,0,147
20250831,492220,,0,148
20250831,0037T0,,0,149
20250831,002380,,0,150
20250831,021320,,0,151
20250831,344820,,0,152
20250831,009070,,0,153
20250831,009440,,0,154
20250831,112190,,0,155
20250831,119650,,0,156
20250831,044180,,0,157
20250831,092220,,0,158
20250831,046440,,0,159
20250831,003620,,0,160
20250831,016380,,0,161
20250831,151860,,0,162
20250831,035600,,0,163
20250831,001390,,0,164
20250831,226360,,0,165
20250831,111870,,0,166
20250831,033180,,0,167
20250831,060720,,0,168
20250831,001940,,0,169
20250831,058400,,0,170
20250831,025000,,0,171
20250831,092230,,0,172
20250831,000040,,0,173
20250831,044450,,0,174
20250831,101000,,0,175
20250831,030200,,0,176
20250831,033780,,0,177
20250831,058850,,0,178
20250831,058860,,0,179
20250831,089600,,0,180
20250831,418470,,0,181
20250831,043610,,0,182
20250831,122450,,0,183
20250831,052900,,0,184
20250831,036560,,0,185
20250831,061970,,0,186
20250831,309960,,0,187
20250831,093050,,0,188
20250831,003550,,0,189
20250831,034220,,0,190
20250831,051900,,0,191
20250831,051905,,0,192
20250831,064400,,0,193
20250831,373220,,0,194
20250831,003555,,0,195
20250831,032640,,0,196
20250831,011070,,0,197
20250831,066570,,0,198
20250831,066575,,0,199
20250831,037560,,0,200
20250930,005930,,1371831147850,1
20250930,000660,,783562302390,2
20250930,035420,,748389857500,3
20250930,456160,,454075557750,4
20250930,108490,,421072568450,5
20250930,012450,,320694510000,6
20250930,097230,,284543140425,7
20250930,249420,,243740348500,8
20250930,001520,,239711484841,9
20250930,376900,,231362408850,10
20250930,034020,,225181419100,11
20250930,052420,,211947991933,12
20250930,005935,,200998356280,13
20250930,042700,,190728947800,14
20250930,424870,,178631478390,15
20250930,064350,,176265978000,16
20250930,437730,,167108494225,17
20250930,380550,,163618685380,18
20250930,278470,,160550712750,19
20250930,042660,,154694282850,20
20250930,003530,,149526761425,21
20250930,329180,,124499479250,22
20250930,450140,,123008762130,23
20250930,035720,,121820999850,24
20250930,041190,,115565217600,25
20250930,488280,,115151097250,26
20250930,055550,,113043523050,27
20250930,105560,,110581136150,28
20250930,010140,,109884123100,29
20250930,196170,,99642915250,30
20250930,068270,,98731032300,31
20250930,456010,,93943142305,32
20250930,009540,,93700619000,33
20250930,047810,,92945970200,34
20250930,347850,,90856357000,35
20250930,010620,,89760145200,36
20250930,000270,,89398925500,37
20250930,082740,,86442007500,38
20250930,484590,,85536229190,39
20250930,207940,,84279303000,40
20250930,064260,,84058751210,41
20250930,402340,,82420012900,42
20250930,128940,,79299176000,43
20250930,079550,,77293636500,44
20250930,000100,,75314311750,45
20250930,466100,,75198909125,46
20250930,005380,,73104974000,47
20250930,086790,,71496546350,48
20250930,075580,,69971637400,49
20250930,214450,,69500091000,50
20250930,267260,,69221637585,51
20250930,028260,,68744127800,52
20250930,003230,,68259890500,53
20250930,060250,,67759122530,54
20250930,317120,,67314090936,55
20250930,002380,,67255174500,56
20250930,066570,,63883767500,57
20250930,476040,,63536314550,58
20250930,352820,,61156579750,59
20250930,033780,,60941355050,60
20250930,009150,,60896681650,61
20250930,000150,,59948067000,62
20250930,226950,,59869601400,63
20250930,277810,,58032104500,64
20250930,397030,,57477141600,65
20250930,393970,,55488901235,66
20250930,353200,,54934695425,67
20250930,272210,,54713948650,68
20250930,125490,,54137299385,69
20250930,007660,,53943414600,70
20250930,082850,,53498868532,71
20250930,316140,,52865029500,72
20250930,298040,,52811402000,73
20250930,011200,,52586315090,74
20250930,061250,,52386910918,75
20250930,064400,,51336245100,76
20250930,006400,,51091471500,77
20250930,090360,,49754399625,78
20250930,032830,,49711197850,79
20250930,003670,,49189867100,80
20250930,012330,,49121183500,81
20250930,259960,,48683462750,82
20250930,373220,,48263248500,83
20250930,015760,,48050028250,84
20250930,042520,,47085010995,85
20250930,000230,,46415393845,86
20250930,051910,,46336057250,87
20250930,462510,,46334401080,88
20250930,087010,,45872328250,89
20250930,017670,,44663839250,90
20250930,192820,,43425610000,91
20250930,290650,,43323644300,92
20250930,0010V0,,43293221000,93
20250930,208710,,43086396094,94
20250930,006220,,42902652155,95
20250930,086280,,42774468900,96
20250930,006800,,42091791900,97
20250930,100090,,41684746000,98
20250930,003490,,41532491375,99
20250930,061970,,41310280465,100
20250930,010120,,41301644250,101
20250930,439260,,39558271700,102
20250930,356890,,38240556088,103
20250930,090430,,37899509500,104
20250930,222800,,37672195325,105
20250930,077970,,36430120700,106
20250930,005490,,36281424000,107
20250930,318060,,35946454765,108
20250930,000810,,34733898750,109
20250930,170790,,34016818945,110
20250930,011790,,33415501600,111
20250930,021040,,32605313263,112
20250930,089030,,32536384200,113
20250930,247540,,31628648600,114
20250930,0071M0,,31567125623,115
20250930,071970,,31500716600,116
20250930,062040,,31474669900,117
20250930,448900,,31431157670,118
20250930,000720,,31014971424,119
20250930,011070,,30777423850,120
20250930,034220,,30729787995,121
20250930,012510,,30235426500,122
20250930,489460,,30176549425,123
20250930,039490,,29781401000,124
20250930,005070,,28804047800,125
20250930,440110,,28550883550,126
20250930,413630,,28487604246,127
20250930,225190,,28055301530,128
20250930,003535,,27939038295,129
20250930,034730,,27883296500,130
20250930,006260,,27448929550,131
20250930,319400,,27214539725,132
20250930,240810,,27185881225,133
20250930,030530,,27090859055,134
20250930,067310,,25576572750,135
20250930,005830,,25392211250,136
20250930,298380,,25350303800,137
20250930,103140,,24981397650,138
20250930,476060,,24963522900,139
20250930,046970,,24116008989,140
20250930,039200,,23983482225,141
20250930,267250,,23939712300,142
20250930,007810,,23895366445,143
20250930,348340,,23839755650,144
20250930,122870,,23835190650,145
20250930,083650,,23655715300,146
20250930,025620,,23556172370,147
20250930,265520,,23496439575,148
20250930,096770,,23445977350,149
20250930,054540,,23033868575,150
20250930,003550,,22535857600,151
20250930,009290,,22265942405,152
20250930,115440,,21854225835,153
20250930,419530,,21719165200,154
20250930,199430,,21395206045,155
20250930,010580,,21154542250,156
20250930,199800,,20849332025,157
20250930,089010,,20792667350,158
20250930,124500,,20745002660,159
20250930,066970,,20493085100,160
20250930,127120,,20382219450,161
20250930,141080,,20261563000,162
20250930,468530,,20101772350,163
20250930,018260,,19971988850,164
20250930,008770,,19779200600,165
20250930,010950,,19746167500,166
20250930,138040,,19737234650,167
20250930,005387,,19701460950,168
20250930,225570,,19674133025,169
20250930,014940,,19586633615,170
20250930,000250,,19365828000,171
20250930,257720,,19098293300,172
20250930,489790,,19037340750,173
20250930,082270,,18853923650,174
20250930,443060,,18842333750,175
20250930,103590,,18751521525,176
20250930,024110,,18488819565,177
20250930,032820,,18014734705,178
20250930,035900,,17813056650,179
20250930,041510,,17704861800,180
20250930,336260,,17470016000,181
20250930,071050,,17362445150,182
20250930,234340,,17307568040,183
20250930,034230,,17250165625,184
20250930,064760,,17142826600,185
20250930,105840,,17027732395,186
20250930,272550,,17014666580,187
20250930,092870,,16812978505,188
20250930,086390,,16773908425,189
20250930,005290,,16642998825,190
20250930,032350,,16639438590,191
20250930,403870,,16429777275,192
20250930,161580,,16388328800,193
20250930,388610,,16358518425,194
20250930,017800,,16237970600,195
20250930,241560,,16140316900,196
20250930,032640,,16114501495,197
20250930,005385,,16067286900,198
20250930,042670,,16048044235,199
20250930,000990,,15865003350,200
20251031,005930,,5744254696496,1
20251031,000660,,1877166443996,2
20251031,005380,,1038861881000,3
20251031,277810,,850722583500,4
20251031,035420,,764088665750,5
20251031,347850,,536372047500,6
20251031,042660,,534455512300,7
20251031,005935,,513384314250,8
20251031,034020,,464128423900,9
20251031,001440,,418690583900,10
20251031,000270,,365966692735,11
20251031,108490,,326141757250,12
20251031,006400,,324060597250,13
20251031,226950,,276649509550,14
20251031,307950,,275116476250,15
20251031,196170,,258267569500,16
20251031,032830,,254770976000,17
20251031,007660,,237849791550,18
20251031,373220,,237452698250,19
20251031,035720,,223166094133,20
20251031,128940,,220975293750,21
20251031,402340,,219115803000,22
20251031,466100,,217134993900,23
20251031,009150,,216103107000,24
20251031,381620,,207913473075,25
20251031,272210,,203433547050,26
20251031,454910,,203165733900,27
20251031,051910,,197507089250,28
20251031,014950,,188644276385,29
20251031,000720,,187823351050,30
20251031,352820,,187318158500,31
20251031,086520,,186338249500,32
20251031,009420,,182637957125,33
20251031,010140,,179713803900,34
20251031,090710,,167110367415,35
20251031,267260,,163740133000,36
20251031,319400,,153676292385,37
20251031,317830,,148937427085,38
20251031,086280,,146593091700,39
20251031,005490,,144415271250,40
20251031,105560,,144371413400,41
20251031,042700,,143119627350,42
20251031,298380,,129530665050,43
20251031,009540,,127518350750,44
20251031,066970,,127127357350,45
20251031,012330,,126457398000,46
20251031,018260,,122896678250,47
20251031,032820,,122373681390,48
20251031,012450,,121936433000,49
20251031,006260,,114053332000,50
20251031,247540,,112177107850,51
20251031,278470,,111308877500,52
20251031,034220,,106302272119,53
20251031,006800,,105875028200,54
20251031,103590,,105541681650,55
20251031,456160,,105383486200,56
20251031,010120,,104954748500,57
20251031,003670,,104540491250,58
20251031,086790,,104387388950,59
20251031,064350,,103889853250,60
20251031,064400,,102513500100,61
20251031,006340,,100521731124,62
20251031,003230,,100306949000,63
20251031,011070,,99695030000,64
20251031,055550,,99509831446,65
20251031,066570,,96517578300,66
20251031,005387,,94663554500,67
20251031,117730,,93364375395,68
20251031,298040,,92810752500,69
20251031,096770,,91980101300,70
20251031,011790,,89762149350,71
20251031,068270,,89716702850,72
20251031,097230,,89018862825,73
20251031,000150,,88679245000,74
20251031,062040,,88636111750,75
20251031,448900,,87716648775,76
20251031,083650,,85614841300,77
20251031,071050,,83018132550,78
20251031,030530,,81332921800,79
20251031,090360,,80955368550,80
20251031,329180,,79054872000,81
20251031,103140,,78981400500,82
20251031,017670,,77062016200,83
20251031,336260,,76466051250,84
20251031,388720,,75756966450,85
20251031,348340,,73597769150,86
20251031,028260,,73164241500,87
20251031,010620,,71457442000,88
20251031,015760,,71265493000,89
20251031,010130,,70280635000,90
20251031,087010,,69495904500,91
20251031,079550,,69004640500,92
20251031,058610,,65020069825,93
20251031,010170,,63547581865,94
20251031,088800,,63256314032,95
20251031,005385,,62899121638,96
20251031,125490,,62525815395,97
20251031,456010,,60714707670,98
20251031,141080,,57656774150,99
20251031,000250,,57479537750,100
20251031,417200,,57381592445,101
20251031,039490,,56543357000,102
20251031,000100,,55601162750,103
20251031,316140,,54335052775,104
20251031,082740,,53743100525,105
20251031,287840,,52602121250,106
20251031,047810,,52255735950,107
20251031,067310,,51187014700,108
20251031,005690,,49715270345,109
20251031,397030,,49618214050,110
20251031,028050,,49370856875,111
20251031,222800,,48322588400,112
20251031,092460,,47696043305,113
20251031,380550,,47014708275,114
20251031,089010,,45962816125,115
20251031,468530,,45942046650,116
20251031,049630,,44480006477,117
20251031,000500,,44216234950,118
20251031,214450,,43415337500,119
20251031,267250,,41722738500,120
20251031,042670,,41600803185,121
20251031,034730,,40906508250,122
20251031,035900,,40848890900,123
20251031,046120,,40293624845,124
20251031,241560,,39390168350,125
20251031,215100,,38810970100,126
20251031,009830,,38659767175,127
20251031,086960,,37138013800,128
20251031,077500,,36861917950,129
20251031,353200,,36394992275,130
20251031,440110,,36355363950,131
20251031,389470,,35910223100,132
20251031,003550,,35898110800,133
20251031,237690,,35400303850,134
20251031,056080,,35356025195,135
20251031,326030,,34715585650,136
20251031,455900,,34525418350,137
20251031,443060,,34425772250,138
20251031,017800,,34225142050,139
20251031,003160,,34011197975,140
20251031,005070,,33706508000,141
20251031,119850,,33580751225,142
20251031,016360,,33567621800,143
20251031,445680,,33472338800,144
20251031,000810,,33335276750,145
20251031,267270,,32733521650,146
20251031,093370,,32649941665,147
20251031,178320,,32639868850,148
20251031,003490,,32569933625,149
20251031,088980,,32053313985,150
20251031,052690,,31693062650,151
20251031,160190,,31507029700,152
20251031,310210,,31414743300,153
20251031,464080,,31326218540,154
20251031,060370,,31028222900,155
20251031,338840,,30844074350,156
20251031,114190,,30025887705,157
20251031,488280,,29835155150,158
20251031,382900,,29779004200,159
20251031,098460,,29191044100,160
20251031,249420,,28981630725,161
20251031,011200,,28949004175,162
20251031,033530,,28853930115,163
20251031,304100,,27661303300,164
20251031,000880,,27099473950,165
20251031,450080,,26908897450,166
20251031,072770,,26496502397,167
20251031,047050,,26415197400,168
20251031,123690,,25983552245,169
20251031,036810,,25844441625,170
20251031,475960,,25795750550,171
20251031,005940,,25718214350,172
20251031,100090,,25654470800,173
20251031,050890,,25631732725,174
20251031,259960,,25419623000,175
20251031,064260,,25231800985,176
20251031,328130,,24752041400,177
20251031,089030,,24635635050,178
20251031,078590,,24595624657,179
20251031,005830,,24416657600,180
20251031,028300,,24350647400,181
20251031,484810,,24347096665,182
20251031,136150,,24215295800,183
20251031,122870,,24104284050,184
20251031,071970,,24064512950,185
20251031,437730,,23997359750,186
20251031,331740,,23912666295,187
20251031,138040,,23631064900,188
20251031,298830,,23443352580,189
20251031,054540,,23241421275,190
20251031,257720,,23121003675,191
20251031,475830,,22742862075,192
20251031,033780,,22609345750,193
20251031,376900,,22132981700,194
20251031,403870,,22053265975,195
20251031,005950,,21948958630,196
20251031,042520,,21749481250,197
20251031,356860,,21681982750,198
20251031,476060,,21635523520,199
20251031,475400,,21359815075,200
20251130,060310,,0,1
20251130,095570,,0,2
20251130,006840,,0,3
20251130,054620,,0,4
20251130,265520,,0,5
20251130,211270,,0,6
20251130,139050,,0,7
20251130,027410,,0,8
20251130,282330,,0,9
20251130,126600,,0,10
20251130,138930,,0,11
20251130,001460,,0,12
20251130,001465,,0,13
20251130,083790,,0,14
20251130,001040,,0,15
20251130,079160,,0,16
20251130,035760,,0,17
20251130,311690,,0,18
20251130,00104K,,0,19
20251130,000120,,0,20
20251130,011150,,0,21
20251130,011155,,0,22
20251130,001045,,0,23
20251130,097950,,0,24
20251130,097955,,0,25
20251130,051500,,0,26
20251130,058820,,0,27
20251130,056730,,0,28
20251130,000480,,0,29
20251130,065770,,0,30
20251130,083660,,0,31
20251130,000590,,0,32
20251130,012030,,0,33
20251130,477760,,0,34
20251130,005830,,0,35
20251130,016610,,0,36
20251130,000990,,0,37
20251130,099520,,0,38
20251130,000300,,0,39
20251130,290120,,0,40
20251130,025440,,0,41
20251130,001530,,0,42
20251130,015590,,0,43
20251130,000210,,0,44
20251130,000215,,0,45
20251130,375500,,0,46
20251130,37550L,,0,47
20251130,37550K,,0,48
20251130,068790,,0,49
20251130,007340,,0,50
20251130,004840,,0,51
20251130,241520,,0,52
20251130,155660,,0,53
20251130,069730,,0,54
20251130,017860,,0,55
20251130,180400,,0,56
20251130,092780,,0,57
20251130,017940,,0,58
20251130,418620,,0,59
20251130,245620,,0,60
20251130,037370,,0,61
20251130,278990,,0,62
20251130,365550,,0,63
20251130,050120,,0,64
20251130,383220,,0,65
20251130,007700,,0,66
20251130,214270,,0,67
20251130,130500,,0,68
20251130,114090,,0,69
20251130,900290,,0,70
20251130,078930,,0,71
20251130,083450,,0,72
20251130,006360,,0,73
20251130,001250,,0,74
20251130,007070,,0,75
20251130,078935,,0,76
20251130,499790,,0,77
20251130,297890,,0,78
20251130,440290,,0,79
20251130,078150,,0,80
20251130,225530,,0,81
20251130,060560,,0,82
20251130,012630,,0,83
20251130,039570,,0,84
20251130,089470,,0,85
20251130,294870,,0,86
20251130,009540,,0,87
20251130,267250,,0,88
20251130,267270,,0,89
20251130,443060,,0,90
20251130,071970,,0,91
20251130,010620,,0,92
20251130,322000,,0,93
20251130,042670,,0,94
20251130,267260,,0,95
20251130,329180,,0,96
20251130,097230,,0,97
20251130,195940,,0,98
20251130,014790,,0,99
20251130,028300,,0,100
20251130,003580,,0,101
20251130,278650,,0,102
20251130,343090,,0,103
20251130,067630,,0,104
20251130,024850,,0,105
20251130,187420,,0,106
20251130,047920,,0,107
20251130,115450,,0,108
20251130,046210,,0,109
20251130,196300,,0,110
20251130,204320,,0,111
20251130,060980,,0,112
20251130,011200,,0,113
20251130,403870,,0,114
20251130,036640,,0,115
20251130,035000,,0,116
20251130,002460,,0,117
20251130,487570,,0,118
20251130,298050,,0,119
20251130,448760,,0,120
20251130,467930,,0,121
20251130,469480,,0,122
20251130,003560,,0,123
20251130,015360,,0,124
20251130,095340,,0,125
20251130,175330,,0,126
20251130,950170,,0,127
20251130,234080,,0,128
20251130,067290,,0,129
20251130,001060,,0,130
20251130,001067,,0,131
20251130,001065,,0,132
20251130,096760,,0,133
20251130,035900,,0,134
20251130,318000,,0,135
20251130,008970,,0,136
20251130,024840,,0,137
20251130,105560,,0,138
20251130,415640,,0,139
20251130,432320,,0,140
20251130,024120,,0,141
20251130,455250,,0,142
20251130,464680,,0,143
20251130,478390,,0,144
20251130,486630,,0,145
20251130,492220,,0,146
20251130,0037T0,,0,147
20251130,0072Z0,,0,148
20251130,002380,,0,149
20251130,021320,,0,150
20251130,344820,,0,151
20251130,009070,,0,152
20251130,009440,,0,153
20251130,112190,,0,154
20251130,119650,,0,155
20251130,044180,,0,156
20251130,092220,,0,157
20251130,046440,,0,158
20251130,003620,,0,159
20251130,016380,,0,160
20251130,151860,,0,161
20251130,035600,,0,162
20251130,001390,,0,163
20251130,226360,,0,164
20251130,111870,,0,165
20251130,033180,,0,166
20251130,060720,,0,167
20251130,001940,,0,168
20251130,058400,,0,169
20251130,025000,,0,170
20251130,092230,,0,171
20251130,000040,,0,172
20251130,044450,,0,173
20251130,101000,,0,174
20251130,030200,,0,175
20251130,033780,,0,176
20251130,058850,,0,177
20251130,058860,,0,178
20251130,089600,,0,179
20251130,418470,,0,180
20251130,043610,,0,181
20251130,122450,,0,182
20251130,052900,,0,183
20251130,036560,,0,184
20251130,061970,,0,185
20251130,309960,,0,186
20251130,093050,,0,187
20251130,003550,,0,188
20251130,034220,,0,189
20251130,051900,,0,190
20251130,051905,,0,191
20251130,064400,,0,192
20251130,373220,,0,193
20251130,003555,,0,194
20251130,032640,,0,195
20251130,011070,,0,196
20251130,066570,,0,197
20251130,066575,,0,198
20251130,037560,,0,199
20251130,051910,,0,200
20251231,060310,,0,1
20251231,095570,,0,2
20251231,006840,,0,3
20251231,054620,,0,4
20251231,265520,,0,5
20251231,211270,,0,6
20251231,139050,,0,7
20251231,027410,,0,8
20251231,282330,,0,9
20251231,126600,,0,10
20251231,138930,,0,11
20251231,001460,,0,12
20251231,001465,,0,13
20251231,083790,,0,14
20251231,001040,,0,15
20251231,079160,,0,16
20251231,035760,,0,17
20251231,311690,,0,18
20251231,00104K,,0,19
20251231,000120,,0,20
20251231,011150,,0,21
20251231,011155,,0,22
20251231,001045,,0,23
20251231,097950,,0,24
20251231,097955,,0,25
20251231,051500,,0,26
20251231,058820,,0,27
20251231,056730,,0,28
20251231,000480,,0,29
20251231,065770,,0,30
20251231,083660,,0,31
20251231,000590,,0,32
20251231,012030,,0,33
20251231,477760,,0,34
20251231,005830,,0,35
20251231,016610,,0,36
20251231,000990,,0,37
20251231,099520,,0,38
20251231,000300,,0,39
20251231,290120,,0,40
20251231,025440,,0,41
20251231,001530,,0,42
20251231,015590,,0,43
20251231,000210,,0,44
20251231,000215,,0,45
20251231,375500,,0,46
20251231,37550L,,0,47
20251231,37550K,,0,48
20251231,068790,,0,49
20251231,007340,,0,50
20251231,004840,,0,51
20251231,241520,,0,52
20251231,155660,,0,53
20251231,069730,,0,54
20251231,017860,,0,55
20251231,180400,,0,56
20251231,092780,,0,57
20251231,017940,,0,58
20251231,418620,,0,59
20251231,245620,,0,60
20251231,037370,,0,61
20251231,278990,,0,62
20251231,365550,,0,63
20251231,050120,,0,64
20251231,383220,,0,65
20251231,007700,,0,66
20251231,214270,,0,67
20251231,130500,,0,68
20251231,114090,,0,69
20251231,900290,,0,70
20251231,078930,,0,71
20251231,083450,,0,72
20251231,006360,,0,73
20251231,001250,,0,74
20251231,007070,,0,75
20251231,078935,,0,76
20251231,499790,,0,77
20251231,297890,,0,78
20251231,440290,,0,79
20251231,078150,,0,80
20251231,225530,,0,81
20251231,060560,,0,82
20251231,012630,,0,83
20251231,039570,,0,84
20251231,089470,,0,85
20251231,294870,,0,86
20251231,009540,,0,87
20251231,267250,,0,88
20251231,267270,,0,89
20251231,443060,,0,90
20251231,071970,,0,91
20251231,322000,,0,92
20251231,042670,,0,93
20251231,267260,,0,94
20251231,329180,,0,95
20251231,376270,,0,96
20251231,097230,,0,97
20251231,195940,,0,98
20251231,014790,,0,99
20251231,028300,,0,100
20251231,003580,,0,101
20251231,278650,,0,102
20251231,343090,,0,103
20251231,067630,,0,104
20251231,024850,,0,105
20251231,187420,,0,106
20251231,047920,,0,107
20251231,115450,,0,108
20251231,046210,,0,109
20251231,196300,,0,110
20251231,204320,,0,111
20251231,060980,,0,112
20251231,011200,,0,113
20251231,403870,,0,114
20251231,036640,,0,115
20251231,035000,,0,116
20251231,002460,,0,117
20251231,487570,,0,118
20251231,298050,,0,119
20251231,467930,,0,120
20251231,469480,,0,121
20251231,0099X0,,0,122
20251231,003560,,0,123
20251231,015360,,0,124
20251231,095340,,0,125
20251231,175330,,0,126
20251231,950170,,0,127
20251231,234080,,0,128
20251231,067290,,0,129
20251231,001060,,0,130
20251231,001067,,0,131
20251231,001065,,0,132
20251231,096760,,0,133
20251231,035900,,0,134
20251231,318000,,0,135
20251231,008970,,0,136
20251231,024840,,0,137
20251231,105560,,0,138
20251231,415640,,0,139
20251231,432320,,0,140
20251231,024120,,0,141
20251231,455250,,0,142
20251231,464680,,0,143
20251231,478390,,0,144
20251231,486630,,0,145
20251231,492220,,0,146
20251231,0037T0,,0,147
20251231,0072Z0,,0,148
20251231,002380,,0,149
20251231,021320,,0,150
20251231,344820,,0,151
20251231,009070,,0,152
20251231,009440,,0,153
20251231,112190,,0,154
20251231,119650,,0,155
20251231,044180,,0,156
20251231,092220,,0,157
20251231,046440,,0,158
20251231,003620,,0,159
20251231,016380,,0,160
20251231,151860,,0,161
20251231,035600,,0,162
20251231,001390,,0,163
20251231,226360,,0,164
20251231,111870,,0,165
20251231,033180,,0,166
20251231,060720,,0,167
20251231,001940,,0,168
20251231,058400,,0,169
20251231,025000,,0,170
20251231,092230,,0,171
20251231,000040,,0,172
20251231,044450,,0,173
20251231,101000,,0,174
20251231,030200,,0,175
20251231,033780,,0,176
20251231,058850,,0,177
20251231,058860,,0,178
20251231,089600,,0,179
20251231,418470,,0,180
20251231,043610,,0,181
20251231,122450,,0,182
20251231,052900,,0,183
20251231,036560,,0,184
20251231,061970,,0,185
20251231,309960,,0,186
20251231,093050,,0,187
20251231,003550,,0,188
20251231,034220,,0,189
20251231,051900,,0,190
20251231,051905,,0,191
20251231,064400,,0,192
20251231,373220,,0,193
20251231,003555,,0,194
20251231,032640,,0,195
20251231,011070,,0,196
20251231,066570,,0,197
20251231,066575,,0,198
20251231,037560,,0,199
20251231,051910,,0,200
20260131,060310,,0,1
20260131,095570,,0,2
20260131,006840,,0,3
20260131,054620,,0,4
20260131,265520,,0,5
20260131,211270,,0,6
20260131,139050,,0,7
20260131,027410,,0,8
20260131,282330,,0,9
20260131,126600,,0,10
20260131,138930,,0,11
20260131,001460,,0,12
20260131,001465,,0,13
20260131,083790,,0,14
20260131,001040,,0,15
20260131,079160,,0,16
20260131,035760,,0,17
20260131,311690,,0,18
20260131,00104K,,0,19
20260131,000120,,0,20
20260131,011150,,0,21
20260131,011155,,0,22
20260131,001045,,0,23
20260131,097950,,0,24
20260131,097955,,0,25
20260131,051500,,0,26
20260131,058820,,0,27
20260131,056730,,0,28
20260131,000480,,0,29
20260131,065770,,0,30
20260131,083660,,0,31
20260131,000590,,0,32
20260131,012030,,0,33
20260131,477760,,0,34
20260131,005830,,0,35
20260131,016610,,0,36
20260131,000990,,0,37
20260131,099520,,0,38
20260131,000300,,0,39
20260131,290120,,0,40
20260131,025440,,0,41
20260131,001530,,0,42
20260131,015590,,0,43
20260131,000210,,0,44
20260131,000215,,0,45
20260131,375500,,0,46
20260131,37550L,,0,47
20260131,37550K,,0,48
20260131,068790,,0,49
20260131,007340,,0,50
20260131,004840,,0,51
20260131,241520,,0,52
20260131,155660,,0,53
20260131,069730,,0,54
20260131,017860,,0,55
20260131,180400,,0,56
20260131,092780,,0,57
20260131,017940,,0,58
20260131,418620,,0,59
20260131,245620,,0,60
20260131,037370,,0,61
20260131,278990,,0,62
20260131,365550,,0,63
20260131,050120,,0,64
20260131,383220,,0,65
20260131,007700,,0,66
20260131,214270,,0,67
20260131,130500,,0,68
20260131,114090,,0,69
20260131,900290,,0,70
20260131,078930,,0,71
20260131,083450,,0,72
20260131,006360,,0,73
20260131,001250,,0,74
20260131,007070,,0,75
20260131,078935,,0,76
20260131,499790,,0,77
20260131,297890,,0,78
20260131,440290,,0,79
20260131,078150,,0,80
20260131,225530,,0,81
20260131,060560,,0,82
20260131,012630,,0,83
20260131,039570,,0,84
20260131,089470,,0,85
20260131,294870,,0,86
20260131,267270,,0,87
20260131,009540,,0,88
20260131,267250,,0,89
20260131,443060,,0,90
20260131,071970,,0,91
20260131,322000,,0,92
20260131,267260,,0,93
20260131,329180,,0,94
20260131,376270,,0,95
20260131,097230,,0,96
20260131,195940,,0,97
20260131,014790,,0,98
20260131,028300,,0,99
20260131,003580,,0,100
20260131,278650,,0,101
20260131,067630,,0,102
20260131,024850,,0,103
20260131,187420,,0,104
20260131,047920,,0,105
20260131,115450,,0,106
20260131,046210,,0,107
20260131,196300,,0,108
20260131,204320,,0,109
20260131,060980,,0,110
20260131,011200,,0,111
20260131,403870,,0,112
20260131,036640,,0,113
20260131,035000,,0,114
20260131,002460,,0,115
20260131,487570,,0,116
20260131,298050,,0,117
20260131,467930,,0,118
20260131,469480,,0,119
20260131,0099X0,,0,120
20260131,015360,,0,121
20260131,095340,,0,122
20260131,175330,,0,123
20260131,950170,,0,124
20260131,234080,,0,125
20260131,067290,,0,126
20260131,001060,,0,127
20260131,001067,,0,128
20260131,001065,,0,129
20260131,096760,,0,130
20260131,035900,,0,131
20260131,318000,,0,132
20260131,008970,,0,133
20260131,024840,,0,134
20260131,105560,,0,135
20260131,415640,,0,136
20260131,432320,,0,137
20260131,024120,,0,138
20260131,464680,,0,139
20260131,478390,,0,140
20260131,486630,,0,141
20260131,492220,,0,142
20260131,0037T0,,0,143
20260131,0072Z0,,0,144
20260131,002380,,0,145
20260131,021320,,0,146
20260131,344820,,0,147
20260131,009070,,0,148
20260131,009440,,0,149
20260131,112190,,0,150
20260131,119650,,0,151
20260131,044180,,0,152
20260131,092220,,0,153
20260131,046440,,0,154
20260131,003620,,0,155
20260131,016380,,0,156
20260131,151860,,0,157
20260131,035600,,0,158
20260131,001390,,0,159
20260131,060720,,0,160
20260131,001940,,0,161
20260131,058400,,0,162
20260131,025000,,0,163
20260131,092230,,0,164
20260131,000040,,0,165
20260131,044450,,0,166
20260131,101000,,0,167
20260131,030200,,0,168
20260131,033780,,0,169
20260131,058850,,0,170
20260131,058860,,0,171
20260131,089600,,0,172
20260131,418470,,0,173
20260131,043610,,0,174
20260131,122450,,0,175
20260131,052900,,0,176
20260131,036560,,0,177
20260131,061970,,0,178
20260131,309960,,0,179
20260131,093050,,0,180
20260131,003550,,0,181
20260131,034220,,0,182
20260131,051900,,0,183
20260131,051905,,0,184
20260131,064400,,0,185
20260131,373220,,0,186
20260131,003555,,0,187
20260131,032640,,0,188
20260131,011070,,0,189
20260131,066570,,0,190
20260131,066575,,0,191
20260131,037560,,0,192
20260131,051910,,0,193
20260131,051915,,0,194
20260131,079550,,0,195
20260131,225190,,0,196
20260131,006260,,0,197
20260131,010120,,0,198
20260131,000680,,0,199
20260131,060370,,0,200
20260228,060310,,0,1
20260228,095570,,0,2
20260228,006840,,0,3
20260228,054620,,0,4
20260228,265520,,0,5
20260228,211270,,0,6
20260228,139050,,0,7
20260228,027410,,0,8
20260228,282330,,0,9
20260228,126600,,0,10
20260228,138930,,0,11
20260228,001460,,0,12
20260228,001465,,0,13
20260228,083790,,0,14
20260228,001040,,0,15
20260228,079160,,0,16
20260228,035760,,0,17
20260228,311690,,0,18
20260228,00104K,,0,19
20260228,000120,,0,20
20260228,011150,,0,21
20260228,011155,,0,22
20260228,001045,,0,23
20260228,097950,,0,24
20260228,097955,,0,25
20260228,051500,,0,26
20260228,058820,,0,27
20260228,056730,,0,28
20260228,000480,,0,29
20260228,065770,,0,30
20260228,083660,,0,31
20260228,000590,,0,32
20260228,012030,,0,33
20260228,477760,,0,34
20260228,005830,,0,35
20260228,016610,,0,36
20260228,000990,,0,37
20260228,099520,,0,38
20260228,000300,,0,39
20260228,290120,,0,40
20260228,025440,,0,41
20260228,001530,,0,42
20260228,015590,,0,43
20260228,000210,,0,44
20260228,000215,,0,45
20260228,375500,,0,46
20260228,37550L,,0,47
20260228,37550K,,0,48
20260228,068790,,0,49
20260228,007340,,0,50
20260228,004840,,0,51
20260228,241520,,0,52
20260228,155660,,0,53
20260228,069730,,0,54
20260228,017860,,0,55
20260228,180400,,0,56
20260228,092780,,0,57
20260228,017940,,0,58
20260228,418620,,0,59
20260228,245620,,0,60
20260228,037370,,0,61
20260228,278990,,0,62
20260228,365550,,0,63
20260228,050120,,0,64
20260228,383220,,0,65
20260228,007700,,0,66
20260228,214270,,0,67
20260228,130500,,0,68
20260228,114090,,0,69
20260228,900290,,0,70
20260228,078930,,0,71
20260228,083450,,0,72
20260228,006360,,0,73
20260228,001250,,0,74
20260228,007070,,0,75
20260228,078935,,0,76
20260228,499790,,0,77
20260228,297890,,0,78
20260228,440290,,0,79
20260228,078150,,0,80
20260228,225530,,0,81
20260228,060560,,0,82
20260228,012630,,0,83
20260228,039570,,0,84
20260228,089470,,0,85
20260228,294870,,0,86
20260228,267270,,0,87
20260228,009540,,0,88
20260228,267250,,0,89
20260228,443060,,0,90
20260228,071970,,0,91
20260228,322000,,0,92
20260228,267260,,0,93
20260228,329180,,0,94
20260228,376270,,0,95
20260228,097230,,0,96
20260228,195940,,0,97
20260228,014790,,0,98
20260228,028300,,0,99
20260228,003580,,0,100
20260228,278650,,0,101
20260228,067630,,0,102
20260228,024850,,0,103
20260228,187420,,0,104
20260228,047920,,0,105
20260228,115450,,0,106
20260228,046210,,0,107
20260228,196300,,0,108
20260228,204320,,0,109
20260228,060980,,0,110
20260228,011200,,0,111
20260228,403870,,0,112
20260228,036640,,0,113
20260228,035000,,0,114
20260228,002460,,0,115
20260228,487570,,0,116
20260228,298050,,0,117
20260228,467930,,0,118
20260228,469480,,0,119
20260228,0099X0,,0,120
20260228,015360,,0,121
20260228,095340,,0,122
20260228,175330,,0,123
20260228,950170,,0,124
20260228,234080,,0,125
20260228,067290,,0,126
20260228,001060,,0,127
20260228,001067,,0,128
20260228,001065,,0,129
20260228,096760,,0,130
20260228,035900,,0,131
20260228,318000,,0,132
20260228,008970,,0,133
20260228,024840,,0,134
20260228,105560,,0,135
20260228,415640,,0,136
20260228,432320,,0,137
20260228,024120,,0,138
20260228,464680,,0,139
20260228,478390,,0,140
20260228,486630,,0,141
20260228,492220,,0,142
20260228,0037T0,,0,143
20260228,0072Z0,,0,144
20260228,002380,,0,145
20260228,021320,,0,146
20260228,344820,,0,147
20260228,009070,,0,148
20260228,009440,,0,149
20260228,112190,,0,150
20260228,119650,,0,151
20260228,044180,,0,152
20260228,092220,,0,153
20260228,046440,,0,154
20260228,003620,,0,155
20260228,016380,,0,156
20260228,151860,,0,157
20260228,035600,,0,158
20260228,001390,,0,159
20260228,060720,,0,160
20260228,001940,,0,161
20260228,058400,,0,162
20260228,025000,,0,163
20260228,092230,,0,164
20260228,000040,,0,165
20260228,044450,,0,166
20260228,101000,,0,167
20260228,030200,,0,168
20260228,033780,,0,169
20260228,058850,,0,170
20260228,058860,,0,171
20260228,089600,,0,172
20260228,418470,,0,173
20260228,043610,,0,174
20260228,122450,,0,175
20260228,052900,,0,176
20260228,036560,,0,177
20260228,061970,,0,178
20260228,309960,,0,179
20260228,093050,,0,180
20260228,003550,,0,181
20260228,034220,,0,182
20260228,051900,,0,183
20260228,051905,,0,184
20260228,064400,,0,185
20260228,373220,,0,186
20260228,003555,,0,187
20260228,032640,,0,188
20260228,011070,,0,189
20260228,066570,,0,190
20260228,066575,,0,191
20260228,037560,,0,192
20260228,051910,,0,193
20260228,051915,,0,194
20260228,079550,,0,195
20260228,225190,,0,196
20260228,006260,,0,197
20260228,010120,,0,198
20260228,000680,,0,199
20260228,060370,,0,200
20260331,005930,,6548712356756,1
20260331,000660,,5910765746420,2
20260331,000250,,1105014552500,3
20260331,003280,,874810432073,4
20260331,005935,,725851538000,5
20260331,402340,,674284717000,6
20260331,394420,,662385512400,7
20260331,005380,,573987079500,8
20260331,006400,,461387646250,9
20260331,034020,,392882858950,10
20260331,322000,,378234855250,11
20260331,012450,,346018472500,12
20260331,105560,,323053923150,13
20260331,009150,,318368884500,14
20260331,032820,,316636065175,15
20260331,047040,,300227721170,16
20260331,009830,,267713047375,17
20260331,425040,,262091258630,18
20260331,079550,,257819710000,19
20260331,042700,,223874159500,20
20260331,086520,,221750019050,21
20260331,475150,,211184912250,22
20260331,000270,,210581945800,23
20260331,373220,,206926156500,24
20260331,028050,,203401237025,25
20260331,263750,,202825385950,26
20260331,042660,,200496823350,27
20260331,005880,,196162478191,28
20260331,038500,,188645425745,29
20260331,035420,,179847073500,30
20260331,476830,,172498604100,31
20260331,010170,,172086318025,32
20260331,282720,,164017645800,33
20260331,267260,,163788875500,34
20260331,066970,,163081575050,35
20260331,006800,,162369061650,36
20260331,055550,,157998975850,37
20260331,028260,,156611472500,38
20260331,010120,,156152744000,39
20260331,090710,,155750634515,40
20260331,008350,,155145601762,41
20260331,161000,,154948072850,42
20260331,010140,,154280519625,43
20260331,278470,,151681537000,44
20260331,272210,,145465033950,45
20260331,006110,,145461102475,46
20260331,051910,,143938533750,47
20260331,001780,,143334282619,48
20260331,196170,,140965075250,49
20260331,000720,,140652068500,50
20260331,329180,,135076832750,51
20260331,015760,,132793009775,52
20260331,005490,,130956221500,53
20260331,086790,,129490003850,54
20260331,126600,,128713843195,55
20260331,000150,,128061542500,56
20260331,012330,,127837618000,57
20260331,207940,,126228891000,58
20260331,100790,,121630514500,59
20260331,375500,,121423619950,60
20260331,247540,,119655024400,61
20260331,003230,,119134957000,62
20260331,018470,,117287209679,63
20260331,049080,,115196551802,64
20260331,068270,,113239676150,65
20260331,298040,,110816201500,66
20260331,064350,,109917059900,67
20260331,012510,,103856332100,68
20260331,047810,,99790106850,69
20260331,001510,,95934859929,70
20260331,054920,,95792765313,71
20260331,003670,,92048476500,72
20260331,007660,,88000957400,73
20260331,187660,,87353661930,74
20260331,352820,,85122981250,75
20260331,450080,,82794926200,76
20260331,009540,,81883148500,77
20260331,044490,,81211174225,78
20260331,066570,,80317691950,79
20260331,353200,,79908441050,80
20260331,035720,,78582508825,81
20260331,950160,,77639031000,82
20260331,277810,,75698797500,83
20260331,034730,,75036743250,84
20260331,141080,,74031270750,85
20260331,032830,,73777905250,86
20260331,033780,,73295692200,87
20260331,024060,,73194805845,88
20260331,403870,,72314245200,89
20260331,071050,,71320158500,90
20260331,101670,,71256262005,91
20260331,316140,,70760413725,92
20260331,225430,,68359718090,93
20260331,036930,,67707778700,94
20260331,011930,,65974386806,95
20260331,011070,,65637725000,96
20260331,017670,,65559896850,97
20260331,043260,,63946070125,98
20260331,058470,,63156204700,99
20260331,000810,,62869566500,100
20260331,089030,,62652723900,101
20260331,005830,,62500139285,102
20260331,062040,,61472082850,103
20260331,440110,,60904314500,104
20260331,226950,,60681858550,105
20260331,347700,,60500202875,106
20260331,003000,,60455217185,107
20260331,010060,,60321494350,108
20260331,050890,,60131405000,109
20260331,218410,,60046372450,110
20260331,489790,,59648303400,111
20260331,033790,,58011458330,112
20260331,259960,,57873444500,113
20260331,298380,,57704842850,114
20260331,006260,,55679504250,115
20260331,039490,,55291937750,116
20260331,114190,,55176961890,117
20260331,178320,,54728789250,118
20260331,010950,,54257047400,119
20260331,095340,,51280014750,120
20260331,027360,,51156419735,121
20260331,174900,,50598964750,122
20260331,086280,,50367199500,123
20260331,005387,,50153122500,124
20260331,020400,,50142972740,125
20260331,108490,,50019785000,126
20260331,112610,,49209722450,127
20260331,128660,,49130764839,128
20260331,240810,,49035728900,129
20260331,039030,,48572701500,130
20260331,003490,,48364696225,131
20260331,001440,,48240886175,132
20260331,047050,,47970852650,133
20260331,376900,,47271515550,134
20260331,0088M0,,47180782725,135
20260331,100090,,47114295100,136
20260331,131970,,47009540350,137
20260331,096770,,46769646200,138
20260331,005940,,46192190500,139
20260331,393890,,45602708800,140
20260331,382150,,45478907305,141
20260331,064400,,44505179650,142
20260331,038110,,42838381842,143
20260331,080220,,42564632900,144
20260331,491000,,41932611050,145
20260331,388050,,41890898700,146
20260331,100840,,41872559950,147
20260331,465770,,41871136885,148
20260331,037030,,41289833605,149
20260331,445680,,40925998800,150
20260331,006360,,40853174775,151
20260331,295310,,40742198500,152
20260331,389260,,40698626850,153
20260331,128940,,39728055000,154
20260331,007810,,39675086150,155
20260331,475830,,39439210650,156
20260331,267250,,39349437250,157
20260331,034220,,38819163045,158
20260331,016360,,38473705650,159
20260331,098070,,37849397975,160
20260331,028300,,37769095600,161
20260331,023160,,37203089250,162
20260331,053690,,36850151025,163
20260331,098460,,36375354125,164
20260331,004140,,36338732030,165
20260331,087010,,36316811250,166
20260331,058110,,36057740383,167
20260331,267270,,35940255400,168
20260331,005290,,35474137600,169
20260331,078600,,35412985450,170
20260331,310210,,35355800250,171
20260331,003550,,35267185400,172
20260331,417200,,34756668725,173
20260331,010130,,34596878500,174
20260331,024110,,34455855075,175
20260331,011200,,34170388945,176
20260331,100700,,33828871393,177
20260331,138040,,33585922300,178
20260331,037230,,33400931824,179
20260331,005385,,32882688250,180
20260331,083650,,32473213350,181
20260331,060900,,32366121854,182
20260331,069540,,32299349146,183
20260331,242040,,32130405155,184
20260331,067310,,32090006850,185
20260331,138080,,31287439675,186
20260331,010580,,31035400675,187
20260331,0007C0,,30890832175,188
20260331,161390,,30616022250,189
20260331,021240,,30558625950,190
20260331,192820,,30399526850,191
20260331,018260,,30381893250,192
20260331,000880,,30149382100,193
20260331,082270,,30113337875,194
20260331,000990,,29936310800,195
20260331,222800,,29673606250,196
20260331,097230,,29519087250,197
20260331,257720,,29271528500,198
20260331,221800,,28970165960,199
20260331,092220,,28872604899,200
20260430,005930,,4984706020346,1
20260430,000660,,4355325578994,2
20260430,001440,,1887826030175,3
20260430,006340,,1271887928065,4
20260430,042700,,976313892000,5
20260430,009150,,764553041500,6
20260430,0129K0,,747044889635,7
20260430,005935,,731671213395,8
20260430,066570,,669211924750,9
20260430,062040,,660362028750,10
20260430,009830,,625551970175,11
20260430,005380,,621344074500,12
20260430,006400,,601812980000,13
20260430,0011T0,,567600556050,14
20260430,402340,,530920383000,15
20260430,025860,,509428622545,16
20260430,010170,,509115802595,17
20260430,034020,,431277650800,18
20260430,047040,,415433928850,19
20260430,064350,,401995538000,20
20260430,032830,,393997303500,21
20260430,050890,,373166097915,22
20260430,199820,,362315213205,23
20260430,012450,,335666994000,24
20260430,322000,,332657410000,25
20260430,010120,,324239792250,26
20260430,058470,,313587899150,27
20260430,035420,,296339309000,28
20260430,329180,,280201230500,29
20260430,105560,,265026166256,30
20260430,005490,,263012627000,31
20260430,024060,,258701218100,32
20260430,432720,,234195354600,33
20260430,046890,,232800391520,34
20260430,079550,,229688368500,35
20260430,373220,,224463139000,36
20260430,007660,,222397507150,37
20260430,010130,,218730072500,38
20260430,178320,,215423346300,39
20260430,125020,,214537812205,40
20260430,298040,,213810082500,41
20260430,454910,,207323163800,42
20260430,001510,,203162814675,43
20260430,000720,,201019091350,44
20260430,267260,,193396924000,45
20260430,489790,,189796180300,46
20260430,086520,,189183707300,47
20260430,027360,,188230120895,48
20260430,000270,,182048759900,49
20260430,024840,,181473899023,50
20260430,475150,,181178686750,51
20260430,352820,,179018019000,52
20260430,000150,,173101309000,53
20260430,440110,,167034233700,54
20260430,055550,,166029395648,55
20260430,011070,,165568466500,56
20260430,096770,,165395059100,57
20260430,006260,,161486484250,58
20260430,006800,,160363914100,59
20260430,047810,,158740335500,60
20260430,147830,,158473380535,61
20260430,278470,,156951327750,62
20260430,006360,,156351098450,63
20260430,042660,,153668337600,64
20260430,080220,,151065539100,65
20260430,103590,,150765906550,66
20260430,059120,,150321821845,67
20260430,066970,,146413298300,68
20260430,010140,,143914909400,69
20260430,010060,,142931104000,70
20260430,490470,,138360687425,71
20260430,039490,,137529414000,72
20260430,277810,,137351930500,73
20260430,028260,,136085436000,74
20260430,012330,,135734311750,75
20260430,098460,,135580603925,76
20260430,090710,,131836689150,77
20260430,417200,,131317268450,78
20260430,017510,,130030092745,79
20260430,041910,,123938457375,80
20260430,047050,,121816920250,81
20260430,086790,,121372253050,82
20260430,222080,,121253881270,83
20260430,051910,,112492456000,84
20260430,375500,,110669117950,85
20260430,015760,,110579862325,86
20260430,017670,,110253873500,87
20260430,032820,,109082409075,88
20260430,003670,,107719683250,89
20260430,353200,,104306007700,90
20260430,396300,,103585360710,91
20260430,247540,,103471851000,92
20260430,267270,,103350414350,93
20260430,039980,,103201847865,94
20260430,108490,,102219617500,95
20260430,010950,,101443632850,96
20260430,033100,,101166835850,97
20260430,259960,,100229554750,98
20260430,036930,,100015782000,99
20260430,034730,,98887545500,100
20260430,196170,,97704733750,101
20260430,082740,,95599736950,102
20260430,267250,,95586279000,103
20260430,028050,,94266565900,104
20260430,068270,,94197121750,105
20260430,450080,,93151792550,106
20260430,000990,,92605729700,107
20260430,340440,,91835265392,108
20260430,100790,,90819779400,109
20260430,298380,,90431698800,110
20260430,272210,,89766643050,111
20260430,336260,,89011963600,112
20260430,403870,,88935671350,113
20260430,003280,,88549699978,114
20260430,003230,,87520800000,115
20260430,065440,,83124236407,116
20260430,316140,,78236359850,117
20260430,000810,,76836543500,118
20260430,071050,,75327184250,119
20260430,009540,,75307905750,120
20260430,035720,,70503628400,121
20260430,004020,,68738923975,122
20260430,000250,,68500783250,123
20260430,006910,,67622955615,124
20260430,261780,,66378580534,125
20260430,128940,,65917916750,126
20260430,207940,,65629667000,127
20260430,452190,,65482889005,128
20260430,456160,,64364280800,129
20260430,319400,,63825286400,130
20260430,443060,,63346407000,131
20260430,058610,,62830072100,132
20260430,076610,,61691607938,133
20260430,033790,,61604527110,134
20260430,347700,,60903366975,135
20260430,034220,,60452816020,136
20260430,254490,,59491743600,137
20260430,090430,,59302854050,138
20260430,089030,,58916499850,139
20260430,240810,,58843060150,140
20260430,030530,,58634799075,141
20260430,097230,,58018847400,142
20260430,011170,,57423909450,143
20260430,018880,,56034246268,144
20260430,307950,,55346397250,145
20260430,000880,,55035166150,146
20260430,086280,,54932835500,147
20260430,008770,,54710940650,148
20260430,141080,,54685443150,149
20260430,459510,,54573746700,150
20260430,084370,,54354062500,151
20260430,0001A0,,54322597830,152
20260430,126340,,54157402750,153
20260430,001550,,53732261550,154
20260430,140410,,52873581200,155
20260430,425040,,51359194760,156
20260430,039030,,51292065500,157
20260430,067310,,50843774675,158
20260430,077970,,50625192400,159
20260430,226950,,50318321000,160
20260430,229640,,49661178350,161
20260430,195870,,49633408100,162
20260430,041020,,49297503245,163
20260430,222800,,49200503650,164
20260430,039860,,49168609285,165
20260430,004430,,48347440430,166
20260430,095340,,48330261750,167
20260430,005387,,48293267500,168
20260430,394420,,48203938750,169
20260430,215100,,48117900200,170
20260430,327260,,47885629600,171
20260430,120110,,47854950300,172
20260430,001390,,47641838505,173
20260430,043260,,47590991825,174
20260430,263750,,46766289800,175
20260430,005880,,46031659637,176
20260430,077360,,45860606110,177
20260430,059090,,45245661025,178
20260430,036540,,43720286105,179
20260430,018260,,43604984200,180
20260430,336370,,43594630525,181
20260430,049630,,43399461035,182
20260430,095910,,42819795548,183
20260430,131970,,42801790400,184
20260430,356680,,42555570575,185
20260430,003490,,42127890250,186
20260430,372320,,41119267000,187
20260430,005690,,41118879820,188
20260430,038500,,41025868230,189
20260430,058430,,40754298660,190
20260430,078600,,40687971450,191
20260430,011790,,40408537750,192
20260430,475430,,40123484765,193
20260430,457190,,39839379850,194
20260430,218410,,39806197800,195
20260430,001430,,39391720800,196
20260430,483650,,38608678000,197
20260430,476830,,38594615150,198
20260430,382800,,38202718195,199
20260430,408900,,38087410555,200
20260531,060310,,0,1
20260531,095570,,0,2
20260531,006840,,0,3
20260531,054620,,0,4
20260531,079810,,0,5
20260531,265520,,0,6
20260531,211270,,0,7
20260531,027410,,0,8
20260531,282330,,0,9
20260531,126600,,0,10
20260531,138930,,0,11
20260531,001460,,0,12
20260531,001465,,0,13
20260531,083790,,0,14
20260531,001040,,0,15
20260531,079160,,0,16
20260531,035760,,0,17
20260531,311690,,0,18
20260531,00104K,,0,19
20260531,000120,,0,20
20260531,011150,,0,21
20260531,011155,,0,22
20260531,001045,,0,23
20260531,097950,,0,24
20260531,097955,,0,25
20260531,051500,,0,26
20260531,058820,,0,27
20260531,056730,,0,28
20260531,000480,,0,29
20260531,065770,,0,30
20260531,083660,,0,31
20260531,000590,,0,32
20260531,012030,,0,33
20260531,477760,,0,34
20260531,005830,,0,35
20260531,016610,,0,36
20260531,000990,,0,37
20260531,099520,,0,38
20260531,000300,,0,39
20260531,290120,,0,40
20260531,025440,,0,41
20260531,001530,,0,42
20260531,015590,,0,43
20260531,000210,,0,44
20260531,000215,,0,45
20260531,375500,,0,46
20260531,37550L,,0,47
20260531,37550K,,0,48
20260531,068790,,0,49
20260531,007340,,0,50
20260531,004840,,0,51
20260531,241520,,0,52
20260531,155660,,0,53
20260531,069730,,0,54
20260531,017860,,0,55
20260531,180400,,0,56
20260531,092780,,0,57
20260531,017940,,0,58
20260531,418620,,0,59
20260531,245620,,0,60
20260531,037370,,0,61
20260531,278990,,0,62
20260531,365550,,0,63
20260531,050120,,0,64
20260531,383220,,0,65
20260531,007700,,0,66
20260531,214270,,0,67
20260531,032620,,0,68
20260531,130500,,0,69
20260531,114090,,0,70
20260531,900290,,0,71
20260531,078930,,0,72
20260531,083450,,0,73
20260531,006360,,0,74
20260531,001250,,0,75
20260531,007070,,0,76
20260531,078935,,0,77
20260531,499790,,0,78
20260531,297890,,0,79
20260531,440290,,0,80
20260531,078150,,0,81
20260531,225530,,0,82
20260531,060560,,0,83
20260531,012630,,0,84
20260531,039570,,0,85
20260531,089470,,0,86
20260531,267270,,0,87
20260531,009540,,0,88
20260531,267250,,0,89
20260531,443060,,0,90
20260531,071970,,0,91
20260531,322000,,0,92
20260531,267260,,0,93
20260531,329180,,0,94
20260531,376270,,0,95
20260531,097230,,0,96
20260531,195940,,0,97
20260531,014790,,0,98
20260531,028300,,0,99
20260531,003580,,0,100
20260531,278650,,0,101
20260531,067630,,0,102
20260531,024850,,0,103
20260531,187420,,0,104
20260531,047920,,0,105
20260531,115450,,0,106
20260531,046210,,0,107
20260531,196300,,0,108
20260531,204320,,0,109
20260531,060980,,0,110
20260531,011200,,0,111
20260531,403870,,0,112
20260531,036640,,0,113
20260531,035000,,0,114
20260531,002460,,0,115
20260531,487570,,0,116
20260531,298050,,0,117
20260531,467930,,0,118
20260531,469480,,0,119
20260531,0099X0,,0,120
20260531,015360,,0,121
20260531,294870,,0,122
20260531,095340,,0,123
20260531,175330,,0,124
20260531,204210,,0,125
20260531,950170,,0,126
20260531,234080,,0,127
20260531,067290,,0,128
20260531,001060,,0,129
20260531,001067,,0,130
20260531,001065,,0,131
20260531,096760,,0,132
20260531,035900,,0,133
20260531,318000,,0,134
20260531,008970,,0,135
20260531,024840,,0,136
20260531,105560,,0,137
20260531,415640,,0,138
20260531,432320,,0,139
20260531,024120,,0,140
20260531,464680,,0,141
20260531,478390,,0,142
20260531,486630,,0,143
20260531,492220,,0,144
20260531,0037T0,,0,145
20260531,0072Z0,,0,146
20260531,002380,,0,147
20260531,021320,,0,148
20260531,344820,,0,149
20260531,009070,,0,150
20260531,009440,,0,151
20260531,112190,,0,152
20260531,119650,,0,153
20260531,044180,,0,154
20260531,092220,,0,155
20260531,003620,,0,156
20260531,016380,,0,157
20260531,151860,,0,158
20260531,035600,,0,159
20260531,001390,,0,160
20260531,046440,,0,161
20260531,060720,,0,162
20260531,001940,,0,163
20260531,058400,,0,164
20260531,025000,,0,165
20260531,092230,,0,166
20260531,000040,,0,167
20260531,044450,,0,168
20260531,101000,,0,169
20260531,030200,,0,170
20260531,033780,,0,171
20260531,058850,,0,172
20260531,058860,,0,173
20260531,089600,,0,174
20260531,418470,,0,175
20260531,043610,,0,176
20260531,122450,,0,177
20260531,052900,,0,178
20260531,036560,,0,179
20260531,061970,,0,180
20260531,309960,,0,181
20260531,093050,,0,182
20260531,003550,,0,183
20260531,034220,,0,184
20260531,051900,,0,185
20260531,051905,,0,186
20260531,064400,,0,187
20260531,373220,,0,188
20260531,003555,,0,189
20260531,032640,,0,190
20260531,011070,,0,191
20260531,066570,,0,192
20260531,066575,,0,193
20260531,037560,,0,194
20260531,051910,,0,195
20260531,051915,,0,196
20260531,079550,,0,197
20260531,073490,,0,198
20260531,225190,,0,199
20260531,006260,,0,200
20260630,000660,,13522108237000,1
20260630,005930,,9724402126750,2
20260630,009150,,2864321365500,3
20260630,402340,,2530668448000,4
20260630,005935,,924578378920,5
20260630,036930,,641722788250,6
20260630,240810,,520562968200,7
20260630,0164H0,,417826965158,8
20260630,005380,,390188412250,9
20260630,028260,,342268792500,10
20260630,475150,,338471195325,11
20260630,002990,,311949097860,12
20260630,034730,,306951163000,13
20260630,403870,,289170706000,14
20260630,006400,,279656095250,15
20260630,066570,,276385234700,16
20260630,086520,,260710966200,17
20260630,010120,,251377247000,18
20260630,373220,,247990184500,19
20260630,080220,,243943324800,20
20260630,011070,,242252726000,21
20260630,105560,,241109354850,22
20260630,353200,,235155878800,23
20260630,034020,,216764363000,24
20260630,329180,,211793928000,25
20260630,039030,,208648514500,26
20260630,032830,,207179766000,27
20260630,042700,,205004328500,28
20260630,001820,,193205274550,29
20260630,007660,,185157784200,30
20260630,222800,,185134772550,31
20260630,475040,,184185869455,32
20260630,267260,,179574189000,33
20260630,012450,,176783060000,34
20260630,153890,,169950567030,35
20260630,035420,,164650004900,36
20260630,298040,,162863707000,37
20260630,012330,,159420936500,38
20260630,095610,,158526845600,39
20260630,196170,,156529097000,40
20260630,247540,,143359262900,41
20260630,001210,,139396648141,42
20260630,000270,,135932477896,43
20260630,055550,,135533438150,44
20260630,000990,,130996077150,45
20260630,093370,,130308825995,46
20260630,319660,,129259508200,47
20260630,005490,,128076910000,48
20260630,042660,,127294418400,49
20260630,086790,,126984518650,50
20260630,058470,,126259311350,51
20260630,051910,,116538814750,52
20260630,000150,,115232413000,53
20260630,214450,,112357992000,54
20260630,006800,,108870722475,55
20260630,009155,,104804184000,56
20260630,207940,,104202002500,57
20260630,068270,,99192513600,58
20260630,001440,,97109414450,59
20260630,010140,,95265598075,60
20260630,316140,,95076887550,61
20260630,278470,,91697538750,62
20260630,062040,,87686005500,63
20260630,089030,,86326305450,64
20260630,064350,,85211667150,65
20260630,047040,,85124986345,66
20260630,017670,,84987520400,67
20260630,095340,,84937956150,68
20260630,000500,,84883443250,69
20260630,067310,,83955353600,70
20260630,058730,,83220108736,71
20260630,009540,,82966857000,72
20260630,000810,,82906943000,73
20260630,006260,,82903487500,74
20260630,281820,,81710085650,75
20260630,028050,,77578911275,76
20260630,031980,,75355464350,77
20260630,043260,,75241993050,78
20260630,015760,,74605837850,79
20260630,079550,,74557471000,80
20260630,010170,,71536162735,81
20260630,475430,,70899277795,82
20260630,141080,,70054220200,83
20260630,003670,,69025290700,84
20260630,084370,,68836177500,85
20260630,071050,,68156857250,86
20260630,178320,,67397979325,87
20260630,111710,,64735377999,88
20260630,226950,,64628655650,89
20260630,267250,,63438784750,90
20260630,079650,,62794346165,91
20260630,047810,,62400877250,92
20260630,006340,,61619826040,93
20260630,272210,,59857695150,94
20260630,347700,,59796115575,95
20260630,018260,,59409993500,96
20260630,000720,,59061200400,97
20260630,259960,,58867748750,98
20260630,347850,,57293018050,99
20260630,089970,,57061160900,100
20260630,357780,,56096769250,101
20260630,001740,,53672007770,102
20260630,009420,,52907111750,103
20260630,126640,,52789607044,104
20260630,069960,,52178551250,105
20260630,039490,,51638195750,106
20260630,033780,,50373506500,107
20260630,298380,,49455053750,108
20260630,003230,,49418032000,109
20260630,003550,,48617446000,110
20260630,108490,,48459199250,111
20260630,103590,,48429493950,112
20260630,034220,,48076768885,113
20260630,003490,,47822734050,114
20260630,005290,,47612430350,115
20260630,064400,,47124536350,116
20260630,010950,,46706130700,117
20260630,138040,,45958267400,118
20260630,161890,,45648545750,119
20260630,004170,,44010603500,120
20260630,016360,,43456775950,121
20260630,035720,,43182612475,122
20260630,352820,,42997392575,123
20260630,267270,,41597039600,124
20260630,440110,,40516866650,125
20260630,086280,,38415654950,126
20260630,277810,,38078635000,127
20260630,037710,,37576732200,128
20260630,307950,,35541764500,129
20260630,009830,,35125699425,130
20260630,087010,,35002290250,131
20260630,066980,,34928341106,132
20260630,025560,,34786439625,133
20260630,090430,,34431847950,134
20260630,204320,,34339254000,135
20260630,007810,,34032188000,136
20260630,082740,,33965895550,137
20260630,066970,,33582749650,138
20260630,454910,,33542833050,139
20260630,096770,,33011396350,140
20260630,005387,,32705587250,141
20260630,0126Z0,,32558420250,142
20260630,010060,,32444306750,143
20260630,121440,,32180495415,144
20260630,128940,,31988387750,145
20260630,483650,,31708945500,146
20260630,458870,,31539584275,147
20260630,014680,,31127272453,148
20260630,088980,,30966473565,149
20260630,322000,,30800153050,150
20260630,025320,,30573578935,151
20260630,443060,,30418939000,152
20260630,098460,,29734433900,153
20260630,319400,,29258380125,154
20260630,028300,,29084821900,155
20260630,032820,,29016754830,156
20260630,950160,,28591666600,157
20260630,097230,,28281767505,158
20260630,420770,,28041262800,159
20260630,320000,,27294217070,160
20260630,005830,,26537587500,161
20260630,131290,,26321532750,162
20260630,002380,,25825290500,163
20260630,036570,,25690394000,164
20260630,033160,,25441070345,165
20260630,000250,,25192257250,166
20260630,336260,,25102506850,167
20260630,010130,,24111286500,168
20260630,021240,,24037867900,169
20260630,356860,,23920785550,170
20260630,073240,,23569696563,171
20260630,131970,,23408277250,172
20260630,090360,,22742388000,173
20260630,290650,,22740117450,174
20260630,011790,,22736098150,175
20260630,450080,,22703927844,176
20260630,033100,,22504577375,177
20260630,099220,,22188021432,178
20260630,005385,,21809395000,179
20260630,375500,,21143784250,180
20260630,041830,,20474904650,181
20260630,161390,,20263064950,182
20260630,000100,,19868686100,183
20260630,295310,,19697188800,184
20260630,290690,,19684908980,185
20260630,241560,,19467172000,186
20260630,078930,,19354836750,187
20260630,024110,,19316535780,188
20260630,489790,,19241642500,189
20260630,018000,,19145556941,190
20260630,122640,,19038003750,191
20260630,018880,,18898248106,192
20260630,011230,,18887825900,193
20260630,005940,,18850933200,194
20260630,019210,,18778670750,195
20260630,023530,,18320136400,196
20260630,011200,,17797866660,197
20260630,170920,,17021209250,198
20260630,237690,,17015945650,199
20260630,064760,,16870343250,200
20260731,000660,,17548832116000,1
20260731,005930,,14924241538350,2
20260731,005935,,1605424327400,3
20260731,402340,,1064048457000,4
20260731,009150,,696251094000,5
20260731,042700,,461764042800,6
20260731,028260,,430946057185,7
20260731,475150,,430294754000,8
20260731,005380,,412877822000,9
20260731,035420,,363944015800,10
20260731,010120,,309302184850,11
20260731,036930,,302009426050,12
20260731,066570,,277257103050,13
20260731,011070,,270944214500,14
20260731,006400,,260252791500,15
20260731,105560,,254146892950,16
20260731,298040,,244490660000,17
20260731,012450,,235473402500,18
20260731,034730,,229416379000,19
20260731,080220,,216197379450,20
20260731,034020,,211775774450,21
20260731,068270,,209523791600,22
20260731,240810,,201035560400,23
20260731,006340,,200894561065,24
20260731,096770,,199501871600,25
20260731,058610,,186997602500,26
20260731,000270,,186033964600,27
20260731,002990,,179618867260,28
20260731,055550,,172673890150,29
20260731,032830,,172006836850,30
20260731,267260,,171111132000,31
20260731,012330,,168353353750,32
20260731,403870,,161238038050,33
20260731,373220,,158591821000,34
20260731,042660,,156291171900,35
20260731,000150,,152972994000,36
20260731,073240,,147526293455,37
20260731,353200,,136224820950,38
20260731,207940,,134124541000,39
20260731,005490,,133836617250,40
20260731,329180,,133634962000,41
20260731,086790,,131934101550,42
20260731,000720,,127540232100,43
20260731,047040,,123460104665,44
20260731,064350,,113032859050,45
20260731,277810,,112520934000,46
20260731,017670,,111926996550,47
20260731,035720,,111803940725,48
20260731,009540,,107877044000,49
20260731,090430,,105457424600,50
20260731,196170,,105290672500,51
20260731,086520,,104820292800,52
20260731,010140,,101785531650,53
20260731,006800,,101725615950,54
20260731,319660,,101404083600,55
20260731,316140,,98446942025,56
20260731,047810,,92157353950,57
20260731,001440,,91944242875,58
20260731,018260,,91801148800,59
20260731,033780,,90288622200,60
20260731,003230,,90181729500,61
20260731,082740,,89363865300,62
20260731,007660,,88737517550,63
20260731,064400,,87520811050,64
20260731,067310,,87341831800,65
20260731,214450,,86748344250,66
20260731,000810,,83343007000,67
20260731,079550,,82426857000,68
20260731,034220,,82330432185,69
20260731,352820,,82113659600,70
20260731,009830,,81516734275,71
20260731,078930,,81488231050,72
20260731,098460,,81305313250,73
20260731,010170,,80695303390,74
20260731,028050,,80106559350,75
20260731,051910,,77843600000,76
20260731,0039P0,,75518128340,77
20260731,089970,,74430065300,78
20260731,006360,,72344374250,79
20260731,222800,,69591598600,80
20260731,000990,,68774672000,81
20260731,365660,,66780063180,82
20260731,278470,,66436819500,83
20260731,003490,,65741978300,84
20260731,058470,,63605713350,85
20260731,015760,,61554586700,86
20260731,483650,,61445830500,87
20260731,003550,,61331637850,88
20260731,010060,,60673419800,89
20260731,004170,,60363843500,90
20260731,001820,,59545443300,91
20260731,010950,,59422519750,92
20260731,000500,,56694051050,93
20260731,071050,,56053657900,94
20260731,003670,,55924242400,95
20260731,093370,,54763173770,96
20260731,454910,,54385235300,97
20260731,440110,,53822974700,98
20260731,039030,,53810082750,99
20260731,108490,,51470257750,100
20260731,247540,,50922460550,101
20260731,006260,,50553438500,102
20260731,095610,,50457808150,103
20260731,319400,,50273715535,104
20260731,089030,,50230077425,105
20260731,272210,,49910592900,106
20260731,016360,,48141941400,107
20260731,347850,,47659778475,108
20260731,439960,,47262547920,109
20260731,307950,,46464157000,110
20260731,005830,,46307797300,111
20260731,079650,,45824035836,112
20260731,028670,,45572620767,113
20260731,000250,,45298514050,114
20260731,259960,,45265764500,115
20260731,051900,,43499905250,116
20260731,086280,,43343492600,117
20260731,018880,,41411931951,118
20260731,322000,,41400547900,119
20260731,336260,,41370522875,120
20260731,062040,,40877035700,121
20260731,267250,,40352717850,122
20260731,138040,,39992121200,123
20260731,119850,,38121864950,124
20260731,032820,,37260247125,125
20260731,084370,,36431536600,126
20260731,039490,,36058606250,127
20260731,071970,,36045562175,128
20260731,005387,,35891995550,129
20260731,333430,,35760388136,130
20260731,024110,,34679367375,131
20260731,047050,,34495423775,132
20260731,128940,,33559268000,133
20260731,267270,,32773180350,134
20260731,178320,,32747997550,135
20260731,204320,,32286707275,136
20260731,009155,,32260747250,137
20260731,131970,,32241611350,138
20260731,950160,,32241401205,139
20260731,031980,,32224564450,140
20260731,443060,,31176687750,141
20260731,011200,,30939163700,142
20260731,413630,,30763579750,143
20260731,030200,,29971304833,144
20260731,028300,,29971093650,145
20260731,103590,,29827351500,146
20260731,477850,,29295631280,147
20260731,005940,,28891976100,148
20260731,067290,,28695890982,149
20260731,420770,,28465591400,150
20260731,192820,,28019402250,151
20260731,141080,,27711580250,152
20260731,332570,,27631401950,153
20260731,005290,,27414817050,154
20260731,437730,,26690137550,155
20260731,011790,,26319832150,156
20260731,161890,,26080933250,157
20260731,226950,,25912176550,158
20260731,001210,,25828256259,159
20260731,290650,,25620010675,160
20260731,064260,,25278784047,161
20260731,010130,,25242491000,162
20260731,024060,,25071472155,163
20260731,007810,,25033132650,164
20260731,161390,,24714250200,165
20260731,043260,,23876645065,166
20260731,000100,,23464401900,167
20260731,180640,,23301352200,168
20260731,005385,,23297091750,169
20260731,255440,,23254072672,170
20260731,489790,,23070371200,171
20260731,087010,,22944146250,172
20260731,019210,,22867849925,173
20260731,281820,,22830605500,174
20260731,095340,,22758817150,175
20260731,138930,,22499213480,176
20260731,052690,,22486031100,177
20260731,375500,,22418090450,178
20260731,399720,,22364352500,179
20260731,323410,,22352184184,180
20260731,298380,,22195564950,181
20260731,100090,,21757629940,182
20260731,066970,,21222975200,183
20260731,021240,,20944328000,184
20260731,001450,,20476011125,185
20260731,044340,,20417339662,186
20260731,008770,,20229349325,187
20260731,036540,,19954157570,188
20260731,036570,,19544408000,189
20260731,282330,,19336267000,190
20260731,032640,,19312309820,191
20260731,257720,,19299359700,192
20260731,103140,,19144766050,193
20260731,237690,,18937039700,194
20260731,144960,,18395889315,195
20260731,069620,,17910712850,196
20260731,475400,,17689244495,197
20260731,0126Z0,,17644533500,198
20260731,088980,,17310133665,199
20260731,271560,,17003995200,200
20260831,000660,,6517555966000,1
20260831,005930,,4647038997556,2
20260831,009150,,1270808009666,3
20260831,011070,,1005949619000,4
20260831,005935,,670653907144,5
20260831,402340,,662475218592,6
20260831,105560,,524655019050,7
20260831,028300,,520865929225,8
20260831,006400,,476565812500,9
20260831,034220,,422084136115,10
20260831,001210,,341446469650,11
20260831,002990,,319550334825,12
20260831,0126Z0,,303670586000,13
20260831,047050,,294450739550,14
20260831,066570,,293731459200,15
20260831,034020,,291288137600,16
20260831,005380,,250635247000,17
20260831,096770,,238580663250,18
20260831,012330,,221949421000,19
20260831,017670,,211640025700,20
20260831,055550,,200849856250,21
20260831,012450,,200200262000,22
20260831,196170,,197768129250,23
20260831,086790,,182046408500,24
20260831,298040,,172610606000,25
20260831,042700,,169194520750,26
20260831,373220,,159229687500,27
20260831,003670,,158892406400,28
20260831,035420,,157931927250,29
20260831,047810,,152096988050,30
20260831,066970,,150953104900,31
20260831,000150,,142875530000,32
20260831,034730,,140571391500,33
20260831,032830,,134334268848,34
20260831,000270,,131867820200,35
20260831,207940,,130578189000,36
20260831,068270,,121378040900,37
20260831,080220,,119887658900,38
20260831,278470,,119818347750,39
20260831,028260,,115852110628,40
20260831,003550,,115553469750,41
20260831,476060,,112094982055,42
20260831,267260,,111561116000,43
20260831,316140,,111515608550,44
20260831,018260,,110489592750,45
20260831,036930,,107849660800,46
20260831,222800,,103395516800,47
20260831,079550,,101040225500,48
20260831,010120,,96608317750,49
20260831,047040,,96412930275,50
20260831,000500,,93967262700,51
20260831,010950,,92650951000,52
20260831,353200,,90585409100,53
20260831,005830,,84726812600,54
20260831,403870,,84099512700,55
20260831,000720,,82937410150,56
20260831,086520,,81397179850,57
20260831,387690,,81158449030,58
20260831,033780,,80446009000,59
20260831,005490,,79555328000,60
20260831,067290,,79148757869,61
20260831,032940,,78135112815,62
20260831,095610,,77804391750,63
20260831,000810,,75255914000,64
20260831,329180,,74555313250,65
20260831,128940,,74050508000,66
20260831,003490,,71231510750,67
20260831,161890,,69726262800,68
20260831,010170,,67681836670,69
20260831,003230,,67506440000,70
20260831,024840,,64013389405,71
20260831,006360,,63723795075,72
20260831,247540,,63372359350,73
20260831,078930,,62476192800,74
20260831,192820,,62286141250,75
20260831,064400,,61436429950,76
20260831,090430,,59709943600,77
20260831,257720,,58783289800,78
20260831,950260,,57127227420,79
20260831,030530,,56981092875,80
20260831,138040,,56493391050,81
20260831,007660,,56223027700,82
20260831,051910,,55856148000,83
20260831,009540,,54582432750,84
20260831,042660,,53631006450,85
20260831,001820,,53429988500,86
20260831,000100,,53406101100,87
20260831,475150,,52688546900,88
20260831,131290,,52550534000,89
20260831,108490,,52400713250,90
20260831,035720,,51898629225,91
20260831,214450,,51285368500,92
20260831,010130,,51177090000,93
20260831,259960,,50407860250,94
20260831,240810,,49699209750,95
20260831,377300,,49647296200,96
20260831,006800,,49371576000,97
20260831,089970,,49247188350,98
20260831,039030,,48482719000,99
20260831,0155E0,,47293477935,100
20260831,062040,,46140436500,101
20260831,347850,,45816176050,102
20260831,000880,,45061757300,103
20260831,004770,,44863035870,104
20260831,071050,,44500349000,105
20260831,064350,,44100617050,106
20260831,052690,,43968862050,107
20260831,015760,,43314734325,108
20260831,058470,,43013826000,109
20260831,067310,,42495966450,110
20260831,010140,,42387565675,111
20260831,019170,,41564470745,112
20260831,004310,,41013741380,113
20260831,003350,,40478649365,114
20260831,352820,,40070119700,115
20260831,028050,,39568517250,116
20260831,086450,,39171924275,117
20260831,051900,,38255365250,118
20260831,443060,,38043651750,119
20260831,009830,,37879188750,120
20260831,267250,,37385931750,121
20260831,005387,,36986216554,122
20260831,011200,,35927125175,123
20260831,178320,,35781063975,124
20260831,100090,,35539626055,125
20260831,323410,,35381538200,126
20260831,093370,,34860772080,127
20260831,161390,,34748925050,128
20260831,032820,,34531851075,129
20260831,010060,,33581108250,130
20260831,319400,,33044806700,131
20260831,001440,,33032358775,132
20260831,086280,,33007782450,133
20260831,327260,,31724174200,134
20260831,319660,,31299154950,135
20260831,033790,,31245724785,136
20260831,006340,,31179558135,137
20260831,417010,,30726180620,138
20260831,004170,,30602881500,139
20260831,131970,,30578135950,140
20260831,119850,,30297187025,141
20260831,356860,,29811190650,142
20260831,307950,,29188552500,143
20260831,443670,,28611324041,144
20260831,088350,,28554665000,145
20260831,030200,,27510830308,146
20260831,277810,,27385151250,147
20260831,005385,,27196208670,148
20260831,256840,,26990971132,149
20260831,006260,,26801976250,150
20260831,007810,,26632253450,151
20260831,483650,,26565899000,152
20260831,001450,,26289304200,153
20260831,029780,,26246866450,154
20260831,039490,,26207351250,155
20260831,272210,,26199702900,156
20260831,079650,,26153710570,157
20260831,087010,,26048219300,158
20260831,024110,,25956893800,159
20260831,226950,,25904673250,160
20260831,021240,,25864090950,161
20260831,232140,,24868147220,162
20260831,161000,,24816799675,163
20260831,332570,,24529503520,164
20260831,484870,,24313971625,165
20260831,299660,,24242106589,166
20260831,141080,,24090998900,167
20260831,322000,,24058541250,168
20260831,073240,,23756451740,169
20260831,298380,,23538393500,170
20260831,096530,,23437158400,171
20260831,041190,,22971295455,172
20260831,009420,,22818442700,173
20260831,417030,,22557973950,174
20260831,004490,,22482416500,175
20260831,016360,,22309042850,176
20260831,445680,,22161705675,177
20260831,375500,,22030773350,178
20260831,0220W0,,21695428435,179
20260831,082920,,21373450725,180
20260831,336260,,21182255475,181
20260831,095340,,21119262750,182
20260831,089030,,21044927875,183
20260831,004370,,20794717250,184
20260831,137400,,20714143500,185
20260831,440110,,20136611400,186
20260831,420770,,20049994800,187
20260831,000990,,19883934750,188
20260831,271560,,19867617000,189
20260831,101490,,19307348900,190
20260831,006110,,19303969300,191
20260831,241560,,19089233150,192
20260831,043260,,19047195990,193
20260831,124500,,18866975000,194
20260831,000250,,18798045100,195
20260831,950160,,18551586070,196
20260831,020150,,18443832725,197
20260831,011780,,18362279900,198
20260831,083650,,18300463950,199
20260831,005940,,18255289475,200
