date,time,code,open,high,low,close,volume
20260922,0900,017900,10640.0,10680.0,10060.0,10130.0,874603
20260922,0910,017900,10150.0,10360.0,10090.0,10290.0,413565
20260922,0920,017900,10290.0,10310.0,10190.0,10260.0,203837
20260922,0930,017900,10260.0,10460.0,10240.0,10410.0,213297
20260922,0940,017900,10420.0,10480.0,10390.0,10410.0,164780
20260922,0950,017900,10410.0,10700.0,10410.0,10695.0,227852
20260922,1000,017900,10695.0,10815.0,10490.0,10510.0,260269
20260922,1010,017900,10520.0,10760.0,10500.0,10580.0,159848
20260922,1020,017900,10570.0,10680.0,10510.0,10600.0,121073
20260922,1030,017900,10610.0,10650.0,10510.0,10530.0,87314
20260922,1040,017900,10540.0,10600.0,10540.0,10590.0,44033
20260922,1050,017900,10600.0,10600.0,10520.0,10520.0,73689
20260922,1100,017900,10520.0,10520.0,10460.0,10470.0,66363
20260922,1110,017900,10460.0,10470.0,10350.0,10440.0,97491
20260922,1120,017900,10450.0,10450.0,10380.0,10390.0,44853
20260922,1130,017900,10390.0,10450.0,10380.0,10450.0,21199
20260922,1140,017900,10440.0,10450.0,10370.0,10380.0,42369
20260922,1150,017900,10380.0,10560.0,10360.0,10500.0,57921
20260922,1200,017900,10490.0,10550.0,10410.0,10420.0,28344
20260922,1210,017900,10420.0,10430.0,10360.0,10420.0,40986
20260922,1220,017900,10420.0,10420.0,10390.0,10390.0,18110
20260922,1230,017900,10400.0,10430.0,10370.0,10420.0,34934
20260922,1240,017900,10430.0,10500.0,10400.0,10410.0,46845
20260922,1250,017900,10410.0,10420.0,10390.0,10390.0,29974
20260922,1300,017900,10390.0,10440.0,10380.0,10400.0,37872
20260922,1310,017900,10390.0,10430.0,10390.0,10400.0,34033
20260922,1320,017900,10400.0,10410.0,10370.0,10380.0,36696
20260922,1330,017900,10370.0,10400.0,10360.0,10400.0,43820
20260922,1340,017900,10390.0,10420.0,10340.0,10350.0,40088
20260922,1350,017900,10350.0,10360.0,10250.0,10250.0,62719
20260922,1400,017900,10250.0,10310.0,10170.0,10270.0,87053
20260922,1410,017900,10270.0,10270.0,10210.0,10210.0,42969
20260922,1420,017900,10210.0,10230.0,10200.0,10230.0,23753
20260922,1430,017900,10230.0,10250.0,10200.0,10250.0,18418
20260922,1440,017900,10240.0,10300.0,10240.0,10260.0,29587
20260922,1450,017900,10260.0,10290.0,10250.0,10260.0,20194
20260922,1500,017900,10260.0,10260.0,10210.0,10210.0,39837
20260922,1510,017900,10210.0,10220.0,10190.0,10190.0,49378
20260922,1530,017900,10190.0,10200.0,10180.0,10195.0,5392
20260922,0900,072950,13850.0,13940.0,13280.0,13310.0,137309
20260922,0910,072950,13310.0,13540.0,13300.0,13420.0,70611
20260922,0920,072950,13430.0,13440.0,13320.0,13420.0,47567
20260922,0930,072950,13440.0,13520.0,13360.0,13480.0,27694
20260922,0940,072950,13480.0,13520.0,13410.0,13500.0,16968
20260922,0950,072950,13500.0,13530.0,13300.0,13530.0,42595
20260922,1000,072950,13530.0,13580.0,13440.0,13530.0,21034
20260922,1010,072950,13530.0,13530.0,13380.0,13420.0,13175
20260922,1020,072950,13420.0,13420.0,13360.0,13400.0,14263
20260922,1030,072950,13390.0,13400.0,13310.0,13310.0,12478
20260922,1040,072950,13320.0,13340.0,13310.0,13340.0,13812
20260922,1050,072950,13350.0,13370.0,13300.0,13300.0,13892
20260922,1100,072950,13305.0,13350.0,13260.0,13260.0,24010
20260922,1110,072950,13260.0,13260.0,13100.0,13120.0,51246
20260922,1120,072950,13120.0,13150.0,13070.0,13130.0,26966
20260922,1130,072950,13130.0,13230.0,13120.0,13200.0,14227
20260922,1140,072950,13200.0,13230.0,13150.0,13210.0,9651
20260922,1150,072950,13210.0,13275.0,13210.0,13220.0,11813
20260922,1200,072950,13230.0,13270.0,13220.0,13260.0,7109
20260922,1210,072950,13260.0,13300.0,13200.0,13230.0,13655
20260922,1220,072950,13230.0,13230.0,13200.0,13220.0,3100
20260922,1230,072950,13210.0,13230.0,13190.0,13200.0,4900
20260922,1240,072950,13200.0,13220.0,13190.0,13210.0,3665
20260922,1250,072950,13210.0,13210.0,13140.0,13160.0,7890
20260922,1300,072950,13160.0,13160.0,13100.0,13100.0,11456
20260922,1310,072950,13100.0,13100.0,13070.0,13070.0,14212
20260922,1320,072950,13070.0,13070.0,13020.0,13020.0,20376
20260922,1330,072950,13020.0,13030.0,12900.0,12910.0,36983
20260922,1340,072950,12905.0,12940.0,12900.0,12900.0,11164
20260922,1350,072950,12900.0,12920.0,12810.0,12830.0,33901
20260922,1400,072950,12840.0,12940.0,12830.0,12920.0,11357
20260922,1410,072950,12920.0,12930.0,12800.0,12800.0,17887
20260922,1420,072950,12800.0,12820.0,12730.0,12800.0,23176
20260922,1430,072950,12800.0,12860.0,12780.0,12850.0,5757
20260922,1440,072950,12860.0,12930.0,12850.0,12930.0,17206
20260922,1450,072950,12920.0,12980.0,12920.0,12960.0,5869
20260922,1500,072950,12960.0,13000.0,12960.0,13000.0,11784
20260922,1510,072950,12980.0,13010.0,12980.0,13000.0,6738
20260922,1530,072950,13010.0,13050.0,13000.0,13050.0,2019
20260922,0900,217590,14570.0,14610.0,14200.0,14200.0,120567
20260922,0910,217590,14230.0,14780.0,14200.0,14780.0,125624
20260922,0920,217590,14780.0,14970.0,14560.0,14590.0,98903
20260922,0930,217590,14620.0,14620.0,14390.0,14500.0,57784
20260922,0940,217590,14470.0,14500.0,14410.0,14460.0,21670
20260922,0950,217590,14460.0,14560.0,14450.0,14520.0,20894
20260922,1000,217590,14520.0,14565.0,14440.0,14450.0,16483
20260922,1010,217590,14450.0,14460.0,14380.0,14420.0,22854
20260922,1020,217590,14420.0,14500.0,14410.0,14500.0,10268
20260922,1030,217590,14490.0,14500.0,14420.0,14420.0,10002
20260922,1040,217590,14420.0,14520.0,14390.0,14520.0,13702
20260922,1050,217590,14520.0,14660.0,14490.0,14590.0,17811
20260922,1100,217590,14590.0,14710.0,14560.0,14570.0,29092
20260922,1110,217590,14570.0,14600.0,14480.0,14590.0,11900
20260922,1120,217590,14540.0,14540.0,14450.0,14460.0,7377
20260922,1130,217590,14460.0,14500.0,14440.0,14460.0,5397
20260922,1140,217590,14460.0,14510.0,14460.0,14510.0,3848
20260922,1150,217590,14510.0,14520.0,14490.0,14500.0,1782
20260922,1200,217590,14500.0,14520.0,14450.0,14470.0,5029
20260922,1210,217590,14470.0,14560.0,14470.0,14550.0,5550
20260922,1220,217590,14550.0,14560.0,14470.0,14530.0,13952
20260922,1230,217590,14520.0,14550.0,14510.0,14540.0,8739
20260922,1240,217590,14540.0,14560.0,14510.0,14560.0,4604
20260922,1250,217590,14550.0,14600.0,14530.0,14580.0,11414
20260922,1300,217590,14580.0,14680.0,14570.0,14630.0,19915
20260922,1310,217590,14630.0,14630.0,14460.0,14520.0,18281
20260922,1320,217590,14510.0,14680.0,14500.0,14630.0,25670
20260922,1330,217590,14630.0,14650.0,14560.0,14580.0,9139
20260922,1340,217590,14580.0,14600.0,14510.0,14510.0,11830
20260922,1350,217590,14510.0,14560.0,14500.0,14510.0,8295
20260922,1400,217590,14510.0,14710.0,14490.0,14710.0,38577
20260922,1410,217590,14690.0,14710.0,14570.0,14570.0,28883
20260922,1420,217590,14570.0,14600.0,14520.0,14600.0,19042
20260922,1430,217590,14580.0,14610.0,14550.0,14590.0,13365
20260922,1440,217590,14590.0,14600.0,14530.0,14550.0,11355
20260922,1450,217590,14540.0,14570.0,14520.0,14570.0,11891
20260922,1500,217590,14570.0,14670.0,14550.0,14660.0,24849
20260922,1510,217590,14660.0,14670.0,14620.0,14640.0,18317
20260922,1530,217590,14630.0,14640.0,14610.0,14610.0,2192
20260922,0900,101730,4785.0,4795.0,4705.0,4740.0,61809
20260922,0910,101730,4725.0,4750.0,4705.0,4710.0,19382
20260922,0920,101730,4710.0,4745.0,4700.0,4700.0,13444
20260922,0930,101730,4705.0,4740.0,4690.0,4735.0,10150
20260922,0940,101730,4725.0,4755.0,4720.0,4755.0,8551
20260922,0950,101730,4755.0,4765.0,4730.0,4755.0,3360
20260922,1000,101730,4755.0,4760.0,4730.0,4735.0,3621
20260922,1010,101730,4740.0,4740.0,4715.0,4725.0,5564
20260922,1020,101730,4720.0,4725.0,4715.0,4715.0,5729
20260922,1030,101730,4715.0,4715.0,4710.0,4710.0,3422
20260922,1040,101730,4715.0,4720.0,4715.0,4715.0,3201
20260922,1050,101730,4715.0,4725.0,4705.0,4705.0,8491
20260922,1100,101730,4700.0,4710.0,4685.0,4710.0,8439
20260922,1110,101730,4700.0,4705.0,4690.0,4700.0,3952
20260922,1120,101730,4700.0,4712.0,4685.0,4690.0,5278
20260922,1130,101730,4690.0,4700.0,4685.0,4695.0,6463
20260922,1140,101730,4695.0,4710.0,4695.0,4700.0,2029
20260922,1150,101730,4710.0,4710.0,4685.0,4695.0,2613
20260922,1200,101730,4695.0,4700.0,4690.0,4695.0,1591
20260922,1210,101730,4695.0,4715.0,4695.0,4710.0,3342
20260922,1220,101730,4710.0,4725.0,4705.0,4715.0,1658
20260922,1230,101730,4715.0,4735.0,4695.0,4730.0,9881
20260922,1240,101730,4725.0,4725.0,4695.0,4700.0,888
20260922,1250,101730,4705.0,4710.0,4700.0,4705.0,1856
20260922,1300,101730,4700.0,4710.0,4695.0,4695.0,2346
20260922,1310,101730,4700.0,4700.0,4685.0,4685.0,5030
20260922,1320,101730,4685.0,4690.0,4685.0,4690.0,1816
20260922,1330,101730,4685.0,4685.0,4670.0,4680.0,19985
20260922,1340,101730,4680.0,4680.0,4655.0,4660.0,10383
20260922,1350,101730,4660.0,4665.0,4640.0,4645.0,7760
20260922,1400,101730,4645.0,4655.0,4640.0,4650.0,2294
20260922,1410,101730,4645.0,4650.0,4640.0,4645.0,2830
20260922,1420,101730,4645.0,4645.0,4625.0,4625.0,4741
20260922,1430,101730,4630.0,4630.0,4590.0,4630.0,15651
20260922,1440,101730,4620.0,4625.0,4610.0,4615.0,3164
20260922,1450,101730,4615.0,4630.0,4615.0,4615.0,1923
20260922,1500,101730,4615.0,4625.0,4600.0,4625.0,7458
20260922,1510,101730,4625.0,4645.0,4610.0,4630.0,11864
20260922,1530,101730,4630.0,4640.0,4625.0,4635.0,373
20260922,0900,042510,11170.0,11180.0,10960.0,10960.0,28572
20260922,0910,042510,10970.0,11130.0,10960.0,11060.0,14561
20260922,0920,042510,11090.0,11300.0,11090.0,11290.0,20071
20260922,0930,042510,11300.0,11310.0,11250.0,11250.0,9050
20260922,0940,042510,11250.0,11340.0,11190.0,11270.0,10017
20260922,0950,042510,11270.0,11350.0,11190.0,11300.0,10753
20260922,1000,042510,11310.0,11350.0,11300.0,11340.0,4110
20260922,1010,042510,11340.0,11340.0,11260.0,11300.0,6388
20260922,1020,042510,11300.0,11310.0,11210.0,11210.0,5068
20260922,1030,042510,11220.0,11250.0,11200.0,11230.0,1690
20260922,1040,042510,11220.0,11220.0,11040.0,11140.0,11427
20260922,1050,042510,11140.0,11140.0,11090.0,11090.0,716
20260922,1100,042510,11110.0,11110.0,11070.0,11070.0,2098
20260922,1110,042510,11080.0,11120.0,11070.0,11120.0,2056
20260922,1120,042510,11110.0,11130.0,11070.0,11080.0,4863
20260922,1130,042510,11080.0,11090.0,11030.0,11050.0,13224
20260922,1140,042510,11100.0,11150.0,11060.0,11110.0,3051
20260922,1150,042510,11120.0,11180.0,11110.0,11150.0,3972
20260922,1200,042510,11150.0,11170.0,11090.0,11090.0,2564
20260922,1210,042510,11080.0,11150.0,11080.0,11140.0,1161
20260922,1220,042510,11140.0,11140.0,11080.0,11120.0,3032
20260922,1230,042510,11120.0,11120.0,11050.0,11060.0,13057
20260922,1240,042510,11060.0,11140.0,11060.0,11100.0,2899
20260922,1250,042510,11100.0,11100.0,10970.0,10970.0,26233
20260922,1300,042510,10970.0,11010.0,10880.0,10930.0,19538
20260922,1310,042510,10920.0,10920.0,10880.0,10900.0,5310
20260922,1320,042510,10900.0,10970.0,10890.0,10950.0,1708
20260922,1330,042510,10920.0,10920.0,10700.0,10790.0,35524
20260922,1340,042510,10760.0,10840.0,10720.0,10720.0,6581
20260922,1350,042510,10720.0,10750.0,10660.0,10690.0,18257
20260922,1400,042510,10680.0,10730.0,10680.0,10710.0,10230
20260922,1410,042510,10710.0,10710.0,10600.0,10600.0,11912
20260922,1420,042510,10610.0,10620.0,10590.0,10600.0,10032
20260922,1430,042510,10610.0,10620.0,10600.0,10600.0,2825
20260922,1440,042510,10610.0,10630.0,10590.0,10620.0,6618
20260922,1450,042510,10620.0,10620.0,10590.0,10620.0,10378
20260922,1500,042510,10610.0,10650.0,10600.0,10650.0,15508
20260922,1510,042510,10640.0,10700.0,10630.0,10660.0,9156
20260922,1530,042510,10680.0,10690.0,10660.0,10670.0,1810
20260922,0900,411080,6250.0,6250.0,6090.0,6090.0,31583
20260922,0910,411080,6090.0,6370.0,6050.0,6240.0,35005
20260922,0920,411080,6230.0,6320.0,6230.0,6280.0,20086
20260922,0930,411080,6290.0,6320.0,6180.0,6240.0,24830
20260922,0940,411080,6240.0,6310.0,6240.0,6300.0,8138
20260922,0950,411080,6310.0,6350.0,6300.0,6330.0,9931
20260922,1000,411080,6330.0,6330.0,6300.0,6300.0,4978
20260922,1010,411080,6300.0,6440.0,6300.0,6400.0,32800
20260922,1020,411080,6400.0,6420.0,6330.0,6370.0,16601
20260922,1030,411080,6370.0,6370.0,6150.0,6240.0,31596
20260922,1040,411080,6250.0,6260.0,6240.0,6260.0,4313
20260922,1050,411080,6260.0,6300.0,6240.0,6240.0,3463
20260922,1100,411080,6250.0,6310.0,6240.0,6290.0,4354
20260922,1110,411080,6290.0,6300.0,6250.0,6270.0,3231
20260922,1120,411080,6270.0,6320.0,6270.0,6310.0,2067
20260922,1130,411080,6310.0,6320.0,6300.0,6320.0,5411
20260922,1140,411080,6310.0,6320.0,6300.0,6310.0,1779
20260922,1150,411080,6300.0,6340.0,6290.0,6300.0,1968
20260922,1200,411080,6300.0,6300.0,6250.0,6260.0,3572
20260922,1210,411080,6270.0,6270.0,6250.0,6260.0,936
20260922,1220,411080,6260.0,6260.0,6240.0,6240.0,1890
20260922,1230,411080,6240.0,6260.0,6230.0,6240.0,914
20260922,1240,411080,6240.0,6260.0,6240.0,6260.0,1147
20260922,1250,411080,6250.0,6270.0,6230.0,6230.0,2396
20260922,1300,411080,6230.0,6290.0,6200.0,6290.0,5360
20260922,1310,411080,6290.0,6290.0,6250.0,6270.0,1202
20260922,1320,411080,6270.0,6330.0,6250.0,6310.0,7536
20260922,1330,411080,6310.0,6310.0,6230.0,6250.0,3048
20260922,1340,411080,6250.0,6290.0,6250.0,6290.0,2189
20260922,1350,411080,6300.0,6320.0,6220.0,6250.0,7115
20260922,1400,411080,6250.0,6290.0,6220.0,6290.0,2561
20260922,1410,411080,6290.0,6330.0,6250.0,6250.0,3285
20260922,1420,411080,6240.0,6270.0,6230.0,6250.0,5285
20260922,1430,411080,6250.0,6270.0,6220.0,6250.0,3257
20260922,1440,411080,6240.0,6270.0,6240.0,6270.0,4732
20260922,1450,411080,6260.0,6300.0,6240.0,6270.0,5838
20260922,1500,411080,6270.0,6290.0,6260.0,6280.0,2203
20260922,1510,411080,6270.0,6360.0,6260.0,6320.0,13841
20260922,1530,411080,6330.0,6330.0,6310.0,6330.0,883
20260922,0900,0015N0,12280.0,12500.0,12250.0,12270.0,21803
20260922,0910,0015N0,12270.0,12410.0,12060.0,12320.0,34397
20260922,0920,0015N0,12280.0,12290.0,12180.0,12190.0,14159
20260922,0930,0015N0,12200.0,12250.0,12080.0,12140.0,14216
20260922,0940,0015N0,12130.0,12160.0,12020.0,12080.0,17896
20260922,0950,0015N0,12080.0,12180.0,12060.0,12130.0,20112
20260922,1000,0015N0,12090.0,12140.0,11990.0,11990.0,16621
20260922,1010,0015N0,11980.0,11990.0,11790.0,11790.0,48878
20260922,1020,0015N0,11790.0,11790.0,11600.0,11690.0,35992
20260922,1030,0015N0,11690.0,11750.0,11660.0,11710.0,10482
20260922,1040,0015N0,11710.0,11710.0,11600.0,11620.0,15330
20260922,1050,0015N0,11620.0,11650.0,11480.0,11480.0,38548
20260922,1100,0015N0,11480.0,11560.0,11460.0,11550.0,15363
20260922,1110,0015N0,11550.0,11650.0,11420.0,11490.0,26539
20260922,1120,0015N0,11490.0,11555.0,11450.0,11460.0,18403
20260922,1130,0015N0,11460.0,11470.0,11360.0,11440.0,17776
20260922,1140,0015N0,11440.0,11480.0,11380.0,11430.0,6978
20260922,1150,0015N0,11430.0,11510.0,11360.0,11470.0,13224
20260922,1200,0015N0,11470.0,11500.0,11460.0,11480.0,7546
20260922,1210,0015N0,11490.0,11490.0,11400.0,11410.0,8864
20260922,1220,0015N0,11410.0,11440.0,11400.0,11420.0,5688
20260922,1230,0015N0,11420.0,11590.0,11410.0,11580.0,15582
20260922,1240,0015N0,11510.0,11560.0,11450.0,11500.0,8306
20260922,1250,0015N0,11500.0,11500.0,11340.0,11380.0,27304
20260922,1300,0015N0,11380.0,11470.0,11330.0,11340.0,17564
20260922,1310,0015N0,11330.0,11480.0,11320.0,11420.0,17668
20260922,1320,0015N0,11410.0,11510.0,11380.0,11470.0,17384
20260922,1330,0015N0,11460.0,11480.0,11350.0,11400.0,23312
20260922,1340,0015N0,11400.0,11470.0,11350.0,11370.0,17971
20260922,1350,0015N0,11360.0,11390.0,11270.0,11300.0,28403
20260922,1400,0015N0,11300.0,11400.0,11230.0,11350.0,27234
20260922,1410,0015N0,11370.0,11440.0,11320.0,11350.0,28144
20260922,1420,0015N0,11350.0,11380.0,11290.0,11310.0,17333
20260922,1430,0015N0,11310.0,11580.0,11290.0,11490.0,31468
20260922,1440,0015N0,11490.0,11560.0,11360.0,11450.0,24406
20260922,1450,0015N0,11440.0,11490.0,11400.0,11410.0,13562
20260922,1500,0015N0,11430.0,11440.0,11320.0,11340.0,14009
20260922,1510,0015N0,11340.0,11490.0,11340.0,11410.0,14766
20260922,1530,0015N0,11400.0,11490.0,11400.0,11490.0,2040
20260922,0900,263860,17100.0,17180.0,16810.0,16810.0,13741
20260922,0910,263860,16820.0,17250.0,16700.0,17180.0,16881
20260922,0920,263860,17180.0,17440.0,17180.0,17400.0,12092
20260922,0930,263860,17390.0,17450.0,17380.0,17430.0,6663
20260922,0940,263860,17440.0,17510.0,17380.0,17450.0,8574
20260922,0950,263860,17450.0,17680.0,17430.0,17550.0,14214
20260922,1000,263860,17550.0,17940.0,17520.0,17680.0,24661
20260922,1010,263860,17650.0,17700.0,17610.0,17700.0,3266
20260922,1020,263860,17700.0,17750.0,17640.0,17660.0,2771
20260922,1030,263860,17690.0,17720.0,17640.0,17640.0,2679
20260922,1040,263860,17640.0,17660.0,17630.0,17640.0,2386
20260922,1050,263860,17640.0,17650.0,17540.0,17540.0,4028
20260922,1100,263860,17540.0,17610.0,17530.0,17560.0,2052
20260922,1110,263860,17550.0,17640.0,17550.0,17560.0,585
20260922,1120,263860,17570.0,17620.0,17530.0,17555.0,6028
20260922,1130,263860,17570.0,17590.0,17540.0,17560.0,1043
20260922,1140,263860,17560.0,17630.0,17560.0,17590.0,1900
20260922,1150,263860,17590.0,17620.0,17590.0,17590.0,464
20260922,1200,263860,17600.0,17620.0,17550.0,17560.0,4040
20260922,1210,263860,17560.0,17830.0,17560.0,17830.0,5737
20260922,1220,263860,17830.0,18000.0,17770.0,17960.0,10218
20260922,1230,263860,17960.0,17980.0,17690.0,17750.0,16575
20260922,1240,263860,17745.0,17750.0,17690.0,17700.0,1524
20260922,1250,263860,17700.0,17700.0,17560.0,17560.0,4520
20260922,1300,263860,17560.0,17580.0,17560.0,17560.0,527
20260922,1310,263860,17560.0,17580.0,17480.0,17520.0,4245
20260922,1320,263860,17520.0,17560.0,17480.0,17560.0,1434
20260922,1330,263860,17560.0,17570.0,17510.0,17540.0,992
20260922,1340,263860,17540.0,17540.0,17470.0,17480.0,1221
20260922,1350,263860,17480.0,17520.0,17460.0,17520.0,1610
20260922,1400,263860,17520.0,17620.0,17500.0,17590.0,1676
20260922,1410,263860,17590.0,17590.0,17520.0,17520.0,2155
20260922,1420,263860,17520.0,17570.0,17460.0,17490.0,2338
20260922,1430,263860,17470.0,17510.0,17450.0,17480.0,1501
20260922,1440,263860,17470.0,17670.0,17470.0,17620.0,3289
20260922,1450,263860,17620.0,17680.0,17610.0,17630.0,3294
20260922,1500,263860,17630.0,17860.0,17580.0,17790.0,7710
20260922,1510,263860,17780.0,17780.0,17650.0,17710.0,7567
20260922,1530,263860,17700.0,17780.0,17700.0,17740.0,1374
20260922,0900,224060,5110.0,5200.0,4955.0,4960.0,64143
20260922,0910,224060,4960.0,4960.0,4795.0,4810.0,68763
20260922,0920,224060,4810.0,4850.0,4740.0,4775.0,50887
20260922,0930,224060,4770.0,4790.0,4710.0,4740.0,35424
20260922,0940,224060,4740.0,4815.0,4740.0,4795.0,25483
20260922,0950,224060,4795.0,4960.0,4795.0,4860.0,34598
20260922,1000,224060,4855.0,4925.0,4825.0,4925.0,9980
20260922,1010,224060,4895.0,4970.0,4880.0,4880.0,24181
20260922,1020,224060,4885.0,4915.0,4785.0,4800.0,15978
20260922,1030,224060,4805.0,4815.0,4730.0,4760.0,21307
20260922,1040,224060,4770.0,4810.0,4760.0,4795.0,6719
20260922,1050,224060,4795.0,4805.0,4770.0,4775.0,3629
20260922,1100,224060,4775.0,4795.0,4765.0,4770.0,2909
20260922,1110,224060,4765.0,4785.0,4725.0,4740.0,11415
20260922,1120,224060,4760.0,4800.0,4725.0,4800.0,5617
20260922,1130,224060,4750.0,4815.0,4740.0,4765.0,3122
20260922,1140,224060,4765.0,4805.0,4755.0,4765.0,2019
20260922,1150,224060,4750.0,4780.0,4750.0,4755.0,1674
20260922,1200,224060,4760.0,4785.0,4760.0,4785.0,2781
20260922,1210,224060,4780.0,4790.0,4745.0,4755.0,6317
20260922,1220,224060,4755.0,4755.0,4700.0,4740.0,20097
20260922,1230,224060,4740.0,4755.0,4730.0,4755.0,3411
20260922,1240,224060,4755.0,4760.0,4700.0,4745.0,8933
20260922,1250,224060,4745.0,4750.0,4720.0,4740.0,756
20260922,1300,224060,4740.0,4745.0,4700.0,4745.0,11129
20260922,1310,224060,4740.0,4790.0,4710.0,4790.0,5416
20260922,1320,224060,4785.0,4785.0,4710.0,4710.0,3099
20260922,1330,224060,4710.0,4740.0,4710.0,4730.0,8978
20260922,1340,224060,4735.0,4770.0,4715.0,4715.0,7176
20260922,1350,224060,4715.0,4715.0,4245.0,4245.0,83003
20260922,1400,224060,4170.0,4245.0,4060.0,4210.0,128140
20260922,1410,224060,4210.0,4495.0,4210.0,4455.0,61229
20260922,1420,224060,4455.0,4480.0,4205.0,4220.0,36186
20260922,1430,224060,4225.0,4300.0,4160.0,4290.0,30843
20260922,1440,224060,4255.0,4400.0,4255.0,4385.0,21300
20260922,1450,224060,4385.0,4385.0,4320.0,4335.0,7525
20260922,1500,224060,4345.0,4350.0,4210.0,4230.0,12092
20260922,1510,224060,4230.0,4235.0,4180.0,4200.0,15788
20260922,1530,224060,4205.0,4220.0,4200.0,4220.0,1326
20260922,0900,117670,11250.0,11520.0,11240.0,11520.0,2484
20260922,0910,117670,11510.0,11570.0,11280.0,11340.0,3160
20260922,0920,117670,11350.0,11430.0,11280.0,11380.0,2246
20260922,0930,117670,11430.0,11480.0,11400.0,11470.0,3398
20260922,0940,117670,11470.0,11550.0,11400.0,11530.0,2605
20260922,0950,117670,11560.0,11560.0,11390.0,11460.0,2164
20260922,1000,117670,11430.0,11490.0,11430.0,11460.0,1632
20260922,1010,117670,11460.0,11460.0,11380.0,11380.0,676
20260922,1020,117670,11370.0,11380.0,11320.0,11380.0,707
20260922,1030,117670,11380.0,11380.0,11290.0,11300.0,2753
20260922,1040,117670,11300.0,11510.0,11280.0,11410.0,3125
20260922,1050,117670,11410.0,11420.0,11410.0,11420.0,39
20260922,1100,117670,11380.0,11430.0,11270.0,11370.0,751
20260922,1110,117670,11370.0,11380.0,11300.0,11310.0,767
20260922,1120,117670,11290.0,11290.0,11250.0,11250.0,2703
20260922,1130,117670,11250.0,11350.0,11110.0,11350.0,2329
20260922,1140,117670,11350.0,11350.0,11310.0,11330.0,532
20260922,1150,117670,11330.0,11330.0,11270.0,11280.0,131
20260922,1200,117670,11270.0,11340.0,11230.0,11340.0,4353
20260922,1210,117670,11340.0,11620.0,11340.0,11620.0,1318
20260922,1220,117670,11620.0,11620.0,11470.0,11470.0,909
20260922,1230,117670,11470.0,11480.0,11450.0,11450.0,508
20260922,1240,117670,11430.0,11430.0,11430.0,11430.0,226
20260922,1250,117670,11430.0,11430.0,11430.0,11430.0,1
20260922,1300,117670,11400.0,11410.0,11280.0,11280.0,2673
20260922,1310,117670,11280.0,11430.0,11220.0,11360.0,6187
20260922,1320,117670,11330.0,11510.0,11300.0,11360.0,3075
20260922,1330,117670,11360.0,11440.0,11260.0,11280.0,1274
20260922,1340,117670,11390.0,11390.0,11270.0,11270.0,529
20260922,1350,117670,11270.0,11290.0,11260.0,11270.0,703
20260922,1400,117670,11260.0,11270.0,11240.0,11240.0,403
20260922,1410,117670,11270.0,11310.0,11260.0,11310.0,2067
20260922,1420,117670,11310.0,11330.0,11220.0,11320.0,433
20260922,1430,117670,11300.0,11300.0,11270.0,11280.0,9
20260922,1440,117670,11280.0,11280.0,11250.0,11250.0,27
20260922,1450,117670,11240.0,11250.0,11230.0,11240.0,455
20260922,1500,117670,11230.0,11240.0,11180.0,11230.0,2792
20260922,1510,117670,11190.0,11220.0,11190.0,11200.0,1539
20260922,1530,117670,11190.0,11200.0,11190.0,11200.0,55
20260922,0900,003350,15200.0,16110.0,15120.0,16090.0,184070
20260922,0910,003350,16100.0,16120.0,15600.0,15660.0,78810
20260922,0920,003350,15680.0,15790.0,15270.0,15420.0,53261
20260922,0930,003350,15440.0,15450.0,15270.0,15280.0,38168
20260922,0940,003350,15290.0,15400.0,15250.0,15310.0,21963
20260922,0950,003350,15310.0,15340.0,15230.0,15340.0,23634
20260922,1000,003350,15340.0,15410.0,15140.0,15150.0,24801
20260922,1010,003350,15140.0,15230.0,15090.0,15110.0,26817
20260922,1020,003350,15110.0,15220.0,15100.0,15200.0,12465
20260922,1030,003350,15190.0,15300.0,15160.0,15200.0,12859
20260922,1040,003350,15180.0,15200.0,15110.0,15110.0,11208
20260922,1050,003350,15120.0,15130.0,14960.0,15000.0,30154
20260922,1100,003350,15000.0,15080.0,14830.0,15040.0,34772
20260922,1110,003350,15000.0,15280.0,14930.0,15260.0,22392
20260922,1120,003350,15260.0,15270.0,15070.0,15130.0,8796
20260922,1130,003350,15220.0,15230.0,15070.0,15170.0,6685
20260922,1140,003350,15190.0,15230.0,15090.0,15190.0,5142
20260922,1150,003350,15200.0,15230.0,15120.0,15180.0,10291
20260922,1200,003350,15190.0,15220.0,15130.0,15180.0,6777
20260922,1210,003350,15130.0,15210.0,15090.0,15110.0,5278
20260922,1220,003350,15110.0,15190.0,15090.0,15120.0,4045
20260922,1230,003350,15120.0,15170.0,15060.0,15120.0,9519
20260922,1240,003350,15120.0,15140.0,15060.0,15110.0,6281
20260922,1250,003350,15060.0,15100.0,15010.0,15050.0,13422
20260922,1300,003350,15050.0,15130.0,14990.0,15050.0,24866
20260922,1310,003350,15050.0,15070.0,14990.0,14990.0,17677
20260922,1320,003350,15050.0,15100.0,14970.0,14970.0,16241
20260922,1330,003350,14970.0,15090.0,14970.0,15010.0,11529
20260922,1340,003350,15020.0,15090.0,14960.0,15030.0,11401
20260922,1350,003350,15020.0,15050.0,14970.0,15020.0,7121
20260922,1400,003350,15020.0,15100.0,15000.0,15050.0,11339
20260922,1410,003350,15090.0,15130.0,15050.0,15100.0,6625
20260922,1420,003350,15100.0,15120.0,15050.0,15050.0,4499
20260922,1430,003350,15050.0,15090.0,15050.0,15080.0,5079
20260922,1440,003350,15070.0,15090.0,15050.0,15050.0,5064
20260922,1450,003350,15050.0,15070.0,15030.0,15050.0,9761
20260922,1500,003350,15050.0,15110.0,15040.0,15110.0,5708
20260922,1510,003350,15110.0,15120.0,15060.0,15090.0,8188
20260922,1530,003350,15080.0,15100.0,15070.0,15070.0,1597
20260922,0900,000660,1919000.0,1930000.0,1912500.0,1928000.0,209987
20260922,0910,000660,1929000.0,1935000.0,1925000.0,1929000.0,137613
20260922,0920,000660,1929000.0,1931000.0,1920000.0,1925000.0,90062
20260922,0930,000660,1925000.0,1935000.0,1924000.0,1933000.0,88609
20260922,0940,000660,1933000.0,1934000.0,1923000.0,1923000.0,62641
20260922,0950,000660,1923000.0,1925000.0,1918000.0,1923000.0,58699
20260922,1000,000660,1923000.0,1925000.0,1918000.0,1923000.0,55091
20260922,1010,000660,1923000.0,1923000.0,1915000.0,1916500.0,61300
20260922,1020,000660,1916500.0,1922000.0,1916000.0,1921000.0,51961
20260922,1030,000660,1921000.0,1921500.0,1913000.0,1914000.0,53647
20260922,1040,000660,1914000.0,1916000.0,1910000.0,1911000.0,61503
20260922,1050,000660,1910000.0,1918000.0,1907000.0,1915000.0,53561
20260922,1100,000660,1914000.0,1921000.0,1914000.0,1918000.0,50513
20260922,1110,000660,1918000.0,1918000.0,1910000.0,1913000.0,35094
20260922,1120,000660,1914000.0,1920000.0,1912000.0,1915000.0,36770
20260922,1130,000660,1915000.0,1920000.0,1912000.0,1918000.0,41660
20260922,1140,000660,1918000.0,1920000.0,1917000.0,1918000.0,39692
20260922,1150,000660,1917000.0,1921000.0,1916000.0,1920000.0,37506
20260922,1200,000660,1920000.0,1922000.0,1915000.0,1916000.0,36168
20260922,1210,000660,1916500.0,1920000.0,1915000.0,1915500.0,36111
20260922,1220,000660,1915000.0,1918000.0,1915000.0,1915000.0,28054
20260922,1230,000660,1916000.0,1917000.0,1913000.0,1915000.0,27149
20260922,1240,000660,1914000.0,1915000.0,1910000.0,1912000.0,32516
20260922,1250,000660,1912000.0,1913000.0,1898000.0,1898000.0,74169
20260922,1300,000660,1899000.0,1904000.0,1895000.0,1896000.0,67571
20260922,1310,000660,1896000.0,1897000.0,1882000.0,1882500.0,82209
20260922,1320,000660,1882000.0,1890000.0,1882000.0,1884000.0,69164
20260922,1330,000660,1884000.0,1885000.0,1874000.0,1874000.0,82170
20260922,1340,000660,1874000.0,1878000.0,1864000.0,1867000.0,103217
20260922,1350,000660,1867000.0,1872000.0,1860000.0,1863000.0,102546
20260922,1400,000660,1863000.0,1874000.0,1861000.0,1868000.0,87917
20260922,1410,000660,1869000.0,1869000.0,1848000.0,1849000.0,121534
20260922,1420,000660,1849000.0,1853000.0,1838000.0,1842000.0,105398
20260922,1430,000660,1842000.0,1846000.0,1832000.0,1845000.0,113973
20260922,1440,000660,1845000.0,1853000.0,1838000.0,1853000.0,90231
20260922,1450,000660,1852000.0,1860000.0,1850000.0,1856000.0,71973
20260922,1500,000660,1856000.0,1858000.0,1845000.0,1854500.0,65254
20260922,1510,000660,1854500.0,1855000.0,1839000.0,1841000.0,70187
20260922,1530,000660,1840000.0,1844000.0,1839000.0,1841000.0,14093
20260922,0900,005930,283500.0,283500.0,280000.0,281000.0,827509
20260922,0910,005930,281500.0,281500.0,280000.0,281000.0,579662
20260922,0920,005930,281000.0,281250.0,279500.0,280750.0,702536
20260922,0930,005930,280500.0,282000.0,280250.0,281500.0,498153
20260922,0940,005930,281500.0,282000.0,280000.0,280500.0,424348
20260922,0950,005930,280500.0,281000.0,280000.0,280250.0,310218
20260922,1000,005930,280250.0,281000.0,280000.0,280250.0,274799
20260922,1010,005930,280000.0,280500.0,279000.0,279250.0,431243
20260922,1020,005930,279000.0,280000.0,279000.0,279500.0,238067
20260922,1030,005930,279500.0,280000.0,279000.0,279000.0,287276
20260922,1040,005930,279250.0,279500.0,278500.0,278750.0,325587
20260922,1050,005930,278750.0,280000.0,278500.0,279500.0,351680
20260922,1100,005930,279500.0,280000.0,279250.0,280000.0,272952
20260922,1110,005930,280000.0,280000.0,279000.0,279500.0,228614
20260922,1120,005930,279250.0,280000.0,279000.0,279750.0,287211
20260922,1130,005930,279750.0,280000.0,279500.0,279750.0,206373
20260922,1140,005930,280000.0,280500.0,279750.0,280000.0,276914
20260922,1150,005930,280500.0,281000.0,280000.0,280750.0,278052
20260922,1200,005930,280500.0,281500.0,280500.0,281000.0,394114
20260922,1210,005930,280750.0,281500.0,280750.0,281250.0,287942
20260922,1220,005930,281000.0,281500.0,281000.0,281250.0,184278
20260922,1230,005930,281250.0,282000.0,281000.0,281750.0,335308
20260922,1240,005930,281750.0,282000.0,281000.0,281500.0,232431
20260922,1250,005930,281500.0,282000.0,280000.0,280750.0,406681
20260922,1300,005930,280750.0,281500.0,280500.0,281000.0,300238
20260922,1310,005930,280500.0,281000.0,279500.0,279750.0,407297
20260922,1320,005930,280000.0,280500.0,279500.0,280000.0,360375
20260922,1330,005930,280000.0,280000.0,279000.0,279250.0,337575
20260922,1340,005930,279500.0,279500.0,278000.0,278000.0,441407
20260922,1350,005930,278500.0,278500.0,276500.0,276750.0,536491
20260922,1400,005930,276750.0,278750.0,276750.0,278000.0,438024
20260922,1410,005930,278000.0,278500.0,275500.0,275750.0,499138
20260922,1420,005930,276000.0,277000.0,274500.0,276000.0,852772
20260922,1430,005930,276000.0,277000.0,274500.0,276500.0,562861
20260922,1440,005930,276250.0,277500.0,275000.0,277500.0,499663
20260922,1450,005930,277250.0,278500.0,277000.0,277250.0,416157
20260922,1500,005930,277250.0,278000.0,276500.0,278000.0,292062
20260922,1510,005930,278000.0,278000.0,277000.0,278000.0,356169
20260922,1530,005930,277750.0,278000.0,277500.0,277500.0,38961
20260922,0900,005935,214500.0,215000.0,212250.0,213000.0,480291
20260922,0910,005935,212750.0,213000.0,211000.0,213000.0,297818
20260922,0920,005935,213000.0,213500.0,211500.0,212500.0,159541
20260922,0930,005935,212250.0,213500.0,212000.0,213500.0,131507
20260922,0940,005935,213500.0,214000.0,212500.0,212500.0,129463
20260922,0950,005935,213000.0,213500.0,212000.0,212500.0,96202
20260922,1000,005935,212500.0,213000.0,212500.0,212500.0,59957
20260922,1010,005935,213000.0,213000.0,212000.0,212000.0,87510
20260922,1020,005935,212500.0,212500.0,212000.0,212250.0,57024
20260922,1030,005935,212250.0,212500.0,211000.0,211500.0,101160
20260922,1040,005935,211500.0,212000.0,211000.0,212000.0,64884
20260922,1050,005935,212000.0,213000.0,211500.0,213000.0,67387
20260922,1100,005935,213000.0,213000.0,212500.0,212500.0,43369
20260922,1110,005935,213000.0,213000.0,211500.0,212000.0,70784
20260922,1120,005935,212500.0,213000.0,212000.0,212500.0,49448
20260922,1130,005935,212500.0,213000.0,212500.0,212500.0,34941
20260922,1140,005935,213000.0,213500.0,212500.0,213500.0,46955
20260922,1150,005935,213500.0,214000.0,213000.0,214000.0,80763
20260922,1200,005935,214000.0,214000.0,213000.0,213500.0,101373
20260922,1210,005935,213500.0,214000.0,213000.0,213500.0,50177
20260922,1220,005935,213500.0,214000.0,213000.0,214000.0,44144
20260922,1230,005935,214000.0,214500.0,213500.0,214000.0,81989
20260922,1240,005935,214500.0,215000.0,214000.0,215000.0,127933
20260922,1250,005935,215000.0,216000.0,214500.0,215750.0,242034
20260922,1300,005935,215750.0,216000.0,214500.0,215500.0,156142
20260922,1310,005935,215000.0,215500.0,214000.0,214000.0,115771
20260922,1320,005935,214500.0,214500.0,213500.0,214000.0,78135
20260922,1330,005935,213750.0,214000.0,213000.0,213500.0,106547
20260922,1340,005935,213500.0,213500.0,212000.0,212500.0,107152
20260922,1350,005935,212500.0,213500.0,211500.0,212000.0,121695
20260922,1400,005935,212000.0,213000.0,211500.0,213000.0,87435
20260922,1410,005935,212500.0,213000.0,211000.0,211500.0,101538
20260922,1420,005935,211500.0,211500.0,210500.0,211000.0,134975
20260922,1430,005935,211000.0,212000.0,210000.0,212000.0,176154
20260922,1440,005935,211500.0,212000.0,210000.0,212000.0,131465
20260922,1450,005935,212000.0,213500.0,211500.0,212500.0,106487
20260922,1500,005935,212000.0,212500.0,211000.0,211750.0,113607
20260922,1510,005935,211500.0,212500.0,210500.0,211500.0,214926
20260922,1530,005935,211500.0,212000.0,211000.0,211500.0,8936
20260922,0900,004310,9250.0,9300.0,9060.0,9170.0,268441
20260922,0910,004310,9170.0,9250.0,9080.0,9150.0,160451
20260922,0920,004310,9175.0,9270.0,9160.0,9190.0,67697
20260922,0930,004310,9180.0,9210.0,9120.0,9120.0,58386
20260922,0940,004310,9120.0,9190.0,9090.0,9180.0,37629
20260922,0950,004310,9180.0,9280.0,9140.0,9260.0,71743
20260922,1000,004310,9250.0,9260.0,9160.0,9190.0,36515
20260922,1010,004310,9185.0,9210.0,9160.0,9190.0,19378
20260922,1020,004310,9180.0,9200.0,9080.0,9090.0,71146
20260922,1030,004310,9090.0,9110.0,9070.0,9070.0,41898
20260922,1040,004310,9080.0,9090.0,9040.0,9060.0,56739
20260922,1050,004310,9070.0,9085.0,9000.0,9020.0,62612
20260922,1100,004310,9025.0,9030.0,8960.0,8980.0,99938
20260922,1110,004310,8980.0,9010.0,8970.0,9000.0,28711
20260922,1120,004310,9010.0,9070.0,9000.0,9010.0,18769
20260922,1130,004310,9030.0,9030.0,8990.0,9010.0,13848
20260922,1140,004310,9010.0,9030.0,9000.0,9020.0,9759
20260922,1150,004310,9020.0,9090.0,9020.0,9060.0,27639
20260922,1200,004310,9060.0,9060.0,9030.0,9040.0,12209
20260922,1210,004310,9050.0,9070.0,9040.0,9070.0,7873
20260922,1220,004310,9060.0,9070.0,9020.0,9030.0,21441
20260922,1230,004310,9030.0,9050.0,9010.0,9040.0,4190
20260922,1240,004310,9040.0,9050.0,9010.0,9010.0,6184
20260922,1250,004310,9010.0,9020.0,8980.0,8980.0,21218
20260922,1300,004310,8985.0,8990.0,8930.0,8930.0,60595
20260922,1310,004310,8940.0,8980.0,8920.0,8940.0,24366
20260922,1320,004310,8940.0,8960.0,8910.0,8950.0,22236
20260922,1330,004310,8950.0,8960.0,8920.0,8940.0,27524
20260922,1340,004310,8930.0,8940.0,8900.0,8910.0,24064
20260922,1350,004310,8920.0,8950.0,8900.0,8930.0,31002
20260922,1400,004310,8930.0,8930.0,8880.0,8900.0,64233
20260922,1410,004310,8900.0,8910.0,8880.0,8900.0,25335
20260922,1420,004310,8900.0,8910.0,8840.0,8860.0,64944
20260922,1430,004310,8860.0,8890.0,8840.0,8890.0,25066
20260922,1440,004310,8890.0,8890.0,8860.0,8870.0,19164
20260922,1450,004310,8880.0,9010.0,8860.0,8960.0,73052
20260922,1500,004310,8970.0,9000.0,8920.0,8940.0,21130
20260922,1510,004310,8940.0,8940.0,8910.0,8920.0,26706
20260922,1530,004310,8920.0,8930.0,8920.0,8930.0,3832
20260922,0900,402340,1159000.0,1168000.0,1152000.0,1165000.0,33344
20260922,0910,402340,1165000.0,1168000.0,1158000.0,1162000.0,19867
20260922,0920,402340,1162000.0,1166000.0,1156000.0,1163000.0,19771
20260922,0930,402340,1162500.0,1167000.0,1161000.0,1166000.0,15067
20260922,0940,402340,1166000.0,1167000.0,1157000.0,1159000.0,13864
20260922,0950,402340,1160000.0,1161000.0,1154000.0,1160000.0,13449
20260922,1000,402340,1160000.0,1162000.0,1155000.0,1161000.0,10025
20260922,1010,402340,1161000.0,1161000.0,1152000.0,1152000.0,9739
20260922,1020,402340,1153000.0,1158000.0,1152000.0,1157000.0,6724
20260922,1030,402340,1157000.0,1158000.0,1154000.0,1157000.0,9266
20260922,1040,402340,1157000.0,1158000.0,1154000.0,1154500.0,9078
20260922,1050,402340,1155000.0,1159000.0,1152000.0,1158000.0,8592
20260922,1100,402340,1157500.0,1163000.0,1157000.0,1161500.0,8681
20260922,1110,402340,1162000.0,1162000.0,1157000.0,1160000.0,5531
20260922,1120,402340,1160000.0,1163000.0,1159000.0,1160000.0,6321
20260922,1130,402340,1159500.0,1162000.0,1157000.0,1162000.0,4868
20260922,1140,402340,1161000.0,1165000.0,1161000.0,1163000.0,9669
20260922,1150,402340,1162000.0,1165000.0,1161000.0,1164000.0,4217
20260922,1200,402340,1163500.0,1166000.0,1161000.0,1161000.0,11561
20260922,1210,402340,1161000.0,1166000.0,1161000.0,1165000.0,5210
20260922,1220,402340,1164500.0,1167000.0,1164000.0,1167000.0,5818
20260922,1230,402340,1166000.0,1167000.0,1164000.0,1166000.0,6460
20260922,1240,402340,1165500.0,1166000.0,1160000.0,1161000.0,7070
20260922,1250,402340,1162000.0,1162000.0,1156000.0,1157000.0,9817
20260922,1300,402340,1157000.0,1159000.0,1151000.0,1155000.0,14017
20260922,1310,402340,1156000.0,1156000.0,1147000.0,1147000.0,13229
20260922,1320,402340,1147000.0,1153000.0,1145000.0,1149000.0,12710
20260922,1330,402340,1149000.0,1150000.0,1144000.0,1145000.0,12845
20260922,1340,402340,1146000.0,1154000.0,1144000.0,1147000.0,19006
20260922,1350,402340,1147000.0,1154000.0,1146000.0,1149000.0,19052
20260922,1400,402340,1149000.0,1158000.0,1147000.0,1153000.0,17909
20260922,1410,402340,1153000.0,1154000.0,1139000.0,1141000.0,18068
20260922,1420,402340,1141000.0,1146000.0,1135000.0,1137000.0,25933
20260922,1430,402340,1138000.0,1147000.0,1135000.0,1146000.0,21020
20260922,1440,402340,1145000.0,1150000.0,1143000.0,1150000.0,18913
20260922,1450,402340,1150000.0,1151000.0,1144000.0,1147000.0,17046
20260922,1500,402340,1148000.0,1148000.0,1141000.0,1141000.0,11275
20260922,1510,402340,1141500.0,1142000.0,1130000.0,1133000.0,16224
20260922,1530,402340,1133000.0,1134000.0,1131000.0,1132000.0,2008
20260922,0900,009150,1499000.0,1529000.0,1497000.0,1528000.0,98483
20260922,0910,009150,1528000.0,1537000.0,1517000.0,1525000.0,70444
20260922,0920,009150,1524000.0,1537000.0,1512000.0,1536000.0,58409
20260922,0930,009150,1537000.0,1548000.0,1534000.0,1546000.0,55805
20260922,0940,009150,1546000.0,1548000.0,1522000.0,1523000.0,33871
20260922,0950,009150,1524000.0,1524000.0,1504000.0,1512000.0,44437
20260922,1000,009150,1512000.0,1516000.0,1506000.0,1508000.0,19426
20260922,1010,009150,1508000.0,1509000.0,1496000.0,1500500.0,30147
20260922,1020,009150,1500500.0,1512000.0,1500000.0,1512000.0,15580
20260922,1030,009150,1511000.0,1512000.0,1507000.0,1508000.0,9089
20260922,1040,009150,1508000.0,1514000.0,1505000.0,1512000.0,10843
20260922,1050,009150,1512000.0,1518000.0,1507000.0,1516000.0,12272
20260922,1100,009150,1517000.0,1518000.0,1513000.0,1518000.0,8327
20260922,1110,009150,1518000.0,1518000.0,1510000.0,1511000.0,11608
20260922,1120,009150,1511000.0,1516000.0,1509000.0,1515000.0,7368
20260922,1130,009150,1514000.0,1515000.0,1509000.0,1514000.0,6458
20260922,1140,009150,1514000.0,1519000.0,1514000.0,1517000.0,9003
20260922,1150,009150,1518000.0,1519000.0,1515000.0,1519000.0,6422
20260922,1200,009150,1519000.0,1520000.0,1516000.0,1517000.0,8947
20260922,1210,009150,1517000.0,1520000.0,1516000.0,1520000.0,8101
20260922,1220,009150,1520000.0,1520000.0,1514000.0,1516000.0,6829
20260922,1230,009150,1515000.0,1517000.0,1515000.0,1517000.0,6190
20260922,1240,009150,1516000.0,1517000.0,1513000.0,1516000.0,6267
20260922,1250,009150,1517000.0,1517000.0,1507000.0,1509000.0,16942
20260922,1300,009150,1508000.0,1512000.0,1505000.0,1507000.0,12443
20260922,1310,009150,1507000.0,1508000.0,1494000.0,1495000.0,23886
20260922,1320,009150,1496000.0,1501000.0,1491000.0,1492000.0,21408
20260922,1330,009150,1492000.0,1494000.0,1483000.0,1485000.0,23601
20260922,1340,009150,1486000.0,1492000.0,1480000.0,1481000.0,16619
20260922,1350,009150,1481000.0,1487000.0,1474000.0,1475000.0,17584
20260922,1400,009150,1475500.0,1490000.0,1475000.0,1489000.0,14612
20260922,1410,009150,1489000.0,1489000.0,1465000.0,1469000.0,24915
20260922,1420,009150,1469000.0,1476000.0,1465000.0,1472000.0,21576
20260922,1430,009150,1473000.0,1478000.0,1464000.0,1478000.0,18238
20260922,1440,009150,1478000.0,1483000.0,1472000.0,1481000.0,15708
20260922,1450,009150,1481000.0,1485000.0,1478000.0,1482000.0,12902
20260922,1500,009150,1482000.0,1485000.0,1475000.0,1484000.0,13241
20260922,1510,009150,1484000.0,1486000.0,1479000.0,1484000.0,22852
20260922,1530,009150,1485000.0,1486000.0,1482000.0,1483000.0,2165
20260922,0900,001820,151700.0,157700.0,151300.0,153000.0,308322
20260922,0910,001820,153100.0,154500.0,148000.0,151050.0,195345
20260922,0920,001820,151050.0,152700.0,149200.0,151900.0,113312
20260922,0930,001820,152000.0,154600.0,151300.0,152100.0,120778
20260922,0940,001820,152100.0,152600.0,149200.0,149200.0,69832
20260922,0950,001820,149200.0,150200.0,147700.0,148700.0,61447
20260922,1000,001820,148700.0,149000.0,147300.0,147800.0,41839
20260922,1010,001820,147800.0,148800.0,146800.0,148600.0,35072
20260922,1020,001820,148500.0,149900.0,147600.0,149700.0,28534
20260922,1030,001820,149600.0,150700.0,149300.0,150300.0,33090
20260922,1040,001820,150300.0,151300.0,149800.0,150600.0,26446
20260922,1050,001820,150600.0,152100.0,150200.0,150500.0,33803
20260922,1100,001820,150500.0,151100.0,149700.0,150400.0,10958
20260922,1110,001820,150400.0,150600.0,149000.0,149000.0,16051
20260922,1120,001820,149100.0,149800.0,148700.0,149600.0,8494
20260922,1130,001820,149600.0,149800.0,149200.0,149600.0,3801
20260922,1140,001820,149600.0,150300.0,149400.0,150100.0,5840
20260922,1150,001820,150100.0,150500.0,149700.0,150000.0,5577
20260922,1200,001820,150000.0,150200.0,149400.0,149400.0,4057
20260922,1210,001820,149400.0,149600.0,148900.0,149500.0,8520
20260922,1220,001820,149500.0,149800.0,149300.0,149400.0,2394
20260922,1230,001820,149400.0,149600.0,149100.0,149500.0,4300
20260922,1240,001820,149500.0,150000.0,149400.0,150000.0,4780
20260922,1250,001820,150000.0,150100.0,148800.0,149000.0,12098
20260922,1300,001820,149100.0,149500.0,149000.0,149100.0,6097
20260922,1310,001820,149100.0,149100.0,148500.0,148600.0,14645
20260922,1320,001820,148600.0,148750.0,148100.0,148200.0,9634
20260922,1330,001820,148200.0,148300.0,147000.0,147400.0,22996
20260922,1340,001820,147400.0,147600.0,146700.0,146800.0,15934
20260922,1350,001820,146800.0,147500.0,146200.0,146300.0,16683
20260922,1400,001820,146300.0,148100.0,146300.0,148100.0,10055
20260922,1410,001820,148100.0,148100.0,146200.0,146400.0,11679
20260922,1420,001820,146300.0,147100.0,146200.0,147000.0,9594
20260922,1430,001820,146900.0,147300.0,146400.0,147300.0,8282
20260922,1440,001820,147100.0,147600.0,146800.0,147100.0,6565
20260922,1450,001820,147100.0,147800.0,147100.0,147600.0,6497
20260922,1500,001820,147600.0,148000.0,147200.0,148000.0,8427
20260922,1510,001820,147900.0,148000.0,147400.0,147500.0,13753
20260922,1530,001820,147600.0,147700.0,147400.0,147700.0,1621
20260922,0900,108490,306500.0,309500.0,306000.0,306500.0,7979
20260922,0910,108490,307000.0,307000.0,304000.0,305000.0,13215
20260922,0920,108490,305000.0,305000.0,302000.0,303000.0,13116
20260922,0930,108490,303000.0,305000.0,303000.0,305000.0,5628
20260922,0940,108490,305000.0,307500.0,303500.0,307000.0,6903
20260922,0950,108490,307000.0,311000.0,306000.0,309500.0,16428
20260922,1000,108490,309000.0,311500.0,308000.0,310500.0,9386
20260922,1010,108490,311000.0,311500.0,308000.0,310000.0,8996
20260922,1020,108490,310000.0,310000.0,308500.0,309500.0,3300
20260922,1030,108490,309500.0,310000.0,308000.0,309000.0,3445
20260922,1040,108490,309000.0,311500.0,308000.0,311000.0,5702
20260922,1050,108490,311000.0,311000.0,309500.0,310000.0,2152
20260922,1100,108490,310000.0,310500.0,308500.0,309000.0,3057
20260922,1110,108490,308500.0,309500.0,308000.0,308500.0,3909
20260922,1120,108490,308500.0,309000.0,307000.0,308500.0,2210
20260922,1130,108490,308500.0,310000.0,307000.0,310000.0,3409
20260922,1140,108490,310000.0,313500.0,309500.0,312000.0,14339
20260922,1150,108490,312000.0,312500.0,311000.0,311500.0,2753
20260922,1200,108490,311500.0,312500.0,310500.0,312500.0,2945
20260922,1210,108490,312500.0,313000.0,312000.0,312500.0,2364
20260922,1220,108490,312500.0,312500.0,311000.0,311000.0,2310
20260922,1230,108490,311500.0,312000.0,309500.0,310000.0,3042
20260922,1240,108490,310000.0,310000.0,309000.0,309500.0,2710
20260922,1250,108490,309500.0,309500.0,308000.0,308500.0,2576
20260922,1300,108490,308500.0,308500.0,305500.0,306000.0,7356
20260922,1310,108490,305500.0,307500.0,304500.0,305500.0,7489
20260922,1320,108490,306000.0,306500.0,305500.0,306500.0,2422
20260922,1330,108490,306500.0,306500.0,302500.0,303500.0,12595
20260922,1340,108490,303000.0,303500.0,300000.0,300500.0,14661
20260922,1350,108490,300000.0,301500.0,297500.0,298000.0,19131
20260922,1400,108490,298500.0,306000.0,298000.0,303500.0,10970
20260922,1410,108490,303000.0,304000.0,300000.0,300000.0,8580
20260922,1420,108490,300000.0,301000.0,298500.0,299500.0,10055
20260922,1430,108490,299500.0,302000.0,299000.0,301500.0,4830
20260922,1440,108490,301000.0,301500.0,300000.0,301000.0,4208
20260922,1450,108490,301000.0,303000.0,300500.0,302000.0,4260
20260922,1500,108490,301500.0,302500.0,300000.0,300500.0,4794
20260922,1510,108490,300500.0,301000.0,300000.0,300500.0,2359
20260922,1530,108490,300500.0,301000.0,300500.0,301000.0,630
20260922,0900,105560,177300.0,177500.0,175100.0,175800.0,53023
20260922,0910,105560,175700.0,176100.0,175100.0,175700.0,37405
20260922,0920,105560,175700.0,176200.0,175200.0,175400.0,22679
20260922,0930,105560,175300.0,175700.0,175100.0,175300.0,19656
20260922,0940,105560,175300.0,175600.0,175200.0,175500.0,14114
20260922,0950,105560,175500.0,175600.0,175200.0,175300.0,9507
20260922,1000,105560,175300.0,175300.0,175000.0,175100.0,16018
20260922,1010,105560,175050.0,175400.0,174700.0,174800.0,18886
20260922,1020,105560,174800.0,175500.0,174800.0,175300.0,10974
20260922,1030,105560,175400.0,175500.0,175100.0,175300.0,7458
20260922,1040,105560,175350.0,175800.0,175300.0,175500.0,9555
20260922,1050,105560,175500.0,176100.0,175400.0,175800.0,11074
20260922,1100,105560,175800.0,176200.0,175800.0,176100.0,7707
20260922,1110,105560,176100.0,176300.0,176100.0,176100.0,6064
20260922,1120,105560,176100.0,176400.0,176100.0,176300.0,7565
20260922,1130,105560,176300.0,176600.0,176200.0,176400.0,11489
20260922,1140,105560,176400.0,176500.0,176100.0,176200.0,10123
20260922,1150,105560,176200.0,176200.0,175800.0,175900.0,11935
20260922,1200,105560,175900.0,176000.0,175900.0,175900.0,6516
20260922,1210,105560,175900.0,176000.0,175900.0,175900.0,4880
20260922,1220,105560,175950.0,176100.0,175900.0,176000.0,7220
20260922,1230,105560,176000.0,176100.0,175600.0,175800.0,11804
20260922,1240,105560,175800.0,175900.0,175400.0,175800.0,12253
20260922,1250,105560,175800.0,175900.0,175400.0,175500.0,14128
20260922,1300,105560,175500.0,175800.0,175400.0,175800.0,8434
20260922,1310,105560,175700.0,176200.0,175600.0,175700.0,13685
20260922,1320,105560,175700.0,175900.0,175600.0,175700.0,8787
20260922,1330,105560,175700.0,176100.0,175600.0,175900.0,14313
20260922,1340,105560,175900.0,176200.0,175600.0,175700.0,15288
20260922,1350,105560,175700.0,176000.0,175500.0,175700.0,15863
20260922,1400,105560,175800.0,175900.0,175100.0,175100.0,14896
20260922,1410,105560,175100.0,175500.0,175000.0,175300.0,17077
20260922,1420,105560,175300.0,175800.0,175300.0,175700.0,21247
20260922,1430,105560,175700.0,176000.0,175600.0,175600.0,15630
20260922,1440,105560,175600.0,176000.0,175500.0,175800.0,13625
20260922,1450,105560,175800.0,176000.0,175600.0,175900.0,15517
20260922,1500,105560,175900.0,176100.0,175700.0,175800.0,14275
20260922,1510,105560,175800.0,176400.0,175800.0,176200.0,11882
20260922,1530,105560,176200.0,176300.0,176100.0,176200.0,1666
20260922,0900,096770,138600.0,141800.0,138400.0,139700.0,88280
20260922,0910,096770,139600.0,140400.0,138100.0,139400.0,43778
20260922,0920,096770,139400.0,139500.0,138000.0,138400.0,32788
20260922,0930,096770,138300.0,139300.0,137900.0,138300.0,23740
20260922,0940,096770,138400.0,138900.0,138000.0,138600.0,20499
20260922,0950,096770,138600.0,139200.0,138600.0,138800.0,13907
20260922,1000,096770,138800.0,139100.0,138300.0,138300.0,14045
20260922,1010,096770,138400.0,139500.0,138000.0,138700.0,19921
20260922,1020,096770,138700.0,138800.0,138200.0,138200.0,8791
20260922,1030,096770,138200.0,138900.0,138200.0,138700.0,9462
20260922,1040,096770,138700.0,139300.0,138600.0,138700.0,12202
20260922,1050,096770,138800.0,139000.0,138500.0,138600.0,8945
20260922,1100,096770,138600.0,139000.0,138300.0,138900.0,8300
20260922,1110,096770,138900.0,139300.0,138800.0,139100.0,11679
20260922,1120,096770,139100.0,139300.0,138800.0,139100.0,8508
20260922,1130,096770,139200.0,139700.0,139000.0,139500.0,10670
20260922,1140,096770,139500.0,139700.0,139300.0,139600.0,8995
20260922,1150,096770,139600.0,139600.0,139000.0,139000.0,7843
20260922,1200,096770,139000.0,139700.0,139000.0,139600.0,9554
20260922,1210,096770,139700.0,140500.0,139500.0,140400.0,14134
20260922,1220,096770,140500.0,140800.0,140400.0,140700.0,14197
20260922,1230,096770,140600.0,140700.0,140500.0,140600.0,7880
20260922,1240,096770,140600.0,140600.0,140100.0,140300.0,6416
20260922,1250,096770,140300.0,140400.0,139800.0,140100.0,10135
20260922,1300,096770,140200.0,140900.0,140100.0,140700.0,10089
20260922,1310,096770,140700.0,141400.0,140600.0,140700.0,21691
20260922,1320,096770,140800.0,141200.0,140700.0,141000.0,10184
20260922,1330,096770,141000.0,141800.0,140900.0,141300.0,24045
20260922,1340,096770,141400.0,141600.0,141000.0,141200.0,11741
20260922,1350,096770,141200.0,141700.0,141100.0,141600.0,15912
20260922,1400,096770,141700.0,142000.0,141200.0,141200.0,20534
20260922,1410,096770,141100.0,142800.0,141000.0,142800.0,28950
20260922,1420,096770,142800.0,142800.0,141200.0,141500.0,19621
20260922,1430,096770,141500.0,142000.0,141300.0,141400.0,14686
20260922,1440,096770,141400.0,141700.0,141000.0,141200.0,14301
20260922,1450,096770,141200.0,141800.0,141000.0,141600.0,12513
20260922,1500,096770,141500.0,141900.0,141300.0,141400.0,9702
20260922,1510,096770,141400.0,141800.0,141200.0,141300.0,13655
20260922,1530,096770,141300.0,141500.0,141000.0,141000.0,2213
20260922,0900,012450,1066000.0,1069000.0,1055000.0,1067000.0,3750
20260922,0910,012450,1066000.0,1070000.0,1061000.0,1069000.0,3035
20260922,0920,012450,1069000.0,1073000.0,1068000.0,1069000.0,1718
20260922,0930,012450,1069000.0,1072000.0,1064000.0,1065000.0,2150
20260922,0940,012450,1065000.0,1067000.0,1060000.0,1061000.0,2462
20260922,0950,012450,1061000.0,1066000.0,1061000.0,1063000.0,1479
20260922,1000,012450,1063000.0,1066000.0,1062000.0,1064000.0,1742
20260922,1010,012450,1065000.0,1066000.0,1061000.0,1062000.0,1609
20260922,1020,012450,1061000.0,1065000.0,1061000.0,1062000.0,1565
20260922,1030,012450,1063000.0,1063000.0,1060000.0,1060000.0,2091
20260922,1040,012450,1060000.0,1062000.0,1059000.0,1059000.0,2359
20260922,1050,012450,1059000.0,1063000.0,1058000.0,1060000.0,2305
20260922,1100,012450,1061000.0,1064000.0,1060000.0,1060000.0,1784
20260922,1110,012450,1059000.0,1062000.0,1059000.0,1060000.0,1215
20260922,1120,012450,1061000.0,1062000.0,1059000.0,1059000.0,1505
20260922,1130,012450,1059000.0,1061000.0,1059000.0,1060000.0,1418
20260922,1140,012450,1061000.0,1064000.0,1060000.0,1060000.0,1738
20260922,1150,012450,1061000.0,1062000.0,1059000.0,1060000.0,1421
20260922,1200,012450,1060000.0,1062000.0,1058000.0,1058000.0,1525
20260922,1210,012450,1059000.0,1061000.0,1058000.0,1059000.0,1205
20260922,1220,012450,1060000.0,1062000.0,1059000.0,1059000.0,1351
20260922,1230,012450,1060000.0,1062000.0,1059000.0,1059000.0,1257
20260922,1240,012450,1059000.0,1060000.0,1059000.0,1059000.0,844
20260922,1250,012450,1059000.0,1061000.0,1059000.0,1059000.0,1496
20260922,1300,012450,1060000.0,1061000.0,1059000.0,1059000.0,1642
20260922,1310,012450,1060000.0,1063000.0,1059000.0,1059000.0,2252
20260922,1320,012450,1060000.0,1062000.0,1059000.0,1060000.0,2196
20260922,1330,012450,1060000.0,1062000.0,1059000.0,1059000.0,1525
20260922,1340,012450,1059000.0,1061000.0,1058000.0,1058000.0,2093
20260922,1350,012450,1059000.0,1060000.0,1057000.0,1059000.0,2372
20260922,1400,012450,1059000.0,1064000.0,1057000.0,1060000.0,2389
20260922,1410,012450,1060000.0,1062000.0,1057000.0,1059000.0,2448
20260922,1420,012450,1060000.0,1062000.0,1058000.0,1059000.0,3220
20260922,1430,012450,1059000.0,1062000.0,1058000.0,1058000.0,3256
20260922,1440,012450,1058000.0,1061000.0,1057000.0,1059000.0,2417
20260922,1450,012450,1059000.0,1060000.0,1058000.0,1060000.0,2363
20260922,1500,012450,1058000.0,1060000.0,1055000.0,1056000.0,3150
20260922,1510,012450,1056000.0,1059000.0,1055000.0,1056000.0,2830
20260922,1530,012450,1057000.0,1058000.0,1055000.0,1055000.0,390
20260922,0900,093370,14210.0,14440.0,14100.0,14150.0,325070
20260922,0910,093370,14170.0,14170.0,13800.0,13810.0,336716
20260922,0920,093370,13810.0,13900.0,13750.0,13870.0,132707
20260922,0930,093370,13870.0,13970.0,13860.0,13910.0,78333
20260922,0940,093370,13910.0,14080.0,13900.0,13940.0,144531
20260922,0950,093370,13940.0,13940.0,13880.0,13920.0,75608
20260922,1000,093370,13930.0,13930.0,13850.0,13850.0,59954
20260922,1010,093370,13840.0,13850.0,13750.0,13760.0,133079
20260922,1020,093370,13750.0,13750.0,13630.0,13700.0,143899
20260922,1030,093370,13700.0,13700.0,13640.0,13660.0,64589
20260922,1040,093370,13660.0,13690.0,13650.0,13680.0,40684
20260922,1050,093370,13680.0,13720.0,13670.0,13680.0,46592
20260922,1100,093370,13680.0,13760.0,13680.0,13740.0,24435
20260922,1110,093370,13740.0,13740.0,13660.0,13690.0,42023
20260922,1120,093370,13690.0,13700.0,13670.0,13680.0,45468
20260922,1130,093370,13670.0,13690.0,13660.0,13680.0,36995
20260922,1140,093370,13670.0,13680.0,13640.0,13670.0,51489
20260922,1150,093370,13680.0,13680.0,13660.0,13670.0,20919
20260922,1200,093370,13670.0,13720.0,13650.0,13710.0,38214
20260922,1210,093370,13710.0,13710.0,13670.0,13700.0,20455
20260922,1220,093370,13700.0,13770.0,13680.0,13740.0,28270
20260922,1230,093370,13740.0,13750.0,13710.0,13720.0,30343
20260922,1240,093370,13720.0,13730.0,13690.0,13710.0,17062
20260922,1250,093370,13720.0,13720.0,13670.0,13670.0,36914
20260922,1300,093370,13670.0,13680.0,13650.0,13650.0,47734
20260922,1310,093370,13650.0,13680.0,13640.0,13650.0,37526
20260922,1320,093370,13650.0,13660.0,13630.0,13640.0,30915
20260922,1330,093370,13640.0,13650.0,13580.0,13580.0,106770
20260922,1340,093370,13580.0,13600.0,13550.0,13580.0,63375
20260922,1350,093370,13570.0,13650.0,13560.0,13570.0,41821
20260922,1400,093370,13570.0,13610.0,13560.0,13590.0,33929
20260922,1410,093370,13590.0,13600.0,13510.0,13520.0,71189
20260922,1420,093370,13520.0,13540.0,13510.0,13540.0,66458
20260922,1430,093370,13520.0,13630.0,13510.0,13600.0,59761
20260922,1440,093370,13600.0,13610.0,13540.0,13580.0,24070
20260922,1450,093370,13590.0,13630.0,13570.0,13580.0,24496
20260922,1500,093370,13570.0,13600.0,13530.0,13560.0,45070
20260922,1510,093370,13560.0,13600.0,13540.0,13590.0,40514
20260922,1530,093370,13570.0,13610.0,13570.0,13600.0,4317
20260922,0900,042700,243000.0,244500.0,241500.0,244000.0,30113
20260922,0910,042700,244000.0,244500.0,242500.0,243000.0,17401
20260922,0920,042700,243000.0,243000.0,241000.0,241000.0,11984
20260922,0930,042700,241500.0,244500.0,241000.0,243500.0,19091
20260922,0940,042700,244000.0,246500.0,244000.0,245000.0,37375
20260922,0950,042700,245500.0,246500.0,244000.0,245750.0,21931
20260922,1000,042700,245500.0,246000.0,244000.0,244000.0,9818
20260922,1010,042700,244500.0,245000.0,243000.0,243000.0,9928
20260922,1020,042700,243000.0,243500.0,242500.0,243500.0,10340
20260922,1030,042700,243500.0,244500.0,243000.0,243500.0,7204
20260922,1040,042700,244000.0,245000.0,243500.0,245000.0,7667
20260922,1050,042700,244500.0,245000.0,244000.0,244500.0,8619
20260922,1100,042700,244000.0,245000.0,244000.0,244750.0,5073
20260922,1110,042700,244500.0,245000.0,244000.0,244000.0,7138
20260922,1120,042700,244500.0,244500.0,244000.0,244000.0,6056
20260922,1130,042700,244500.0,244500.0,243500.0,244500.0,4556
20260922,1140,042700,244500.0,244500.0,244000.0,244000.0,1639
20260922,1150,042700,244500.0,244500.0,244000.0,244500.0,1902
20260922,1200,042700,244500.0,244500.0,243500.0,243500.0,4032
20260922,1210,042700,243500.0,244500.0,243500.0,244500.0,6812
20260922,1220,042700,244500.0,244500.0,243500.0,244000.0,2706
20260922,1230,042700,244000.0,244000.0,243500.0,243750.0,871
20260922,1240,042700,243500.0,244500.0,243000.0,243750.0,8448
20260922,1250,042700,243500.0,244000.0,242000.0,242500.0,11704
20260922,1300,042700,242000.0,242500.0,242000.0,242500.0,2623
20260922,1310,042700,242500.0,242500.0,240500.0,241000.0,11461
20260922,1320,042700,241000.0,241500.0,240500.0,241000.0,8969
20260922,1330,042700,241000.0,241000.0,240000.0,240000.0,15254
20260922,1340,042700,240000.0,240500.0,238000.0,238500.0,11650
20260922,1350,042700,238500.0,239500.0,238000.0,238500.0,13934
20260922,1400,042700,238500.0,239500.0,238000.0,239000.0,17276
20260922,1410,042700,239000.0,239500.0,236500.0,237000.0,21879
20260922,1420,042700,237000.0,238000.0,236500.0,237500.0,15532
20260922,1430,042700,237500.0,239500.0,237000.0,239500.0,26789
20260922,1440,042700,239500.0,239500.0,237500.0,239500.0,17776
20260922,1450,042700,239000.0,240000.0,238000.0,239500.0,16725
20260922,1500,042700,239500.0,240000.0,238500.0,240000.0,17879
20260922,1510,042700,239500.0,240000.0,238000.0,240000.0,18658
20260922,1530,042700,239500.0,240500.0,239500.0,239500.0,2172
20260922,0900,034020,85900.0,86400.0,85500.0,85800.0,211375
20260922,0910,034020,85800.0,86400.0,85700.0,86300.0,84328
20260922,0920,034020,86200.0,86300.0,86000.0,86000.0,36308
20260922,0930,034020,86000.0,86200.0,85900.0,85950.0,51873
20260922,0940,034020,85950.0,86200.0,85700.0,86200.0,42886
20260922,0950,034020,86200.0,86200.0,86050.0,86100.0,21932
20260922,1000,034020,86100.0,86200.0,85800.0,85800.0,28686
20260922,1010,034020,85800.0,85900.0,85300.0,85300.0,72190
20260922,1020,034020,85350.0,85600.0,85200.0,85400.0,51714
20260922,1030,034020,85300.0,85400.0,85200.0,85300.0,21287
20260922,1040,034020,85300.0,85500.0,85200.0,85500.0,38078
20260922,1050,034020,85450.0,86400.0,85400.0,86000.0,131362
20260922,1100,034020,85900.0,86200.0,85900.0,86200.0,45205
20260922,1110,034020,86150.0,86900.0,86000.0,86800.0,119154
20260922,1120,034020,86900.0,86900.0,86200.0,86400.0,133350
20260922,1130,034020,86400.0,86500.0,86000.0,86100.0,53458
20260922,1140,034020,86000.0,86200.0,85900.0,85900.0,23270
20260922,1150,034020,85950.0,86000.0,85800.0,85900.0,18078
20260922,1200,034020,85900.0,85900.0,85700.0,85900.0,20826
20260922,1210,034020,85900.0,86200.0,85800.0,86100.0,26800
20260922,1220,034020,86100.0,86200.0,85900.0,86000.0,17079
20260922,1230,034020,86000.0,86600.0,86000.0,86500.0,48441
20260922,1240,034020,86400.0,86700.0,86300.0,86600.0,39056
20260922,1250,034020,86700.0,87100.0,86500.0,86600.0,122695
20260922,1300,034020,86600.0,87500.0,86600.0,87200.0,172589
20260922,1310,034020,87100.0,87200.0,86400.0,86500.0,74837
20260922,1320,034020,86400.0,88100.0,86400.0,87800.0,233408
20260922,1330,034020,87800.0,88000.0,86800.0,86900.0,154851
20260922,1340,034020,86800.0,87000.0,86400.0,86500.0,67626
20260922,1350,034020,86500.0,86900.0,86300.0,86400.0,72898
20260922,1400,034020,86400.0,86900.0,86200.0,86700.0,66017
20260922,1410,034020,86700.0,86800.0,86300.0,86300.0,35850
20260922,1420,034020,86300.0,86500.0,86100.0,86500.0,68420
20260922,1430,034020,86400.0,86500.0,86200.0,86500.0,35941
20260922,1440,034020,86500.0,86900.0,86400.0,86800.0,56706
20260922,1450,034020,86800.0,86800.0,86600.0,86700.0,42320
20260922,1500,034020,86700.0,86700.0,86200.0,86400.0,63577
20260922,1510,034020,86300.0,86600.0,86200.0,86400.0,41702
20260922,1530,034020,86500.0,86500.0,86400.0,86400.0,4938
20260922,0900,006400,538000.0,542000.0,537000.0,537000.0,10731
20260922,0910,006400,538000.0,538000.0,534000.0,535500.0,11451
20260922,0920,006400,535000.0,536000.0,534000.0,535000.0,5953
20260922,0930,006400,535000.0,538000.0,535000.0,536000.0,4805
20260922,0940,006400,536000.0,538000.0,535000.0,537000.0,5287
20260922,0950,006400,537000.0,538000.0,536000.0,537000.0,1710
20260922,1000,006400,537000.0,538000.0,535000.0,535000.0,3775
20260922,1010,006400,536000.0,536000.0,533000.0,533000.0,6336
20260922,1020,006400,533000.0,535000.0,533000.0,534000.0,2826
20260922,1030,006400,534000.0,535000.0,534000.0,534000.0,1564
20260922,1040,006400,534000.0,536000.0,534000.0,534000.0,2590
20260922,1050,006400,534000.0,536000.0,534000.0,534000.0,2697
20260922,1100,006400,535000.0,535000.0,534000.0,534000.0,1505
20260922,1110,006400,534000.0,535000.0,534000.0,534000.0,1116
20260922,1120,006400,535000.0,535000.0,534000.0,534000.0,1001
20260922,1130,006400,534000.0,535000.0,534000.0,534000.0,943
20260922,1140,006400,534000.0,535000.0,534000.0,535000.0,1938
20260922,1150,006400,535000.0,535000.0,534000.0,534000.0,1210
20260922,1200,006400,534000.0,535000.0,534000.0,534000.0,776
20260922,1210,006400,534000.0,535000.0,534000.0,534000.0,762
20260922,1220,006400,534000.0,535000.0,534000.0,534000.0,763
20260922,1230,006400,535000.0,535000.0,533000.0,533000.0,3324
20260922,1240,006400,533000.0,533000.0,532000.0,532000.0,7002
20260922,1250,006400,532000.0,533000.0,531000.0,531000.0,5707
20260922,1300,006400,531000.0,532500.0,531000.0,531500.0,3578
20260922,1310,006400,531000.0,533000.0,531000.0,531000.0,4444
20260922,1320,006400,531000.0,532000.0,530000.0,530500.0,4531
20260922,1330,006400,530000.0,531000.0,528000.0,528000.0,13475
20260922,1340,006400,528000.0,530000.0,527000.0,530000.0,8613
20260922,1350,006400,529000.0,530000.0,528000.0,528000.0,7051
20260922,1400,006400,528000.0,532000.0,528000.0,530000.0,8052
20260922,1410,006400,530000.0,531000.0,529000.0,530000.0,4138
20260922,1420,006400,529000.0,531000.0,528000.0,528000.0,6473
20260922,1430,006400,529000.0,530000.0,528000.0,529000.0,8784
20260922,1440,006400,529000.0,530000.0,527000.0,528000.0,11036
20260922,1450,006400,528000.0,529000.0,528000.0,528000.0,6774
20260922,1500,006400,528000.0,529000.0,527000.0,527000.0,7044
20260922,1510,006400,527000.0,529000.0,527000.0,529000.0,7554
20260922,1530,006400,528000.0,529000.0,528000.0,528000.0,284
20260922,0900,437730,54300.0,54600.0,53600.0,54100.0,64020
20260922,0910,437730,54000.0,54100.0,53100.0,53500.0,52147
20260922,0920,437730,53500.0,54400.0,53500.0,54400.0,22074
20260922,0930,437730,54400.0,54400.0,53800.0,53800.0,11737
20260922,0940,437730,53800.0,54400.0,53600.0,54100.0,12702
20260922,0950,437730,54100.0,54700.0,54100.0,54500.0,16645
20260922,1000,437730,54450.0,54500.0,53600.0,53900.0,13914
20260922,1010,437730,53900.0,54100.0,53600.0,53800.0,9143
20260922,1020,437730,53800.0,54200.0,53700.0,54100.0,5910
20260922,1030,437730,54200.0,54400.0,53900.0,54400.0,6860
20260922,1040,437730,54400.0,54500.0,54100.0,54500.0,6237
20260922,1050,437730,54400.0,54500.0,54200.0,54300.0,7205
20260922,1100,437730,54300.0,54300.0,54000.0,54100.0,4633
20260922,1110,437730,54100.0,54300.0,54000.0,54200.0,7862
20260922,1120,437730,54200.0,54300.0,54100.0,54200.0,2080
20260922,1130,437730,54200.0,54300.0,54000.0,54200.0,2819
20260922,1140,437730,54300.0,54450.0,54200.0,54450.0,2806
20260922,1150,437730,54500.0,54500.0,54300.0,54400.0,2456
20260922,1200,437730,54500.0,54700.0,54400.0,54700.0,5776
20260922,1210,437730,54700.0,54800.0,54600.0,54800.0,5628
20260922,1220,437730,54700.0,54800.0,54500.0,54600.0,5808
20260922,1230,437730,54550.0,54700.0,54400.0,54600.0,4461
20260922,1240,437730,54600.0,54800.0,54600.0,54800.0,2314
20260922,1250,437730,54700.0,54800.0,54300.0,54300.0,5112
20260922,1300,437730,54400.0,54400.0,54000.0,54100.0,6889
20260922,1310,437730,54200.0,54300.0,54100.0,54100.0,3489
20260922,1320,437730,54200.0,54400.0,54000.0,54300.0,2837
20260922,1330,437730,54300.0,54400.0,53700.0,53800.0,9987
20260922,1340,437730,53800.0,54100.0,53700.0,53800.0,6702
20260922,1350,437730,53900.0,54000.0,53700.0,53800.0,5080
20260922,1400,437730,53700.0,54400.0,53700.0,54300.0,6173
20260922,1410,437730,54400.0,54400.0,53900.0,53900.0,4128
20260922,1420,437730,54000.0,54000.0,53600.0,53800.0,11290
20260922,1430,437730,53800.0,54000.0,53700.0,53900.0,3979
20260922,1440,437730,54000.0,54100.0,53700.0,53900.0,4010
20260922,1450,437730,53900.0,54100.0,53800.0,54000.0,4035
20260922,1500,437730,53900.0,54100.0,53800.0,54000.0,6000
20260922,1510,437730,54000.0,54000.0,53800.0,53900.0,5701
20260922,1530,437730,53900.0,53900.0,53700.0,53900.0,1721
20260922,0900,356680,17860.0,17980.0,16810.0,16920.0,428172
20260922,0910,356680,16910.0,17150.0,16890.0,16900.0,221978
20260922,0920,356680,16900.0,17040.0,16760.0,17020.0,161347
20260922,0930,356680,17030.0,17040.0,16910.0,17000.0,57149
20260922,0940,356680,17000.0,17020.0,16850.0,17020.0,95033
20260922,0950,356680,17010.0,17320.0,17000.0,17310.0,101368
20260922,1000,356680,17310.0,17420.0,17240.0,17400.0,134889
20260922,1010,356680,17400.0,17410.0,17190.0,17210.0,53982
20260922,1020,356680,17230.0,17305.0,17200.0,17280.0,24906
20260922,1030,356680,17280.0,17500.0,17260.0,17260.0,68004
20260922,1040,356680,17250.0,17310.0,17200.0,17220.0,25656
20260922,1050,356680,17220.0,17220.0,17120.0,17120.0,32067
20260922,1100,356680,17120.0,17160.0,17050.0,17100.0,30682
20260922,1110,356680,17090.0,17140.0,17070.0,17080.0,19112
20260922,1120,356680,17090.0,17130.0,17060.0,17130.0,17783
20260922,1130,356680,17130.0,17160.0,17050.0,17140.0,25611
20260922,1140,356680,17140.0,17180.0,17090.0,17160.0,12518
20260922,1150,356680,17160.0,17200.0,17150.0,17180.0,7443
20260922,1200,356680,17180.0,17180.0,17110.0,17110.0,6400
20260922,1210,356680,17110.0,17180.0,17100.0,17180.0,9716
20260922,1220,356680,17170.0,17170.0,17110.0,17110.0,7900
20260922,1230,356680,17120.0,17140.0,17080.0,17090.0,8263
20260922,1240,356680,17090.0,17120.0,17070.0,17070.0,13689
20260922,1250,356680,17070.0,17090.0,17060.0,17090.0,11944
20260922,1300,356680,17090.0,17090.0,16980.0,16980.0,40855
20260922,1310,356680,16980.0,16990.0,16910.0,16990.0,32933
20260922,1320,356680,16990.0,17010.0,16920.0,16970.0,20447
20260922,1330,356680,16970.0,16970.0,16840.0,16860.0,36195
20260922,1340,356680,16860.0,16900.0,16850.0,16860.0,16206
20260922,1350,356680,16860.0,16860.0,16520.0,16590.0,171975
20260922,1400,356680,16600.0,16750.0,16590.0,16750.0,35737
20260922,1410,356680,16760.0,16780.0,16590.0,16595.0,29707
20260922,1420,356680,16595.0,16760.0,16565.0,16600.0,32107
20260922,1430,356680,16650.0,16680.0,16550.0,16680.0,20785
20260922,1440,356680,16690.0,16800.0,16630.0,16750.0,18865
20260922,1450,356680,16750.0,16770.0,16640.0,16640.0,18055
20260922,1500,356680,16650.0,16660.0,16550.0,16570.0,37073
20260922,1510,356680,16570.0,16580.0,16510.0,16530.0,35467
20260922,1530,356680,16530.0,16540.0,16520.0,16520.0,8324
20260922,0900,000990,133800.0,134100.0,130900.0,132000.0,62555
20260922,0910,000990,132400.0,132900.0,130800.0,131500.0,47615
20260922,0920,000990,131300.0,132200.0,130100.0,132200.0,31357
20260922,0930,000990,132100.0,132500.0,131700.0,132000.0,19982
20260922,0940,000990,131900.0,132500.0,131500.0,131700.0,13467
20260922,0950,000990,131700.0,132300.0,130800.0,132300.0,14684
20260922,1000,000990,132300.0,132300.0,131800.0,132000.0,4756
20260922,1010,000990,132000.0,132100.0,131200.0,131300.0,7753
20260922,1020,000990,131300.0,132600.0,131000.0,132350.0,13414
20260922,1030,000990,132350.0,132700.0,132300.0,132600.0,4899
20260922,1040,000990,132700.0,132900.0,132200.0,132200.0,7202
20260922,1050,000990,132200.0,132500.0,131600.0,131900.0,5512
20260922,1100,000990,132000.0,132100.0,131900.0,132000.0,4667
20260922,1110,000990,132000.0,132000.0,131500.0,131500.0,4507
20260922,1120,000990,131500.0,131700.0,131500.0,131650.0,6596
20260922,1130,000990,131650.0,133300.0,131650.0,132100.0,22496
20260922,1140,000990,132200.0,132300.0,132100.0,132200.0,2119
20260922,1150,000990,132200.0,132300.0,131900.0,132200.0,3168
20260922,1200,000990,132200.0,132300.0,132000.0,132100.0,2346
20260922,1210,000990,132100.0,132200.0,131800.0,131900.0,2681
20260922,1220,000990,132000.0,132200.0,131900.0,132000.0,3112
20260922,1230,000990,132000.0,132200.0,131700.0,132000.0,3784
20260922,1240,000990,132000.0,132100.0,131700.0,132000.0,3066
20260922,1250,000990,131900.0,132000.0,131050.0,131050.0,8520
20260922,1300,000990,131100.0,131200.0,130600.0,130900.0,14418
20260922,1310,000990,130900.0,130900.0,130200.0,130650.0,18675
20260922,1320,000990,130650.0,131000.0,130500.0,131000.0,6859
20260922,1330,000990,131000.0,131800.0,130600.0,130900.0,13212
20260922,1340,000990,130800.0,131800.0,130500.0,130800.0,14039
20260922,1350,000990,130800.0,131200.0,130600.0,130700.0,8250
20260922,1400,000990,131000.0,131800.0,130700.0,131500.0,10021
20260922,1410,000990,131400.0,131400.0,130200.0,130200.0,32241
20260922,1420,000990,130200.0,130400.0,129700.0,130000.0,23991
20260922,1430,000990,129900.0,130800.0,129700.0,130600.0,9951
20260922,1440,000990,130500.0,131700.0,130300.0,131500.0,11291
20260922,1450,000990,131500.0,131600.0,131200.0,131500.0,6823
20260922,1500,000990,131300.0,131400.0,130900.0,131400.0,13021
20260922,1510,000990,131300.0,131500.0,130700.0,130700.0,8616
20260922,1530,000990,130800.0,130800.0,130400.0,130600.0,2484
20260922,0900,329180,451500.0,452500.0,448500.0,450000.0,7173
20260922,0910,329180,450000.0,451500.0,449500.0,451000.0,4643
20260922,0920,329180,450500.0,451500.0,449000.0,449000.0,4335
20260922,0930,329180,449000.0,450500.0,449000.0,449500.0,3962
20260922,0940,329180,449500.0,450500.0,448000.0,450000.0,6389
20260922,0950,329180,450000.0,450000.0,448500.0,450000.0,2670
20260922,1000,329180,449500.0,450500.0,449000.0,449500.0,2252
20260922,1010,329180,449500.0,451500.0,449000.0,451000.0,3818
20260922,1020,329180,451500.0,452000.0,450500.0,451000.0,4399
20260922,1030,329180,451000.0,451500.0,450500.0,451000.0,1927
20260922,1040,329180,450500.0,451500.0,450000.0,451500.0,3599
20260922,1050,329180,451500.0,452500.0,451000.0,452500.0,2320
20260922,1100,329180,452000.0,453000.0,451500.0,452500.0,2468
20260922,1110,329180,452500.0,453000.0,451500.0,452500.0,1678
20260922,1120,329180,453000.0,453500.0,452000.0,452500.0,1720
20260922,1130,329180,452500.0,453000.0,451500.0,451500.0,1784
20260922,1140,329180,452000.0,453500.0,451500.0,453000.0,2470
20260922,1150,329180,453000.0,453000.0,450500.0,451000.0,2334
20260922,1200,329180,451000.0,452500.0,450500.0,452500.0,1500
20260922,1210,329180,452000.0,453500.0,452000.0,453000.0,2634
20260922,1220,329180,453500.0,456500.0,453000.0,455000.0,6686
20260922,1230,329180,455000.0,455500.0,455000.0,455000.0,2246
20260922,1240,329180,455500.0,456000.0,455000.0,455500.0,3848
20260922,1250,329180,456000.0,456000.0,454500.0,455000.0,2723
20260922,1300,329180,455000.0,456500.0,455000.0,456000.0,3628
20260922,1310,329180,456000.0,458500.0,455500.0,457500.0,6649
20260922,1320,329180,457000.0,460000.0,457000.0,458500.0,5324
20260922,1330,329180,459000.0,459000.0,456500.0,457000.0,5544
20260922,1340,329180,457500.0,457500.0,455500.0,456000.0,4488
20260922,1350,329180,455500.0,456000.0,454000.0,454000.0,4024
20260922,1400,329180,454000.0,456000.0,453500.0,455000.0,3307
20260922,1410,329180,455000.0,455500.0,454000.0,454000.0,2528
20260922,1420,329180,454000.0,454500.0,452000.0,452500.0,4092
20260922,1430,329180,452500.0,454000.0,452500.0,453500.0,4818
20260922,1440,329180,453500.0,454500.0,452500.0,454000.0,3138
20260922,1450,329180,453500.0,454500.0,453500.0,454500.0,2931
20260922,1500,329180,454000.0,454500.0,453000.0,453000.0,2193
20260922,1510,329180,453000.0,455500.0,453000.0,454500.0,3140
20260922,1530,329180,454500.0,455500.0,454500.0,455500.0,272
20260922,0900,024060,12360.0,12520.0,12340.0,12420.0,152541
20260922,0910,024060,12410.0,12450.0,12310.0,12430.0,72012
20260922,0920,024060,12430.0,12490.0,12400.0,12460.0,31222
20260922,0930,024060,12450.0,12500.0,12440.0,12460.0,27085
20260922,0940,024060,12460.0,12610.0,12430.0,12610.0,41666
20260922,0950,024060,12600.0,12670.0,12570.0,12640.0,34773
20260922,1000,024060,12630.0,12730.0,12630.0,12680.0,30399
20260922,1010,024060,12710.0,12735.0,12650.0,12730.0,23656
20260922,1020,024060,12700.0,12760.0,12670.0,12720.0,23869
20260922,1030,024060,12720.0,12760.0,12680.0,12760.0,18111
20260922,1040,024060,12760.0,12800.0,12740.0,12750.0,23696
20260922,1050,024060,12750.0,12780.0,12710.0,12770.0,15348
20260922,1100,024060,12770.0,12800.0,12720.0,12750.0,16000
20260922,1110,024060,12750.0,12770.0,12700.0,12750.0,14565
20260922,1120,024060,12750.0,12750.0,12670.0,12680.0,19356
20260922,1130,024060,12680.0,12690.0,12640.0,12650.0,19483
20260922,1140,024060,12680.0,12710.0,12650.0,12700.0,8499
20260922,1150,024060,12700.0,12710.0,12650.0,12700.0,12013
20260922,1200,024060,12700.0,12700.0,12650.0,12690.0,10004
20260922,1210,024060,12680.0,12710.0,12650.0,12700.0,9650
20260922,1220,024060,12700.0,12750.0,12680.0,12750.0,6648
20260922,1230,024060,12750.0,12780.0,12715.0,12720.0,21728
20260922,1240,024060,12720.0,12740.0,12680.0,12720.0,9725
20260922,1250,024060,12720.0,12820.0,12720.0,12820.0,23409
20260922,1300,024060,12820.0,12850.0,12790.0,12840.0,18290
20260922,1310,024060,12850.0,12910.0,12840.0,12880.0,72844
20260922,1320,024060,12880.0,12970.0,12870.0,12880.0,58994
20260922,1330,024060,12890.0,12960.0,12860.0,12950.0,27064
20260922,1340,024060,12950.0,13000.0,12900.0,12940.0,49808
20260922,1350,024060,12940.0,12970.0,12910.0,12940.0,33732
20260922,1400,024060,12930.0,12950.0,12790.0,12860.0,47562
20260922,1410,024060,12860.0,12950.0,12860.0,12930.0,20991
20260922,1420,024060,12930.0,12940.0,12890.0,12900.0,22870
20260922,1430,024060,12900.0,12990.0,12900.0,12920.0,42642
20260922,1440,024060,12910.0,12910.0,12860.0,12900.0,21298
20260922,1450,024060,12900.0,12920.0,12890.0,12900.0,20449
20260922,1500,024060,12900.0,12940.0,12890.0,12910.0,23487
20260922,1510,024060,12910.0,12940.0,12850.0,12880.0,38030
20260922,1530,024060,12860.0,12890.0,12860.0,12890.0,4185
20260922,0900,010170,18630.0,18750.0,17500.0,17590.0,2238260
20260922,0910,010170,17590.0,18200.0,17570.0,18100.0,1231604
20260922,0920,010170,18100.0,18100.0,17820.0,17900.0,611850
20260922,0930,010170,17900.0,17960.0,17790.0,17840.0,372340
20260922,0940,010170,17850.0,17950.0,17820.0,17850.0,275741
20260922,0950,010170,17850.0,17870.0,17660.0,17815.0,413555
20260922,1000,010170,17815.0,17980.0,17790.0,17950.0,264870
20260922,1010,010170,17960.0,17970.0,17800.0,17850.0,166216
20260922,1020,010170,17840.0,17870.0,17780.0,17830.0,156855
20260922,1030,010170,17830.0,17850.0,17740.0,17760.0,125953
20260922,1040,010170,17760.0,17820.0,17750.0,17820.0,90302
20260922,1050,010170,17820.0,17820.0,17770.0,17790.0,112988
20260922,1100,010170,17790.0,17790.0,17740.0,17750.0,115857
20260922,1110,010170,17740.0,17760.0,17660.0,17730.0,224729
20260922,1120,010170,17720.0,17760.0,17680.0,17730.0,78654
20260922,1130,010170,17730.0,17790.0,17720.0,17760.0,88191
20260922,1140,010170,17760.0,17850.0,17750.0,17840.0,97257
20260922,1150,010170,17850.0,17870.0,17780.0,17850.0,84827
20260922,1200,010170,17850.0,17990.0,17840.0,17950.0,273944
20260922,1210,010170,17960.0,17960.0,17845.0,17900.0,68345
20260922,1220,010170,17900.0,17950.0,17890.0,17930.0,64988
20260922,1230,010170,17930.0,17930.0,17870.0,17880.0,70480
20260922,1240,010170,17880.0,17930.0,17860.0,17910.0,77679
20260922,1250,010170,17910.0,17910.0,17860.0,17860.0,65184
20260922,1300,010170,17860.0,17890.0,17830.0,17830.0,73925
20260922,1310,010170,17830.0,17830.0,17790.0,17810.0,76986
20260922,1320,010170,17800.0,17810.0,17770.0,17780.0,83305
20260922,1330,010170,17780.0,17790.0,17710.0,17720.0,156959
20260922,1340,010170,17720.0,17760.0,17680.0,17680.0,166113
20260922,1350,010170,17680.0,17740.0,17650.0,17710.0,157812
20260922,1400,010170,17700.0,17800.0,17660.0,17780.0,117687
20260922,1410,010170,17780.0,17780.0,17650.0,17650.0,91837
20260922,1420,010170,17660.0,17680.0,17600.0,17670.0,213448
20260922,1430,010170,17660.0,17730.0,17560.0,17730.0,160560
20260922,1440,010170,17730.0,17770.0,17690.0,17770.0,104257
20260922,1450,010170,17760.0,17780.0,17760.0,17780.0,72578
20260922,1500,010170,17770.0,17850.0,17770.0,17795.0,176064
20260922,1510,010170,17795.0,17820.0,17770.0,17800.0,141769
20260922,1530,010170,17800.0,17800.0,17790.0,17800.0,16110
20260922,0900,058610,100000.0,100600.0,99300.0,99400.0,19724
20260922,0910,058610,99300.0,99800.0,99100.0,99600.0,13270
20260922,0920,058610,99600.0,99800.0,99200.0,99800.0,6662
20260922,0930,058610,99800.0,100000.0,99300.0,99400.0,6951
20260922,0940,058610,99400.0,100300.0,99400.0,99900.0,7242
20260922,0950,058610,99900.0,100700.0,99800.0,100200.0,6012
20260922,1000,058610,100200.0,100400.0,99900.0,100000.0,4668
20260922,1010,058610,100000.0,100200.0,99700.0,99700.0,3549
20260922,1020,058610,99700.0,99900.0,99600.0,99900.0,1530
20260922,1030,058610,99800.0,100000.0,99800.0,99800.0,1617
20260922,1040,058610,99800.0,100400.0,99800.0,100050.0,2921
20260922,1050,058610,100100.0,100300.0,99900.0,99900.0,3058
20260922,1100,058610,99900.0,100100.0,99800.0,100000.0,1889
20260922,1110,058610,100000.0,100000.0,99800.0,99800.0,1385
20260922,1120,058610,99800.0,99900.0,99600.0,99700.0,3678
20260922,1130,058610,99700.0,100000.0,99600.0,99800.0,1668
20260922,1140,058610,99800.0,100400.0,99800.0,100300.0,4025
20260922,1150,058610,100300.0,100400.0,100100.0,100200.0,2849
20260922,1200,058610,100200.0,100300.0,100100.0,100300.0,2104
20260922,1210,058610,100300.0,100500.0,100100.0,100300.0,3845
20260922,1220,058610,100200.0,100500.0,100100.0,100400.0,2393
20260922,1230,058610,100400.0,100500.0,100300.0,100300.0,4392
20260922,1240,058610,100300.0,100400.0,100300.0,100300.0,1249
20260922,1250,058610,100300.0,100400.0,100000.0,100000.0,4197
20260922,1300,058610,100000.0,100100.0,99700.0,99700.0,3761
20260922,1310,058610,99700.0,99800.0,99500.0,99500.0,6340
20260922,1320,058610,99400.0,99800.0,99400.0,99500.0,2014
20260922,1330,058610,99500.0,99600.0,99200.0,99300.0,8271
20260922,1340,058610,99200.0,99500.0,99100.0,99400.0,6688
20260922,1350,058610,99500.0,99600.0,99000.0,99100.0,8833
20260922,1400,058610,99000.0,99700.0,99000.0,99500.0,3069
20260922,1410,058610,99500.0,99700.0,99200.0,99300.0,2425
20260922,1420,058610,99200.0,99300.0,99000.0,99050.0,2815
20260922,1430,058610,99050.0,99100.0,99000.0,99100.0,3326
20260922,1440,058610,99000.0,99200.0,99000.0,99100.0,2073
20260922,1450,058610,99100.0,99300.0,99100.0,99200.0,1795
20260922,1500,058610,99200.0,99300.0,99000.0,99100.0,2572
20260922,1510,058610,99100.0,99100.0,98800.0,98800.0,4478
20260922,1530,058610,98800.0,99000.0,98800.0,99000.0,1561
20260922,0900,066570,214500.0,215500.0,212000.0,213000.0,121045
20260922,0910,066570,213000.0,214500.0,211000.0,213000.0,68297
20260922,0920,066570,212500.0,213000.0,209000.0,211000.0,54843
20260922,0930,066570,211000.0,213000.0,210500.0,212500.0,33921
20260922,0940,066570,212500.0,213500.0,212000.0,213000.0,32482
20260922,0950,066570,213500.0,214500.0,212500.0,214500.0,46887
20260922,1000,066570,214500.0,216500.0,214000.0,215500.0,85110
20260922,1010,066570,215000.0,215500.0,213000.0,213000.0,31024
20260922,1020,066570,213500.0,215500.0,212500.0,215000.0,30641
20260922,1030,066570,214500.0,216000.0,214500.0,216000.0,30196
20260922,1040,066570,216000.0,218250.0,215500.0,218000.0,85614
20260922,1050,066570,218000.0,218500.0,216000.0,217000.0,31613
20260922,1100,066570,216500.0,218000.0,216500.0,218000.0,22389
20260922,1110,066570,218000.0,218000.0,217000.0,218000.0,23254
20260922,1120,066570,217750.0,218500.0,217000.0,218000.0,34312
20260922,1130,066570,218000.0,218000.0,217000.0,217250.0,19944
20260922,1140,066570,217250.0,218500.0,217000.0,218500.0,31106
20260922,1150,066570,218500.0,218500.0,217500.0,218000.0,16678
20260922,1200,066570,218000.0,220000.0,217500.0,220000.0,65813
20260922,1210,066570,220000.0,220000.0,219000.0,219750.0,42615
20260922,1220,066570,219750.0,220000.0,219000.0,219000.0,19965
20260922,1230,066570,219500.0,220000.0,219000.0,220000.0,40323
20260922,1240,066570,220000.0,221000.0,218500.0,219000.0,56339
20260922,1250,066570,219000.0,219000.0,216250.0,217000.0,55507
20260922,1300,066570,216500.0,217500.0,216500.0,217000.0,12230
20260922,1310,066570,217000.0,217000.0,216000.0,216500.0,26964
20260922,1320,066570,216500.0,217000.0,215500.0,216000.0,26136
20260922,1330,066570,216500.0,216500.0,214500.0,215250.0,36810
20260922,1340,066570,215500.0,216500.0,214000.0,214500.0,28064
20260922,1350,066570,214500.0,215000.0,214000.0,214500.0,35433
20260922,1400,066570,214500.0,215500.0,214000.0,215250.0,22238
20260922,1410,066570,215000.0,215500.0,214000.0,214250.0,17546
20260922,1420,066570,214500.0,215500.0,213500.0,214750.0,35008
20260922,1430,066570,214750.0,215500.0,214000.0,215500.0,26480
20260922,1440,066570,215500.0,215500.0,214500.0,215500.0,22137
20260922,1450,066570,215500.0,216500.0,215000.0,216000.0,54987
20260922,1500,066570,216000.0,216000.0,214500.0,215000.0,25430
20260922,1510,066570,215500.0,216000.0,215000.0,215500.0,22859
20260922,1530,066570,215000.0,216000.0,215000.0,215500.0,2531
20260922,0900,005380,367000.0,368500.0,365500.0,366500.0,29630
20260922,0910,005380,366500.0,366500.0,364000.0,366500.0,15810
20260922,0920,005380,366000.0,366500.0,364500.0,364500.0,11110
20260922,0930,005380,365000.0,366000.0,364000.0,364500.0,12252
20260922,0940,005380,364250.0,366000.0,364000.0,365500.0,13233
20260922,0950,005380,365500.0,367500.0,365500.0,367250.0,18171
20260922,1000,005380,367250.0,368500.0,366500.0,368500.0,13117
20260922,1010,005380,368000.0,368500.0,365500.0,365500.0,11321
20260922,1020,005380,365000.0,365500.0,364500.0,364500.0,4158
20260922,1030,005380,364500.0,366000.0,364500.0,364500.0,9004
20260922,1040,005380,365000.0,366000.0,364500.0,365500.0,8466
20260922,1050,005380,365000.0,365500.0,365000.0,365000.0,4327
20260922,1100,005380,365000.0,365500.0,365000.0,365000.0,2770
20260922,1110,005380,365000.0,365500.0,364000.0,364000.0,6803
20260922,1120,005380,364250.0,367000.0,363500.0,366500.0,23358
20260922,1130,005380,366500.0,370000.0,366000.0,366500.0,41377
20260922,1140,005380,367000.0,368000.0,366500.0,367000.0,4439
20260922,1150,005380,367250.0,367250.0,365000.0,365500.0,8246
20260922,1200,005380,365500.0,366000.0,364500.0,364750.0,5127
20260922,1210,005380,365000.0,365500.0,364500.0,365000.0,5333
20260922,1220,005380,365500.0,365500.0,365000.0,365500.0,2451
20260922,1230,005380,365000.0,365500.0,364000.0,364500.0,5479
20260922,1240,005380,364500.0,364500.0,364000.0,364500.0,3846
20260922,1250,005380,364500.0,364500.0,363500.0,363500.0,7122
20260922,1300,005380,363500.0,364000.0,362500.0,363000.0,11445
20260922,1310,005380,363000.0,363000.0,361500.0,361500.0,12381
20260922,1320,005380,362000.0,362000.0,361500.0,361500.0,5742
20260922,1330,005380,361500.0,362000.0,361500.0,361500.0,7711
20260922,1340,005380,361500.0,362000.0,361000.0,361000.0,5800
20260922,1350,005380,361000.0,361500.0,360000.0,360000.0,11317
20260922,1400,005380,360000.0,361500.0,360000.0,361000.0,27688
20260922,1410,005380,361000.0,361000.0,360000.0,360500.0,6120
20260922,1420,005380,360000.0,360500.0,360000.0,360000.0,5481
20260922,1430,005380,360000.0,360500.0,360000.0,360500.0,8821
20260922,1440,005380,360000.0,361500.0,360000.0,360500.0,22186
20260922,1450,005380,361000.0,361000.0,360500.0,360500.0,5887
20260922,1500,005380,360500.0,361000.0,360000.0,360000.0,7262
20260922,1510,005380,360000.0,360500.0,360000.0,360000.0,4220
20260922,1530,005380,360000.0,360500.0,360000.0,360500.0,929
20260922,0900,032830,300000.0,301000.0,296500.0,297000.0,9585
20260922,0910,032830,297000.0,297500.0,295000.0,295000.0,8558
20260922,0920,032830,295000.0,295500.0,293000.0,294000.0,10595
20260922,0930,032830,294000.0,296000.0,293000.0,295500.0,10568
20260922,0940,032830,295500.0,296000.0,293000.0,294000.0,8021
20260922,0950,032830,293500.0,295000.0,293000.0,294000.0,12902
20260922,1000,032830,293750.0,294000.0,291500.0,293000.0,6644
20260922,1010,032830,293500.0,293500.0,290500.0,291000.0,5076
20260922,1020,032830,291000.0,292000.0,289500.0,290000.0,9214
20260922,1030,032830,290000.0,291000.0,289000.0,289500.0,4463
20260922,1040,032830,289500.0,290500.0,289000.0,289000.0,3739
20260922,1050,032830,289000.0,290000.0,288500.0,289500.0,8372
20260922,1100,032830,289000.0,291500.0,289000.0,291000.0,3612
20260922,1110,032830,290500.0,291000.0,290000.0,290000.0,2164
20260922,1120,032830,290000.0,291000.0,289500.0,290000.0,3394
20260922,1130,032830,290000.0,291000.0,290000.0,290000.0,2369
20260922,1140,032830,290000.0,291500.0,290000.0,290500.0,2316
20260922,1150,032830,291000.0,291000.0,290500.0,290500.0,2535
20260922,1200,032830,291000.0,291000.0,290000.0,290000.0,2378
20260922,1210,032830,290000.0,291000.0,290000.0,290500.0,2724
20260922,1220,032830,290500.0,291500.0,290500.0,291000.0,2053
20260922,1230,032830,291500.0,292500.0,291000.0,292000.0,2645
20260922,1240,032830,291750.0,292000.0,291000.0,292000.0,2583
20260922,1250,032830,292000.0,292000.0,290500.0,291500.0,3773
20260922,1300,032830,291000.0,291500.0,290000.0,290250.0,2705
20260922,1310,032830,290500.0,291500.0,289000.0,289500.0,4009
20260922,1320,032830,289250.0,290500.0,289000.0,290000.0,3605
20260922,1330,032830,289500.0,290000.0,289000.0,289500.0,2852
20260922,1340,032830,289000.0,289500.0,288500.0,288500.0,3081
20260922,1350,032830,288500.0,290000.0,287000.0,287500.0,9989
20260922,1400,032830,287500.0,289500.0,287500.0,288500.0,4885
20260922,1410,032830,288500.0,288500.0,287000.0,287500.0,5698
20260922,1420,032830,287500.0,289000.0,287000.0,288500.0,5353
20260922,1430,032830,288000.0,289000.0,287000.0,288000.0,5550
20260922,1440,032830,288000.0,290500.0,287500.0,289500.0,5659
20260922,1450,032830,289500.0,291000.0,289500.0,291000.0,5200
20260922,1500,032830,290500.0,291000.0,289000.0,290000.0,4558
20260922,1510,032830,290000.0,291000.0,289500.0,290500.0,4403
20260922,1530,032830,290500.0,291500.0,290500.0,291500.0,348
20260922,0900,316140,36500.0,36500.0,35750.0,36000.0,174967
20260922,0910,316140,36000.0,36050.0,35800.0,35900.0,123477
20260922,0920,316140,35900.0,36050.0,35850.0,35900.0,54306
20260922,0930,316140,35950.0,36050.0,35800.0,35850.0,49374
20260922,0940,316140,35850.0,35900.0,35800.0,35850.0,24580
20260922,0950,316140,35850.0,35850.0,35750.0,35750.0,26244
20260922,1000,316140,35775.0,36000.0,35750.0,35800.0,45763
20260922,1010,316140,35800.0,35850.0,35750.0,35800.0,21629
20260922,1020,316140,35800.0,35950.0,35750.0,35800.0,27198
20260922,1030,316140,35800.0,35950.0,35750.0,35750.0,18446
20260922,1040,316140,35750.0,35850.0,35750.0,35750.0,20299
20260922,1050,316140,35750.0,35900.0,35750.0,35850.0,23247
20260922,1100,316140,35850.0,35900.0,35800.0,35850.0,13590
20260922,1110,316140,35850.0,36000.0,35800.0,35900.0,20672
20260922,1120,316140,35950.0,36000.0,35850.0,35950.0,13810
20260922,1130,316140,35900.0,35950.0,35850.0,35850.0,11752
20260922,1140,316140,35850.0,35900.0,35850.0,35850.0,11772
20260922,1150,316140,35850.0,35900.0,35800.0,35800.0,16217
20260922,1200,316140,35800.0,35850.0,35750.0,35750.0,13179
20260922,1210,316140,35750.0,35800.0,35750.0,35750.0,12812
20260922,1220,316140,35750.0,35800.0,35750.0,35800.0,14929
20260922,1230,316140,35800.0,35900.0,35750.0,35800.0,25286
20260922,1240,316140,35800.0,35850.0,35650.0,35700.0,43518
20260922,1250,316140,35650.0,35700.0,35600.0,35600.0,28621
20260922,1300,316140,35600.0,35700.0,35600.0,35650.0,25806
20260922,1310,316140,35700.0,35700.0,35600.0,35650.0,20544
20260922,1320,316140,35600.0,35650.0,35600.0,35650.0,16387
20260922,1330,316140,35600.0,35750.0,35600.0,35700.0,29333
20260922,1340,316140,35700.0,35750.0,35600.0,35600.0,22283
20260922,1350,316140,35600.0,35750.0,35550.0,35700.0,48145
20260922,1400,316140,35750.0,35750.0,35550.0,35600.0,36517
20260922,1410,316140,35600.0,35750.0,35550.0,35750.0,42758
20260922,1420,316140,35700.0,35850.0,35650.0,35800.0,51191
20260922,1430,316140,35800.0,35900.0,35700.0,35750.0,48393
20260922,1440,316140,35700.0,35800.0,35700.0,35700.0,42523
20260922,1450,316140,35700.0,35800.0,35675.0,35750.0,44398
20260922,1500,316140,35750.0,35850.0,35700.0,35700.0,44771
20260922,1510,316140,35700.0,35900.0,35700.0,35850.0,29913
20260922,1530,316140,35800.0,35850.0,35800.0,35850.0,2362
20260922,0900,055550,113500.0,114000.0,112300.0,113100.0,33231
20260922,0910,055550,113100.0,113300.0,112500.0,113100.0,31868
20260922,0920,055550,113100.0,113300.0,112900.0,113000.0,22774
20260922,0930,055550,113000.0,113300.0,112600.0,112700.0,33830
20260922,0940,055550,112700.0,112800.0,112500.0,112600.0,14724
20260922,0950,055550,112600.0,112600.0,112400.0,112400.0,15956
20260922,1000,055550,112400.0,112500.0,112200.0,112300.0,15860
20260922,1010,055550,112200.0,112500.0,112200.0,112300.0,13161
20260922,1020,055550,112300.0,112600.0,112300.0,112500.0,11209
20260922,1030,055550,112600.0,112700.0,112400.0,112500.0,12199
20260922,1040,055550,112500.0,112600.0,112400.0,112400.0,15479
20260922,1050,055550,112400.0,112900.0,112400.0,112700.0,20710
20260922,1100,055550,112700.0,112900.0,112600.0,112800.0,11004
20260922,1110,055550,112800.0,113100.0,112700.0,113100.0,8146
20260922,1120,055550,113100.0,113300.0,113000.0,113300.0,7989
20260922,1130,055550,113300.0,113500.0,113200.0,113200.0,7539
20260922,1140,055550,113300.0,113600.0,113100.0,113200.0,14693
20260922,1150,055550,113100.0,113200.0,112900.0,113000.0,11256
20260922,1200,055550,113000.0,113100.0,113000.0,113000.0,6540
20260922,1210,055550,113000.0,113200.0,113000.0,113100.0,11284
20260922,1220,055550,113200.0,113300.0,113100.0,113200.0,6376
20260922,1230,055550,113200.0,113300.0,113100.0,113300.0,8468
20260922,1240,055550,113300.0,113300.0,113100.0,113100.0,20530
20260922,1250,055550,113100.0,113200.0,112900.0,112900.0,19044
20260922,1300,055550,112900.0,113000.0,112900.0,113000.0,8663
20260922,1310,055550,112900.0,113000.0,112900.0,112900.0,9021
20260922,1320,055550,112900.0,113000.0,112900.0,112900.0,8425
20260922,1330,055550,113000.0,113400.0,112900.0,113200.0,29161
20260922,1340,055550,113200.0,113300.0,113200.0,113200.0,10540
20260922,1350,055550,113200.0,113300.0,113000.0,113000.0,30372
20260922,1400,055550,113100.0,113100.0,112700.0,112700.0,36236
20260922,1410,055550,112800.0,112900.0,112700.0,112800.0,17215
20260922,1420,055550,112800.0,113100.0,112800.0,113000.0,21960
20260922,1430,055550,112900.0,113200.0,112900.0,112900.0,20100
20260922,1440,055550,112900.0,113000.0,112800.0,113000.0,17644
20260922,1450,055550,112900.0,113200.0,112900.0,113100.0,34774
20260922,1500,055550,113200.0,113200.0,113000.0,113100.0,17408
20260922,1510,055550,113100.0,113400.0,113100.0,113300.0,15857
20260922,1530,055550,113300.0,113400.0,113300.0,113300.0,1589
20260922,0900,298040,2955000.0,2966000.0,2923000.0,2959000.0,2146
20260922,0910,298040,2959000.0,2998000.0,2958500.0,2990000.0,4089
20260922,0920,298040,2991000.0,3009000.0,2975000.0,2977000.0,2333
20260922,0930,298040,2977000.0,2990000.0,2974000.0,2988000.0,824
20260922,0940,298040,2987000.0,2988000.0,2978000.0,2978000.0,713
20260922,0950,298040,2978000.0,2991000.0,2977000.0,2987000.0,1055
20260922,1000,298040,2987000.0,2995000.0,2982000.0,2983000.0,670
20260922,1010,298040,2983000.0,2988000.0,2976000.0,2976000.0,589
20260922,1020,298040,2976000.0,2977000.0,2971000.0,2973500.0,436
20260922,1030,298040,2973000.0,2980000.0,2973000.0,2975000.0,346
20260922,1040,298040,2975000.0,2979000.0,2974000.0,2975000.0,428
20260922,1050,298040,2975000.0,2980000.0,2968000.0,2975000.0,648
20260922,1100,298040,2974000.0,2979000.0,2974000.0,2979000.0,287
20260922,1110,298040,2979000.0,2979000.0,2968000.0,2970000.0,419
20260922,1120,298040,2971000.0,2971000.0,2958000.0,2961000.0,552
20260922,1130,298040,2962000.0,2966000.0,2957000.0,2966000.0,411
20260922,1140,298040,2965000.0,2971000.0,2965000.0,2971000.0,341
20260922,1150,298040,2971000.0,2971000.0,2967000.0,2969000.0,286
20260922,1200,298040,2970000.0,2971000.0,2963000.0,2965000.0,360
20260922,1210,298040,2965000.0,2970000.0,2964000.0,2970000.0,304
20260922,1220,298040,2970000.0,2973000.0,2969000.0,2973000.0,298
20260922,1230,298040,2973000.0,2975000.0,2971000.0,2975000.0,258
20260922,1240,298040,2975000.0,2977000.0,2969000.0,2974000.0,596
20260922,1250,298040,2974000.0,2974000.0,2957000.0,2959000.0,615
20260922,1300,298040,2960000.0,2970000.0,2956000.0,2964000.0,675
20260922,1310,298040,2964000.0,2965000.0,2941000.0,2941000.0,635
20260922,1320,298040,2947000.0,2954000.0,2942000.0,2950000.0,625
20260922,1330,298040,2949000.0,2949000.0,2931000.0,2939000.0,965
20260922,1340,298040,2936000.0,2938000.0,2923000.0,2924000.0,653
20260922,1350,298040,2923000.0,2937000.0,2923000.0,2929000.0,822
20260922,1400,298040,2928000.0,2935000.0,2916000.0,2918000.0,1034
20260922,1410,298040,2919000.0,2922000.0,2901000.0,2904000.0,1044
20260922,1420,298040,2902000.0,2918000.0,2901000.0,2910000.0,1040
20260922,1430,298040,2907000.0,2919000.0,2901000.0,2913000.0,864
20260922,1440,298040,2914000.0,2919000.0,2907000.0,2913000.0,993
20260922,1450,298040,2913000.0,2929000.0,2909000.0,2914000.0,910
20260922,1500,298040,2915000.0,2918000.0,2906000.0,2907000.0,921
20260922,1510,298040,2907000.0,2913000.0,2901000.0,2901000.0,979
20260922,1530,298040,2901000.0,2904000.0,2901000.0,2902000.0,107
20260922,0900,403870,55300.0,55900.0,55100.0,55400.0,152451
20260922,0910,403870,55300.0,55600.0,55000.0,55000.0,80140
20260922,0920,403870,55000.0,55100.0,54700.0,54900.0,74360
20260922,0930,403870,54800.0,55600.0,54800.0,55400.0,51880
20260922,0940,403870,55400.0,55500.0,54800.0,54900.0,44147
20260922,0950,403870,54900.0,55200.0,54700.0,55100.0,33679
20260922,1000,403870,55100.0,55300.0,54900.0,55000.0,26057
20260922,1010,403870,55100.0,55100.0,54700.0,54700.0,36941
20260922,1020,403870,54800.0,54900.0,54600.0,54900.0,30020
20260922,1030,403870,54800.0,55000.0,54800.0,54800.0,16460
20260922,1040,403870,54900.0,55300.0,54800.0,55100.0,30080
20260922,1050,403870,55200.0,55300.0,55000.0,55000.0,26014
20260922,1100,403870,55000.0,55100.0,54900.0,54900.0,12135
20260922,1110,403870,54900.0,55000.0,54600.0,54800.0,29802
20260922,1120,403870,54800.0,54900.0,54700.0,54800.0,12869
20260922,1130,403870,54800.0,55000.0,54700.0,54900.0,10384
20260922,1140,403870,55000.0,55000.0,54800.0,54800.0,8369
20260922,1150,403870,54900.0,54900.0,54800.0,54800.0,5715
20260922,1200,403870,54800.0,54900.0,54700.0,54800.0,14079
20260922,1210,403870,54800.0,54900.0,54700.0,54900.0,11651
20260922,1220,403870,54900.0,55000.0,54800.0,54900.0,11903
20260922,1230,403870,55000.0,55100.0,54800.0,55000.0,15116
20260922,1240,403870,55000.0,55100.0,54800.0,54900.0,10349
20260922,1250,403870,54900.0,55000.0,54700.0,54700.0,13445
20260922,1300,403870,54700.0,54800.0,54400.0,54500.0,29044
20260922,1310,403870,54500.0,54800.0,54500.0,54600.0,15510
20260922,1320,403870,54600.0,54800.0,54500.0,54800.0,17053
20260922,1330,403870,54700.0,54700.0,54400.0,54500.0,16142
20260922,1340,403870,54500.0,54700.0,54200.0,54300.0,42798
20260922,1350,403870,54300.0,54300.0,54000.0,54100.0,34333
20260922,1400,403870,54100.0,54400.0,54000.0,54200.0,30166
20260922,1410,403870,54300.0,54300.0,53800.0,53800.0,27099
20260922,1420,403870,53900.0,54100.0,53600.0,53900.0,40388
20260922,1430,403870,53800.0,54500.0,53800.0,54300.0,21787
20260922,1440,403870,54300.0,54500.0,54100.0,54500.0,21209
20260922,1450,403870,54500.0,54500.0,54300.0,54500.0,15805
20260922,1500,403870,54400.0,54500.0,54200.0,54300.0,18561
20260922,1510,403870,54300.0,54400.0,54100.0,54200.0,16710
20260922,1530,403870,54100.0,54300.0,54100.0,54200.0,3138
20260922,0900,052690,129700.0,130900.0,129100.0,129600.0,20735
20260922,0910,052690,129600.0,130800.0,129400.0,130300.0,16489
20260922,0920,052690,130200.0,130300.0,129200.0,129200.0,10153
20260922,0930,052690,129200.0,129300.0,128300.0,128500.0,24491
20260922,0940,052690,128600.0,129300.0,128500.0,129100.0,13686
20260922,0950,052690,129100.0,130100.0,129100.0,130100.0,11015
20260922,1000,052690,130200.0,130200.0,128700.0,128700.0,7104
20260922,1010,052690,128800.0,128800.0,125800.0,126000.0,50407
20260922,1020,052690,126000.0,127100.0,125500.0,127000.0,24639
20260922,1030,052690,127100.0,127100.0,125900.0,126800.0,22814
20260922,1040,052690,126800.0,127900.0,126800.0,127700.0,13509
20260922,1050,052690,127800.0,131500.0,127700.0,129500.0,74252
20260922,1100,052690,129500.0,130600.0,127100.0,130300.0,33359
20260922,1110,052690,130300.0,133900.0,130200.0,133500.0,105720
20260922,1120,052690,133600.0,136800.0,131600.0,135000.0,165545
20260922,1130,052690,135000.0,135100.0,131700.0,132100.0,65857
20260922,1140,052690,132000.0,132900.0,130900.0,131200.0,30747
20260922,1150,052690,131200.0,131800.0,130800.0,131500.0,14785
20260922,1200,052690,131600.0,132400.0,131200.0,132300.0,7879
20260922,1210,052690,132400.0,133700.0,132100.0,132600.0,24091
20260922,1220,052690,132500.0,132600.0,131600.0,132200.0,12159
20260922,1230,052690,132200.0,135400.0,132100.0,134400.0,70173
20260922,1240,052690,134400.0,137300.0,133800.0,136800.0,74651
20260922,1250,052690,136800.0,139100.0,135900.0,138100.0,131532
20260922,1300,052690,138100.0,141300.0,137100.0,140100.0,144519
20260922,1310,052690,139900.0,140700.0,137000.0,137000.0,88109
20260922,1320,052690,137100.0,141300.0,137000.0,141300.0,79247
20260922,1330,052690,141300.0,143900.0,139500.0,139700.0,207625
20260922,1340,052690,139700.0,140300.0,137600.0,137900.0,79453
20260922,1350,052690,137900.0,138900.0,136700.0,137200.0,50657
20260922,1400,052690,137200.0,137700.0,136100.0,137500.0,38049
20260922,1410,052690,137500.0,137500.0,135800.0,136400.0,27902
20260922,1420,052690,136400.0,138200.0,135900.0,138000.0,23996
20260922,1430,052690,138000.0,139100.0,137500.0,138800.0,39212
20260922,1440,052690,138900.0,139600.0,138200.0,138200.0,28214
20260922,1450,052690,138200.0,139000.0,138000.0,138000.0,19446
20260922,1500,052690,138000.0,138100.0,137200.0,137700.0,24062
20260922,1510,052690,137700.0,138100.0,137600.0,138000.0,13566
20260922,1530,052690,137900.0,138100.0,137900.0,138100.0,1436
20260922,0900,456160,32200.0,32300.0,31800.0,31900.0,10797
20260922,0910,456160,31900.0,32000.0,31700.0,31750.0,5415
20260922,0920,456160,31700.0,31900.0,31700.0,31800.0,2249
20260922,0930,456160,31800.0,31900.0,31700.0,31700.0,2528
20260922,0940,456160,31700.0,31750.0,31550.0,31650.0,3282
20260922,0950,456160,31650.0,32000.0,31600.0,31900.0,3853
20260922,1000,456160,31900.0,32000.0,31800.0,31800.0,1854
20260922,1010,456160,31800.0,32100.0,31800.0,31800.0,3330
20260922,1020,456160,31800.0,31850.0,31700.0,31700.0,1895
20260922,1030,456160,31700.0,31800.0,31650.0,31700.0,2917
20260922,1040,456160,31650.0,31800.0,31650.0,31650.0,1755
20260922,1050,456160,31700.0,31700.0,31600.0,31600.0,2219
20260922,1100,456160,31650.0,31700.0,31600.0,31650.0,1642
20260922,1110,456160,31600.0,31750.0,31600.0,31700.0,3499
20260922,1120,456160,31700.0,32100.0,31700.0,31850.0,3375
20260922,1130,456160,31850.0,32000.0,31800.0,31900.0,2221
20260922,1140,456160,31900.0,32000.0,31850.0,31900.0,1909
20260922,1150,456160,31850.0,31950.0,31800.0,31900.0,1803
20260922,1200,456160,31800.0,32300.0,31800.0,32200.0,2407
20260922,1210,456160,32200.0,32350.0,32150.0,32150.0,2528
20260922,1220,456160,32150.0,32150.0,32000.0,32000.0,391
20260922,1230,456160,32000.0,32100.0,32000.0,32100.0,666
20260922,1240,456160,32100.0,32100.0,31950.0,31950.0,616
20260922,1250,456160,31950.0,32000.0,31900.0,31950.0,2831
20260922,1300,456160,31950.0,31950.0,31875.0,31950.0,1101
20260922,1310,456160,31950.0,31950.0,31800.0,31850.0,807
20260922,1320,456160,31850.0,32100.0,31750.0,32100.0,4469
20260922,1330,456160,32100.0,32150.0,31900.0,31900.0,999
20260922,1340,456160,31850.0,31900.0,31800.0,31900.0,619
20260922,1350,456160,31900.0,31900.0,31800.0,31850.0,906
20260922,1400,456160,31850.0,32500.0,31800.0,32100.0,5218
20260922,1410,456160,32100.0,32200.0,31800.0,31950.0,1661
20260922,1420,456160,31950.0,32000.0,31900.0,32000.0,1267
20260922,1430,456160,31900.0,32000.0,31800.0,31900.0,1901
20260922,1440,456160,31900.0,32100.0,31800.0,31950.0,686
20260922,1450,456160,31950.0,32150.0,31950.0,32050.0,1370
20260922,1500,456160,32050.0,32100.0,31900.0,32050.0,818
20260922,1510,456160,31900.0,32050.0,31850.0,31900.0,2045
20260922,1530,456160,31850.0,31900.0,31850.0,31850.0,55
20260922,0900,267260,727000.0,733000.0,721000.0,730000.0,3579
20260922,0910,267260,730000.0,738000.0,729000.0,738000.0,5895
20260922,0920,267260,738000.0,738000.0,733000.0,734000.0,2480
20260922,0930,267260,734000.0,736000.0,732000.0,733000.0,1395
20260922,0940,267260,734000.0,735000.0,728000.0,729000.0,1854
20260922,0950,267260,729000.0,731000.0,728000.0,731000.0,1596
20260922,1000,267260,730000.0,732000.0,729000.0,729000.0,982
20260922,1010,267260,729000.0,729000.0,725000.0,725000.0,1059
20260922,1020,267260,725000.0,725000.0,723000.0,724000.0,1814
20260922,1030,267260,724000.0,730000.0,723000.0,726000.0,2501
20260922,1040,267260,726000.0,728000.0,725000.0,725000.0,1015
20260922,1050,267260,726000.0,730000.0,724000.0,726000.0,2850
20260922,1100,267260,725000.0,728000.0,725000.0,728000.0,1687
20260922,1110,267260,728000.0,728000.0,724000.0,725000.0,1321
20260922,1120,267260,725000.0,726000.0,724000.0,724000.0,778
20260922,1130,267260,725000.0,725000.0,724000.0,725000.0,438
20260922,1140,267260,724000.0,726000.0,724000.0,725000.0,1227
20260922,1150,267260,725000.0,725000.0,722000.0,723000.0,1077
20260922,1200,267260,722000.0,723000.0,721000.0,721000.0,791
20260922,1210,267260,722000.0,725000.0,721000.0,724000.0,2358
20260922,1220,267260,724000.0,725000.0,724000.0,725000.0,447
20260922,1230,267260,725000.0,725000.0,724000.0,724000.0,263
20260922,1240,267260,725000.0,725000.0,724000.0,724000.0,217
20260922,1250,267260,724000.0,725000.0,722000.0,722000.0,2982
20260922,1300,267260,723000.0,724000.0,721000.0,721000.0,897
20260922,1310,267260,722000.0,722000.0,718000.0,718000.0,2235
20260922,1320,267260,718000.0,720000.0,718000.0,720000.0,1918
20260922,1330,267260,720000.0,720000.0,715000.0,717000.0,1827
20260922,1340,267260,717000.0,718000.0,715000.0,716000.0,1999
20260922,1350,267260,716000.0,719000.0,715000.0,716000.0,1350
20260922,1400,267260,717000.0,721000.0,716000.0,720000.0,1513
20260922,1410,267260,720000.0,720000.0,715000.0,716000.0,1536
20260922,1420,267260,715000.0,716000.0,710000.0,711000.0,4409
20260922,1430,267260,711000.0,715000.0,710000.0,714000.0,2143
20260922,1440,267260,713000.0,715000.0,712000.0,713000.0,2429
20260922,1450,267260,713000.0,716000.0,713000.0,713000.0,2038
20260922,1500,267260,714000.0,715000.0,712000.0,713000.0,2015
20260922,1510,267260,713000.0,717000.0,713000.0,714000.0,1539
20260922,1530,267260,713000.0,715000.0,713000.0,714000.0,211
20260922,0900,010140,20700.0,20800.0,20600.0,20700.0,121251
20260922,0910,010140,20700.0,20750.0,20650.0,20750.0,26684
20260922,0920,010140,20750.0,20750.0,20600.0,20625.0,62294
20260922,0930,010140,20650.0,20700.0,20600.0,20650.0,65683
20260922,0940,010140,20650.0,20650.0,20550.0,20600.0,61979
20260922,0950,010140,20600.0,20600.0,20550.0,20600.0,20605
20260922,1000,010140,20575.0,20700.0,20550.0,20700.0,63628
20260922,1010,010140,20650.0,20700.0,20600.0,20650.0,39563
20260922,1020,010140,20650.0,20650.0,20600.0,20600.0,7788
20260922,1030,010140,20650.0,20650.0,20600.0,20650.0,8436
20260922,1040,010140,20650.0,20700.0,20600.0,20675.0,49068
20260922,1050,010140,20675.0,20750.0,20650.0,20700.0,28412
20260922,1100,010140,20650.0,20700.0,20650.0,20700.0,8534
20260922,1110,010140,20700.0,20700.0,20650.0,20700.0,14491
20260922,1120,010140,20700.0,20700.0,20650.0,20650.0,11446
20260922,1130,010140,20700.0,20700.0,20650.0,20650.0,11304
20260922,1140,010140,20650.0,20700.0,20650.0,20650.0,9070
20260922,1150,010140,20650.0,20700.0,20600.0,20600.0,37324
20260922,1200,010140,20600.0,20650.0,20550.0,20550.0,75899
20260922,1210,010140,20550.0,20600.0,20550.0,20550.0,24992
20260922,1220,010140,20550.0,20700.0,20550.0,20675.0,64635
20260922,1230,010140,20650.0,20700.0,20650.0,20700.0,8494
20260922,1240,010140,20650.0,20700.0,20650.0,20650.0,7612
20260922,1250,010140,20650.0,20675.0,20600.0,20600.0,21775
20260922,1300,010140,20650.0,20650.0,20600.0,20650.0,8190
20260922,1310,010140,20600.0,20750.0,20600.0,20650.0,86510
20260922,1320,010140,20700.0,20700.0,20650.0,20675.0,15398
20260922,1330,010140,20700.0,20700.0,20600.0,20650.0,50390
20260922,1340,010140,20700.0,20700.0,20600.0,20600.0,20991
20260922,1350,010140,20650.0,20650.0,20600.0,20600.0,15021
20260922,1400,010140,20650.0,20650.0,20550.0,20625.0,154166
20260922,1410,010140,20650.0,20650.0,20550.0,20575.0,26903
20260922,1420,010140,20575.0,20600.0,20550.0,20600.0,11173
20260922,1430,010140,20600.0,20600.0,20550.0,20550.0,10334
20260922,1440,010140,20550.0,20600.0,20550.0,20550.0,12393
20260922,1450,010140,20550.0,20600.0,20550.0,20550.0,29881
20260922,1500,010140,20550.0,20600.0,20550.0,20550.0,33380
20260922,1510,010140,20600.0,20600.0,20550.0,20600.0,31114
20260922,1530,010140,20600.0,20600.0,20550.0,20600.0,3722
20260922,0900,032820,13560.0,13680.0,13280.0,13310.0,474657
20260922,0910,032820,13320.0,13520.0,13300.0,13430.0,224557
20260922,0920,032820,13440.0,13440.0,13310.0,13410.0,186246
20260922,0930,032820,13400.0,13410.0,13300.0,13310.0,132441
20260922,0940,032820,13310.0,13350.0,13180.0,13330.0,266277
20260922,0950,032820,13340.0,13450.0,13340.0,13440.0,92924
20260922,1000,032820,13440.0,13440.0,13350.0,13370.0,43401
20260922,1010,032820,13370.0,13370.0,13200.0,13210.0,109781
20260922,1020,032820,13220.0,13300.0,13200.0,13280.0,58724
20260922,1030,032820,13280.0,13280.0,13215.0,13215.0,40272
20260922,1040,032820,13215.0,13270.0,13210.0,13240.0,48031
20260922,1050,032820,13240.0,13450.0,13220.0,13375.0,134312
20260922,1100,032820,13375.0,13420.0,13350.0,13420.0,62578
20260922,1110,032820,13420.0,13650.0,13410.0,13640.0,284354
20260922,1120,032820,13640.0,13700.0,13530.0,13600.0,369647
20260922,1130,032820,13590.0,13620.0,13440.0,13440.0,143191
20260922,1140,032820,13440.0,13600.0,13410.0,13430.0,116814
20260922,1150,032820,13440.0,13510.0,13400.0,13480.0,78874
20260922,1200,032820,13480.0,13490.0,13410.0,13430.0,31508
20260922,1210,032820,13420.0,13480.0,13400.0,13460.0,37446
20260922,1220,032820,13460.0,13460.0,13370.0,13410.0,71307
20260922,1230,032820,13405.0,13540.0,13400.0,13540.0,58269
20260922,1240,032820,13540.0,13560.0,13480.0,13550.0,50743
20260922,1250,032820,13560.0,13620.0,13530.0,13550.0,107795
20260922,1300,032820,13550.0,13780.0,13540.0,13720.0,309643
20260922,1310,032820,13730.0,13800.0,13500.0,13500.0,427656
20260922,1320,032820,13510.0,13720.0,13460.0,13710.0,112948
20260922,1330,032820,13720.0,13800.0,13540.0,13560.0,340915
20260922,1340,032820,13560.0,13630.0,13450.0,13470.0,156022
20260922,1350,032820,13460.0,13515.0,13400.0,13420.0,117981
20260922,1400,032820,13430.0,13500.0,13410.0,13480.0,61741
20260922,1410,032820,13480.0,13500.0,13370.0,13370.0,82364
20260922,1420,032820,13380.0,13460.0,13320.0,13440.0,98846
20260922,1430,032820,13430.0,13490.0,13390.0,13480.0,63623
20260922,1440,032820,13475.0,13540.0,13470.0,13520.0,46368
20260922,1450,032820,13520.0,13550.0,13480.0,13510.0,46973
20260922,1500,032820,13500.0,13510.0,13410.0,13430.0,48833
20260922,1510,032820,13430.0,13430.0,13410.0,13420.0,44936
20260922,1530,032820,13420.0,13420.0,13410.0,13410.0,12564
20260922,0900,010120,214500.0,216000.0,213500.0,215000.0,27033
20260922,0910,010120,215000.0,218500.0,214000.0,218500.0,73964
20260922,0920,010120,218250.0,218500.0,216000.0,216500.0,30233
20260922,0930,010120,216000.0,218000.0,215000.0,217000.0,22772
20260922,0940,010120,217000.0,217000.0,215250.0,215500.0,8819
20260922,0950,010120,215500.0,217000.0,215000.0,216000.0,9828
20260922,1000,010120,215500.0,216500.0,215500.0,216000.0,6717
20260922,1010,010120,216000.0,216500.0,214750.0,215000.0,17797
20260922,1020,010120,215000.0,215500.0,214500.0,214500.0,6738
20260922,1030,010120,214500.0,215000.0,214500.0,215000.0,2148
20260922,1040,010120,215000.0,215500.0,214000.0,214000.0,9733
20260922,1050,010120,214000.0,215500.0,214000.0,214750.0,8666
20260922,1100,010120,214500.0,215500.0,214500.0,215000.0,4295
20260922,1110,010120,214500.0,215000.0,213500.0,213500.0,5528
20260922,1120,010120,213500.0,214000.0,213000.0,213500.0,6024
20260922,1130,010120,213000.0,214000.0,213000.0,213500.0,1894
20260922,1140,010120,213500.0,214500.0,213500.0,214000.0,2018
20260922,1150,010120,214000.0,214500.0,213500.0,213500.0,2455
20260922,1200,010120,213500.0,214000.0,213000.0,213000.0,3968
20260922,1210,010120,213000.0,215000.0,213000.0,214500.0,6594
20260922,1220,010120,214500.0,215000.0,214500.0,214750.0,1794
20260922,1230,010120,214750.0,215000.0,214500.0,215000.0,2225
20260922,1240,010120,215000.0,215000.0,214000.0,214500.0,4682
20260922,1250,010120,214750.0,215000.0,213500.0,213500.0,3934
20260922,1300,010120,213500.0,214500.0,213500.0,214000.0,3603
20260922,1310,010120,214000.0,214000.0,213000.0,213000.0,3102
20260922,1320,010120,213000.0,213500.0,212500.0,212500.0,7428
20260922,1330,010120,212500.0,213000.0,211000.0,211000.0,12895
20260922,1340,010120,211000.0,212250.0,210500.0,210500.0,8888
20260922,1350,010120,210500.0,212000.0,210500.0,211000.0,6795
20260922,1400,010120,211000.0,212500.0,211000.0,212000.0,6599
20260922,1410,010120,212000.0,212500.0,210500.0,210500.0,5611
20260922,1420,010120,210500.0,212000.0,210000.0,210500.0,13642
20260922,1430,010120,210500.0,211500.0,210000.0,210500.0,8388
20260922,1440,010120,210500.0,212000.0,210500.0,211500.0,6283
20260922,1450,010120,211500.0,213000.0,211500.0,212000.0,8838
20260922,1500,010120,212000.0,212500.0,211000.0,211250.0,6533
20260922,1510,010120,211250.0,212000.0,211000.0,211500.0,8871
20260922,1530,010120,212000.0,212000.0,212000.0,212000.0,27197
20260922,0900,086790,136000.0,136100.0,134700.0,135400.0,21167
20260922,0910,086790,135300.0,135400.0,134200.0,134800.0,22379
20260922,0920,086790,134900.0,135200.0,134700.0,134900.0,11315
20260922,0930,086790,134900.0,134900.0,134400.0,134700.0,14981
20260922,0940,086790,134600.0,135100.0,134600.0,134900.0,11225
20260922,0950,086790,135000.0,135000.0,134300.0,134800.0,15531
20260922,1000,086790,134800.0,135000.0,134600.0,134700.0,8244
20260922,1010,086790,134700.0,135000.0,134600.0,134800.0,9973
20260922,1020,086790,134700.0,135100.0,134700.0,134700.0,9621
20260922,1030,086790,134700.0,135100.0,134400.0,134800.0,21131
20260922,1040,086790,134700.0,135000.0,134500.0,134700.0,22964
20260922,1050,086790,134700.0,135500.0,134700.0,135200.0,10279
20260922,1100,086790,135200.0,135600.0,135200.0,135500.0,5792
20260922,1110,086790,135600.0,135900.0,135500.0,135800.0,6155
20260922,1120,086790,135900.0,136000.0,135700.0,135700.0,6267
20260922,1130,086790,135700.0,136100.0,135700.0,135900.0,7302
20260922,1140,086790,136000.0,136000.0,135500.0,135500.0,9566
20260922,1150,086790,135550.0,135600.0,135400.0,135400.0,9167
20260922,1200,086790,135400.0,135800.0,135400.0,135500.0,8116
20260922,1210,086790,135600.0,135600.0,135500.0,135600.0,4332
20260922,1220,086790,135600.0,135700.0,135500.0,135700.0,4999
20260922,1230,086790,135700.0,135800.0,135500.0,135700.0,6941
20260922,1240,086790,135700.0,135700.0,135500.0,135600.0,5224
20260922,1250,086790,135600.0,135600.0,135200.0,135400.0,9584
20260922,1300,086790,135400.0,135600.0,135400.0,135500.0,7472
20260922,1310,086790,135600.0,135800.0,135300.0,135600.0,10899
20260922,1320,086790,135500.0,135700.0,135400.0,135600.0,6083
20260922,1330,086790,135650.0,135800.0,135400.0,135600.0,11865
20260922,1340,086790,135600.0,135600.0,135400.0,135400.0,6122
20260922,1350,086790,135400.0,135800.0,135300.0,135500.0,19010
20260922,1400,086790,135600.0,135600.0,135000.0,135000.0,16125
20260922,1410,086790,135000.0,135300.0,135000.0,135200.0,14952
20260922,1420,086790,135200.0,135700.0,135200.0,135500.0,18257
20260922,1430,086790,135400.0,135800.0,135400.0,135500.0,14100
20260922,1440,086790,135400.0,135800.0,135400.0,135700.0,9075
20260922,1450,086790,135700.0,135900.0,135700.0,135800.0,8703
20260922,1500,086790,135800.0,135900.0,135600.0,135900.0,11936
20260922,1510,086790,135800.0,136300.0,135800.0,136000.0,14144
20260922,1530,086790,136100.0,136200.0,135800.0,136000.0,2907
20260922,0900,196170,256500.0,257000.0,255000.0,256000.0,10567
20260922,0910,196170,256500.0,256500.0,254500.0,254500.0,10950
20260922,0920,196170,255000.0,256000.0,254500.0,255500.0,7098
20260922,0930,196170,255500.0,255500.0,254500.0,255000.0,5011
20260922,0940,196170,254500.0,255000.0,253500.0,254000.0,8463
20260922,0950,196170,254000.0,256000.0,254000.0,255750.0,7347
20260922,1000,196170,256000.0,256500.0,254500.0,254500.0,4966
20260922,1010,196170,254500.0,255000.0,254000.0,254250.0,5139
20260922,1020,196170,254000.0,254500.0,254000.0,254500.0,2751
20260922,1030,196170,254000.0,254500.0,253500.0,254000.0,5204
20260922,1040,196170,253500.0,254000.0,253000.0,253000.0,7537
20260922,1050,196170,253500.0,253500.0,253000.0,253500.0,3137
20260922,1100,196170,253000.0,254000.0,253000.0,254000.0,3617
20260922,1110,196170,254000.0,254500.0,253500.0,253750.0,4277
20260922,1120,196170,253750.0,254000.0,253500.0,253500.0,4852
20260922,1130,196170,254000.0,254500.0,253500.0,254500.0,2213
20260922,1140,196170,254000.0,254500.0,253500.0,253750.0,2694
20260922,1150,196170,253750.0,254000.0,253500.0,253500.0,1452
20260922,1200,196170,253500.0,254000.0,253500.0,254000.0,1799
20260922,1210,196170,254000.0,254500.0,253500.0,254000.0,2681
20260922,1220,196170,254000.0,254500.0,253500.0,253500.0,3565
20260922,1230,196170,254000.0,254000.0,253500.0,253500.0,1615
20260922,1240,196170,253750.0,254000.0,253500.0,253500.0,2601
20260922,1250,196170,253500.0,253500.0,253000.0,253000.0,3395
20260922,1300,196170,253000.0,253500.0,253000.0,253500.0,2301
20260922,1310,196170,253000.0,253500.0,252000.0,252000.0,14367
20260922,1320,196170,252000.0,253500.0,252000.0,253000.0,4905
20260922,1330,196170,253000.0,253000.0,252000.0,252500.0,5018
20260922,1340,196170,252000.0,252500.0,251000.0,251500.0,7725
20260922,1350,196170,251750.0,252000.0,251000.0,252000.0,4926
20260922,1400,196170,252000.0,252000.0,251000.0,251500.0,5184
20260922,1410,196170,251750.0,251750.0,251000.0,251000.0,6453
20260922,1420,196170,251000.0,251500.0,250000.0,250000.0,12792
20260922,1430,196170,250000.0,251000.0,250000.0,250000.0,8853
20260922,1440,196170,250250.0,250500.0,249000.0,249500.0,14188
20260922,1450,196170,250000.0,250500.0,249500.0,249500.0,10269
20260922,1500,196170,250000.0,250000.0,249000.0,249500.0,11845
20260922,1510,196170,249000.0,250000.0,248500.0,249500.0,11825
20260922,1530,196170,249500.0,249500.0,249500.0,249500.0,9383
20260922,0900,386380,26450.0,26450.0,24750.0,25400.0,1032509
20260922,0910,386380,25450.0,26000.0,25050.0,25400.0,503910
20260922,0920,386380,25350.0,25900.0,25100.0,25300.0,306239
20260922,0930,386380,25250.0,25500.0,25050.0,25250.0,138253
20260922,0940,386380,25300.0,25500.0,24300.0,24300.0,245009
20260922,0950,386380,24300.0,24800.0,24250.0,24600.0,220870
20260922,1000,386380,24550.0,24600.0,24050.0,24150.0,176510
20260922,1010,386380,24150.0,24350.0,24000.0,24250.0,128930
20260922,1020,386380,24250.0,24450.0,23800.0,23975.0,200257
20260922,1030,386380,23950.0,24200.0,23850.0,24150.0,89079
20260922,1040,386380,24125.0,24350.0,24100.0,24300.0,48556
20260922,1050,386380,24300.0,24400.0,23900.0,23950.0,81992
20260922,1100,386380,23950.0,24250.0,23900.0,24200.0,34641
20260922,1110,386380,24200.0,24450.0,24200.0,24250.0,50769
20260922,1120,386380,24250.0,24350.0,24200.0,24250.0,19324
20260922,1130,386380,24300.0,24500.0,24050.0,24350.0,50034
20260922,1140,386380,24350.0,24400.0,24150.0,24250.0,14666
20260922,1150,386380,24250.0,24300.0,24150.0,24250.0,13469
20260922,1200,386380,24250.0,24400.0,24150.0,24250.0,19376
20260922,1210,386380,24200.0,24400.0,24150.0,24300.0,15475
20260922,1220,386380,24300.0,24500.0,24200.0,24500.0,26846
20260922,1230,386380,24500.0,24500.0,24300.0,24350.0,28285
20260922,1240,386380,24400.0,24450.0,24200.0,24400.0,12021
20260922,1250,386380,24400.0,24500.0,24200.0,24200.0,27866
20260922,1300,386380,24200.0,24300.0,24100.0,24150.0,28685
20260922,1310,386380,24150.0,24200.0,24050.0,24150.0,27365
20260922,1320,386380,24100.0,24350.0,24100.0,24200.0,24253
20260922,1330,386380,24225.0,24250.0,24050.0,24100.0,22216
20260922,1340,386380,24100.0,24200.0,23850.0,23900.0,86726
20260922,1350,386380,23900.0,23900.0,23550.0,23750.0,185433
20260922,1400,386380,23750.0,23950.0,23700.0,23900.0,31078
20260922,1410,386380,23900.0,23950.0,23750.0,23750.0,37488
20260922,1420,386380,23750.0,24100.0,23750.0,23900.0,34236
20260922,1430,386380,23950.0,24000.0,23750.0,23950.0,20222
20260922,1440,386380,23950.0,24200.0,23850.0,24150.0,30336
20260922,1450,386380,24100.0,24150.0,23950.0,24100.0,22494
20260922,1500,386380,24050.0,24200.0,24000.0,24200.0,28496
20260922,1510,386380,24200.0,24200.0,23850.0,24050.0,40858
20260922,1530,386380,23950.0,23950.0,23950.0,23950.0,24980
20260922,0900,012330,378000.0,380500.0,377000.0,379000.0,14759
20260922,0910,012330,379000.0,380000.0,377000.0,380000.0,8348
20260922,0920,012330,379500.0,380500.0,378500.0,380000.0,8857
20260922,0930,012330,380000.0,381000.0,378500.0,379500.0,6728
20260922,0940,012330,379000.0,381500.0,378500.0,380500.0,10865
20260922,0950,012330,380750.0,382500.0,380500.0,382000.0,14422
20260922,1000,012330,381500.0,382500.0,380000.0,382500.0,10658
20260922,1010,012330,382000.0,382500.0,379000.0,379000.0,5018
20260922,1020,012330,379000.0,380000.0,377500.0,377500.0,3295
20260922,1030,012330,377500.0,379000.0,377500.0,378000.0,3154
20260922,1040,012330,378000.0,380000.0,378000.0,379000.0,5204
20260922,1050,012330,379000.0,379500.0,378500.0,378500.0,3253
20260922,1100,012330,378500.0,379500.0,378500.0,379000.0,1826
20260922,1110,012330,379000.0,379500.0,377500.0,378000.0,3145
20260922,1120,012330,378500.0,384500.0,378000.0,383500.0,18031
20260922,1130,012330,383000.0,384500.0,380500.0,381000.0,14256
20260922,1140,012330,381000.0,382500.0,380500.0,381500.0,7219
20260922,1150,012330,381000.0,381000.0,379000.0,380000.0,2923
20260922,1200,012330,379500.0,380000.0,378500.0,379000.0,2024
20260922,1210,012330,379000.0,379500.0,378500.0,379000.0,2679
20260922,1220,012330,379000.0,379500.0,378500.0,379500.0,2331
20260922,1230,012330,379500.0,379500.0,377500.0,378000.0,3505
20260922,1240,012330,378000.0,378500.0,377500.0,377500.0,1967
20260922,1250,012330,377500.0,378000.0,376000.0,376500.0,6683
20260922,1300,012330,376000.0,377000.0,375000.0,375000.0,4685
20260922,1310,012330,375500.0,375500.0,373500.0,373500.0,6489
20260922,1320,012330,373500.0,374500.0,373500.0,374500.0,1980
20260922,1330,012330,374750.0,375000.0,373000.0,373000.0,4693
20260922,1340,012330,373000.0,373500.0,372500.0,372500.0,4761
20260922,1350,012330,372500.0,373500.0,372000.0,372000.0,5497
20260922,1400,012330,372000.0,373000.0,372000.0,372500.0,4021
20260922,1410,012330,372500.0,373000.0,372000.0,372000.0,3838
20260922,1420,012330,372000.0,373000.0,372000.0,372000.0,6185
20260922,1430,012330,372500.0,373000.0,371500.0,372000.0,4684
20260922,1440,012330,371500.0,372500.0,371000.0,371500.0,7705
20260922,1450,012330,371500.0,372500.0,371500.0,372000.0,7822
20260922,1500,012330,372000.0,372500.0,371000.0,371500.0,8786
20260922,1510,012330,371500.0,372500.0,371000.0,372500.0,10288
20260922,1530,012330,372500.0,372500.0,372500.0,372500.0,15608
20260922,0900,240810,131900.0,134900.0,131600.0,132600.0,138544
20260922,0910,240810,132500.0,132600.0,129100.0,129100.0,107393
20260922,0920,240810,129200.0,129800.0,128500.0,129700.0,73201
20260922,0930,240810,129700.0,131900.0,129300.0,131400.0,54686
20260922,0940,240810,131300.0,131900.0,129500.0,129700.0,45035
20260922,0950,240810,129600.0,130300.0,129000.0,129800.0,28586
20260922,1000,240810,129800.0,130100.0,129200.0,129600.0,13726
20260922,1010,240810,129600.0,129700.0,128200.0,128400.0,42318
20260922,1020,240810,128400.0,130300.0,128400.0,129800.0,18906
20260922,1030,240810,129800.0,130200.0,129400.0,129900.0,18288
20260922,1040,240810,130000.0,130100.0,129300.0,129300.0,8663
20260922,1050,240810,129300.0,129800.0,129200.0,129700.0,12568
20260922,1100,240810,129800.0,129800.0,129600.0,129700.0,5318
20260922,1110,240810,129600.0,129800.0,129200.0,129500.0,10394
20260922,1120,240810,129500.0,130100.0,129200.0,130000.0,12951
20260922,1130,240810,130000.0,130700.0,129800.0,130500.0,14877
20260922,1140,240810,130500.0,130900.0,130400.0,130500.0,11112
20260922,1150,240810,130400.0,130900.0,130300.0,130800.0,6234
20260922,1200,240810,130900.0,130900.0,130100.0,130100.0,6812
20260922,1210,240810,130200.0,130200.0,129700.0,130000.0,7097
20260922,1220,240810,130000.0,130100.0,129800.0,129900.0,4884
20260922,1230,240810,129900.0,130800.0,129800.0,130800.0,11090
20260922,1240,240810,130700.0,130800.0,130200.0,130200.0,5913
20260922,1250,240810,130200.0,130300.0,129700.0,129700.0,9058
20260922,1300,240810,129800.0,129900.0,129400.0,129400.0,7436
20260922,1310,240810,129500.0,129500.0,128900.0,129200.0,18343
20260922,1320,240810,129300.0,129300.0,128500.0,128600.0,18165
20260922,1330,240810,128600.0,128600.0,128000.0,128600.0,20904
20260922,1340,240810,128600.0,129000.0,127600.0,127800.0,25163
20260922,1350,240810,127800.0,128400.0,127100.0,127400.0,16732
20260922,1400,240810,127300.0,128300.0,127100.0,127700.0,17157
20260922,1410,240810,127700.0,127700.0,125600.0,126100.0,33239
20260922,1420,240810,126100.0,126800.0,125700.0,126800.0,22461
20260922,1430,240810,126800.0,130100.0,126400.0,129200.0,87453
20260922,1440,240810,129300.0,130800.0,128300.0,130500.0,109646
20260922,1450,240810,130500.0,130600.0,129200.0,129900.0,31333
20260922,1500,240810,130000.0,131700.0,129700.0,130700.0,71485
20260922,1510,240810,130700.0,131100.0,130200.0,130700.0,45611
20260922,1530,240810,130300.0,130300.0,130300.0,130300.0,11336
20260922,0900,047040,19190.0,19500.0,19100.0,19190.0,1412711
20260922,0910,047040,19190.0,19200.0,18880.0,18940.0,568587
20260922,0920,047040,18960.0,19000.0,18580.0,18700.0,513362
20260922,0930,047040,18695.0,18720.0,18580.0,18630.0,321790
20260922,0940,047040,18630.0,18670.0,18560.0,18620.0,214959
20260922,0950,047040,18620.0,18790.0,18620.0,18790.0,139784
20260922,1000,047040,18780.0,18820.0,18660.0,18660.0,128484
20260922,1010,047040,18670.0,18720.0,18600.0,18600.0,94442
20260922,1020,047040,18600.0,18680.0,18590.0,18610.0,72594
20260922,1030,047040,18600.0,18610.0,18540.0,18590.0,140773
20260922,1040,047040,18590.0,18690.0,18590.0,18635.0,76461
20260922,1050,047040,18635.0,18900.0,18610.0,18750.0,191082
20260922,1100,047040,18740.0,18840.0,18680.0,18830.0,164199
20260922,1110,047040,18840.0,19050.0,18810.0,19040.0,319623
20260922,1120,047040,19040.0,19170.0,18800.0,19055.0,471125
20260922,1130,047040,19055.0,19100.0,18920.0,18970.0,152913
20260922,1140,047040,18960.0,18980.0,18790.0,18800.0,122480
20260922,1150,047040,18800.0,18830.0,18780.0,18820.0,66323
20260922,1200,047040,18820.0,18830.0,18750.0,18780.0,64940
20260922,1210,047040,18780.0,18850.0,18780.0,18830.0,69917
20260922,1220,047040,18830.0,18830.0,18760.0,18810.0,52255
20260922,1230,047040,18800.0,18920.0,18800.0,18900.0,64659
20260922,1240,047040,18900.0,19030.0,18880.0,19000.0,130307
20260922,1250,047040,18990.0,19140.0,18970.0,19070.0,311014
20260922,1300,047040,19070.0,19260.0,19060.0,19200.0,430585
20260922,1310,047040,19200.0,19210.0,18930.0,18960.0,249306
20260922,1320,047040,18950.0,19270.0,18950.0,19210.0,302094
20260922,1330,047040,19210.0,19230.0,18970.0,18990.0,227337
20260922,1340,047040,18980.0,19050.0,18800.0,18810.0,220905
20260922,1350,047040,18810.0,18900.0,18760.0,18770.0,147788
20260922,1400,047040,18770.0,18930.0,18770.0,18920.0,91774
20260922,1410,047040,18910.0,18920.0,18750.0,18760.0,117629
20260922,1420,047040,18760.0,18790.0,18700.0,18760.0,159987
20260922,1430,047040,18760.0,18850.0,18730.0,18840.0,92588
20260922,1440,047040,18840.0,18910.0,18820.0,18870.0,94863
20260922,1450,047040,18870.0,18910.0,18830.0,18890.0,79209
20260922,1500,047040,18890.0,18900.0,18780.0,18790.0,95542
20260922,1510,047040,18800.0,18820.0,18760.0,18770.0,87920
20260922,1530,047040,18800.0,18800.0,18800.0,18800.0,30308
20260922,0900,036540,10620.0,10950.0,10530.0,10600.0,1501607
20260922,0910,036540,10590.0,10720.0,10400.0,10430.0,868450
20260922,0920,036540,10440.0,10500.0,10370.0,10410.0,567175
20260922,0930,036540,10430.0,10430.0,10300.0,10320.0,535842
20260922,0940,036540,10320.0,10470.0,10310.0,10420.0,326015
20260922,0950,036540,10420.0,10630.0,10320.0,10630.0,446575
20260922,1000,036540,10630.0,11000.0,10570.0,10920.0,1418718
20260922,1010,036540,10920.0,11160.0,10780.0,10790.0,2147581
20260922,1020,036540,10790.0,10920.0,10700.0,10890.0,584019
20260922,1030,036540,10880.0,10970.0,10730.0,10740.0,413487
20260922,1040,036540,10740.0,10930.0,10690.0,10710.0,363550
20260922,1050,036540,10710.0,10750.0,10600.0,10620.0,322726
20260922,1100,036540,10610.0,10700.0,10610.0,10670.0,148836
20260922,1110,036540,10660.0,10670.0,10580.0,10620.0,181850
20260922,1120,036540,10620.0,10690.0,10620.0,10650.0,129966
20260922,1130,036540,10650.0,10690.0,10620.0,10630.0,140890
20260922,1140,036540,10620.0,10640.0,10550.0,10570.0,184110
20260922,1150,036540,10570.0,10620.0,10550.0,10615.0,117799
20260922,1200,036540,10610.0,10650.0,10570.0,10590.0,108331
20260922,1210,036540,10590.0,10640.0,10560.0,10630.0,116360
20260922,1220,036540,10630.0,10700.0,10610.0,10670.0,161593
20260922,1230,036540,10670.0,10760.0,10650.0,10690.0,193539
20260922,1240,036540,10690.0,10720.0,10660.0,10660.0,127862
20260922,1250,036540,10660.0,10680.0,10590.0,10590.0,153459
20260922,1300,036540,10590.0,10610.0,10560.0,10570.0,140179
20260922,1310,036540,10575.0,10620.0,10550.0,10600.0,150508
20260922,1320,036540,10590.0,10610.0,10540.0,10550.0,166041
20260922,1330,036540,10550.0,10550.0,10450.0,10470.0,286982
20260922,1340,036540,10480.0,10490.0,10350.0,10380.0,296641
20260922,1350,036540,10390.0,10450.0,10370.0,10410.0,230447
20260922,1400,036540,10380.0,10520.0,10380.0,10510.0,173088
20260922,1410,036540,10510.0,10570.0,10480.0,10490.0,161265
20260922,1420,036540,10480.0,10520.0,10420.0,10500.0,183471
20260922,1430,036540,10490.0,10570.0,10440.0,10530.0,169836
20260922,1440,036540,10520.0,10610.0,10500.0,10600.0,192049
20260922,1450,036540,10600.0,10620.0,10560.0,10560.0,177229
20260922,1500,036540,10570.0,10590.0,10520.0,10580.0,172658
20260922,1510,036540,10570.0,10620.0,10530.0,10610.0,170804
20260922,1530,036540,10620.0,10620.0,10620.0,10620.0,83895
20260922,0900,226950,103900.0,104600.0,102500.0,103000.0,13655
20260922,0910,226950,103000.0,104400.0,103000.0,103400.0,5875
20260922,0920,226950,103300.0,106600.0,103300.0,103700.0,5604
20260922,0930,226950,103600.0,103800.0,102800.0,103100.0,6101
20260922,0940,226950,103000.0,103100.0,102500.0,102600.0,5349
20260922,0950,226950,102600.0,104300.0,102300.0,103900.0,5446
20260922,1000,226950,104000.0,104900.0,103600.0,103600.0,4868
20260922,1010,226950,103900.0,104700.0,103600.0,103700.0,3871
20260922,1020,226950,103700.0,104200.0,103400.0,104000.0,2743
20260922,1030,226950,104000.0,104300.0,103100.0,103300.0,4962
20260922,1040,226950,103300.0,103700.0,102600.0,102700.0,5137
20260922,1050,226950,102600.0,103600.0,102400.0,103000.0,5637
20260922,1100,226950,103000.0,103600.0,102800.0,102800.0,4765
20260922,1110,226950,102800.0,103500.0,102700.0,102900.0,2995
20260922,1120,226950,102900.0,103200.0,102700.0,103000.0,3075
20260922,1130,226950,102800.0,103300.0,102800.0,103100.0,3084
20260922,1140,226950,103100.0,103200.0,102800.0,103100.0,3463
20260922,1150,226950,102900.0,103200.0,102700.0,102800.0,2552
20260922,1200,226950,102800.0,103200.0,102800.0,103000.0,2967
20260922,1210,226950,103000.0,103200.0,102700.0,102700.0,2404
20260922,1220,226950,102800.0,103300.0,102700.0,103100.0,2905
20260922,1230,226950,103100.0,103100.0,102700.0,102900.0,2580
20260922,1240,226950,102800.0,103100.0,102600.0,102700.0,2769
20260922,1250,226950,102700.0,102800.0,102500.0,102500.0,3029
20260922,1300,226950,102500.0,103000.0,102400.0,102400.0,2732
20260922,1310,226950,102400.0,102500.0,102200.0,102300.0,4519
20260922,1320,226950,102300.0,103300.0,102200.0,103000.0,2892
20260922,1330,226950,103000.0,103700.0,103000.0,103100.0,3142
20260922,1340,226950,103200.0,103500.0,103000.0,103200.0,3095
20260922,1350,226950,103100.0,103600.0,102800.0,103100.0,3982
20260922,1400,226950,103100.0,103600.0,102700.0,103200.0,4224
20260922,1410,226950,103200.0,103700.0,102200.0,102500.0,7545
20260922,1420,226950,102400.0,102600.0,102100.0,102300.0,5637
20260922,1430,226950,102300.0,102400.0,101800.0,101900.0,7330
20260922,1440,226950,101950.0,102500.0,101800.0,102400.0,6774
20260922,1450,226950,102400.0,102900.0,101900.0,102200.0,6795
20260922,1500,226950,102300.0,102800.0,102100.0,102300.0,4903
20260922,1510,226950,102300.0,102800.0,102100.0,102300.0,4118
20260922,0900,030530,27100.0,27500.0,26600.0,26650.0,206190
20260922,0910,030530,26650.0,26750.0,26400.0,26550.0,122289
20260922,0920,030530,26550.0,26700.0,26450.0,26650.0,48512
20260922,0930,030530,26650.0,26650.0,26400.0,26500.0,56983
20260922,0940,030530,26500.0,26600.0,26450.0,26450.0,33973
20260922,0950,030530,26450.0,26650.0,26350.0,26600.0,38102
20260922,1000,030530,26600.0,26750.0,26400.0,26450.0,33439
20260922,1010,030530,26500.0,26500.0,26300.0,26350.0,33283
20260922,1020,030530,26350.0,26400.0,26300.0,26400.0,18790
20260922,1030,030530,26400.0,26500.0,26350.0,26350.0,17044
20260922,1040,030530,26350.0,26500.0,26350.0,26450.0,9544
20260922,1050,030530,26450.0,26650.0,26400.0,26400.0,20703
20260922,1100,030530,26450.0,26700.0,26450.0,26650.0,11697
20260922,1110,030530,26650.0,26650.0,26450.0,26450.0,20805
20260922,1120,030530,26450.0,26500.0,26350.0,26400.0,23013
20260922,1130,030530,26400.0,26500.0,26350.0,26450.0,9747
20260922,1140,030530,26450.0,26650.0,26400.0,26550.0,14731
20260922,1150,030530,26600.0,26650.0,26575.0,26650.0,7505
20260922,1200,030530,26650.0,26800.0,26600.0,26750.0,23247
20260922,1210,030530,26750.0,26850.0,26750.0,26850.0,15369
20260922,1220,030530,26850.0,26900.0,26800.0,26800.0,14518
20260922,1230,030530,26800.0,26900.0,26750.0,26850.0,20116
20260922,1240,030530,26800.0,26850.0,26800.0,26825.0,5102
20260922,1250,030530,26800.0,26850.0,26650.0,26650.0,20842
20260922,1300,030530,26650.0,26725.0,26450.0,26450.0,22947
20260922,1310,030530,26500.0,26650.0,26400.0,26600.0,15330
20260922,1320,030530,26550.0,26650.0,26500.0,26550.0,7540
20260922,1330,030530,26550.0,26600.0,26400.0,26500.0,14490
20260922,1340,030530,26500.0,26600.0,26450.0,26450.0,9914
20260922,1350,030530,26450.0,26550.0,26350.0,26350.0,27776
20260922,1400,030530,26350.0,26650.0,26300.0,26600.0,30991
20260922,1410,030530,26600.0,26650.0,26400.0,26400.0,10038
20260922,1420,030530,26400.0,26450.0,26300.0,26450.0,17827
20260922,1430,030530,26450.0,26500.0,26300.0,26400.0,22235
20260922,1440,030530,26400.0,26500.0,26350.0,26450.0,10901
20260922,1450,030530,26450.0,26650.0,26400.0,26600.0,20378
20260922,1500,030530,26550.0,26650.0,26450.0,26500.0,13789
20260922,1510,030530,26450.0,26600.0,26400.0,26450.0,19453
20260922,0900,222800,142100.0,152000.0,141600.0,151900.0,326489
20260922,0910,222800,151600.0,154000.0,150200.0,150700.0,180652
20260922,0920,222800,150700.0,151800.0,148000.0,151800.0,132252
20260922,0930,222800,151800.0,156600.0,151500.0,156300.0,172329
20260922,0940,222800,156300.0,156300.0,152400.0,153000.0,124417
20260922,0950,222800,153000.0,153300.0,151000.0,152800.0,75905
20260922,1000,222800,152800.0,155300.0,152700.0,153700.0,66345
20260922,1010,222800,153800.0,153800.0,151200.0,151300.0,46631
20260922,1020,222800,151300.0,151800.0,150200.0,151200.0,43586
20260922,1030,222800,151100.0,151800.0,150500.0,150700.0,21657
20260922,1040,222800,150600.0,151800.0,150600.0,151100.0,16641
20260922,1050,222800,151100.0,152400.0,150800.0,151400.0,23797
20260922,1100,222800,151400.0,152500.0,151300.0,151400.0,19353
20260922,1110,222800,151400.0,151400.0,149500.0,149800.0,34575
20260922,1120,222800,149800.0,150000.0,149200.0,149200.0,19010
20260922,1130,222800,149200.0,150500.0,149100.0,150000.0,24705
20260922,1140,222800,150000.0,150200.0,149300.0,149300.0,18791
20260922,1150,222800,149300.0,149900.0,149200.0,149800.0,8112
20260922,1200,222800,149800.0,149800.0,149300.0,149400.0,7913
20260922,1210,222800,149300.0,150700.0,149200.0,150600.0,19311
20260922,1220,222800,150700.0,151600.0,149300.0,150200.0,25957
20260922,1230,222800,150200.0,150400.0,149700.0,150100.0,11575
20260922,1240,222800,150000.0,151100.0,149800.0,150300.0,11831
20260922,1250,222800,150400.0,150400.0,149200.0,149300.0,14294
20260922,1300,222800,149300.0,150000.0,148700.0,149500.0,16386
20260922,1310,222800,149500.0,149500.0,148400.0,148800.0,19734
20260922,1320,222800,148900.0,149200.0,148400.0,148800.0,13414
20260922,1330,222800,148800.0,148900.0,147500.0,148800.0,29300
20260922,1340,222800,148700.0,149200.0,147400.0,147800.0,19888
20260922,1350,222800,147700.0,149000.0,147500.0,148800.0,19619
20260922,1400,222800,148700.0,149700.0,148300.0,149400.0,21823
20260922,1410,222800,149300.0,149400.0,147400.0,147700.0,18601
20260922,1420,222800,147500.0,148400.0,146800.0,147900.0,25056
20260922,1430,222800,147800.0,148400.0,146700.0,148100.0,25668
20260922,1440,222800,148200.0,149000.0,147700.0,148900.0,21186
20260922,1450,222800,148900.0,149400.0,148600.0,148700.0,23751
20260922,1500,222800,148600.0,148800.0,147700.0,148200.0,23093
20260922,1510,222800,148200.0,148300.0,147500.0,147900.0,20511
20260922,0900,052710,17690.0,18860.0,17400.0,18230.0,377723
20260922,0910,052710,18230.0,18460.0,17600.0,18030.0,195714
20260922,0920,052710,17990.0,19460.0,17850.0,19450.0,409432
20260922,0930,052710,19420.0,19770.0,19150.0,19230.0,398095
20260922,0940,052710,19310.0,19800.0,19190.0,19310.0,270346
20260922,0950,052710,19320.0,19710.0,19250.0,19690.0,109507
20260922,1000,052710,19680.0,19720.0,19340.0,19630.0,75802
20260922,1010,052710,19620.0,19680.0,19340.0,19500.0,48931
20260922,1020,052710,19500.0,19500.0,19100.0,19220.0,64198
20260922,1030,052710,19220.0,19600.0,19140.0,19510.0,46414
20260922,1040,052710,19500.0,19550.0,19340.0,19430.0,26326
20260922,1050,052710,19410.0,19660.0,19370.0,19660.0,33570
20260922,1100,052710,19650.0,19770.0,19560.0,19665.0,54401
20260922,1110,052710,19665.0,19665.0,19300.0,19390.0,31665
20260922,1120,052710,19390.0,19550.0,19200.0,19260.0,39937
20260922,1130,052710,19270.0,19470.0,19210.0,19460.0,27332
20260922,1140,052710,19460.0,19600.0,19320.0,19390.0,19676
20260922,1150,052710,19390.0,19390.0,19260.0,19330.0,14623
20260922,1200,052710,19330.0,19340.0,19100.0,19140.0,25640
20260922,1210,052710,19140.0,19220.0,19000.0,19150.0,19835
20260922,1220,052710,19150.0,19330.0,19150.0,19330.0,13203
20260922,1230,052710,19290.0,19330.0,19180.0,19190.0,11184
20260922,1240,052710,19180.0,19190.0,19020.0,19120.0,18451
20260922,1250,052710,19120.0,19140.0,19040.0,19100.0,11120
20260922,1300,052710,19050.0,19110.0,18690.0,18850.0,47537
20260922,1310,052710,18850.0,19040.0,18690.0,18930.0,19481
20260922,1320,052710,18910.0,19000.0,18850.0,18970.0,16252
20260922,1330,052710,18990.0,19000.0,18810.0,18850.0,19783
20260922,1340,052710,18950.0,18950.0,18720.0,18760.0,19605
20260922,1350,052710,18750.0,18850.0,18630.0,18710.0,18674
20260922,1400,052710,18710.0,18900.0,18630.0,18860.0,18325
20260922,1410,052710,18860.0,18880.0,18560.0,18590.0,15436
20260922,1420,052710,18590.0,18810.0,18580.0,18710.0,17782
20260922,1430,052710,18680.0,18710.0,18470.0,18710.0,16473
20260922,1440,052710,18710.0,18930.0,18700.0,18890.0,23449
20260922,1450,052710,18890.0,19200.0,18880.0,19160.0,41130
20260922,1500,052710,19160.0,19200.0,19050.0,19150.0,24045
20260922,1510,052710,19150.0,19500.0,19150.0,19345.0,63302
20260922,0900,009830,27900.0,28050.0,27700.0,27750.0,79694
20260922,0910,009830,27750.0,27800.0,27650.0,27700.0,52720
20260922,0920,009830,27650.0,27700.0,27450.0,27600.0,83094
20260922,0930,009830,27600.0,27700.0,27550.0,27600.0,22123
20260922,0940,009830,27625.0,27650.0,27550.0,27600.0,26808
20260922,0950,009830,27650.0,27700.0,27600.0,27700.0,25263
20260922,1000,009830,27700.0,27700.0,27650.0,27650.0,19437
20260922,1010,009830,27650.0,27700.0,27550.0,27550.0,27898
20260922,1020,009830,27550.0,27550.0,27450.0,27450.0,55750
20260922,1030,009830,27500.0,27550.0,27450.0,27500.0,21137
20260922,1040,009830,27500.0,27650.0,27500.0,27600.0,17291
20260922,1050,009830,27600.0,27650.0,27550.0,27650.0,9479
20260922,1100,009830,27600.0,27650.0,27550.0,27575.0,10322
20260922,1110,009830,27575.0,27600.0,27550.0,27600.0,10163
20260922,1120,009830,27600.0,27650.0,27550.0,27600.0,9573
20260922,1130,009830,27600.0,27650.0,27600.0,27600.0,7200
20260922,1140,009830,27600.0,27650.0,27600.0,27600.0,6987
20260922,1150,009830,27650.0,27650.0,27550.0,27600.0,19078
20260922,1200,009830,27600.0,27600.0,27500.0,27550.0,21424
20260922,1210,009830,27500.0,27550.0,27500.0,27550.0,6871
20260922,1220,009830,27500.0,27600.0,27500.0,27500.0,14731
20260922,1230,009830,27550.0,27550.0,27500.0,27550.0,7798
20260922,1240,009830,27550.0,27550.0,27500.0,27550.0,10813
20260922,1250,009830,27500.0,27550.0,27500.0,27550.0,6886
20260922,1300,009830,27500.0,27550.0,27450.0,27450.0,39031
20260922,1310,009830,27450.0,27500.0,27450.0,27475.0,13399
20260922,1320,009830,27475.0,27550.0,27450.0,27500.0,16647
20260922,1330,009830,27500.0,27600.0,27450.0,27550.0,16711
20260922,1340,009830,27550.0,27550.0,27500.0,27525.0,9060
20260922,1350,009830,27525.0,27600.0,27450.0,27500.0,26661
20260922,1400,009830,27500.0,27600.0,27500.0,27550.0,13924
20260922,1410,009830,27550.0,27600.0,27500.0,27500.0,19864
20260922,1420,009830,27500.0,27600.0,27450.0,27500.0,21726
20260922,1430,009830,27450.0,27550.0,27450.0,27550.0,20665
20260922,1440,009830,27500.0,27550.0,27450.0,27500.0,21269
20260922,1450,009830,27500.0,27600.0,27450.0,27550.0,20248
20260922,1500,009830,27550.0,27550.0,27450.0,27500.0,20766
20260922,1510,009830,27500.0,27550.0,27450.0,27500.0,29210
20260922,0900,158430,5650.0,5670.0,5550.0,5550.0,51660
20260922,0910,158430,5550.0,5620.0,5540.0,5580.0,51142
20260922,0920,158430,5570.0,5600.0,5540.0,5600.0,19962
20260922,0930,158430,5600.0,5610.0,5560.0,5570.0,20397
20260922,0940,158430,5570.0,5610.0,5550.0,5610.0,47250
20260922,0950,158430,5600.0,5620.0,5600.0,5610.0,13769
20260922,1000,158430,5620.0,5620.0,5580.0,5610.0,15956
20260922,1010,158430,5610.0,5610.0,5570.0,5600.0,14442
20260922,1020,158430,5600.0,5600.0,5570.0,5590.0,3676
20260922,1030,158430,5580.0,5590.0,5570.0,5580.0,10769
20260922,1040,158430,5580.0,5590.0,5570.0,5570.0,5167
20260922,1050,158430,5570.0,5570.0,5470.0,5480.0,67477
20260922,1100,158430,5480.0,5530.0,5460.0,5470.0,31771
20260922,1110,158430,5485.0,5485.0,5420.0,5450.0,56577
20260922,1120,158430,5460.0,5470.0,5430.0,5460.0,10667
20260922,1130,158430,5470.0,5500.0,5460.0,5490.0,9709
20260922,1140,158430,5490.0,5500.0,5480.0,5500.0,8346
20260922,1150,158430,5490.0,5500.0,5480.0,5480.0,6999
20260922,1200,158430,5470.0,5480.0,5460.0,5470.0,9676
20260922,1210,158430,5460.0,5470.0,5450.0,5470.0,7989
20260922,1220,158430,5480.0,5480.0,5440.0,5460.0,9855
20260922,1230,158430,5470.0,5470.0,5450.0,5450.0,8151
20260922,1240,158430,5450.0,5470.0,5440.0,5450.0,12812
20260922,1250,158430,5460.0,5460.0,5400.0,5430.0,53248
20260922,1300,158430,5430.0,5440.0,5410.0,5420.0,11448
20260922,1310,158430,5430.0,5450.0,5410.0,5420.0,11957
20260922,1320,158430,5420.0,5440.0,5410.0,5420.0,9514
20260922,1330,158430,5430.0,5440.0,5400.0,5400.0,15802
20260922,1340,158430,5400.0,5430.0,5370.0,5370.0,40539
20260922,1350,158430,5370.0,5410.0,5360.0,5360.0,35618
20260922,1400,158430,5370.0,5410.0,5350.0,5370.0,19641
20260922,1410,158430,5380.0,5420.0,5360.0,5360.0,12222
20260922,1420,158430,5360.0,5360.0,5310.0,5330.0,27239
20260922,1430,158430,5330.0,5380.0,5310.0,5370.0,19223
20260922,1440,158430,5370.0,5400.0,5350.0,5360.0,11841
20260922,1450,158430,5360.0,5380.0,5340.0,5370.0,15464
20260922,1500,158430,5370.0,5400.0,5330.0,5380.0,25559
20260922,1510,158430,5380.0,5390.0,5350.0,5370.0,12005
20260922,0900,080220,78200.0,79600.0,77700.0,78600.0,220799
20260922,0910,080220,78700.0,80100.0,78400.0,78700.0,219619
20260922,0920,080220,78750.0,78900.0,77200.0,77800.0,101983
20260922,0930,080220,77800.0,78500.0,77600.0,78400.0,60852
20260922,0940,080220,78300.0,78400.0,77000.0,77200.0,56648
20260922,0950,080220,77200.0,77700.0,77000.0,77700.0,34192
20260922,1000,080220,77700.0,77700.0,77200.0,77500.0,17575
20260922,1010,080220,77550.0,77600.0,77000.0,77000.0,26702
20260922,1020,080220,77000.0,77500.0,77000.0,77400.0,14633
20260922,1030,080220,77400.0,78200.0,77300.0,78000.0,42240
20260922,1040,080220,78100.0,78100.0,77900.0,77900.0,11136
20260922,1050,080220,78000.0,78200.0,77900.0,78100.0,16430
20260922,1100,080220,78000.0,78200.0,78000.0,78200.0,12316
20260922,1110,080220,78200.0,78200.0,77800.0,77900.0,21040
20260922,1120,080220,77800.0,77900.0,77800.0,77900.0,10370
20260922,1130,080220,77900.0,78200.0,77800.0,78100.0,14052
20260922,1140,080220,78100.0,78300.0,78000.0,78100.0,14178
20260922,1150,080220,78100.0,78100.0,77800.0,77800.0,15576
20260922,1200,080220,77900.0,78000.0,77600.0,77700.0,20072
20260922,1210,080220,77600.0,77800.0,77600.0,77700.0,8728
20260922,1220,080220,77700.0,77700.0,77600.0,77700.0,5493
20260922,1230,080220,77700.0,77700.0,77600.0,77600.0,7653
20260922,1240,080220,77700.0,77700.0,77500.0,77600.0,13444
20260922,1250,080220,77600.0,77700.0,77100.0,77200.0,34089
20260922,1300,080220,77100.0,77200.0,76700.0,76700.0,31575
20260922,1310,080220,76750.0,76750.0,76300.0,76400.0,29465
20260922,1320,080220,76400.0,76700.0,76200.0,76200.0,19965
20260922,1330,080220,76200.0,76200.0,75700.0,76000.0,31180
20260922,1340,080220,76000.0,76300.0,75600.0,75700.0,23411
20260922,1350,080220,75700.0,75800.0,75200.0,75300.0,26700
20260922,1400,080220,75300.0,75900.0,75200.0,75800.0,15436
20260922,1410,080220,75800.0,75800.0,75100.0,75200.0,16930
20260922,1420,080220,75200.0,75200.0,75000.0,75200.0,22859
20260922,1430,080220,75200.0,76000.0,75100.0,75900.0,19486
20260922,1440,080220,75700.0,76100.0,75700.0,76100.0,12778
20260922,1450,080220,76100.0,76400.0,76000.0,76000.0,18513
20260922,1500,080220,76050.0,76200.0,75700.0,75900.0,12709
20260922,1510,080220,75800.0,75900.0,75700.0,75700.0,12257
20260922,0900,032940,9560.0,9690.0,9500.0,9560.0,27893
20260922,0910,032940,9560.0,9560.0,9400.0,9400.0,24754
20260922,0920,032940,9400.0,9470.0,9380.0,9420.0,10362
20260922,0930,032940,9420.0,9490.0,9360.0,9370.0,11991
20260922,0940,032940,9360.0,9440.0,9300.0,9400.0,18466
20260922,0950,032940,9380.0,9490.0,9320.0,9460.0,8186
20260922,1000,032940,9460.0,9470.0,9380.0,9380.0,5361
20260922,1010,032940,9380.0,9440.0,9350.0,9440.0,6753
20260922,1020,032940,9420.0,9430.0,9360.0,9400.0,4375
20260922,1030,032940,9410.0,9420.0,9380.0,9400.0,4110
20260922,1040,032940,9370.0,9390.0,9310.0,9350.0,8691
20260922,1050,032940,9350.0,9380.0,9300.0,9340.0,8618
20260922,1100,032940,9340.0,9390.0,9340.0,9340.0,6756
20260922,1110,032940,9350.0,9380.0,9310.0,9360.0,9789
20260922,1120,032940,9350.0,9350.0,9310.0,9310.0,2219
20260922,1130,032940,9310.0,9370.0,9270.0,9320.0,8427
20260922,1140,032940,9320.0,9330.0,9285.0,9290.0,1800
20260922,1150,032940,9290.0,9390.0,9280.0,9350.0,777
20260922,1200,032940,9340.0,9350.0,9300.0,9340.0,3767
20260922,1210,032940,9340.0,9340.0,9290.0,9330.0,1418
20260922,1220,032940,9290.0,9340.0,9290.0,9300.0,3597
20260922,1230,032940,9300.0,9330.0,9280.0,9280.0,10295
20260922,1240,032940,9290.0,9310.0,9270.0,9280.0,3910
20260922,1250,032940,9280.0,9280.0,9240.0,9250.0,12182
20260922,1300,032940,9250.0,9310.0,9230.0,9230.0,9740
20260922,1310,032940,9230.0,9280.0,9220.0,9220.0,15690
20260922,1320,032940,9220.0,9270.0,9210.0,9250.0,5387
20260922,1330,032940,9270.0,9280.0,9220.0,9260.0,3067
20260922,1340,032940,9270.0,9270.0,9100.0,9110.0,32870
20260922,1350,032940,9150.0,9180.0,9120.0,9170.0,3081
20260922,1400,032940,9170.0,9220.0,9140.0,9210.0,7205
20260922,1410,032940,9200.0,9230.0,9170.0,9170.0,1748
20260922,1420,032940,9170.0,9170.0,9130.0,9130.0,8677
20260922,1430,032940,9130.0,9230.0,9130.0,9230.0,3707
20260922,1440,032940,9230.0,9350.0,9220.0,9320.0,7813
20260922,1450,032940,9290.0,9360.0,9240.0,9240.0,7035
20260922,1500,032940,9250.0,9340.0,9250.0,9270.0,2608
20260922,1510,032940,9270.0,9300.0,9250.0,9250.0,3228
20260922,0900,034220,8620.0,8650.0,8560.0,8570.0,227737
20260922,0910,034220,8570.0,8580.0,8520.0,8530.0,152592
20260922,0920,034220,8530.0,8540.0,8460.0,8510.0,254440
20260922,0930,034220,8510.0,8550.0,8500.0,8540.0,86744
20260922,0940,034220,8540.0,8550.0,8490.0,8510.0,74484
20260922,0950,034220,8510.0,8510.0,8460.0,8460.0,81113
20260922,1000,034220,8460.0,8510.0,8410.0,8490.0,294458
20260922,1010,034220,8490.0,8500.0,8460.0,8470.0,104349
20260922,1020,034220,8470.0,8480.0,8460.0,8470.0,29658
20260922,1030,034220,8460.0,8480.0,8450.0,8480.0,42820
20260922,1040,034220,8480.0,8500.0,8460.0,8490.0,76031
20260922,1050,034220,8490.0,8490.0,8460.0,8460.0,57139
20260922,1100,034220,8470.0,8490.0,8460.0,8490.0,38825
20260922,1110,034220,8490.0,8510.0,8470.0,8490.0,42150
20260922,1120,034220,8510.0,8550.0,8490.0,8550.0,46354
20260922,1130,034220,8550.0,8560.0,8520.0,8550.0,41239
20260922,1140,034220,8540.0,8560.0,8530.0,8550.0,35596
20260922,1150,034220,8550.0,8560.0,8540.0,8550.0,42471
20260922,1200,034220,8540.0,8550.0,8520.0,8520.0,39053
20260922,1210,034220,8530.0,8550.0,8520.0,8540.0,26182
20260922,1220,034220,8540.0,8560.0,8540.0,8560.0,35761
20260922,1230,034220,8550.0,8560.0,8550.0,8560.0,21205
20260922,1240,034220,8550.0,8560.0,8530.0,8560.0,33401
20260922,1250,034220,8560.0,8560.0,8530.0,8540.0,39382
20260922,1300,034220,8550.0,8550.0,8530.0,8540.0,24082
20260922,1310,034220,8530.0,8540.0,8500.0,8500.0,47416
20260922,1320,034220,8500.0,8530.0,8490.0,8520.0,59902
20260922,1330,034220,8510.0,8530.0,8490.0,8500.0,36477
20260922,1340,034220,8510.0,8510.0,8490.0,8490.0,23205
20260922,1350,034220,8500.0,8500.0,8490.0,8495.0,26571
20260922,1400,034220,8495.0,8500.0,8470.0,8470.0,78316
20260922,1410,034220,8480.0,8480.0,8470.0,8470.0,43581
20260922,1420,034220,8470.0,8480.0,8470.0,8470.0,36842
20260922,1430,034220,8470.0,8480.0,8460.0,8460.0,56373
20260922,1440,034220,8460.0,8480.0,8460.0,8480.0,87118
20260922,1450,034220,8470.0,8490.0,8460.0,8460.0,52026
20260922,1500,034220,8460.0,8470.0,8450.0,8460.0,55955
20260922,1510,034220,8460.0,8470.0,8450.0,8470.0,85725
20260922,0900,046970,8120.0,8160.0,7680.0,7680.0,365554
20260922,0910,046970,7690.0,7880.0,7650.0,7820.0,186474
20260922,0920,046970,7820.0,7940.0,7720.0,7940.0,154615
20260922,0930,046970,7940.0,7940.0,7800.0,7800.0,61113
20260922,0940,046970,7810.0,7860.0,7795.0,7810.0,53839
20260922,0950,046970,7810.0,7870.0,7780.0,7850.0,66326
20260922,1000,046970,7860.0,7890.0,7840.0,7850.0,35332
20260922,1010,046970,7880.0,7900.0,7840.0,7850.0,28910
20260922,1020,046970,7850.0,7850.0,7810.0,7820.0,27450
20260922,1030,046970,7820.0,7830.0,7780.0,7800.0,31585
20260922,1040,046970,7790.0,7830.0,7780.0,7820.0,19870
20260922,1050,046970,7830.0,7850.0,7795.0,7800.0,25269
20260922,1100,046970,7800.0,7810.0,7760.0,7780.0,37091
20260922,1110,046970,7780.0,7790.0,7750.0,7760.0,35531
20260922,1120,046970,7760.0,7770.0,7710.0,7760.0,33877
20260922,1130,046970,7740.0,7780.0,7740.0,7780.0,15861
20260922,1140,046970,7780.0,7820.0,7770.0,7810.0,17793
20260922,1150,046970,7810.0,7820.0,7790.0,7790.0,13238
20260922,1200,046970,7800.0,7800.0,7770.0,7800.0,13726
20260922,1210,046970,7790.0,7830.0,7790.0,7800.0,15091
20260922,1220,046970,7800.0,7800.0,7780.0,7795.0,2708
20260922,1230,046970,7790.0,7795.0,7780.0,7790.0,6128
20260922,1240,046970,7790.0,7800.0,7770.0,7780.0,12582
20260922,1250,046970,7780.0,7790.0,7740.0,7750.0,23616
20260922,1300,046970,7750.0,7750.0,7720.0,7720.0,24495
20260922,1310,046970,7720.0,7740.0,7720.0,7730.0,13741
20260922,1320,046970,7720.0,7770.0,7700.0,7720.0,29793
20260922,1330,046970,7720.0,7760.0,7680.0,7680.0,42748
20260922,1340,046970,7680.0,7690.0,7620.0,7620.0,53164
20260922,1350,046970,7620.0,7650.0,7600.0,7600.0,44479
20260922,1400,046970,7610.0,7690.0,7600.0,7650.0,34164
20260922,1410,046970,7670.0,7670.0,7610.0,7620.0,12593
20260922,1420,046970,7610.0,7620.0,7600.0,7610.0,19960
20260922,1430,046970,7600.0,7630.0,7600.0,7610.0,16991
20260922,1440,046970,7610.0,7650.0,7610.0,7640.0,19857
20260922,1450,046970,7640.0,7670.0,7640.0,7670.0,11343
20260922,1500,046970,7670.0,7670.0,7630.0,7630.0,17241
20260922,1510,046970,7640.0,7640.0,7600.0,7610.0,34065
20260922,0900,088350,5820.0,5840.0,5650.0,5710.0,585453
20260922,0910,088350,5720.0,5780.0,5680.0,5770.0,188087
20260922,0920,088350,5780.0,5790.0,5730.0,5740.0,71896
20260922,0930,088350,5750.0,5750.0,5700.0,5710.0,124899
20260922,0940,088350,5710.0,5730.0,5710.0,5720.0,91660
20260922,0950,088350,5720.0,5720.0,5670.0,5680.0,148461
20260922,1000,088350,5680.0,5720.0,5680.0,5710.0,83411
20260922,1010,088350,5710.0,5730.0,5700.0,5710.0,51154
20260922,1020,088350,5700.0,5720.0,5680.0,5690.0,70652
20260922,1030,088350,5690.0,5700.0,5680.0,5680.0,47604
20260922,1040,088350,5680.0,5690.0,5660.0,5670.0,112261
20260922,1050,088350,5680.0,5680.0,5570.0,5600.0,651908
20260922,1100,088350,5600.0,5650.0,5600.0,5630.0,86452
20260922,1110,088350,5630.0,5640.0,5600.0,5600.0,84238
20260922,1120,088350,5610.0,5630.0,5580.0,5610.0,175742
20260922,1130,088350,5610.0,5620.0,5590.0,5600.0,44320
20260922,1140,088350,5600.0,5650.0,5600.0,5630.0,62386
20260922,1150,088350,5620.0,5630.0,5610.0,5610.0,39007
20260922,1200,088350,5610.0,5620.0,5580.0,5580.0,80879
20260922,1210,088350,5590.0,5610.0,5580.0,5600.0,44143
20260922,1220,088350,5590.0,5610.0,5590.0,5600.0,37782
20260922,1230,088350,5600.0,5610.0,5600.0,5600.0,48494
20260922,1240,088350,5600.0,5610.0,5590.0,5590.0,38425
20260922,1250,088350,5590.0,5620.0,5580.0,5600.0,87340
20260922,1300,088350,5600.0,5620.0,5590.0,5610.0,28616
20260922,1310,088350,5600.0,5610.0,5590.0,5590.0,47260
20260922,1320,088350,5600.0,5630.0,5600.0,5620.0,100430
20260922,1330,088350,5620.0,5630.0,5600.0,5610.0,43473
20260922,1340,088350,5610.0,5620.0,5610.0,5610.0,50787
20260922,1350,088350,5610.0,5620.0,5580.0,5600.0,158900
20260922,1400,088350,5600.0,5610.0,5580.0,5590.0,42855
20260922,1410,088350,5590.0,5610.0,5580.0,5600.0,73199
20260922,1420,088350,5600.0,5610.0,5590.0,5600.0,59411
20260922,1430,088350,5600.0,5620.0,5600.0,5610.0,77478
20260922,1440,088350,5605.0,5610.0,5590.0,5590.0,55019
20260922,1450,088350,5590.0,5610.0,5590.0,5600.0,44585
20260922,1500,088350,5600.0,5610.0,5590.0,5590.0,28978
20260922,1510,088350,5590.0,5660.0,5590.0,5640.0,149994
20260922,0900,0220W0,6390.0,6450.0,6340.0,6380.0,60770
20260922,0910,0220W0,6390.0,6410.0,6300.0,6350.0,101925
20260922,0920,0220W0,6350.0,6360.0,6330.0,6330.0,42331
20260922,0930,0220W0,6330.0,6390.0,6310.0,6360.0,54666
20260922,0940,0220W0,6380.0,6390.0,6320.0,6360.0,30850
20260922,0950,0220W0,6380.0,6490.0,6370.0,6440.0,44041
20260922,1000,0220W0,6420.0,6520.0,6410.0,6490.0,52996
20260922,1010,0220W0,6490.0,6590.0,6450.0,6510.0,121811
20260922,1020,0220W0,6500.0,6540.0,6460.0,6500.0,39042
20260922,1030,0220W0,6500.0,6550.0,6470.0,6490.0,35442
20260922,1040,0220W0,6500.0,6510.0,6480.0,6490.0,15477
20260922,1050,0220W0,6500.0,6590.0,6480.0,6540.0,55452
20260922,1100,0220W0,6540.0,6560.0,6500.0,6510.0,20663
20260922,1110,0220W0,6500.0,6610.0,6490.0,6570.0,102177
20260922,1120,0220W0,6560.0,6590.0,6540.0,6550.0,28135
20260922,1130,0220W0,6560.0,6570.0,6540.0,6550.0,18184
20260922,1140,0220W0,6560.0,6760.0,6550.0,6690.0,187322
20260922,1150,0220W0,6690.0,6700.0,6620.0,6640.0,57329
20260922,1200,0220W0,6640.0,6680.0,6610.0,6650.0,37171
20260922,1210,0220W0,6660.0,6730.0,6640.0,6690.0,75857
20260922,1220,0220W0,6690.0,6710.0,6640.0,6670.0,24594
20260922,1230,0220W0,6640.0,6690.0,6630.0,6670.0,12437
20260922,1240,0220W0,6660.0,6660.0,6630.0,6650.0,17471
20260922,1250,0220W0,6640.0,6650.0,6590.0,6600.0,20955
20260922,1300,0220W0,6600.0,6700.0,6600.0,6690.0,27529
20260922,1310,0220W0,6690.0,6690.0,6600.0,6600.0,31825
20260922,1320,0220W0,6620.0,6620.0,6540.0,6550.0,24156
20260922,1330,0220W0,6550.0,6580.0,6530.0,6540.0,16116
20260922,1340,0220W0,6540.0,6570.0,6530.0,6530.0,9456
20260922,1350,0220W0,6530.0,6550.0,6500.0,6550.0,22913
20260922,1400,0220W0,6540.0,6560.0,6520.0,6540.0,8259
20260922,1410,0220W0,6540.0,6550.0,6520.0,6540.0,9872
20260922,1420,0220W0,6520.0,6550.0,6510.0,6520.0,16797
20260922,1430,0220W0,6510.0,6520.0,6500.0,6510.0,12549
20260922,1440,0220W0,6510.0,6530.0,6490.0,6510.0,7239
20260922,1450,0220W0,6530.0,6570.0,6510.0,6530.0,38988
20260922,1500,0220W0,6530.0,6570.0,6520.0,6560.0,13973
20260922,1510,0220W0,6560.0,6560.0,6510.0,6530.0,18248
20260922,0900,373220,357500.0,359500.0,355500.0,355500.0,15180
20260922,0910,373220,356000.0,356500.0,353000.0,353500.0,7494
20260922,0920,373220,353500.0,354000.0,352000.0,353000.0,7447
20260922,0930,373220,352500.0,354000.0,352000.0,352750.0,8061
20260922,0940,373220,352500.0,353500.0,352500.0,353500.0,4879
20260922,0950,373220,353500.0,354000.0,353000.0,353500.0,2816
20260922,1000,373220,353500.0,354000.0,353000.0,353000.0,1197
20260922,1010,373220,353000.0,353500.0,352000.0,352000.0,6399
20260922,1020,373220,352000.0,352000.0,351500.0,351500.0,4101
20260922,1030,373220,351500.0,352000.0,351500.0,352000.0,1510
20260922,1040,373220,351500.0,353000.0,351500.0,352500.0,7243
20260922,1050,373220,352500.0,353000.0,352000.0,352000.0,3359
20260922,1100,373220,352000.0,352500.0,352000.0,352500.0,783
20260922,1110,373220,352500.0,353000.0,352000.0,352000.0,5330
20260922,1120,373220,352000.0,352500.0,352000.0,352500.0,1083
20260922,1130,373220,352000.0,352500.0,352000.0,352000.0,1312
20260922,1140,373220,352000.0,352500.0,352000.0,352000.0,1224
20260922,1150,373220,352000.0,352500.0,351500.0,351750.0,5354
20260922,1200,373220,351500.0,352000.0,351500.0,351750.0,740
20260922,1210,373220,351500.0,352000.0,351500.0,351500.0,840
20260922,1220,373220,351500.0,352000.0,351500.0,351500.0,1122
20260922,1230,373220,352000.0,352000.0,351500.0,351750.0,3785
20260922,1240,373220,351500.0,352000.0,351500.0,351500.0,3163
20260922,1250,373220,351500.0,352000.0,351500.0,351500.0,1377
20260922,1300,373220,351500.0,352000.0,350500.0,351000.0,12005
20260922,1310,373220,351000.0,351000.0,350000.0,350000.0,6896
20260922,1320,373220,350000.0,350500.0,348500.0,349000.0,16425
20260922,1330,373220,349000.0,349500.0,348500.0,348500.0,10251
20260922,1340,373220,348500.0,349500.0,348000.0,348750.0,18691
20260922,1350,373220,348500.0,349500.0,348000.0,348000.0,11599
20260922,1400,373220,348000.0,350000.0,348000.0,349500.0,9960
20260922,1410,373220,349500.0,350500.0,348500.0,349500.0,8224
20260922,1420,373220,349500.0,350500.0,349000.0,349000.0,8205
20260922,1430,373220,349000.0,350500.0,349000.0,350500.0,4536
20260922,1440,373220,350000.0,350500.0,348500.0,349000.0,10285
20260922,1450,373220,348500.0,350500.0,348500.0,350000.0,11081
20260922,1500,373220,349500.0,350500.0,348500.0,349000.0,11998
20260922,1510,373220,349000.0,350500.0,349000.0,350500.0,10586
20260922,0900,336260,47600.0,48000.0,47300.0,47550.0,45012
20260922,0910,336260,47500.0,47950.0,47400.0,47550.0,32975
20260922,0920,336260,47600.0,47800.0,47300.0,47600.0,36311
20260922,0930,336260,47600.0,47800.0,47400.0,47550.0,25820
20260922,0940,336260,47550.0,48100.0,47400.0,48100.0,35735
20260922,0950,336260,48050.0,48600.0,48000.0,48300.0,50503
20260922,1000,336260,48300.0,48500.0,48100.0,48150.0,21781
20260922,1010,336260,48200.0,48300.0,47750.0,47850.0,21031
20260922,1020,336260,47800.0,48000.0,47650.0,47950.0,15342
20260922,1030,336260,47900.0,48000.0,47750.0,47800.0,13646
20260922,1040,336260,47800.0,48150.0,47800.0,47925.0,12168
20260922,1050,336260,47900.0,48300.0,47900.0,48150.0,17807
20260922,1100,336260,48200.0,48300.0,48150.0,48150.0,10831
20260922,1110,336260,48150.0,48300.0,48150.0,48250.0,13787
20260922,1120,336260,48200.0,48300.0,48100.0,48250.0,11409
20260922,1130,336260,48200.0,48300.0,48000.0,48000.0,11194
20260922,1140,336260,48000.0,48150.0,48000.0,48000.0,9664
20260922,1150,336260,48000.0,48100.0,47850.0,48000.0,10205
20260922,1200,336260,48000.0,48100.0,47900.0,47900.0,7188
20260922,1210,336260,47950.0,48050.0,47800.0,48050.0,7926
20260922,1220,336260,48000.0,48050.0,47900.0,48000.0,6780
20260922,1230,336260,48000.0,48150.0,47900.0,48000.0,8974
20260922,1240,336260,48000.0,48300.0,48000.0,48200.0,8281
20260922,1250,336260,48200.0,48500.0,48150.0,48200.0,14338
20260922,1300,336260,48250.0,48300.0,48100.0,48100.0,9449
20260922,1310,336260,48100.0,48150.0,47900.0,47950.0,11049
20260922,1320,336260,47975.0,48150.0,47750.0,48100.0,18447
20260922,1330,336260,48100.0,48150.0,47800.0,47800.0,11850
20260922,1340,336260,47800.0,47950.0,47550.0,47550.0,26049
20260922,1350,336260,47550.0,47700.0,47500.0,47500.0,15109
20260922,1400,336260,47500.0,47850.0,47500.0,47750.0,16737
20260922,1410,336260,47750.0,47800.0,47550.0,47550.0,16036
20260922,1420,336260,47550.0,47600.0,47500.0,47500.0,14880
20260922,1430,336260,47500.0,47700.0,47450.0,47650.0,15585
20260922,1440,336260,47650.0,47750.0,47500.0,47650.0,13534
20260922,1450,336260,47600.0,47800.0,47550.0,47700.0,13447
20260922,1500,336260,47700.0,47800.0,47550.0,47550.0,13394
20260922,1510,336260,47550.0,47650.0,47500.0,47600.0,11604
20260922,0900,028260,382000.0,383000.0,373500.0,374500.0,13326
20260922,0910,028260,375000.0,376000.0,372500.0,375000.0,18237
20260922,0920,028260,374500.0,375000.0,371000.0,371500.0,10118
20260922,0930,028260,371500.0,372500.0,369500.0,372000.0,9620
20260922,0940,028260,371500.0,373000.0,369500.0,370000.0,6895
20260922,0950,028260,369500.0,371000.0,368500.0,369500.0,6907
20260922,1000,028260,369500.0,370000.0,368000.0,369000.0,6489
20260922,1010,028260,369000.0,369000.0,365500.0,365500.0,8781
20260922,1020,028260,366000.0,367000.0,365500.0,365750.0,4712
20260922,1030,028260,365500.0,366000.0,364500.0,364500.0,6145
20260922,1040,028260,364500.0,366000.0,364500.0,365000.0,4492
20260922,1050,028260,364500.0,366000.0,364500.0,364750.0,8665
20260922,1100,028260,365000.0,365500.0,364000.0,364500.0,3926
20260922,1110,028260,365000.0,365500.0,363500.0,363500.0,5353
20260922,1120,028260,363500.0,364000.0,363000.0,363500.0,3309
20260922,1130,028260,363000.0,363500.0,362500.0,362500.0,3652
20260922,1140,028260,362500.0,364500.0,362500.0,363500.0,5278
20260922,1150,028260,363500.0,363500.0,362000.0,362000.0,8257
20260922,1200,028260,362000.0,363000.0,361000.0,361500.0,7523
20260922,1210,028260,361500.0,362500.0,361000.0,362000.0,3233
20260922,1220,028260,362500.0,363000.0,362000.0,362500.0,2017
20260922,1230,028260,362500.0,364500.0,362500.0,364000.0,2927
20260922,1240,028260,364000.0,364500.0,363000.0,363500.0,2744
20260922,1250,028260,363500.0,365500.0,363500.0,364000.0,5225
20260922,1300,028260,364000.0,366500.0,364000.0,365000.0,7497
20260922,1310,028260,365000.0,366500.0,363000.0,363000.0,5524
20260922,1320,028260,363000.0,366000.0,363000.0,364500.0,6397
20260922,1330,028260,364500.0,365500.0,363000.0,364500.0,5040
20260922,1340,028260,364000.0,365500.0,363000.0,363000.0,6729
20260922,1350,028260,363000.0,365000.0,363000.0,364000.0,6327
20260922,1400,028260,364500.0,364500.0,363500.0,364000.0,4382
20260922,1410,028260,363500.0,364500.0,362000.0,362500.0,5714
20260922,1420,028260,362500.0,364000.0,361500.0,362500.0,7965
20260922,1430,028260,362500.0,364500.0,362000.0,363500.0,4339
20260922,1440,028260,363500.0,366000.0,363000.0,365500.0,7762
20260922,1450,028260,365500.0,368000.0,365500.0,366500.0,8321
20260922,1500,028260,366500.0,367500.0,364500.0,365000.0,6214
20260922,1510,028260,365000.0,367500.0,365000.0,367000.0,6588
20260922,0900,128940,505000.0,508000.0,499500.0,506000.0,4891
20260922,0910,128940,506000.0,507000.0,501000.0,501000.0,1722
20260922,0920,128940,501000.0,505000.0,501000.0,503000.0,1446
20260922,0930,128940,502000.0,507000.0,499000.0,505000.0,4531
20260922,0940,128940,504000.0,506000.0,503000.0,505000.0,1112
20260922,0950,128940,505000.0,508000.0,503000.0,507000.0,2622
20260922,1000,128940,504000.0,507000.0,502000.0,503000.0,3732
20260922,1010,128940,503500.0,506000.0,503000.0,504000.0,1658
20260922,1020,128940,505000.0,506000.0,501000.0,504000.0,2655
20260922,1030,128940,504000.0,505000.0,502000.0,503000.0,606
20260922,1040,128940,503000.0,504000.0,501000.0,503000.0,794
20260922,1050,128940,502000.0,504000.0,502000.0,503000.0,986
20260922,1100,128940,502000.0,504000.0,501000.0,503000.0,415
20260922,1110,128940,504000.0,504000.0,501000.0,502000.0,1471
20260922,1120,128940,503000.0,504000.0,502000.0,503000.0,363
20260922,1130,128940,503000.0,503000.0,501000.0,501000.0,675
20260922,1140,128940,502000.0,503000.0,501000.0,502000.0,373
20260922,1150,128940,502000.0,503000.0,501000.0,502000.0,421
20260922,1200,128940,503000.0,503000.0,501000.0,502000.0,356
20260922,1210,128940,502000.0,503000.0,501000.0,502000.0,425
20260922,1220,128940,502000.0,503000.0,501000.0,502000.0,630
20260922,1230,128940,502000.0,502000.0,500000.0,500000.0,1166
20260922,1240,128940,501000.0,502000.0,499000.0,499000.0,2031
20260922,1250,128940,499000.0,500000.0,498500.0,499500.0,1369
20260922,1300,128940,499500.0,502000.0,499500.0,500000.0,1237
20260922,1310,128940,501000.0,502000.0,499000.0,499000.0,1549
20260922,1320,128940,499000.0,502000.0,499000.0,500000.0,1228
20260922,1330,128940,500000.0,503000.0,499500.0,501000.0,1337
20260922,1340,128940,501000.0,504000.0,501000.0,502000.0,1134
20260922,1350,128940,502000.0,507000.0,502000.0,504000.0,1359
20260922,1400,128940,504000.0,505000.0,501000.0,503000.0,1253
20260922,1410,128940,503000.0,504000.0,502000.0,503000.0,432
20260922,1420,128940,502000.0,503000.0,501000.0,501000.0,1626
20260922,1430,128940,501000.0,503000.0,501000.0,503000.0,517
20260922,1440,128940,503000.0,503000.0,500000.0,501000.0,612
20260922,1450,128940,501000.0,503000.0,500000.0,502000.0,1072
20260922,1500,128940,502000.0,503000.0,499500.0,501000.0,2291
20260922,1510,128940,500000.0,502000.0,499500.0,502000.0,1240
20260922,0900,006360,37550.0,38000.0,37200.0,37750.0,174626
20260922,0910,006360,37750.0,37750.0,37200.0,37350.0,81976
20260922,0920,006360,37350.0,37500.0,36550.0,37050.0,87426
20260922,0930,006360,37100.0,37250.0,36750.0,36900.0,38059
20260922,0940,006360,36850.0,37000.0,36650.0,36900.0,29326
20260922,0950,006360,36950.0,37200.0,36800.0,37100.0,22017
20260922,1000,006360,37150.0,37150.0,36750.0,36900.0,23125
20260922,1010,006360,36900.0,37050.0,36850.0,36900.0,23841
20260922,1020,006360,36900.0,37000.0,36850.0,37000.0,12826
20260922,1030,006360,36950.0,37100.0,36900.0,37000.0,10386
20260922,1040,006360,37000.0,37100.0,36900.0,37000.0,11111
20260922,1050,006360,37050.0,37400.0,37000.0,37300.0,35243
20260922,1100,006360,37250.0,37400.0,37200.0,37350.0,15753
20260922,1110,006360,37350.0,37450.0,37250.0,37450.0,13866
20260922,1120,006360,37450.0,37750.0,37350.0,37650.0,42480
20260922,1130,006360,37600.0,37700.0,37450.0,37450.0,24616
20260922,1140,006360,37450.0,37500.0,37200.0,37200.0,21372
20260922,1150,006360,37200.0,37250.0,37050.0,37050.0,13357
20260922,1200,006360,37050.0,37100.0,36950.0,37050.0,19596
20260922,1210,006360,37050.0,37150.0,37000.0,37050.0,14229
20260922,1220,006360,37000.0,37100.0,37000.0,37100.0,8312
20260922,1230,006360,37100.0,37150.0,37050.0,37150.0,8579
20260922,1240,006360,37100.0,37200.0,36950.0,37150.0,26177
20260922,1250,006360,37200.0,37500.0,37100.0,37450.0,29196
20260922,1300,006360,37450.0,37850.0,37450.0,37800.0,74017
20260922,1310,006360,37800.0,37800.0,37300.0,37300.0,36347
20260922,1320,006360,37350.0,37750.0,37250.0,37750.0,41870
20260922,1330,006360,37750.0,37750.0,37500.0,37600.0,62207
20260922,1340,006360,37600.0,37600.0,37350.0,37400.0,27361
20260922,1350,006360,37350.0,37450.0,37200.0,37400.0,32433
20260922,1400,006360,37300.0,37700.0,37250.0,37400.0,71669
20260922,1410,006360,37500.0,37650.0,37250.0,37250.0,36126
20260922,1420,006360,37300.0,37300.0,37100.0,37200.0,28459
20260922,1430,006360,37200.0,37400.0,37100.0,37400.0,17301
20260922,1440,006360,37400.0,37500.0,37250.0,37400.0,20237
20260922,1450,006360,37400.0,37650.0,37400.0,37600.0,33549
20260922,1500,006360,37650.0,37650.0,37250.0,37350.0,27134
20260922,1510,006360,37350.0,37600.0,37350.0,37450.0,24449
20260922,0900,004020,35650.0,35700.0,35300.0,35450.0,14178
20260922,0910,004020,35500.0,36050.0,35400.0,36000.0,33173
20260922,0920,004020,36000.0,36050.0,35750.0,35800.0,27643
20260922,0930,004020,35800.0,35900.0,35750.0,35750.0,12530
20260922,0940,004020,35750.0,35800.0,35600.0,35800.0,17835
20260922,0950,004020,35800.0,35900.0,35750.0,35850.0,12877
20260922,1000,004020,35900.0,35900.0,35650.0,35750.0,10990
20260922,1010,004020,35750.0,35800.0,35650.0,35650.0,16924
20260922,1020,004020,35700.0,35800.0,35600.0,35650.0,24741
20260922,1030,004020,35650.0,35800.0,35650.0,35700.0,8426
20260922,1040,004020,35700.0,35750.0,35500.0,35550.0,33304
20260922,1050,004020,35550.0,35600.0,35400.0,35400.0,12511
20260922,1100,004020,35400.0,35650.0,35400.0,35600.0,13763
20260922,1110,004020,35550.0,35650.0,35500.0,35600.0,5627
20260922,1120,004020,35550.0,35750.0,35550.0,35650.0,8015
20260922,1130,004020,35600.0,35750.0,35600.0,35700.0,5911
20260922,1140,004020,35700.0,35850.0,35650.0,35650.0,10769
20260922,1150,004020,35650.0,35750.0,35600.0,35700.0,11887
20260922,1200,004020,35700.0,35800.0,35600.0,35650.0,4473
20260922,1210,004020,35600.0,35650.0,35550.0,35550.0,5565
20260922,1220,004020,35550.0,35750.0,35550.0,35700.0,14322
20260922,1230,004020,35700.0,35750.0,35550.0,35650.0,14907
20260922,1240,004020,35600.0,35650.0,35500.0,35650.0,14506
20260922,1250,004020,35600.0,35600.0,35500.0,35500.0,12044
20260922,1300,004020,35500.0,35600.0,35450.0,35450.0,10577
20260922,1310,004020,35450.0,35550.0,35350.0,35400.0,10311
20260922,1320,004020,35350.0,35400.0,35200.0,35250.0,13255
20260922,1330,004020,35250.0,35550.0,35200.0,35350.0,21149
20260922,1340,004020,35300.0,35500.0,35250.0,35250.0,17374
20260922,1350,004020,35250.0,35550.0,35150.0,35300.0,21395
20260922,1400,004020,35300.0,35400.0,35150.0,35200.0,24610
20260922,1410,004020,35250.0,35650.0,35200.0,35500.0,35911
20260922,1420,004020,35450.0,35600.0,35250.0,35400.0,21604
20260922,1430,004020,35500.0,35550.0,35250.0,35350.0,27022
20260922,1440,004020,35300.0,35550.0,35300.0,35450.0,27236
20260922,1450,004020,35350.0,35650.0,35300.0,35550.0,27728
20260922,1500,004020,35550.0,35650.0,35450.0,35550.0,28952
20260922,1510,004020,35650.0,35800.0,35450.0,35650.0,25185
20260922,0900,332570,9300.0,9440.0,9090.0,9100.0,295607
20260922,0910,332570,9090.0,9200.0,9020.0,9030.0,201317
20260922,0920,332570,9030.0,9110.0,9020.0,9110.0,71028
20260922,0930,332570,9120.0,9170.0,9080.0,9090.0,65476
20260922,0940,332570,9090.0,9120.0,9030.0,9040.0,83084
20260922,0950,332570,9040.0,9200.0,9040.0,9190.0,67372
20260922,1000,332570,9190.0,9210.0,9050.0,9070.0,64421
20260922,1010,332570,9070.0,9100.0,9030.0,9050.0,93079
20260922,1020,332570,9040.0,9060.0,9030.0,9030.0,60478
20260922,1030,332570,9040.0,9040.0,9000.0,9000.0,88328
20260922,1040,332570,9010.0,9090.0,8980.0,9050.0,81646
20260922,1050,332570,9050.0,9050.0,9000.0,9040.0,28809
20260922,1100,332570,9040.0,9060.0,9010.0,9050.0,32044
20260922,1110,332570,9040.0,9050.0,9020.0,9020.0,19807
20260922,1120,332570,9030.0,9050.0,9010.0,9050.0,19500
20260922,1130,332570,9050.0,9060.0,9020.0,9060.0,13109
20260922,1140,332570,9060.0,9090.0,9040.0,9050.0,17285
20260922,1150,332570,9050.0,9080.0,9040.0,9070.0,10917
20260922,1200,332570,9080.0,9100.0,9070.0,9070.0,10680
20260922,1210,332570,9080.0,9080.0,9030.0,9030.0,19399
20260922,1220,332570,9040.0,9040.0,9020.0,9030.0,17804
20260922,1230,332570,9030.0,9060.0,9020.0,9060.0,10454
20260922,1240,332570,9060.0,9060.0,9000.0,9020.0,24868
20260922,1250,332570,9010.0,9020.0,8930.0,8940.0,91915
20260922,1300,332570,8940.0,8965.0,8860.0,8860.0,127710
20260922,1310,332570,8870.0,8870.0,8730.0,8850.0,153785
20260922,1320,332570,8850.0,8890.0,8840.0,8840.0,28688
20260922,1330,332570,8850.0,8870.0,8800.0,8820.0,42861
20260922,1340,332570,8830.0,8840.0,8760.0,8790.0,41895
20260922,1350,332570,8770.0,8790.0,8750.0,8750.0,66773
20260922,1400,332570,8750.0,8850.0,8730.0,8850.0,53551
20260922,1410,332570,8830.0,8840.0,8750.0,8750.0,34866
20260922,1420,332570,8750.0,8760.0,8710.0,8720.0,59968
20260922,1430,332570,8720.0,8780.0,8700.0,8780.0,48013
20260922,1440,332570,8770.0,8780.0,8730.0,8760.0,33321
20260922,1450,332570,8760.0,8800.0,8750.0,8780.0,28734
20260922,1500,332570,8770.0,8790.0,8760.0,8770.0,29668
20260922,1510,332570,8770.0,8800.0,8750.0,8790.0,38979
20260922,0900,298380,53000.0,53300.0,52600.0,52700.0,20664
20260922,0910,298380,52750.0,53100.0,52500.0,52600.0,24990
20260922,0920,298380,52600.0,53200.0,52600.0,53100.0,10647
20260922,0930,298380,53000.0,53100.0,52800.0,52950.0,5732
20260922,0940,298380,52900.0,53000.0,52650.0,52800.0,9020
20260922,0950,298380,52800.0,53300.0,52700.0,53200.0,8023
20260922,1000,298380,53200.0,53300.0,53100.0,53100.0,4194
20260922,1010,298380,53200.0,53200.0,52900.0,53000.0,5021
20260922,1020,298380,53000.0,53200.0,52900.0,53200.0,4445
20260922,1030,298380,53000.0,53200.0,52700.0,52800.0,8160
20260922,1040,298380,52800.0,52900.0,52500.0,52600.0,10124
20260922,1050,298380,52600.0,52800.0,52500.0,52800.0,5457
20260922,1100,298380,52800.0,52800.0,52500.0,52700.0,6877
20260922,1110,298380,52600.0,52700.0,52400.0,52500.0,9690
20260922,1120,298380,52500.0,52600.0,52400.0,52500.0,6250
20260922,1130,298380,52600.0,52600.0,52200.0,52400.0,7488
20260922,1140,298380,52400.0,52500.0,52300.0,52400.0,5137
20260922,1150,298380,52500.0,52500.0,52300.0,52400.0,5646
20260922,1200,298380,52400.0,52600.0,52300.0,52400.0,4054
20260922,1210,298380,52500.0,52600.0,52400.0,52400.0,3451
20260922,1220,298380,52400.0,52500.0,52300.0,52300.0,3939
20260922,1230,298380,52400.0,52500.0,52300.0,52400.0,3858
20260922,1240,298380,52400.0,52400.0,52200.0,52300.0,5548
20260922,1250,298380,52300.0,52300.0,52100.0,52100.0,10614
20260922,1300,298380,52100.0,52200.0,51800.0,51800.0,13665
20260922,1310,298380,51800.0,51900.0,51400.0,51500.0,25269
20260922,1320,298380,51600.0,51950.0,51500.0,51950.0,15859
20260922,1330,298380,51900.0,51900.0,51600.0,51700.0,8987
20260922,1340,298380,51700.0,51800.0,51400.0,51600.0,17169
20260922,1350,298380,51600.0,51600.0,51400.0,51500.0,8960
20260922,1400,298380,51500.0,51600.0,51300.0,51500.0,9967
20260922,1410,298380,51600.0,51700.0,51300.0,51300.0,10734
20260922,1420,298380,51400.0,51500.0,51200.0,51300.0,12173
20260922,1430,298380,51200.0,51500.0,51100.0,51200.0,13849
20260922,1440,298380,51200.0,51300.0,51000.0,51000.0,18305
20260922,1450,298380,51100.0,51500.0,51000.0,51200.0,18534
20260922,1500,298380,51100.0,51200.0,51000.0,51000.0,18237
20260922,1510,298380,51050.0,51100.0,50800.0,50900.0,19168
20260922,0900,054920,4970.0,5030.0,4865.0,4865.0,94987
20260922,0910,054920,4865.0,4940.0,4865.0,4910.0,60439
20260922,0920,054920,4900.0,4915.0,4880.0,4905.0,24634
20260922,0930,054920,4900.0,4965.0,4885.0,4955.0,31414
20260922,0940,054920,4945.0,4945.0,4900.0,4920.0,11629
20260922,0950,054920,4920.0,5030.0,4915.0,5020.0,34904
20260922,1000,054920,5010.0,5030.0,4980.0,5030.0,59152
20260922,1010,054920,5020.0,5100.0,4990.0,5080.0,96518
20260922,1020,054920,5100.0,5100.0,5045.0,5050.0,48001
20260922,1030,054920,5050.0,5060.0,5010.0,5040.0,14699
20260922,1040,054920,5040.0,5040.0,5010.0,5020.0,23503
20260922,1050,054920,5010.0,5010.0,4935.0,4940.0,42939
20260922,1100,054920,4935.0,4970.0,4930.0,4935.0,18515
20260922,1110,054920,4940.0,4955.0,4895.0,4920.0,33645
20260922,1120,054920,4910.0,4935.0,4905.0,4920.0,22801
20260922,1130,054920,4920.0,4940.0,4915.0,4920.0,9659
20260922,1140,054920,4915.0,4935.0,4915.0,4930.0,5654
20260922,1150,054920,4930.0,4955.0,4915.0,4955.0,8958
20260922,1200,054920,4950.0,4975.0,4935.0,4940.0,5012
20260922,1210,054920,4940.0,4955.0,4915.0,4915.0,10689
20260922,1220,054920,4920.0,4925.0,4915.0,4920.0,4811
20260922,1230,054920,4920.0,4930.0,4915.0,4915.0,2486
20260922,1240,054920,4915.0,4925.0,4905.0,4905.0,10606
20260922,1250,054920,4905.0,4915.0,4895.0,4910.0,14029
20260922,1300,054920,4900.0,4905.0,4860.0,4875.0,53165
20260922,1310,054920,4875.0,4875.0,4810.0,4815.0,47095
20260922,1320,054920,4815.0,4835.0,4800.0,4825.0,45800
20260922,1330,054920,4820.0,4820.0,4670.0,4750.0,84145
20260922,1340,054920,4755.0,4785.0,4745.0,4770.0,34613
20260922,1350,054920,4770.0,4770.0,4745.0,4770.0,10579
20260922,1400,054920,4765.0,4780.0,4735.0,4770.0,9738
20260922,1410,054920,4770.0,4775.0,4735.0,4755.0,10826
20260922,1420,054920,4750.0,4765.0,4740.0,4750.0,10248
20260922,1430,054920,4755.0,4760.0,4735.0,4750.0,12550
20260922,1440,054920,4755.0,4790.0,4750.0,4780.0,6110
20260922,1450,054920,4775.0,4780.0,4755.0,4755.0,6324
20260922,1500,054920,4770.0,4772.0,4700.0,4760.0,41426
20260922,1510,054920,4750.0,4770.0,4715.0,4725.0,54748
20260922,0900,086520,81000.0,81600.0,80700.0,80700.0,17680
20260922,0910,086520,80700.0,80900.0,80400.0,80400.0,19653
20260922,0920,086520,80400.0,80500.0,80200.0,80300.0,8261
20260922,0930,086520,80300.0,81400.0,80300.0,80600.0,13008
20260922,0940,086520,80600.0,80800.0,80300.0,80700.0,12044
20260922,0950,086520,80600.0,81000.0,80600.0,80900.0,5382
20260922,1000,086520,80800.0,81100.0,80700.0,81000.0,7803
20260922,1010,086520,81000.0,81000.0,80500.0,80500.0,6833
20260922,1020,086520,80550.0,80700.0,80500.0,80600.0,6052
20260922,1030,086520,80400.0,80700.0,80400.0,80600.0,5461
20260922,1040,086520,80500.0,80900.0,80500.0,80700.0,5559
20260922,1050,086520,80700.0,81000.0,80700.0,80800.0,5206
20260922,1100,086520,80800.0,81000.0,80700.0,80800.0,4239
20260922,1110,086520,80800.0,80900.0,80700.0,80700.0,5073
20260922,1120,086520,80700.0,80800.0,80600.0,80600.0,3043
20260922,1130,086520,80700.0,80900.0,80600.0,80800.0,3844
20260922,1140,086520,80800.0,80900.0,80800.0,80900.0,3630
20260922,1150,086520,80850.0,80900.0,80800.0,80800.0,913
20260922,1200,086520,80800.0,80900.0,80700.0,80800.0,3519
20260922,1210,086520,80800.0,80800.0,80600.0,80700.0,5869
20260922,1220,086520,80750.0,80800.0,80600.0,80600.0,5174
20260922,1230,086520,80600.0,80900.0,80600.0,80800.0,3428
20260922,1240,086520,80700.0,80800.0,80600.0,80700.0,2250
20260922,1250,086520,80650.0,80700.0,80500.0,80600.0,2445
20260922,1300,086520,80500.0,80600.0,80400.0,80450.0,3386
20260922,1310,086520,80450.0,80600.0,80350.0,80600.0,7035
20260922,1320,086520,80500.0,80550.0,80300.0,80400.0,9095
20260922,1330,086520,80300.0,80400.0,80200.0,80300.0,9613
20260922,1340,086520,80300.0,80600.0,80200.0,80400.0,10902
20260922,1350,086520,80400.0,80800.0,80300.0,80300.0,9936
20260922,1400,086520,80300.0,80800.0,80300.0,80500.0,8871
20260922,1410,086520,80450.0,80700.0,80300.0,80500.0,8113
20260922,1420,086520,80550.0,80600.0,80100.0,80200.0,11205
20260922,1430,086520,80100.0,80600.0,80100.0,80500.0,10314
20260922,1440,086520,80400.0,80500.0,80200.0,80400.0,7576
20260922,1450,086520,80300.0,80400.0,80200.0,80200.0,9623
20260922,1500,086520,80200.0,80400.0,80100.0,80100.0,8424
20260922,1510,086520,80100.0,80300.0,80000.0,80100.0,13251
20260922,0900,031980,172800.0,173200.0,170000.0,170100.0,11949
20260922,0910,031980,170100.0,170400.0,166400.0,167200.0,8493
20260922,0920,031980,167200.0,167300.0,166000.0,166400.0,7057
20260922,0930,031980,166300.0,168900.0,166200.0,168400.0,4848
20260922,0940,031980,168300.0,168700.0,166700.0,166700.0,3403
20260922,0950,031980,166700.0,166850.0,166200.0,166400.0,2758
20260922,1000,031980,166400.0,166600.0,165600.0,165600.0,4293
20260922,1010,031980,165600.0,165600.0,164400.0,164400.0,3741
20260922,1020,031980,164400.0,164600.0,163400.0,163600.0,4976
20260922,1030,031980,163500.0,164000.0,161500.0,162200.0,7501
20260922,1040,031980,162000.0,162500.0,161500.0,162300.0,6144
20260922,1050,031980,162300.0,163500.0,162300.0,162500.0,3073
20260922,1100,031980,162600.0,162600.0,161900.0,162000.0,3136
20260922,1110,031980,161950.0,162000.0,161600.0,161600.0,4197
20260922,1120,031980,161600.0,161700.0,161200.0,161300.0,4055
20260922,1130,031980,161300.0,161300.0,160900.0,161000.0,5342
20260922,1140,031980,161000.0,161500.0,160900.0,161000.0,2355
20260922,1150,031980,161000.0,162700.0,161000.0,162500.0,2535
20260922,1200,031980,162600.0,162800.0,161700.0,161800.0,2240
20260922,1210,031980,161800.0,162200.0,161600.0,161600.0,2034
20260922,1220,031980,161600.0,162000.0,161300.0,161400.0,1792
20260922,1230,031980,161400.0,162000.0,161200.0,161700.0,1741
20260922,1240,031980,161700.0,161900.0,161300.0,161400.0,2200
20260922,1250,031980,161300.0,161600.0,161000.0,161000.0,3044
20260922,1300,031980,161000.0,162500.0,161000.0,161700.0,2167
20260922,1310,031980,161700.0,161700.0,161000.0,161050.0,3022
20260922,1320,031980,161000.0,161200.0,160200.0,160200.0,4632
20260922,1330,031980,160200.0,160700.0,158000.0,158500.0,9477
20260922,1340,031980,158500.0,160600.0,158500.0,159600.0,5298
20260922,1350,031980,159600.0,159600.0,158000.0,158000.0,4813
20260922,1400,031980,158000.0,158900.0,158000.0,158600.0,3856
20260922,1410,031980,158600.0,158800.0,158000.0,158000.0,4299
20260922,1420,031980,158000.0,158500.0,157500.0,157500.0,6087
20260922,1430,031980,157500.0,159200.0,157400.0,158400.0,6066
20260922,1440,031980,158400.0,158500.0,157500.0,157600.0,4566
20260922,1450,031980,157600.0,158800.0,157600.0,158100.0,4240
20260922,1500,031980,158100.0,159800.0,158100.0,159000.0,5303
20260922,1510,031980,158800.0,159600.0,158200.0,158200.0,3935
20260922,0900,053300,5180.0,5200.0,5100.0,5110.0,14270
20260922,0910,053300,5100.0,5160.0,5100.0,5130.0,7398
20260922,0920,053300,5130.0,5150.0,5110.0,5130.0,4661
20260922,0930,053300,5140.0,5150.0,5100.0,5110.0,4738
20260922,0940,053300,5120.0,5140.0,5110.0,5140.0,3765
20260922,0950,053300,5140.0,5150.0,5130.0,5150.0,2295
20260922,1000,053300,5150.0,5160.0,5140.0,5150.0,1361
20260922,1010,053300,5150.0,5160.0,5140.0,5150.0,2004
20260922,1020,053300,5150.0,5150.0,5120.0,5120.0,4622
20260922,1030,053300,5120.0,5140.0,5120.0,5140.0,1863
20260922,1040,053300,5140.0,5140.0,5120.0,5120.0,643
20260922,1050,053300,5130.0,5140.0,5120.0,5130.0,3064
20260922,1100,053300,5130.0,5140.0,5120.0,5120.0,2665
20260922,1110,053300,5120.0,5130.0,5120.0,5130.0,620
20260922,1120,053300,5130.0,5130.0,5100.0,5130.0,4133
20260922,1130,053300,5110.0,5130.0,5100.0,5120.0,2816
20260922,1140,053300,5120.0,5130.0,5120.0,5130.0,1575
20260922,1150,053300,5130.0,5140.0,5120.0,5130.0,589
20260922,1200,053300,5130.0,5140.0,5130.0,5130.0,36
20260922,1210,053300,5130.0,5140.0,5130.0,5130.0,607
20260922,1220,053300,5130.0,5130.0,5100.0,5130.0,2287
20260922,1230,053300,5130.0,5130.0,5130.0,5130.0,63
20260922,1240,053300,5130.0,5130.0,5120.0,5120.0,393
20260922,1250,053300,5120.0,5120.0,5100.0,5100.0,1949
20260922,1300,053300,5100.0,5120.0,5100.0,5120.0,1601
20260922,1310,053300,5120.0,5120.0,5100.0,5120.0,1055
20260922,1320,053300,5120.0,5120.0,5100.0,5120.0,405
20260922,1330,053300,5120.0,5120.0,5100.0,5110.0,1311
20260922,1340,053300,5110.0,5110.0,5090.0,5090.0,2805
20260922,1350,053300,5090.0,5090.0,5050.0,5080.0,8227
20260922,1400,053300,5070.0,5090.0,5060.0,5070.0,3175
20260922,1410,053300,5080.0,5080.0,5060.0,5060.0,2450
20260922,1420,053300,5070.0,5080.0,5050.0,5050.0,4657
20260922,1430,053300,5060.0,5070.0,5050.0,5060.0,1594
20260922,1440,053300,5060.0,5070.0,5040.0,5070.0,3963
20260922,1450,053300,5070.0,5070.0,5060.0,5070.0,2352
20260922,1500,053300,5070.0,5080.0,5050.0,5070.0,3597
20260922,1510,053300,5070.0,5080.0,5050.0,5080.0,6348
20260922,0900,443670,5130.0,5140.0,5030.0,5030.0,41893
20260922,0910,443670,5040.0,5130.0,5030.0,5100.0,51043
20260922,0920,443670,5110.0,5160.0,5090.0,5160.0,12641
20260922,0930,443670,5160.0,5170.0,5090.0,5100.0,19944
20260922,0940,443670,5100.0,5140.0,5060.0,5140.0,13587
20260922,0950,443670,5130.0,5160.0,5120.0,5160.0,7107
20260922,1000,443670,5160.0,5210.0,5160.0,5170.0,20119
20260922,1010,443670,5170.0,5170.0,5110.0,5110.0,11738
20260922,1020,443670,5110.0,5150.0,5100.0,5140.0,4526
20260922,1030,443670,5140.0,5150.0,5120.0,5140.0,3765
20260922,1040,443670,5130.0,5140.0,5120.0,5120.0,1866
20260922,1050,443670,5130.0,5130.0,5100.0,5100.0,5213
20260922,1100,443670,5100.0,5110.0,5085.0,5085.0,10915
20260922,1110,443670,5085.0,5090.0,5060.0,5080.0,21699
20260922,1120,443670,5080.0,5090.0,5050.0,5070.0,10026
20260922,1130,443670,5070.0,5080.0,5060.0,5070.0,8347
20260922,1140,443670,5070.0,5100.0,5060.0,5080.0,7591
20260922,1150,443670,5080.0,5100.0,5070.0,5080.0,1967
20260922,1200,443670,5070.0,5110.0,5070.0,5110.0,4961
20260922,1210,443670,5110.0,5120.0,5090.0,5100.0,19758
20260922,1220,443670,5110.0,5110.0,5080.0,5090.0,3268
20260922,1230,443670,5090.0,5100.0,5060.0,5100.0,7141
20260922,1240,443670,5090.0,5100.0,5080.0,5080.0,793
20260922,1250,443670,5080.0,5090.0,5060.0,5060.0,6969
20260922,1300,443670,5060.0,5100.0,5050.0,5050.0,5119
20260922,1310,443670,5060.0,5060.0,5040.0,5050.0,8780
20260922,1320,443670,5050.0,5070.0,5050.0,5060.0,942
20260922,1330,443670,5060.0,5080.0,5030.0,5060.0,7442
20260922,1340,443670,5050.0,5060.0,5010.0,5020.0,15085
20260922,1350,443670,5020.0,5050.0,4990.0,4995.0,29224
20260922,1400,443670,4995.0,5040.0,4985.0,5020.0,8353
20260922,1410,443670,5020.0,5040.0,4980.0,5030.0,12640
20260922,1420,443670,5020.0,5030.0,4985.0,4985.0,8472
20260922,1430,443670,4985.0,5020.0,4985.0,5020.0,6849
20260922,1440,443670,5030.0,5040.0,5020.0,5040.0,2070
20260922,1450,443670,5040.0,5050.0,5020.0,5050.0,2593
20260922,1500,443670,5050.0,5060.0,5000.0,5010.0,10618
20260922,1510,443670,5010.0,5050.0,5000.0,5000.0,14958
20260922,0900,028670,5800.0,5860.0,5700.0,5790.0,70987
20260922,0910,028670,5800.0,5800.0,5730.0,5760.0,48813
20260922,0920,028670,5760.0,5760.0,5710.0,5710.0,49177
20260922,0930,028670,5720.0,5740.0,5700.0,5720.0,40276
20260922,0940,028670,5720.0,5760.0,5720.0,5730.0,38865
20260922,0950,028670,5730.0,5770.0,5730.0,5770.0,21591
20260922,1000,028670,5760.0,5770.0,5730.0,5730.0,13478
20260922,1010,028670,5730.0,5750.0,5720.0,5720.0,24620
20260922,1020,028670,5730.0,5750.0,5720.0,5740.0,23083
20260922,1030,028670,5740.0,5760.0,5730.0,5740.0,15415
20260922,1040,028670,5750.0,5760.0,5740.0,5740.0,20177
20260922,1050,028670,5740.0,5750.0,5730.0,5730.0,18901
20260922,1100,028670,5730.0,5750.0,5730.0,5730.0,10306
20260922,1110,028670,5730.0,5740.0,5730.0,5730.0,7476
20260922,1120,028670,5730.0,5750.0,5730.0,5730.0,23532
20260922,1130,028670,5730.0,5750.0,5720.0,5740.0,18288
20260922,1140,028670,5740.0,5750.0,5730.0,5750.0,10357
20260922,1150,028670,5750.0,5750.0,5730.0,5740.0,11019
20260922,1200,028670,5750.0,5750.0,5730.0,5740.0,12846
20260922,1210,028670,5730.0,5750.0,5730.0,5740.0,8255
20260922,1220,028670,5740.0,5760.0,5740.0,5750.0,15534
20260922,1230,028670,5750.0,5760.0,5740.0,5750.0,16742
20260922,1240,028670,5750.0,5760.0,5740.0,5740.0,19087
20260922,1250,028670,5740.0,5760.0,5730.0,5740.0,32139
20260922,1300,028670,5730.0,5740.0,5720.0,5720.0,16369
20260922,1310,028670,5720.0,5760.0,5720.0,5740.0,42255
20260922,1320,028670,5740.0,5760.0,5740.0,5740.0,12599
20260922,1330,028670,5740.0,5770.0,5740.0,5760.0,33068
20260922,1340,028670,5760.0,5780.0,5750.0,5760.0,31819
20260922,1350,028670,5760.0,5780.0,5760.0,5770.0,20463
20260922,1400,028670,5770.0,5790.0,5760.0,5760.0,29320
20260922,1410,028670,5760.0,5780.0,5760.0,5780.0,19888
20260922,1420,028670,5770.0,5780.0,5750.0,5770.0,49603
20260922,1430,028670,5770.0,5780.0,5760.0,5760.0,22058
20260922,1440,028670,5770.0,5780.0,5760.0,5770.0,22653
20260922,1450,028670,5770.0,5790.0,5770.0,5780.0,24444
20260922,1500,028670,5785.0,5790.0,5770.0,5770.0,33496
20260922,1510,028670,5770.0,5790.0,5760.0,5790.0,48213
20260922,0900,036220,6540.0,6560.0,6510.0,6560.0,2420
20260922,0910,036220,6560.0,6560.0,6460.0,6470.0,1622
20260922,0920,036220,6520.0,6560.0,6490.0,6560.0,933
20260922,0930,036220,6540.0,6570.0,6540.0,6570.0,360
20260922,0940,036220,6570.0,6580.0,6560.0,6580.0,299
20260922,0950,036220,6580.0,6620.0,6540.0,6610.0,1282
20260922,1000,036220,6610.0,6620.0,6550.0,6610.0,1640
20260922,1010,036220,6620.0,6620.0,6560.0,6590.0,519
20260922,1020,036220,6590.0,6590.0,6590.0,6590.0,24
20260922,1030,036220,6590.0,6590.0,6560.0,6590.0,141
20260922,1040,036220,6570.0,6570.0,6560.0,6570.0,20
20260922,1050,036220,6570.0,6580.0,6560.0,6580.0,163
20260922,1100,036220,6580.0,6590.0,6580.0,6580.0,306
20260922,1110,036220,6570.0,6570.0,6550.0,6550.0,297
20260922,1120,036220,6550.0,6570.0,6540.0,6540.0,1069
20260922,1130,036220,6540.0,6560.0,6540.0,6550.0,917
20260922,1140,036220,6550.0,6550.0,6550.0,6550.0,20
20260922,1150,036220,6550.0,6560.0,6540.0,6560.0,1359
20260922,1200,036220,6560.0,6560.0,6540.0,6560.0,177
20260922,1210,036220,6560.0,6560.0,6560.0,6560.0,101
20260922,1220,036220,6560.0,6560.0,6560.0,6560.0,19
20260922,1230,036220,6560.0,6560.0,6550.0,6560.0,688
20260922,1240,036220,6560.0,6560.0,6550.0,6550.0,217
20260922,1250,036220,6550.0,6560.0,6550.0,6550.0,490
20260922,1300,036220,6550.0,6550.0,6530.0,6540.0,2169
20260922,1310,036220,6530.0,6530.0,6520.0,6530.0,158
20260922,1320,036220,6530.0,6540.0,6520.0,6520.0,811
20260922,1330,036220,6530.0,6530.0,6500.0,6500.0,518
20260922,1340,036220,6500.0,6510.0,6490.0,6490.0,795
20260922,1350,036220,6490.0,6490.0,6490.0,6490.0,88
20260922,1400,036220,6490.0,6490.0,6480.0,6490.0,203
20260922,1410,036220,6490.0,6490.0,6480.0,6480.0,244
20260922,1420,036220,6480.0,6490.0,6470.0,6470.0,1081
20260922,1430,036220,6470.0,6470.0,6470.0,6470.0,259
20260922,1440,036220,6480.0,6490.0,6470.0,6480.0,913
20260922,1450,036220,6490.0,6490.0,6480.0,6490.0,1512
20260922,1500,036220,6490.0,6530.0,6490.0,6500.0,864
20260922,1510,036220,6490.0,6500.0,6480.0,6490.0,1457
20260922,0900,413630,4420.0,4440.0,4375.0,4375.0,70121
20260922,0910,413630,4370.0,4395.0,4355.0,4375.0,66387
20260922,0920,413630,4375.0,4385.0,4350.0,4380.0,66280
20260922,0930,413630,4380.0,4380.0,4355.0,4370.0,39514
20260922,0940,413630,4370.0,4370.0,4350.0,4365.0,29967
20260922,0950,413630,4360.0,4435.0,4360.0,4420.0,32145
20260922,1000,413630,4420.0,4420.0,4390.0,4400.0,15348
20260922,1010,413630,4400.0,4405.0,4375.0,4380.0,9960
20260922,1020,413630,4375.0,4380.0,4360.0,4370.0,12846
20260922,1030,413630,4370.0,4375.0,4355.0,4370.0,14365
20260922,1040,413630,4370.0,4370.0,4350.0,4360.0,35378
20260922,1050,413630,4360.0,4380.0,4350.0,4350.0,14005
20260922,1100,413630,4355.0,4375.0,4355.0,4365.0,8482
20260922,1110,413630,4375.0,4375.0,4345.0,4350.0,15799
20260922,1120,413630,4350.0,4355.0,4330.0,4340.0,26026
20260922,1130,413630,4340.0,4340.0,4325.0,4335.0,17569
20260922,1140,413630,4335.0,4340.0,4325.0,4335.0,9607
20260922,1150,413630,4330.0,4335.0,4310.0,4315.0,19984
20260922,1200,413630,4315.0,4335.0,4310.0,4330.0,12799
20260922,1210,413630,4330.0,4330.0,4310.0,4330.0,15061
20260922,1220,413630,4330.0,4330.0,4315.0,4320.0,7717
20260922,1230,413630,4315.0,4320.0,4300.0,4320.0,23554
20260922,1240,413630,4320.0,4325.0,4310.0,4315.0,8461
20260922,1250,413630,4310.0,4320.0,4295.0,4295.0,44151
20260922,1300,413630,4295.0,4295.0,4255.0,4285.0,41378
20260922,1310,413630,4290.0,4300.0,4285.0,4295.0,11434
20260922,1320,413630,4295.0,4300.0,4250.0,4255.0,40080
20260922,1330,413630,4265.0,4270.0,4250.0,4255.0,17411
20260922,1340,413630,4255.0,4255.0,4220.0,4230.0,32147
20260922,1350,413630,4225.0,4245.0,4215.0,4220.0,31533
20260922,1400,413630,4225.0,4245.0,4215.0,4235.0,13262
20260922,1410,413630,4235.0,4245.0,4220.0,4220.0,17886
20260922,1420,413630,4220.0,4220.0,4205.0,4210.0,30720
20260922,1430,413630,4210.0,4230.0,4205.0,4225.0,14094
20260922,1440,413630,4225.0,4225.0,4210.0,4220.0,8186
20260922,1450,413630,4215.0,4295.0,4215.0,4275.0,25528
20260922,1500,413630,4275.0,4280.0,4235.0,4240.0,10667
20260922,1510,413630,4240.0,4260.0,4230.0,4250.0,8574
20260922,0900,043260,27400.0,28700.0,27250.0,27550.0,1565508
20260922,0910,043260,27550.0,28400.0,26800.0,27450.0,940192
20260922,0920,043260,27500.0,27750.0,27150.0,27150.0,347976
20260922,0930,043260,27150.0,27400.0,26900.0,27250.0,232299
20260922,0940,043260,27200.0,27250.0,27150.0,27200.0,73005
20260922,0950,043260,27150.0,27300.0,27000.0,27300.0,106931
20260922,1000,043260,27250.0,27750.0,27250.0,27750.0,167634
20260922,1010,043260,27750.0,27850.0,27150.0,27300.0,209553
20260922,1020,043260,27300.0,27300.0,27100.0,27100.0,60072
20260922,1030,043260,27150.0,27150.0,26800.0,27000.0,191208
20260922,1040,043260,26950.0,27150.0,26850.0,27000.0,66417
20260922,1050,043260,27000.0,27300.0,26950.0,27300.0,54023
20260922,1100,043260,27300.0,27300.0,27050.0,27200.0,48605
20260922,1110,043260,27200.0,27250.0,27000.0,27000.0,30117
20260922,1120,043260,27000.0,27150.0,27000.0,27050.0,22745
20260922,1130,043260,27050.0,27250.0,27000.0,27200.0,26229
20260922,1140,043260,27250.0,27450.0,27200.0,27300.0,67072
20260922,1150,043260,27300.0,27350.0,27150.0,27250.0,70901
20260922,1200,043260,27200.0,27300.0,27200.0,27250.0,18717
20260922,1210,043260,27250.0,27300.0,27100.0,27200.0,27100
20260922,1220,043260,27150.0,27200.0,27100.0,27150.0,17663
20260922,1230,043260,27100.0,27150.0,27050.0,27100.0,18809
20260922,1240,043260,27100.0,27250.0,27050.0,27250.0,31034
20260922,1250,043260,27250.0,27250.0,27050.0,27050.0,32597
20260922,1300,043260,27100.0,27100.0,26900.0,26900.0,53661
20260922,1310,043260,26900.0,27050.0,26850.0,26900.0,48788
20260922,1320,043260,26850.0,27100.0,26850.0,26950.0,41683
20260922,1330,043260,26950.0,26950.0,26800.0,26800.0,48833
20260922,1340,043260,26800.0,26950.0,26700.0,26750.0,58891
20260922,1350,043260,26725.0,27000.0,26600.0,26650.0,86438
20260922,1400,043260,26700.0,27000.0,26650.0,26950.0,30743
20260922,1410,043260,26950.0,26950.0,26650.0,26700.0,32557
20260922,1420,043260,26700.0,26750.0,26550.0,26750.0,57837
20260922,1430,043260,26750.0,26900.0,26600.0,26900.0,34578
20260922,1440,043260,26850.0,26950.0,26850.0,26850.0,29957
20260922,1450,043260,26850.0,27000.0,26850.0,27000.0,33118
20260922,1500,043260,27000.0,27000.0,26850.0,26950.0,30964
20260922,1510,043260,26900.0,26950.0,26800.0,26850.0,40308
20260922,0900,115440,10210.0,10220.0,9700.0,9710.0,69952
20260922,0910,115440,9710.0,9880.0,9680.0,9820.0,36143
20260922,0920,115440,9820.0,9840.0,9740.0,9830.0,15887
20260922,0930,115440,9820.0,9850.0,9760.0,9820.0,11367
20260922,0940,115440,9820.0,9910.0,9795.0,9880.0,12646
20260922,0950,115440,9870.0,9960.0,9860.0,9950.0,10472
20260922,1000,115440,9960.0,9960.0,9840.0,9920.0,12270
20260922,1010,115440,9920.0,9950.0,9880.0,9910.0,7817
20260922,1020,115440,9920.0,9950.0,9860.0,9860.0,9311
20260922,1030,115440,9860.0,9860.0,9740.0,9780.0,20920
20260922,1040,115440,9790.0,9840.0,9770.0,9780.0,3680
20260922,1050,115440,9780.0,9830.0,9720.0,9780.0,8677
20260922,1100,115440,9780.0,9780.0,9710.0,9750.0,7564
20260922,1110,115440,9750.0,9750.0,9660.0,9690.0,17132
20260922,1120,115440,9690.0,9720.0,9670.0,9690.0,5051
20260922,1130,115440,9680.0,9700.0,9600.0,9650.0,11216
20260922,1140,115440,9640.0,9660.0,9620.0,9660.0,5546
20260922,1150,115440,9660.0,9670.0,9650.0,9670.0,3901
20260922,1200,115440,9670.0,9700.0,9660.0,9670.0,4344
20260922,1210,115440,9670.0,9670.0,9650.0,9650.0,3449
20260922,1220,115440,9660.0,9670.0,9640.0,9670.0,5961
20260922,1230,115440,9690.0,9690.0,9660.0,9660.0,3049
20260922,1240,115440,9670.0,9670.0,9600.0,9600.0,12690
20260922,1250,115440,9610.0,9620.0,9470.0,9500.0,24576
20260922,1300,115440,9510.0,9520.0,9440.0,9480.0,12914
20260922,1310,115440,9470.0,9470.0,9380.0,9420.0,13362
20260922,1320,115440,9430.0,9450.0,9350.0,9450.0,12077
20260922,1330,115440,9450.0,9460.0,9400.0,9410.0,8801
20260922,1340,115440,9400.0,9450.0,9370.0,9380.0,9226
20260922,1350,115440,9370.0,9380.0,9330.0,9330.0,12536
20260922,1400,115440,9330.0,9430.0,9310.0,9430.0,10184
20260922,1410,115440,9400.0,9420.0,9330.0,9330.0,8973
20260922,1420,115440,9340.0,9400.0,9280.0,9310.0,21882
20260922,1430,115440,9290.0,9350.0,9250.0,9350.0,10282
20260922,1440,115440,9350.0,9360.0,9290.0,9360.0,4373
20260922,1450,115440,9350.0,9380.0,9350.0,9380.0,1820
20260922,1500,115440,9380.0,9410.0,9350.0,9380.0,7776
20260922,1510,115440,9360.0,9390.0,9340.0,9380.0,5247
20260922,0900,278470,360000.0,366000.0,358000.0,365000.0,18063
20260922,0910,278470,365000.0,366000.0,362000.0,363500.0,7191
20260922,0920,278470,363500.0,367500.0,363000.0,366000.0,8920
20260922,0930,278470,366500.0,366500.0,361000.0,362000.0,8346
20260922,0940,278470,362000.0,362000.0,361000.0,361000.0,4457
20260922,0950,278470,361000.0,362000.0,361000.0,361500.0,4024
20260922,1000,278470,361000.0,363000.0,361000.0,361500.0,3766
20260922,1010,278470,361500.0,363500.0,361000.0,361500.0,3156
20260922,1020,278470,362000.0,364000.0,361500.0,364000.0,2619
20260922,1030,278470,364000.0,366000.0,363000.0,365500.0,6809
20260922,1040,278470,365500.0,366500.0,363500.0,364000.0,3793
20260922,1050,278470,364000.0,365000.0,363500.0,363500.0,3270
20260922,1100,278470,364500.0,364500.0,363000.0,363000.0,2409
20260922,1110,278470,363000.0,364000.0,362000.0,363000.0,3865
20260922,1120,278470,362500.0,363500.0,362000.0,362000.0,2723
20260922,1130,278470,362000.0,362500.0,361500.0,362000.0,3588
20260922,1140,278470,362000.0,363000.0,361500.0,362000.0,2900
20260922,1150,278470,362500.0,363000.0,361500.0,362000.0,3067
20260922,1200,278470,362000.0,362500.0,361500.0,361500.0,3084
20260922,1210,278470,361500.0,362500.0,361000.0,361500.0,3705
20260922,1220,278470,361000.0,362000.0,360500.0,361500.0,4543
20260922,1230,278470,361500.0,361500.0,360000.0,360500.0,5101
20260922,1240,278470,360500.0,361500.0,360000.0,361000.0,3950
20260922,1250,278470,361000.0,361500.0,360000.0,360500.0,3055
20260922,1300,278470,360500.0,362000.0,360500.0,360500.0,3375
20260922,1310,278470,360500.0,361500.0,360000.0,360000.0,4734
20260922,1320,278470,360000.0,362000.0,360000.0,362000.0,3907
20260922,1330,278470,361500.0,363000.0,361000.0,362000.0,4900
20260922,1340,278470,362000.0,364000.0,362000.0,364000.0,5561
20260922,1350,278470,364000.0,364000.0,362000.0,362500.0,4021
20260922,1400,278470,363000.0,363500.0,361500.0,363000.0,4040
20260922,1410,278470,363500.0,364000.0,362000.0,363000.0,4739
20260922,1420,278470,363500.0,363500.0,361500.0,362000.0,4453
20260922,1430,278470,362000.0,362500.0,361000.0,361500.0,5266
20260922,1440,278470,361500.0,362500.0,361000.0,361500.0,3963
20260922,1450,278470,361500.0,362000.0,360500.0,361000.0,7469
20260922,1500,278470,361500.0,362000.0,360000.0,361000.0,8237
20260922,1510,278470,361000.0,362000.0,361000.0,361500.0,4675
20260922,0900,000150,1469000.0,1476000.0,1452000.0,1464000.0,4378
20260922,0910,000150,1464000.0,1513000.0,1460000.0,1493000.0,12714
20260922,0920,000150,1495000.0,1500000.0,1477000.0,1495000.0,3581
20260922,0930,000150,1496000.0,1510000.0,1490000.0,1491000.0,5930
20260922,0940,000150,1491000.0,1495000.0,1484000.0,1488000.0,3782
20260922,0950,000150,1489000.0,1492000.0,1474000.0,1486000.0,3038
20260922,1000,000150,1486000.0,1489000.0,1476000.0,1476000.0,1603
20260922,1010,000150,1476000.0,1487000.0,1471000.0,1483000.0,1953
20260922,1020,000150,1483000.0,1485000.0,1474000.0,1484000.0,1379
20260922,1030,000150,1484000.0,1487000.0,1477000.0,1485000.0,1775
20260922,1040,000150,1485000.0,1500000.0,1485000.0,1492000.0,3318
20260922,1050,000150,1492000.0,1498000.0,1484000.0,1492000.0,1991
20260922,1100,000150,1491000.0,1494000.0,1489000.0,1492000.0,981
20260922,1110,000150,1492000.0,1493000.0,1479000.0,1484000.0,1255
20260922,1120,000150,1484000.0,1485000.0,1478000.0,1481000.0,977
20260922,1130,000150,1480000.0,1482000.0,1478000.0,1482000.0,1061
20260922,1140,000150,1480000.0,1486000.0,1479000.0,1479000.0,859
20260922,1150,000150,1480000.0,1481000.0,1477000.0,1481000.0,900
20260922,1200,000150,1481000.0,1484000.0,1476000.0,1477000.0,813
20260922,1210,000150,1478000.0,1481000.0,1476000.0,1478000.0,723
20260922,1220,000150,1478000.0,1481000.0,1476000.0,1477000.0,720
20260922,1230,000150,1477000.0,1480000.0,1476000.0,1479000.0,736
20260922,1240,000150,1479000.0,1480000.0,1471000.0,1472000.0,1152
20260922,1250,000150,1471000.0,1474000.0,1468000.0,1469000.0,1524
20260922,1300,000150,1468000.0,1477000.0,1468000.0,1474000.0,1208
20260922,1310,000150,1473000.0,1474000.0,1468000.0,1469000.0,1213
20260922,1320,000150,1469000.0,1475000.0,1467000.0,1474000.0,1099
20260922,1330,000150,1473000.0,1475000.0,1456000.0,1458000.0,1991
20260922,1340,000150,1457000.0,1464000.0,1455000.0,1455000.0,1830
20260922,1350,000150,1456000.0,1462000.0,1454000.0,1456000.0,1446
20260922,1400,000150,1457000.0,1469000.0,1456000.0,1465000.0,1457
20260922,1410,000150,1465000.0,1467000.0,1459000.0,1463000.0,1847
20260922,1420,000150,1463000.0,1466000.0,1453000.0,1464000.0,4154
20260922,1430,000150,1463000.0,1474000.0,1459000.0,1474000.0,1753
20260922,1440,000150,1474000.0,1480000.0,1473000.0,1479000.0,2074
20260922,1450,000150,1478000.0,1483000.0,1477000.0,1482000.0,2225
20260922,1500,000150,1482000.0,1483000.0,1474000.0,1480000.0,2110
20260922,1510,000150,1481000.0,1483000.0,1474000.0,1476000.0,2005
20260922,0900,000500,330500.0,342000.0,325000.0,330500.0,72340
20260922,0910,000500,331000.0,335000.0,326000.0,330500.0,25718
20260922,0920,000500,331000.0,349500.0,328500.0,341000.0,84575
20260922,0930,000500,341000.0,341500.0,332500.0,334500.0,37105
20260922,0940,000500,334500.0,337500.0,333000.0,336500.0,11778
20260922,0950,000500,336500.0,338500.0,334000.0,336000.0,9771
20260922,1000,000500,336000.0,338000.0,333000.0,334000.0,9363
20260922,1010,000500,334000.0,334500.0,328500.0,330000.0,12481
20260922,1020,000500,330000.0,332500.0,330000.0,331500.0,3433
20260922,1030,000500,331000.0,331500.0,330000.0,331000.0,2953
20260922,1040,000500,331000.0,331500.0,330000.0,330000.0,2728
20260922,1050,000500,330500.0,333000.0,329000.0,330500.0,5359
20260922,1100,000500,330500.0,331500.0,328000.0,328000.0,3758
20260922,1110,000500,328500.0,328500.0,326000.0,326000.0,7321
20260922,1120,000500,326000.0,327500.0,326000.0,326500.0,4254
20260922,1130,000500,326500.0,328500.0,326500.0,328500.0,2258
20260922,1140,000500,328500.0,329500.0,328000.0,329000.0,2335
20260922,1150,000500,329000.0,329500.0,328000.0,329000.0,2130
20260922,1200,000500,329000.0,329500.0,328000.0,328500.0,2387
20260922,1210,000500,329000.0,331000.0,328500.0,330500.0,2639
20260922,1220,000500,330500.0,331000.0,330000.0,331000.0,1223
20260922,1230,000500,330500.0,332500.0,330500.0,332000.0,2456
20260922,1240,000500,332500.0,332500.0,330000.0,330500.0,2156
20260922,1250,000500,331000.0,331000.0,328500.0,328750.0,2944
20260922,1300,000500,329000.0,329000.0,327000.0,327500.0,2999
20260922,1310,000500,328000.0,328000.0,326000.0,326750.0,4748
20260922,1320,000500,327000.0,329000.0,326000.0,327500.0,4063
20260922,1330,000500,327000.0,328000.0,322500.0,325000.0,9034
20260922,1340,000500,325000.0,325500.0,322000.0,322000.0,3866
20260922,1350,000500,322000.0,323500.0,320500.0,320500.0,8541
20260922,1400,000500,320500.0,324000.0,320000.0,324000.0,4285
20260922,1410,000500,323750.0,324000.0,320500.0,321000.0,3832
20260922,1420,000500,320500.0,321500.0,320000.0,320500.0,9762
20260922,1430,000500,320500.0,322500.0,319000.0,322000.0,5766
20260922,1440,000500,322500.0,325000.0,322000.0,323500.0,4707
20260922,1450,000500,323000.0,324500.0,322000.0,323500.0,2955
20260922,1500,000500,322500.0,323500.0,320500.0,321000.0,3166
20260922,1510,000500,321000.0,321500.0,319000.0,321000.0,4308
20260922,0900,417200,13880.0,14270.0,13750.0,13800.0,164363
20260922,0910,417200,13820.0,13890.0,13690.0,13730.0,81333
20260922,0920,417200,13730.0,13990.0,13720.0,13970.0,65457
20260922,0930,417200,13980.0,13990.0,13750.0,13830.0,85745
20260922,0940,417200,13830.0,13920.0,13820.0,13920.0,46936
20260922,0950,417200,13920.0,14030.0,13890.0,14030.0,42463
20260922,1000,417200,14030.0,14030.0,13890.0,13905.0,21026
20260922,1010,417200,13905.0,13905.0,13750.0,13780.0,35921
20260922,1020,417200,13770.0,13800.0,13680.0,13730.0,37404
20260922,1030,417200,13730.0,13740.0,13600.0,13720.0,57199
20260922,1040,417200,13710.0,13750.0,13660.0,13690.0,15653
20260922,1050,417200,13690.0,13850.0,13690.0,13740.0,18377
20260922,1100,417200,13740.0,13770.0,13730.0,13730.0,5698
20260922,1110,417200,13730.0,13740.0,13690.0,13720.0,13711
20260922,1120,417200,13720.0,13720.0,13660.0,13660.0,11051
20260922,1130,417200,13670.0,13710.0,13660.0,13690.0,7680
20260922,1140,417200,13690.0,13700.0,13670.0,13700.0,10326
20260922,1150,417200,13710.0,13740.0,13665.0,13710.0,10716
20260922,1200,417200,13700.0,13710.0,13680.0,13680.0,3916
20260922,1210,417200,13690.0,13700.0,13680.0,13700.0,4843
20260922,1220,417200,13700.0,13710.0,13690.0,13710.0,5859
20260922,1230,417200,13705.0,13710.0,13670.0,13680.0,9272
20260922,1240,417200,13690.0,13690.0,13650.0,13660.0,15320
20260922,1250,417200,13670.0,13670.0,13570.0,13620.0,40328
20260922,1300,417200,13630.0,13630.0,13550.0,13550.0,19825
20260922,1310,417200,13550.0,13580.0,13510.0,13580.0,27285
20260922,1320,417200,13580.0,13620.0,13530.0,13620.0,7941
20260922,1330,417200,13620.0,13630.0,13530.0,13540.0,13902
20260922,1340,417200,13540.0,13540.0,13460.0,13470.0,22419
20260922,1350,417200,13470.0,13490.0,13400.0,13410.0,20382
20260922,1400,417200,13410.0,13520.0,13400.0,13480.0,23752
20260922,1410,417200,13490.0,13490.0,13420.0,13430.0,12956
20260922,1420,417200,13430.0,13480.0,13385.0,13470.0,19848
20260922,1430,417200,13460.0,13490.0,13410.0,13480.0,13175
20260922,1440,417200,13490.0,13500.0,13440.0,13450.0,6440
20260922,1450,417200,13460.0,13480.0,13420.0,13420.0,11308
20260922,1500,417200,13430.0,13440.0,13400.0,13410.0,10857
20260922,1510,417200,13410.0,13440.0,13350.0,13370.0,31462
20260922,0900,050890,9560.0,9650.0,9370.0,9420.0,160682
20260922,0910,050890,9440.0,9630.0,9420.0,9580.0,104850
20260922,0920,050890,9580.0,9580.0,9430.0,9510.0,65836
20260922,0930,050890,9510.0,9530.0,9450.0,9500.0,31559
20260922,0940,050890,9500.0,9590.0,9490.0,9520.0,39020
20260922,0950,050890,9520.0,9680.0,9520.0,9680.0,72113
20260922,1000,050890,9680.0,9710.0,9580.0,9690.0,107191
20260922,1010,050890,9690.0,9750.0,9650.0,9700.0,90732
20260922,1020,050890,9700.0,9720.0,9620.0,9650.0,43944
20260922,1030,050890,9650.0,9660.0,9560.0,9590.0,40743
20260922,1040,050890,9600.0,9680.0,9580.0,9670.0,18964
20260922,1050,050890,9670.0,9680.0,9630.0,9660.0,24061
20260922,1100,050890,9650.0,9660.0,9600.0,9630.0,12723
20260922,1110,050890,9630.0,9640.0,9580.0,9590.0,14603
20260922,1120,050890,9590.0,9600.0,9570.0,9590.0,11517
20260922,1130,050890,9590.0,9620.0,9580.0,9620.0,11831
20260922,1140,050890,9620.0,9650.0,9600.0,9600.0,9537
20260922,1150,050890,9610.0,9610.0,9570.0,9580.0,11624
20260922,1200,050890,9570.0,9600.0,9570.0,9570.0,7753
20260922,1210,050890,9580.0,9590.0,9560.0,9580.0,7817
20260922,1220,050890,9580.0,9600.0,9570.0,9580.0,8908
20260922,1230,050890,9580.0,9610.0,9580.0,9580.0,7611
20260922,1240,050890,9580.0,9580.0,9540.0,9550.0,11610
20260922,1250,050890,9550.0,9560.0,9530.0,9540.0,14859
20260922,1300,050890,9530.0,9550.0,9500.0,9500.0,25034
20260922,1310,050890,9510.0,9510.0,9450.0,9490.0,27164
20260922,1320,050890,9490.0,9550.0,9490.0,9540.0,11927
20260922,1330,050890,9530.0,9530.0,9460.0,9470.0,13416
20260922,1340,050890,9480.0,9500.0,9450.0,9470.0,20248
20260922,1350,050890,9460.0,9490.0,9450.0,9450.0,16029
20260922,1400,050890,9450.0,9520.0,9430.0,9520.0,15960
20260922,1410,050890,9520.0,9520.0,9460.0,9460.0,9852
20260922,1420,050890,9450.0,9460.0,9420.0,9440.0,22087
20260922,1430,050890,9450.0,9500.0,9420.0,9490.0,24448
20260922,1440,050890,9490.0,9530.0,9480.0,9530.0,18250
20260922,1450,050890,9530.0,9570.0,9530.0,9570.0,12980
20260922,1500,050890,9570.0,9570.0,9510.0,9530.0,19340
20260922,1510,050890,9530.0,9540.0,9520.0,9540.0,21697
20260922,1520,050890,9540.0,9540.0,9540.0,9540.0,1
20260922,0900,035420,201500.0,203500.0,201500.0,202000.0,48153
20260922,0910,035420,202500.0,203500.0,202000.0,202500.0,23719
20260922,0920,035420,202500.0,203500.0,202000.0,202500.0,18711
20260922,0930,035420,202500.0,203500.0,202500.0,203000.0,15771
20260922,0940,035420,203250.0,203500.0,201500.0,201750.0,18913
20260922,0950,035420,201750.0,203000.0,201500.0,202500.0,10950
20260922,1000,035420,202000.0,202500.0,202000.0,202500.0,5435
20260922,1010,035420,202000.0,202500.0,201500.0,201750.0,14221
20260922,1020,035420,201500.0,202000.0,201000.0,201500.0,8893
20260922,1030,035420,201000.0,202000.0,201000.0,201500.0,7312
20260922,1040,035420,202000.0,202000.0,201000.0,201000.0,8653
20260922,1050,035420,201000.0,202000.0,201000.0,201500.0,8434
20260922,1100,035420,201500.0,202000.0,201500.0,201500.0,6502
20260922,1110,035420,201500.0,202000.0,201500.0,201500.0,4947
20260922,1120,035420,201500.0,202000.0,201000.0,201500.0,6380
20260922,1130,035420,201000.0,201500.0,201000.0,201000.0,3813
20260922,1140,035420,201000.0,201500.0,201000.0,201500.0,5742
20260922,1150,035420,201500.0,202000.0,201000.0,201500.0,4038
20260922,1200,035420,201500.0,202000.0,201500.0,201500.0,3883
20260922,1210,035420,201500.0,203000.0,201500.0,202500.0,18522
20260922,1220,035420,203000.0,203500.0,202500.0,203000.0,14761
20260922,1230,035420,203000.0,203500.0,203000.0,203000.0,4377
20260922,1240,035420,203000.0,203500.0,202500.0,203000.0,7934
20260922,1250,035420,203000.0,203000.0,202000.0,203000.0,6726
20260922,1300,035420,203000.0,203000.0,202000.0,202500.0,6993
20260922,1310,035420,202500.0,202500.0,202000.0,202000.0,5174
20260922,1320,035420,202000.0,203000.0,201500.0,202500.0,15970
20260922,1330,035420,202500.0,203000.0,202000.0,202500.0,9307
20260922,1340,035420,202500.0,202500.0,201500.0,202000.0,10854
20260922,1350,035420,202000.0,202500.0,201500.0,202000.0,9285
20260922,1400,035420,201500.0,202000.0,201000.0,201000.0,11518
20260922,1410,035420,201000.0,201500.0,201000.0,201500.0,7825
20260922,1420,035420,201000.0,201500.0,200500.0,200500.0,16522
20260922,1430,035420,201000.0,201000.0,200500.0,200500.0,7653
20260922,1440,035420,200500.0,201500.0,200500.0,201000.0,11500
20260922,1450,035420,201500.0,201500.0,201000.0,201500.0,10096
20260922,1500,035420,201000.0,201500.0,200500.0,201000.0,10800
20260922,1510,035420,200500.0,201500.0,200000.0,201000.0,23158
20260922,0900,218410,60300.0,60300.0,58700.0,58900.0,94060
20260922,0910,218410,58800.0,60000.0,58800.0,59400.0,44683
20260922,0920,218410,59400.0,59400.0,58800.0,59000.0,47051
20260922,0930,218410,58900.0,59900.0,58900.0,59600.0,30536
20260922,0940,218410,59600.0,59900.0,59200.0,59800.0,12595
20260922,0950,218410,59800.0,60000.0,59500.0,60000.0,13624
20260922,1000,218410,59900.0,60200.0,59700.0,60000.0,21647
20260922,1010,218410,59900.0,60000.0,59400.0,59500.0,12374
20260922,1020,218410,59600.0,59600.0,59300.0,59500.0,5081
20260922,1030,218410,59500.0,59600.0,59300.0,59400.0,6612
20260922,1040,218410,59300.0,59900.0,59300.0,59700.0,14856
20260922,1050,218410,59700.0,60100.0,59700.0,59900.0,7115
20260922,1100,218410,59800.0,59900.0,59700.0,59800.0,5202
20260922,1110,218410,59700.0,59800.0,59500.0,59500.0,8172
20260922,1120,218410,59600.0,59700.0,59200.0,59600.0,9729
20260922,1130,218410,59600.0,59800.0,59500.0,59700.0,9431
20260922,1140,218410,59700.0,59800.0,59500.0,59500.0,6768
20260922,1150,218410,59600.0,59600.0,59400.0,59500.0,3130
20260922,1200,218410,59500.0,59600.0,59300.0,59400.0,7007
20260922,1210,218410,59400.0,59600.0,59300.0,59500.0,3393
20260922,1220,218410,59500.0,59700.0,59500.0,59700.0,2333
20260922,1230,218410,59600.0,59700.0,59400.0,59400.0,5195
20260922,1240,218410,59400.0,59600.0,59400.0,59600.0,3954
20260922,1250,218410,59500.0,59500.0,59100.0,59200.0,11588
20260922,1300,218410,59200.0,59300.0,58900.0,59000.0,17910
20260922,1310,218410,59000.0,59000.0,58800.0,58800.0,12210
20260922,1320,218410,58800.0,59100.0,58800.0,59000.0,8767
20260922,1330,218410,59000.0,59100.0,58800.0,58800.0,5394
20260922,1340,218410,58800.0,58900.0,58500.0,58500.0,11196
20260922,1350,218410,58500.0,58700.0,58500.0,58500.0,12743
20260922,1400,218410,58500.0,59100.0,58300.0,59000.0,13442
20260922,1410,218410,59000.0,59000.0,58400.0,58500.0,6165
20260922,1420,218410,58500.0,58500.0,58200.0,58400.0,12329
20260922,1430,218410,58400.0,58900.0,58300.0,58900.0,6867
20260922,1440,218410,58900.0,58900.0,58700.0,58800.0,7960
20260922,1450,218410,58900.0,59100.0,58800.0,59000.0,8706
20260922,1500,218410,59100.0,59100.0,58800.0,58900.0,6652
20260922,1510,218410,58900.0,59000.0,58700.0,59000.0,7328
20260922,0900,049080,10180.0,10190.0,9750.0,9800.0,60912
20260922,0910,049080,9820.0,10060.0,9800.0,10010.0,23414
20260922,0920,049080,10000.0,10030.0,9920.0,10000.0,14659
20260922,0930,049080,10000.0,10040.0,9940.0,9950.0,6909
20260922,0940,049080,9950.0,10050.0,9890.0,10050.0,15819
20260922,0950,049080,10040.0,10090.0,9980.0,10090.0,4509
20260922,1000,049080,10100.0,10100.0,10010.0,10040.0,5669
20260922,1010,049080,10030.0,10100.0,10030.0,10080.0,10329
20260922,1020,049080,10080.0,10100.0,10030.0,10060.0,4220
20260922,1030,049080,10060.0,10080.0,9980.0,10030.0,4146
20260922,1040,049080,10000.0,10000.0,9940.0,9960.0,5067
20260922,1050,049080,9960.0,9990.0,9960.0,9990.0,3511
20260922,1100,049080,9990.0,10130.0,9970.0,9990.0,16493
20260922,1110,049080,9990.0,9990.0,9950.0,9960.0,10271
20260922,1120,049080,9960.0,9960.0,9920.0,9920.0,7294
20260922,1130,049080,9930.0,9980.0,9920.0,9980.0,2071
20260922,1140,049080,9980.0,10000.0,9970.0,9970.0,970
20260922,1150,049080,9970.0,10000.0,9960.0,10000.0,670
20260922,1200,049080,9990.0,9990.0,9980.0,9990.0,1709
20260922,1210,049080,9990.0,10020.0,9960.0,10020.0,1295
20260922,1220,049080,10020.0,10050.0,10010.0,10010.0,2678
20260922,1230,049080,10040.0,10040.0,10010.0,10030.0,2418
20260922,1240,049080,10020.0,10020.0,9950.0,10000.0,3412
20260922,1250,049080,9950.0,10000.0,9920.0,9920.0,2412
20260922,1300,049080,9920.0,9950.0,9900.0,9900.0,10482
20260922,1310,049080,9910.0,9930.0,9890.0,9890.0,5516
20260922,1320,049080,9890.0,9890.0,9860.0,9880.0,3252
20260922,1330,049080,9890.0,9890.0,9840.0,9840.0,4669
20260922,1340,049080,9840.0,9850.0,9830.0,9830.0,3856
20260922,1350,049080,9830.0,9830.0,9800.0,9800.0,6943
20260922,1400,049080,9800.0,9890.0,9770.0,9870.0,6065
20260922,1410,049080,9840.0,9850.0,9780.0,9810.0,1965
20260922,1420,049080,9810.0,9810.0,9730.0,9730.0,10282
20260922,1430,049080,9740.0,9760.0,9700.0,9740.0,6790
20260922,1440,049080,9750.0,9750.0,9700.0,9710.0,3537
20260922,1450,049080,9720.0,9780.0,9710.0,9750.0,2454
20260922,1500,049080,9750.0,9800.0,9700.0,9740.0,5444
20260922,1510,049080,9750.0,9850.0,9750.0,9800.0,5876
20260922,0900,126340,86400.0,86500.0,84800.0,84900.0,9003
20260922,0910,126340,85100.0,86400.0,84800.0,84900.0,10754
20260922,0920,126340,85000.0,86100.0,84500.0,86100.0,6648
20260922,0930,126340,86100.0,86500.0,85400.0,85600.0,6115
20260922,0940,126340,85600.0,87400.0,85400.0,86750.0,7067
20260922,0950,126340,86750.0,86900.0,86300.0,86900.0,3626
20260922,1000,126340,86900.0,87200.0,86100.0,86200.0,2826
20260922,1010,126340,86200.0,86300.0,85500.0,85700.0,2739
20260922,1020,126340,85700.0,86500.0,85600.0,86400.0,1561
20260922,1030,126340,86400.0,86500.0,85700.0,86000.0,1903
20260922,1040,126340,86000.0,86300.0,85600.0,85900.0,2777
20260922,1050,126340,86000.0,86300.0,85900.0,86100.0,1591
20260922,1100,126340,86100.0,86500.0,86000.0,86400.0,1901
20260922,1110,126340,86500.0,86500.0,85800.0,85800.0,2159
20260922,1120,126340,85700.0,85800.0,85000.0,85200.0,3591
20260922,1130,126340,85200.0,85400.0,85000.0,85400.0,844
20260922,1140,126340,85400.0,85900.0,85400.0,85700.0,1160
20260922,1150,126340,85700.0,85900.0,85300.0,85300.0,641
20260922,1200,126340,85450.0,85500.0,85000.0,85000.0,1095
20260922,1210,126340,85000.0,85400.0,85000.0,85300.0,789
20260922,1220,126340,85300.0,85500.0,84900.0,85200.0,2170
20260922,1230,126340,85200.0,85900.0,85200.0,85300.0,1239
20260922,1240,126340,85500.0,85800.0,85200.0,85500.0,897
20260922,1250,126340,85500.0,85600.0,84300.0,84400.0,4751
20260922,1300,126340,84400.0,84900.0,84200.0,84200.0,2998
20260922,1310,126340,84300.0,84300.0,83100.0,83600.0,3929
20260922,1320,126340,83700.0,84000.0,83000.0,83300.0,4365
20260922,1330,126340,83300.0,83300.0,81900.0,81900.0,7786
20260922,1340,126340,82000.0,82600.0,81400.0,81600.0,5283
20260922,1350,126340,81600.0,82500.0,81300.0,81500.0,3446
20260922,1400,126340,81400.0,82600.0,81300.0,81900.0,3295
20260922,1410,126340,81900.0,82100.0,80900.0,80900.0,5019
20260922,1420,126340,80900.0,81800.0,80700.0,81700.0,4395
20260922,1430,126340,81600.0,82100.0,81100.0,81800.0,2521
20260922,1440,126340,81900.0,82400.0,81800.0,82000.0,4228
20260922,1450,126340,82100.0,82500.0,82000.0,82200.0,2096
20260922,1500,126340,82300.0,82300.0,81800.0,81800.0,1177
20260922,1510,126340,81900.0,82000.0,81700.0,81900.0,1597
20260922,0900,003490,29400.0,29550.0,29150.0,29450.0,146790
20260922,0910,003490,29450.0,29500.0,29350.0,29400.0,56021
20260922,0920,003490,29450.0,29800.0,29400.0,29600.0,156809
20260922,0930,003490,29625.0,29950.0,29600.0,29900.0,205791
20260922,0940,003490,29850.0,30100.0,29850.0,29950.0,211685
20260922,0950,003490,29950.0,30250.0,29900.0,30175.0,266729
20260922,1000,003490,30175.0,30200.0,30000.0,30050.0,67369
20260922,1010,003490,30050.0,30350.0,30000.0,30350.0,212109
20260922,1020,003490,30350.0,30450.0,30300.0,30350.0,193067
20260922,1030,003490,30350.0,30450.0,30350.0,30400.0,67193
20260922,1040,003490,30375.0,30400.0,30300.0,30350.0,55837
20260922,1050,003490,30300.0,30450.0,30300.0,30450.0,133396
20260922,1100,003490,30425.0,30450.0,30350.0,30450.0,70134
20260922,1110,003490,30425.0,30450.0,30350.0,30350.0,59361
20260922,1120,003490,30400.0,30500.0,30350.0,30500.0,279101
20260922,1130,003490,30500.0,30550.0,30450.0,30550.0,107047
20260922,1140,003490,30550.0,30600.0,30500.0,30600.0,91617
20260922,1150,003490,30600.0,30650.0,30550.0,30650.0,109634
20260922,1200,003490,30650.0,30700.0,30600.0,30650.0,140167
20260922,1210,003490,30675.0,30750.0,30650.0,30750.0,95155
20260922,1220,003490,30750.0,30750.0,30700.0,30750.0,83388
20260922,1230,003490,30750.0,30750.0,30650.0,30700.0,104501
20260922,1240,003490,30725.0,30750.0,30700.0,30700.0,52716
20260922,1250,003490,30750.0,30750.0,30650.0,30750.0,119113
20260922,1300,003490,30700.0,30800.0,30650.0,30750.0,292404
20260922,1310,003490,30800.0,31000.0,30750.0,31000.0,472697
20260922,1320,003490,30950.0,31200.0,30925.0,31200.0,545606
20260922,1330,003490,31150.0,31200.0,30950.0,31100.0,159493
20260922,1340,003490,31075.0,31200.0,31000.0,31175.0,148005
20260922,1350,003490,31200.0,31400.0,31150.0,31300.0,324592
20260922,1400,003490,31300.0,31400.0,30900.0,31150.0,294463
20260922,1410,003490,31150.0,31250.0,30950.0,31000.0,173179
20260922,1420,003490,31000.0,31100.0,30900.0,31050.0,206511
20260922,1430,003490,31100.0,31100.0,31000.0,31100.0,100782
20260922,1440,003490,31100.0,31200.0,31000.0,31150.0,149297
20260922,1450,003490,31200.0,31250.0,31150.0,31250.0,151426
20260922,1500,003490,31200.0,31350.0,31200.0,31300.0,201230
20260922,1510,003490,31250.0,31400.0,31250.0,31350.0,266641
20260922,0900,030000,17510.0,17560.0,17470.0,17530.0,5291
20260922,0910,030000,17540.0,17540.0,17460.0,17480.0,9820
20260922,0920,030000,17480.0,17480.0,17450.0,17470.0,6001
20260922,0930,030000,17460.0,17470.0,17420.0,17460.0,7884
20260922,0940,030000,17460.0,17480.0,17440.0,17440.0,4912
20260922,0950,030000,17440.0,17480.0,17440.0,17460.0,4722
20260922,1000,030000,17470.0,17470.0,17450.0,17470.0,3109
20260922,1010,030000,17480.0,17480.0,17450.0,17450.0,2987
20260922,1020,030000,17460.0,17460.0,17450.0,17450.0,1947
20260922,1030,030000,17450.0,17460.0,17430.0,17440.0,6409
20260922,1040,030000,17450.0,17480.0,17440.0,17470.0,6138
20260922,1050,030000,17470.0,17500.0,17460.0,17490.0,4946
20260922,1100,030000,17490.0,17500.0,17470.0,17480.0,2863
20260922,1110,030000,17480.0,17500.0,17470.0,17480.0,3299
20260922,1120,030000,17490.0,17500.0,17470.0,17490.0,5091
20260922,1130,030000,17490.0,17500.0,17470.0,17490.0,4061
20260922,1140,030000,17480.0,17510.0,17480.0,17510.0,5337
20260922,1150,030000,17520.0,17520.0,17500.0,17520.0,5880
20260922,1200,030000,17530.0,17550.0,17510.0,17540.0,7783
20260922,1210,030000,17540.0,17570.0,17530.0,17550.0,6184
20260922,1220,030000,17550.0,17550.0,17520.0,17530.0,3659
20260922,1230,030000,17540.0,17540.0,17480.0,17490.0,6019
20260922,1240,030000,17500.0,17510.0,17490.0,17500.0,5163
20260922,1250,030000,17510.0,17540.0,17500.0,17510.0,6659
20260922,1300,030000,17520.0,17530.0,17500.0,17500.0,4184
20260922,1310,030000,17510.0,17540.0,17500.0,17530.0,5484
20260922,1320,030000,17540.0,17580.0,17520.0,17570.0,6414
20260922,1330,030000,17550.0,17570.0,17540.0,17560.0,4448
20260922,1340,030000,17570.0,17580.0,17540.0,17540.0,5466
20260922,1350,030000,17550.0,17570.0,17530.0,17560.0,4364
20260922,1400,030000,17560.0,17570.0,17550.0,17550.0,3208
20260922,1410,030000,17550.0,17590.0,17540.0,17580.0,8575
20260922,1420,030000,17580.0,17590.0,17540.0,17570.0,5689
20260922,1430,030000,17580.0,17590.0,17570.0,17570.0,5622
20260922,1440,030000,17570.0,17580.0,17560.0,17580.0,6288
20260922,1450,030000,17580.0,17590.0,17560.0,17590.0,5274
20260922,1500,030000,17590.0,17650.0,17570.0,17580.0,10073
20260922,1510,030000,17590.0,17630.0,17580.0,17630.0,10070
20260922,0900,006340,13800.0,14210.0,13740.0,14020.0,769106
20260922,0910,006340,14030.0,14650.0,14030.0,14590.0,1950179
20260922,0920,006340,14600.0,14630.0,14300.0,14340.0,1049879
20260922,0930,006340,14320.0,14390.0,14170.0,14200.0,551050
20260922,0940,006340,14200.0,14290.0,14180.0,14220.0,250240
20260922,0950,006340,14225.0,14260.0,14180.0,14230.0,177054
20260922,1000,006340,14220.0,14240.0,14070.0,14080.0,383641
20260922,1010,006340,14080.0,14150.0,14000.0,14020.0,203123
20260922,1020,006340,14030.0,14120.0,14020.0,14090.0,77142
20260922,1030,006340,14090.0,14100.0,14050.0,14080.0,60102
20260922,1040,006340,14070.0,14130.0,14060.0,14070.0,51843
20260922,1050,006340,14070.0,14090.0,14060.0,14080.0,51194
20260922,1100,006340,14080.0,14120.0,14070.0,14110.0,39154
20260922,1110,006340,14120.0,14120.0,13940.0,13950.0,165432
20260922,1120,006340,13950.0,13980.0,13940.0,13950.0,52345
20260922,1130,006340,13950.0,13990.0,13930.0,13990.0,65219
20260922,1140,006340,13990.0,14040.0,13980.0,14020.0,37124
20260922,1150,006340,14020.0,14030.0,13940.0,13955.0,39149
20260922,1200,006340,13950.0,13990.0,13950.0,13970.0,21876
20260922,1210,006340,13970.0,13970.0,13930.0,13950.0,31711
20260922,1220,006340,13950.0,13970.0,13950.0,13950.0,17085
20260922,1230,006340,13950.0,13960.0,13920.0,13950.0,24201
20260922,1240,006340,13940.0,14000.0,13940.0,13990.0,20772
20260922,1250,006340,13990.0,13990.0,13910.0,13910.0,42151
20260922,1300,006340,13920.0,13940.0,13880.0,13890.0,88564
20260922,1310,006340,13890.0,13890.0,13780.0,13780.0,120606
20260922,1320,006340,13780.0,13830.0,13750.0,13810.0,67916
20260922,1330,006340,13810.0,13810.0,13720.0,13730.0,72548
20260922,1340,006340,13730.0,13750.0,13650.0,13660.0,115075
20260922,1350,006340,13660.0,13730.0,13640.0,13640.0,59388
20260922,1400,006340,13650.0,13730.0,13610.0,13720.0,50882
20260922,1410,006340,13720.0,13730.0,13600.0,13600.0,55489
20260922,1420,006340,13600.0,13640.0,13570.0,13610.0,63361
20260922,1430,006340,13600.0,13680.0,13570.0,13650.0,34052
20260922,1440,006340,13650.0,13670.0,13620.0,13650.0,28125
20260922,1450,006340,13650.0,13730.0,13630.0,13720.0,43366
20260922,1500,006340,13720.0,13750.0,13700.0,13710.0,47759
20260922,1510,006340,13700.0,13710.0,13660.0,13660.0,68980
20260922,0900,192650,8190.0,8300.0,8120.0,8180.0,144453
20260922,0910,192650,8190.0,8290.0,8150.0,8250.0,77506
20260922,0920,192650,8240.0,8260.0,8100.0,8260.0,100601
20260922,0930,192650,8250.0,8390.0,8230.0,8290.0,108027
20260922,0940,192650,8300.0,8490.0,8300.0,8430.0,137401
20260922,0950,192650,8420.0,8460.0,8290.0,8450.0,71008
20260922,1000,192650,8450.0,8450.0,8370.0,8380.0,28711
20260922,1010,192650,8380.0,8390.0,8280.0,8290.0,44915
20260922,1020,192650,8280.0,8320.0,8200.0,8240.0,51477
20260922,1030,192650,8240.0,8350.0,8240.0,8290.0,31872
20260922,1040,192650,8290.0,8340.0,8280.0,8330.0,37079
20260922,1050,192650,8330.0,8360.0,8300.0,8310.0,30877
20260922,1100,192650,8310.0,8420.0,8290.0,8410.0,39238
20260922,1110,192650,8410.0,8430.0,8380.0,8400.0,33298
20260922,1120,192650,8390.0,8440.0,8390.0,8430.0,30981
20260922,1130,192650,8430.0,8470.0,8420.0,8460.0,33696
20260922,1140,192650,8460.0,8480.0,8440.0,8470.0,36097
20260922,1150,192650,8450.0,8490.0,8440.0,8490.0,41863
20260922,1200,192650,8490.0,8500.0,8470.0,8500.0,37887
20260922,1210,192650,8500.0,8500.0,8440.0,8470.0,36674
20260922,1220,192650,8470.0,8490.0,8440.0,8470.0,33565
20260922,1230,192650,8490.0,8490.0,8460.0,8490.0,30281
20260922,1240,192650,8480.0,8530.0,8460.0,8520.0,43061
20260922,1250,192650,8510.0,8590.0,8500.0,8550.0,107635
20260922,1300,192650,8540.0,8640.0,8520.0,8630.0,78122
20260922,1310,192650,8620.0,8640.0,8600.0,8630.0,73336
20260922,1320,192650,8630.0,8630.0,8570.0,8620.0,67669
20260922,1330,192650,8620.0,8640.0,8460.0,8490.0,71046
20260922,1340,192650,8500.0,8520.0,8450.0,8520.0,70803
20260922,1350,192650,8510.0,8580.0,8480.0,8520.0,46579
20260922,1400,192650,8510.0,8590.0,8490.0,8550.0,49214
20260922,1410,192650,8560.0,8620.0,8520.0,8540.0,55606
20260922,1420,192650,8540.0,8590.0,8520.0,8580.0,50405
20260922,1430,192650,8580.0,8650.0,8550.0,8650.0,69470
20260922,1440,192650,8640.0,8690.0,8630.0,8660.0,82782
20260922,1450,192650,8670.0,8690.0,8640.0,8680.0,72186
20260922,1500,192650,8680.0,8680.0,8580.0,8600.0,50235
20260922,1510,192650,8580.0,8600.0,8450.0,8530.0,75020
20260922,0900,457370,11530.0,11800.0,11510.0,11700.0,198610
20260922,0910,457370,11690.0,12140.0,11690.0,11820.0,240278
20260922,0920,457370,11820.0,12030.0,11640.0,12010.0,121628
20260922,0930,457370,12010.0,12300.0,11880.0,12060.0,328324
20260922,0940,457370,12070.0,12070.0,11740.0,11800.0,89295
20260922,0950,457370,11800.0,11810.0,11590.0,11700.0,57608
20260922,1000,457370,11710.0,11860.0,11640.0,11750.0,30574
20260922,1010,457370,11750.0,11750.0,11640.0,11650.0,16583
20260922,1020,457370,11650.0,11690.0,11560.0,11670.0,20576
20260922,1030,457370,11670.0,11770.0,11600.0,11730.0,16281
20260922,1040,457370,11730.0,11940.0,11700.0,11850.0,68396
20260922,1050,457370,11840.0,11920.0,11740.0,11820.0,57317
20260922,1100,457370,11820.0,11830.0,11680.0,11800.0,23018
20260922,1110,457370,11800.0,11800.0,11510.0,11580.0,39584
20260922,1120,457370,11550.0,11640.0,11520.0,11540.0,22937
20260922,1130,457370,11540.0,11570.0,11480.0,11560.0,13517
20260922,1140,457370,11560.0,11640.0,11530.0,11540.0,8558
20260922,1150,457370,11540.0,11650.0,11540.0,11600.0,11169
20260922,1200,457370,11600.0,11680.0,11520.0,11630.0,11351
20260922,1210,457370,11650.0,11690.0,11620.0,11680.0,8167
20260922,1220,457370,11640.0,11680.0,11620.0,11650.0,3075
20260922,1230,457370,11650.0,11650.0,11570.0,11600.0,3688
20260922,1240,457370,11570.0,11620.0,11570.0,11590.0,2650
20260922,1250,457370,11610.0,11620.0,11490.0,11510.0,11276
20260922,1300,457370,11510.0,11530.0,11480.0,11510.0,10509
20260922,1310,457370,11510.0,11780.0,11500.0,11530.0,41523
20260922,1320,457370,11540.0,11630.0,11450.0,11460.0,18234
20260922,1330,457370,11450.0,11480.0,11400.0,11400.0,16441
20260922,1340,457370,11400.0,11410.0,11320.0,11330.0,10876
20260922,1350,457370,11330.0,11340.0,11260.0,11260.0,16864
20260922,1400,457370,11260.0,11470.0,11260.0,11460.0,8040
20260922,1410,457370,11460.0,11470.0,11260.0,11270.0,9223
20260922,1420,457370,11290.0,11300.0,11250.0,11260.0,8712
20260922,1430,457370,11260.0,11350.0,11250.0,11330.0,3635
20260922,1440,457370,11340.0,11340.0,11270.0,11320.0,3929
20260922,1450,457370,11320.0,11390.0,11320.0,11390.0,5682
20260922,1500,457370,11390.0,11390.0,11300.0,11350.0,5485
20260922,1510,457370,11350.0,11380.0,11300.0,11300.0,6964
20260922,0900,035720,33500.0,34000.0,33500.0,33950.0,190920
20260922,0910,035720,33950.0,34600.0,33900.0,34350.0,231282
20260922,0920,035720,34350.0,34450.0,34250.0,34250.0,83172
20260922,0930,035720,34250.0,34300.0,34150.0,34150.0,42999
20260922,0940,035720,34150.0,34250.0,34100.0,34200.0,45285
20260922,0950,035720,34200.0,34250.0,34050.0,34100.0,36861
20260922,1000,035720,34100.0,34150.0,34050.0,34150.0,20085
20260922,1010,035720,34100.0,34150.0,34050.0,34100.0,25054
20260922,1020,035720,34100.0,34100.0,33950.0,33950.0,42130
20260922,1030,035720,34000.0,34150.0,33900.0,34150.0,37440
20260922,1040,035720,34050.0,34150.0,34050.0,34100.0,28709
20260922,1050,035720,34100.0,34150.0,34000.0,34000.0,21467
20260922,1100,035720,34000.0,34100.0,34000.0,34050.0,13541
20260922,1110,035720,34050.0,34100.0,34000.0,34050.0,18675
20260922,1120,035720,34050.0,34100.0,34000.0,34050.0,12348
20260922,1130,035720,34050.0,34150.0,34000.0,34100.0,20232
20260922,1140,035720,34050.0,34150.0,34050.0,34150.0,17627
20260922,1150,035720,34100.0,34150.0,34050.0,34100.0,10107
20260922,1200,035720,34100.0,34150.0,34100.0,34100.0,11703
20260922,1210,035720,34150.0,34200.0,34100.0,34200.0,9265
20260922,1220,035720,34150.0,34300.0,34150.0,34300.0,26019
20260922,1230,035720,34300.0,34300.0,34200.0,34250.0,17006
20260922,1240,035720,34200.0,34250.0,34150.0,34150.0,13866
20260922,1250,035720,34150.0,34200.0,34100.0,34150.0,21411
20260922,1300,035720,34200.0,34250.0,34100.0,34150.0,24979
20260922,1310,035720,34150.0,34200.0,34100.0,34150.0,20959
20260922,1320,035720,34150.0,34300.0,34100.0,34300.0,41197
20260922,1330,035720,34250.0,34300.0,34200.0,34200.0,14465
20260922,1340,035720,34200.0,34250.0,34100.0,34150.0,25389
20260922,1350,035720,34150.0,34150.0,34050.0,34100.0,36302
20260922,1400,035720,34150.0,34150.0,34050.0,34100.0,17845
20260922,1410,035720,34100.0,34200.0,34100.0,34200.0,19379
20260922,1420,035720,34150.0,34200.0,34100.0,34100.0,19966
20260922,1430,035720,34150.0,34200.0,34100.0,34200.0,29477
20260922,1440,035720,34200.0,34200.0,34150.0,34150.0,14382
20260922,1450,035720,34150.0,34200.0,34150.0,34150.0,22605
20260922,1500,035720,34150.0,34200.0,34100.0,34150.0,66461
20260922,1510,035720,34150.0,34200.0,34050.0,34150.0,48476
20260922,0900,126730,23950.0,24750.0,23900.0,24450.0,127281
20260922,0910,126730,24450.0,24850.0,24050.0,24150.0,54318
20260922,0920,126730,24150.0,24550.0,23950.0,24500.0,31528
20260922,0930,126730,24500.0,24850.0,24350.0,24450.0,53857
20260922,0940,126730,24450.0,24500.0,24050.0,24100.0,20880
20260922,0950,126730,24100.0,24250.0,24050.0,24250.0,5539
20260922,1000,126730,24250.0,24275.0,24000.0,24250.0,11704
20260922,1010,126730,24250.0,24300.0,23850.0,23900.0,18009
20260922,1020,126730,23900.0,24150.0,23850.0,24100.0,4618
20260922,1030,126730,24150.0,24250.0,24100.0,24100.0,7592
20260922,1040,126730,24100.0,24300.0,24100.0,24150.0,4501
20260922,1050,126730,24150.0,24350.0,24150.0,24300.0,6475
20260922,1100,126730,24275.0,24350.0,24250.0,24300.0,5136
20260922,1110,126730,24300.0,24300.0,23950.0,24000.0,10056
20260922,1120,126730,23950.0,24100.0,23900.0,23950.0,5007
20260922,1130,126730,23950.0,24000.0,23850.0,23950.0,4752
20260922,1140,126730,23950.0,24200.0,23950.0,24000.0,2235
20260922,1150,126730,24000.0,24150.0,24000.0,24150.0,1087
20260922,1200,126730,24100.0,24100.0,24000.0,24100.0,3625
20260922,1210,126730,24000.0,24000.0,23900.0,23950.0,2171
20260922,1220,126730,23950.0,24000.0,23850.0,23950.0,2554
20260922,1230,126730,23975.0,24000.0,23850.0,23850.0,2504
20260922,1240,126730,23900.0,23950.0,23850.0,23900.0,1763
20260922,1250,126730,23850.0,23850.0,23600.0,23800.0,12855
20260922,1300,126730,23650.0,23700.0,23600.0,23650.0,3592
20260922,1310,126730,23650.0,23650.0,23400.0,23400.0,11681
20260922,1320,126730,23350.0,23450.0,23300.0,23350.0,7304
20260922,1330,126730,23300.0,23350.0,23050.0,23100.0,16354
20260922,1340,126730,23100.0,23150.0,22600.0,22800.0,16788
20260922,1350,126730,22800.0,22850.0,22600.0,22600.0,10856
20260922,1400,126730,22600.0,22850.0,22550.0,22800.0,10962
20260922,1410,126730,22850.0,22850.0,22600.0,22600.0,6666
20260922,1420,126730,22600.0,22800.0,22400.0,22800.0,10423
20260922,1430,126730,22750.0,22850.0,22600.0,22800.0,4994
20260922,1440,126730,22800.0,22850.0,22700.0,22750.0,2571
20260922,1450,126730,22750.0,23450.0,22600.0,23200.0,16878
20260922,1500,126730,23200.0,23400.0,23200.0,23200.0,14350
20260922,1510,126730,23200.0,23300.0,23150.0,23200.0,10743
20260922,0900,067310,45100.0,45150.0,44100.0,44800.0,406694
20260922,0910,067310,44800.0,45200.0,44600.0,44950.0,189197
20260922,0920,067310,44950.0,45150.0,44600.0,45150.0,119646
20260922,0930,067310,45150.0,46500.0,45100.0,46050.0,400566
20260922,0940,067310,46150.0,46300.0,45400.0,45400.0,155496
20260922,0950,067310,45400.0,46000.0,45250.0,45975.0,70816
20260922,1000,067310,45950.0,46950.0,45850.0,46750.0,240126
20260922,1010,067310,46700.0,47000.0,46200.0,46250.0,165604
20260922,1020,067310,46275.0,47150.0,46000.0,46950.0,199497
20260922,1030,067310,46900.0,47850.0,46850.0,47150.0,334374
20260922,1040,067310,47200.0,47400.0,46800.0,46900.0,98684
20260922,1050,067310,46950.0,47300.0,46850.0,46850.0,57264
20260922,1100,067310,46900.0,47175.0,46650.0,46750.0,63626
20260922,1110,067310,46800.0,46850.0,46400.0,46450.0,68641
20260922,1120,067310,46450.0,46650.0,46350.0,46500.0,49009
20260922,1130,067310,46500.0,47200.0,46400.0,47150.0,45194
20260922,1140,067310,47150.0,47200.0,46850.0,46950.0,29523
20260922,1150,067310,47000.0,47200.0,46950.0,47000.0,33156
20260922,1200,067310,46950.0,47100.0,46900.0,46900.0,25288
20260922,1210,067310,46900.0,46950.0,46750.0,46850.0,21534
20260922,1220,067310,46850.0,46900.0,46450.0,46450.0,32289
20260922,1230,067310,46450.0,46650.0,46300.0,46500.0,31434
20260922,1240,067310,46500.0,46650.0,46450.0,46500.0,17590
20260922,1250,067310,46500.0,46550.0,46050.0,46100.0,50553
20260922,1300,067310,46100.0,46225.0,45800.0,45850.0,65211
20260922,1310,067310,45900.0,45950.0,45550.0,45850.0,63956
20260922,1320,067310,45850.0,46100.0,45700.0,45800.0,33026
20260922,1330,067310,45800.0,45800.0,45350.0,45450.0,57007
20260922,1340,067310,45450.0,45800.0,45050.0,45100.0,77576
20260922,1350,067310,45100.0,45550.0,45100.0,45200.0,42042
20260922,1400,067310,45300.0,45700.0,45200.0,45550.0,31977
20260922,1410,067310,45500.0,45550.0,45100.0,45125.0,32946
20260922,1420,067310,45100.0,45350.0,45050.0,45250.0,49250
20260922,1430,067310,45250.0,45550.0,45100.0,45500.0,31135
20260922,1440,067310,45500.0,45700.0,45200.0,45700.0,35627
20260922,1450,067310,45700.0,45750.0,45500.0,45650.0,28479
20260922,1500,067310,45650.0,45700.0,45400.0,45400.0,26783
20260922,1510,067310,45450.0,45600.0,45350.0,45350.0,28801
20260922,0900,119850,54300.0,56100.0,53700.0,56000.0,78710
20260922,0910,119850,56000.0,56900.0,55600.0,55700.0,84661
20260922,0920,119850,55900.0,56200.0,55600.0,56000.0,21320
20260922,0930,119850,55900.0,56100.0,54900.0,55000.0,26303
20260922,0940,119850,54900.0,56200.0,54900.0,55400.0,30197
20260922,0950,119850,55400.0,56700.0,55100.0,56700.0,29331
20260922,1000,119850,56700.0,57400.0,56200.0,56300.0,57995
20260922,1010,119850,56200.0,56600.0,55500.0,55600.0,23650
20260922,1020,119850,55600.0,56500.0,55500.0,56200.0,11523
20260922,1030,119850,56300.0,56500.0,56000.0,56400.0,8786
20260922,1040,119850,56400.0,56900.0,56000.0,56600.0,15071
20260922,1050,119850,56700.0,57400.0,56600.0,57100.0,36565
20260922,1100,119850,57000.0,58000.0,56800.0,56800.0,80256
20260922,1110,119850,56900.0,57200.0,56600.0,57000.0,17831
20260922,1120,119850,56900.0,57400.0,56700.0,56800.0,14684
20260922,1130,119850,56700.0,57200.0,56300.0,56600.0,11459
20260922,1140,119850,56700.0,56800.0,56300.0,56400.0,7811
20260922,1150,119850,56400.0,56600.0,56000.0,56500.0,9851
20260922,1200,119850,56300.0,56600.0,55900.0,56200.0,7589
20260922,1210,119850,56300.0,56700.0,56200.0,56600.0,6195
20260922,1220,119850,56600.0,56700.0,56500.0,56500.0,5033
20260922,1230,119850,56600.0,56900.0,56500.0,56800.0,5189
20260922,1240,119850,56800.0,57000.0,56600.0,57000.0,8975
20260922,1250,119850,56900.0,57200.0,56600.0,56800.0,15385
20260922,1300,119850,56800.0,57000.0,56200.0,56200.0,10322
20260922,1310,119850,56400.0,56500.0,55900.0,56000.0,10036
20260922,1320,119850,56000.0,56400.0,55800.0,55800.0,10483
20260922,1330,119850,55900.0,56300.0,55400.0,55600.0,11280
20260922,1340,119850,55500.0,56000.0,55100.0,55200.0,13398
20260922,1350,119850,55200.0,55700.0,55000.0,55000.0,10094
20260922,1400,119850,55100.0,55700.0,55100.0,55300.0,9460
20260922,1410,119850,55300.0,55600.0,54800.0,54900.0,12555
20260922,1420,119850,54900.0,55100.0,54700.0,54900.0,5718
20260922,1430,119850,54900.0,55200.0,54700.0,55000.0,5675
20260922,1440,119850,55100.0,55200.0,54900.0,55100.0,4189
20260922,1450,119850,55000.0,55300.0,55000.0,55000.0,5016
20260922,1500,119850,55100.0,55200.0,54700.0,54900.0,6076
20260922,1510,119850,55000.0,55100.0,54800.0,54800.0,7128
20260922,0900,082740,50200.0,50400.0,49650.0,49950.0,42304
20260922,0910,082740,49950.0,50100.0,49500.0,49725.0,28299
20260922,0920,082740,49725.0,49750.0,49150.0,49600.0,47803
20260922,0930,082740,49575.0,49700.0,49200.0,49250.0,31857
20260922,0940,082740,49300.0,49400.0,49150.0,49350.0,22093
20260922,0950,082740,49300.0,49350.0,49150.0,49300.0,18382
20260922,1000,082740,49300.0,49350.0,49150.0,49200.0,18705
20260922,1010,082740,49200.0,49900.0,49150.0,49850.0,30451
20260922,1020,082740,49850.0,50000.0,49400.0,49550.0,18536
20260922,1030,082740,49500.0,49700.0,49450.0,49500.0,16555
20260922,1040,082740,49500.0,49600.0,49400.0,49400.0,10704
20260922,1050,082740,49400.0,49600.0,49350.0,49450.0,13756
20260922,1100,082740,49500.0,49650.0,49400.0,49600.0,11062
20260922,1110,082740,49550.0,49650.0,49500.0,49550.0,10223
20260922,1120,082740,49600.0,49600.0,49450.0,49450.0,9868
20260922,1130,082740,49450.0,49550.0,49350.0,49450.0,12722
20260922,1140,082740,49450.0,49500.0,49300.0,49350.0,10548
20260922,1150,082740,49400.0,49400.0,49300.0,49350.0,11003
20260922,1200,082740,49300.0,49350.0,49250.0,49300.0,11157
20260922,1210,082740,49250.0,49450.0,49200.0,49450.0,15156
20260922,1220,082740,49400.0,49600.0,49350.0,49400.0,13906
20260922,1230,082740,49400.0,49550.0,49400.0,49450.0,9130
20260922,1240,082740,49450.0,49550.0,49400.0,49550.0,10636
20260922,1250,082740,49550.0,49600.0,49400.0,49450.0,14725
20260922,1300,082740,49450.0,49550.0,49400.0,49450.0,11405
20260922,1310,082740,49450.0,49600.0,49350.0,49500.0,13656
20260922,1320,082740,49500.0,49650.0,49450.0,49650.0,12402
20260922,1330,082740,49600.0,49700.0,49550.0,49600.0,12398
20260922,1340,082740,49600.0,49650.0,49400.0,49450.0,10846
20260922,1350,082740,49450.0,49450.0,49300.0,49300.0,13102
20260922,1400,082740,49300.0,49600.0,49300.0,49500.0,16189
20260922,1410,082740,49450.0,49550.0,49300.0,49350.0,15129
20260922,1420,082740,49350.0,49400.0,49250.0,49250.0,15006
20260922,1430,082740,49250.0,49500.0,49200.0,49300.0,15470
20260922,1440,082740,49300.0,49350.0,49250.0,49250.0,12212
20260922,1450,082740,49300.0,49400.0,49250.0,49350.0,12421
20260922,1500,082740,49400.0,49400.0,49250.0,49250.0,8773
20260922,1510,082740,49275.0,49350.0,49250.0,49250.0,11317
20260922,0900,007660,113500.0,119800.0,112600.0,119700.0,198948
20260922,0910,007660,119700.0,119800.0,116700.0,116900.0,99783
20260922,0920,007660,116900.0,116900.0,115100.0,116450.0,67698
20260922,0930,007660,116450.0,118700.0,116400.0,118700.0,56461
20260922,0940,007660,118700.0,118900.0,116800.0,117300.0,37944
20260922,0950,007660,117300.0,117300.0,116400.0,116700.0,29341
20260922,1000,007660,116700.0,117000.0,116400.0,116800.0,13433
20260922,1010,007660,116900.0,117000.0,115400.0,115500.0,27969
20260922,1020,007660,115500.0,115900.0,115300.0,115600.0,18973
20260922,1030,007660,115500.0,116200.0,115400.0,115800.0,13456
20260922,1040,007660,115800.0,116000.0,115300.0,115400.0,9801
20260922,1050,007660,115400.0,115900.0,115200.0,115800.0,9635
20260922,1100,007660,115800.0,116000.0,115500.0,115600.0,8328
20260922,1110,007660,115600.0,115800.0,114900.0,114900.0,15421
20260922,1120,007660,114900.0,115500.0,114600.0,115200.0,10612
20260922,1130,007660,115200.0,115300.0,114700.0,115200.0,8529
20260922,1140,007660,115200.0,115500.0,115000.0,115100.0,6149
20260922,1150,007660,115000.0,115100.0,114700.0,114800.0,7006
20260922,1200,007660,114900.0,115000.0,114100.0,114200.0,14604
20260922,1210,007660,114200.0,114500.0,114100.0,114500.0,6910
20260922,1220,007660,114500.0,114700.0,114200.0,114200.0,9564
20260922,1230,007660,114300.0,114500.0,114100.0,114500.0,8013
20260922,1240,007660,114500.0,114500.0,114100.0,114100.0,5949
20260922,1250,007660,114200.0,114200.0,113400.0,113700.0,20004
20260922,1300,007660,113600.0,114000.0,113100.0,113200.0,11567
20260922,1310,007660,113200.0,113300.0,112700.0,113000.0,13674
20260922,1320,007660,113100.0,113500.0,112800.0,113000.0,11336
20260922,1330,007660,112900.0,112900.0,112000.0,112100.0,16741
20260922,1340,007660,112100.0,112200.0,111500.0,111600.0,23395
20260922,1350,007660,111600.0,112500.0,111400.0,112400.0,15894
20260922,1400,007660,112300.0,113400.0,112300.0,113200.0,17814
20260922,1410,007660,113100.0,113100.0,111700.0,112000.0,18627
20260922,1420,007660,111900.0,112500.0,111500.0,112100.0,17407
20260922,1430,007660,112100.0,112600.0,111900.0,112600.0,15552
20260922,1440,007660,112500.0,113100.0,112400.0,112800.0,15166
20260922,1450,007660,112700.0,113000.0,112600.0,112700.0,11990
20260922,1500,007660,112650.0,112650.0,111900.0,112500.0,17406
20260922,1510,007660,112600.0,113000.0,111900.0,112900.0,20055
20260922,0900,353200,114800.0,118600.0,113000.0,117550.0,543103
20260922,0910,353200,117550.0,118900.0,116600.0,116700.0,276534
20260922,0920,353200,116600.0,117000.0,114600.0,116700.0,139796
20260922,0930,353200,116700.0,119700.0,116600.0,119700.0,248210
20260922,0940,353200,119650.0,120700.0,117600.0,118000.0,250765
20260922,0950,353200,118000.0,118500.0,116300.0,116900.0,77701
20260922,1000,353200,117000.0,117300.0,116600.0,116800.0,52422
20260922,1010,353200,116800.0,117000.0,114100.0,114200.0,111748
20260922,1020,353200,114200.0,115050.0,113900.0,114400.0,77370
20260922,1030,353200,114300.0,115700.0,114100.0,115500.0,49235
20260922,1040,353200,115400.0,116700.0,115400.0,116500.0,52245
20260922,1050,353200,116500.0,118100.0,116300.0,116700.0,63496
20260922,1100,353200,116600.0,117100.0,115900.0,115900.0,26497
20260922,1110,353200,115900.0,116000.0,114500.0,114700.0,36327
20260922,1120,353200,114700.0,114900.0,114300.0,114500.0,24055
20260922,1130,353200,114500.0,115000.0,113800.0,114800.0,37981
20260922,1140,353200,114800.0,115000.0,114600.0,114900.0,11069
20260922,1150,353200,114900.0,115000.0,114700.0,115000.0,8700
20260922,1200,353200,115000.0,115000.0,114200.0,114300.0,17193
20260922,1210,353200,114400.0,115500.0,114300.0,115400.0,16134
20260922,1220,353200,115400.0,115900.0,115100.0,115300.0,20730
20260922,1230,353200,115300.0,115300.0,114900.0,115100.0,8071
20260922,1240,353200,115200.0,115400.0,115000.0,115000.0,9323
20260922,1250,353200,115100.0,115150.0,114300.0,114300.0,14769
20260922,1300,353200,114350.0,114600.0,114000.0,114200.0,17440
20260922,1310,353200,114200.0,114200.0,113100.0,113200.0,29355
20260922,1320,353200,113300.0,113300.0,112700.0,113200.0,25874
20260922,1330,353200,113200.0,113200.0,112200.0,112500.0,35311
20260922,1340,353200,112500.0,113300.0,111600.0,111700.0,39637
20260922,1350,353200,111800.0,112400.0,111500.0,111700.0,26509
20260922,1400,353200,111600.0,113100.0,111600.0,113000.0,21959
20260922,1410,353200,113000.0,113100.0,111100.0,111300.0,31030
20260922,1420,353200,111300.0,111600.0,110800.0,111300.0,40033
20260922,1430,353200,111400.0,111700.0,110750.0,111700.0,28849
20260922,1440,353200,111700.0,111900.0,111300.0,111800.0,15293
20260922,1450,353200,111900.0,112900.0,111800.0,112600.0,26010
20260922,1500,353200,112600.0,112600.0,111700.0,112100.0,24942
20260922,1510,353200,112050.0,112500.0,111800.0,112300.0,20443
20260922,0900,028050,52200.0,53200.0,52100.0,53100.0,197872
20260922,0910,028050,53100.0,53100.0,52300.0,52500.0,77548
20260922,0920,028050,52500.0,52800.0,51800.0,51900.0,108433
20260922,0930,028050,51900.0,52000.0,51700.0,51850.0,62653
20260922,0940,028050,51800.0,51800.0,51300.0,51500.0,73974
20260922,0950,028050,51500.0,51900.0,51500.0,51800.0,34987
20260922,1000,028050,51700.0,51900.0,51500.0,51600.0,39591
20260922,1010,028050,51500.0,51600.0,51300.0,51400.0,43624
20260922,1020,028050,51400.0,51500.0,51300.0,51400.0,23474
20260922,1030,028050,51300.0,51400.0,51300.0,51400.0,17982
20260922,1040,028050,51300.0,51700.0,51300.0,51500.0,18243
20260922,1050,028050,51500.0,51800.0,51400.0,51600.0,27186
20260922,1100,028050,51600.0,51800.0,51500.0,51700.0,21594
20260922,1110,028050,51700.0,51900.0,51600.0,51800.0,16083
20260922,1120,028050,51800.0,52100.0,51800.0,51900.0,29458
20260922,1130,028050,51900.0,52000.0,51600.0,51750.0,15103
20260922,1140,028050,51700.0,51800.0,51600.0,51600.0,15413
20260922,1150,028050,51600.0,51700.0,51400.0,51600.0,24488
20260922,1200,028050,51600.0,51600.0,51500.0,51500.0,5736
20260922,1210,028050,51500.0,51600.0,51500.0,51600.0,9933
20260922,1220,028050,51600.0,51700.0,51500.0,51600.0,12530
20260922,1230,028050,51700.0,51900.0,51600.0,51700.0,12338
20260922,1240,028050,51700.0,51800.0,51500.0,51600.0,25775
20260922,1250,028050,51700.0,51800.0,51600.0,51700.0,12667
20260922,1300,028050,51750.0,52200.0,51650.0,51900.0,54098
20260922,1310,028050,52000.0,52000.0,51700.0,51700.0,21771
20260922,1320,028050,51700.0,52300.0,51700.0,52200.0,43552
20260922,1330,028050,52200.0,52200.0,51800.0,51900.0,33150
20260922,1340,028050,51900.0,51900.0,51500.0,51600.0,25422
20260922,1350,028050,51600.0,51600.0,51400.0,51500.0,22091
20260922,1400,028050,51500.0,51600.0,51400.0,51400.0,20968
20260922,1410,028050,51400.0,51500.0,51100.0,51100.0,59257
20260922,1420,028050,51100.0,51200.0,51000.0,51000.0,49926
20260922,1430,028050,51000.0,51200.0,50900.0,51100.0,26922
20260922,1440,028050,51000.0,51400.0,51000.0,51300.0,22279
20260922,1450,028050,51200.0,51400.0,51100.0,51300.0,20579
20260922,1500,028050,51300.0,51400.0,51100.0,51200.0,29466
20260922,1510,028050,51100.0,51500.0,51100.0,51500.0,32099
20260922,0900,138080,27450.0,27500.0,26300.0,26450.0,60234
20260922,0910,138080,26500.0,27000.0,26450.0,26750.0,18070
20260922,0920,138080,26750.0,27050.0,26700.0,27025.0,14024
20260922,0930,138080,27050.0,27200.0,26750.0,27000.0,11318
20260922,0940,138080,27000.0,28450.0,26950.0,28350.0,59676
20260922,0950,138080,28350.0,28850.0,27950.0,28300.0,47659
20260922,1000,138080,28300.0,28500.0,28050.0,28500.0,24803
20260922,1010,138080,28550.0,28800.0,28150.0,28200.0,28266
20260922,1020,138080,28300.0,28500.0,28200.0,28500.0,9840
20260922,1030,138080,28500.0,28550.0,27925.0,27950.0,23459
20260922,1040,138080,28000.0,28350.0,27900.0,28350.0,9430
20260922,1050,138080,28300.0,28400.0,28050.0,28050.0,11260
20260922,1100,138080,28050.0,28050.0,27850.0,28050.0,11355
20260922,1110,138080,28050.0,28050.0,27650.0,27800.0,11510
20260922,1120,138080,27800.0,28050.0,27700.0,28050.0,11842
20260922,1130,138080,28100.0,28100.0,28000.0,28100.0,3739
20260922,1140,138080,28150.0,28200.0,28100.0,28150.0,3871
20260922,1150,138080,28150.0,28200.0,28100.0,28150.0,2933
20260922,1200,138080,28150.0,28350.0,28100.0,28300.0,5573
20260922,1210,138080,28250.0,28400.0,28150.0,28350.0,4504
20260922,1220,138080,28350.0,28400.0,28300.0,28400.0,6265
20260922,1230,138080,28350.0,28350.0,28200.0,28250.0,5837
20260922,1240,138080,28250.0,28400.0,28200.0,28400.0,4337
20260922,1250,138080,28400.0,28400.0,28000.0,28100.0,6526
20260922,1300,138080,28100.0,28100.0,27900.0,27950.0,6765
20260922,1310,138080,27950.0,27950.0,27750.0,27850.0,6346
20260922,1320,138080,27850.0,27950.0,27700.0,27800.0,6653
20260922,1330,138080,27800.0,27950.0,27450.0,27550.0,12573
20260922,1340,138080,27550.0,27750.0,27350.0,27450.0,7053
20260922,1350,138080,27500.0,27800.0,27450.0,27650.0,6418
20260922,1400,138080,27650.0,27900.0,27550.0,27850.0,4969
20260922,1410,138080,27875.0,27950.0,27750.0,27850.0,6251
20260922,1420,138080,27850.0,28100.0,27750.0,28000.0,9546
20260922,1430,138080,28000.0,28350.0,27900.0,28350.0,11244
20260922,1440,138080,28350.0,28400.0,28150.0,28300.0,18318
20260922,1450,138080,28350.0,28450.0,28300.0,28350.0,13296
20260922,1500,138080,28400.0,28450.0,28200.0,28200.0,7295
20260922,1510,138080,28250.0,28250.0,28000.0,28150.0,7908
20260922,0900,042370,11020.0,11030.0,10840.0,10850.0,80405
20260922,0910,042370,10850.0,11330.0,10850.0,11180.0,269817
20260922,0920,042370,11180.0,11230.0,11020.0,11160.0,133698
20260922,0930,042370,11170.0,11210.0,11040.0,11070.0,66254
20260922,0940,042370,11050.0,11060.0,10850.0,10910.0,85446
20260922,0950,042370,10910.0,11020.0,10890.0,10940.0,39111
20260922,1000,042370,10935.0,10990.0,10890.0,10890.0,19222
20260922,1010,042370,10900.0,11080.0,10840.0,11020.0,55395
20260922,1020,042370,11010.0,11070.0,10940.0,10960.0,32907
20260922,1030,042370,10960.0,10960.0,10840.0,10880.0,24134
20260922,1040,042370,10880.0,10960.0,10840.0,10930.0,28472
20260922,1050,042370,10930.0,10990.0,10900.0,10910.0,29229
20260922,1100,042370,10910.0,10950.0,10890.0,10930.0,14212
20260922,1110,042370,10920.0,10930.0,10890.0,10930.0,14166
20260922,1120,042370,10920.0,11060.0,10910.0,11000.0,31644
20260922,1130,042370,11010.0,11230.0,10980.0,11220.0,87933
20260922,1140,042370,11220.0,11220.0,11110.0,11130.0,44247
20260922,1150,042370,11140.0,11140.0,11030.0,11040.0,29925
20260922,1200,042370,11040.0,11110.0,11030.0,11090.0,11348
20260922,1210,042370,11090.0,11150.0,11050.0,11050.0,15820
20260922,1220,042370,11040.0,11080.0,11020.0,11070.0,8961
20260922,1230,042370,11060.0,11080.0,11040.0,11040.0,5543
20260922,1240,042370,11050.0,11080.0,11030.0,11050.0,4258
20260922,1250,042370,11040.0,11050.0,10940.0,10940.0,25162
20260922,1300,042370,10940.0,11000.0,10910.0,10960.0,32647
20260922,1310,042370,10960.0,10970.0,10900.0,10920.0,10002
20260922,1320,042370,10930.0,11000.0,10900.0,10990.0,18815
20260922,1330,042370,10990.0,11020.0,10930.0,10930.0,18022
20260922,1340,042370,10940.0,10970.0,10910.0,10940.0,11024
20260922,1350,042370,10930.0,10940.0,10680.0,10770.0,78986
20260922,1400,042370,10770.0,10900.0,10655.0,10880.0,43702
20260922,1410,042370,10890.0,10890.0,10770.0,10770.0,17661
20260922,1420,042370,10760.0,10830.0,10740.0,10810.0,15042
20260922,1430,042370,10820.0,10930.0,10810.0,10920.0,12941
20260922,1440,042370,10920.0,11020.0,10910.0,10990.0,24223
20260922,1450,042370,10980.0,11020.0,10960.0,10990.0,15619
20260922,1500,042370,11000.0,11000.0,10920.0,10930.0,17646
20260922,1510,042370,10920.0,11000.0,10920.0,11000.0,20304
20260922,0900,009540,341000.0,345000.0,339500.0,343000.0,5981
20260922,0910,009540,343000.0,344500.0,342500.0,343000.0,4570
20260922,0920,009540,343000.0,343500.0,341000.0,341000.0,3497
20260922,0930,009540,341000.0,342500.0,341000.0,341500.0,2658
20260922,0940,009540,341500.0,343000.0,341000.0,342000.0,3326
20260922,0950,009540,342000.0,342500.0,342000.0,342500.0,1603
20260922,1000,009540,342500.0,342500.0,341500.0,342000.0,2170
20260922,1010,009540,342250.0,342500.0,341500.0,342000.0,2590
20260922,1020,009540,342250.0,344000.0,341750.0,343000.0,4252
20260922,1030,009540,343000.0,343000.0,342000.0,342500.0,2029
20260922,1040,009540,342500.0,344500.0,342000.0,344500.0,2206
20260922,1050,009540,344250.0,346000.0,343500.0,343500.0,4253
20260922,1100,009540,343750.0,344500.0,343000.0,343500.0,1954
20260922,1110,009540,343500.0,344500.0,343500.0,344500.0,1099
20260922,1120,009540,344000.0,344500.0,343500.0,344000.0,1921
20260922,1130,009540,344000.0,344000.0,342000.0,342500.0,2643
20260922,1140,009540,342500.0,342500.0,341500.0,342000.0,3240
20260922,1150,009540,341500.0,342000.0,339500.0,339500.0,4191
20260922,1200,009540,339750.0,340500.0,339500.0,340000.0,1202
20260922,1210,009540,340000.0,341500.0,340000.0,341500.0,1291
20260922,1220,009540,340500.0,342000.0,340500.0,342000.0,1089
20260922,1230,009540,342000.0,342000.0,340500.0,341000.0,2309
20260922,1240,009540,340500.0,342000.0,340500.0,342000.0,1832
20260922,1250,009540,341500.0,342000.0,340500.0,341000.0,4147
20260922,1300,009540,341250.0,342500.0,341000.0,342000.0,1577
20260922,1310,009540,342000.0,343000.0,341500.0,341500.0,2948
20260922,1320,009540,341500.0,342000.0,341500.0,341500.0,1356
20260922,1330,009540,341500.0,342000.0,340500.0,340500.0,4635
20260922,1340,009540,340500.0,341000.0,339500.0,339500.0,3879
20260922,1350,009540,339500.0,340000.0,339500.0,340000.0,1019
20260922,1400,009540,340000.0,340000.0,338500.0,339000.0,9195
20260922,1410,009540,339500.0,339500.0,339000.0,339500.0,1627
20260922,1420,009540,339500.0,339500.0,339000.0,339000.0,3152
20260922,1430,009540,339000.0,339500.0,339000.0,339500.0,2053
20260922,1440,009540,339500.0,341000.0,339000.0,340000.0,6199
20260922,1450,009540,340000.0,340500.0,340000.0,340000.0,1709
20260922,1500,009540,340000.0,340500.0,339000.0,339000.0,5091
20260922,1510,009540,339000.0,341500.0,339000.0,340000.0,5733
20260922,0900,347700,23000.0,23300.0,22750.0,23200.0,85398
20260922,0910,347700,23200.0,23350.0,23050.0,23150.0,40639
20260922,0920,347700,23200.0,23200.0,22950.0,23100.0,38020
20260922,0930,347700,23075.0,23250.0,22950.0,22950.0,20090
20260922,0940,347700,22950.0,23000.0,22750.0,22800.0,43640
20260922,0950,347700,22800.0,22950.0,22700.0,22900.0,39655
20260922,1000,347700,22950.0,23050.0,22850.0,23000.0,17598
20260922,1010,347700,23000.0,23350.0,22950.0,23350.0,35518
20260922,1020,347700,23325.0,23500.0,23250.0,23350.0,57616
20260922,1030,347700,23350.0,23350.0,23050.0,23050.0,22041
20260922,1040,347700,23100.0,23200.0,23000.0,23100.0,17635
20260922,1050,347700,23100.0,23100.0,22900.0,23100.0,13175
20260922,1100,347700,23100.0,23150.0,23000.0,23100.0,5721
20260922,1110,347700,23100.0,23150.0,22950.0,23000.0,13988
20260922,1120,347700,23000.0,23050.0,22900.0,22950.0,11217
20260922,1130,347700,23000.0,23050.0,22950.0,23050.0,4553
20260922,1140,347700,23050.0,23100.0,22950.0,23000.0,8248
20260922,1150,347700,23050.0,23100.0,22950.0,22950.0,4974
20260922,1200,347700,23000.0,23050.0,22850.0,23000.0,17894
20260922,1210,347700,23000.0,23050.0,22950.0,22950.0,7241
20260922,1220,347700,22900.0,23050.0,22900.0,22950.0,9877
20260922,1230,347700,23000.0,23050.0,22850.0,22900.0,10051
20260922,1240,347700,22850.0,23000.0,22850.0,22950.0,5809
20260922,1250,347700,22950.0,22950.0,22600.0,22650.0,44112
20260922,1300,347700,22600.0,22800.0,22600.0,22700.0,26848
20260922,1310,347700,22700.0,22700.0,22550.0,22600.0,24531
20260922,1320,347700,22650.0,22700.0,22550.0,22650.0,11394
20260922,1330,347700,22600.0,22650.0,22350.0,22450.0,32834
20260922,1340,347700,22450.0,22500.0,22350.0,22450.0,20569
20260922,1350,347700,22450.0,22450.0,22300.0,22350.0,17411
20260922,1400,347700,22300.0,22500.0,22300.0,22500.0,13882
20260922,1410,347700,22500.0,22500.0,22300.0,22350.0,18284
20260922,1420,347700,22350.0,22500.0,22200.0,22450.0,29760
20260922,1430,347700,22400.0,22550.0,22400.0,22550.0,9854
20260922,1440,347700,22500.0,22500.0,22350.0,22450.0,16021
20260922,1450,347700,22450.0,22500.0,22400.0,22450.0,10433
20260922,1500,347700,22450.0,22500.0,22250.0,22350.0,21834
20260922,1510,347700,22300.0,22500.0,22300.0,22450.0,16449
20260922,0900,079550,721000.0,722000.0,714000.0,715000.0,3520
20260922,0910,079550,715000.0,716000.0,710000.0,711000.0,3317
20260922,0920,079550,711000.0,714000.0,709000.0,711000.0,3445
20260922,0930,079550,711000.0,715000.0,707000.0,713000.0,2706
20260922,0940,079550,713000.0,718000.0,712000.0,716000.0,2614
20260922,0950,079550,716000.0,721000.0,714000.0,716000.0,2536
20260922,1000,079550,716000.0,725000.0,715000.0,725000.0,4206
20260922,1010,079550,725000.0,725000.0,719000.0,719000.0,2099
20260922,1020,079550,719000.0,720500.0,718000.0,719500.0,841
20260922,1030,079550,720000.0,720000.0,716000.0,717000.0,1139
20260922,1040,079550,716500.0,720000.0,716000.0,720000.0,1014
20260922,1050,079550,719000.0,721000.0,716000.0,718000.0,1268
20260922,1100,079550,717000.0,720000.0,717000.0,719000.0,852
20260922,1110,079550,719000.0,720000.0,716000.0,718000.0,651
20260922,1120,079550,718000.0,719000.0,715000.0,717000.0,859
20260922,1130,079550,716000.0,717000.0,716000.0,716000.0,683
20260922,1140,079550,716000.0,717000.0,716000.0,717000.0,618
20260922,1150,079550,716000.0,717000.0,713000.0,713000.0,746
20260922,1200,079550,714000.0,714000.0,711000.0,711000.0,654
20260922,1210,079550,711000.0,713000.0,711000.0,712000.0,663
20260922,1220,079550,712000.0,713000.0,712000.0,712000.0,471
20260922,1230,079550,712000.0,713000.0,711000.0,713000.0,671
20260922,1240,079550,712000.0,713000.0,711000.0,713000.0,450
20260922,1250,079550,712000.0,713000.0,710000.0,710000.0,786
20260922,1300,079550,710000.0,712000.0,710000.0,712000.0,789
20260922,1310,079550,712000.0,713000.0,710000.0,711000.0,486
20260922,1320,079550,710000.0,711000.0,708000.0,711000.0,1466
20260922,1330,079550,710000.0,712000.0,708000.0,708000.0,1313
20260922,1340,079550,708000.0,709000.0,707000.0,708000.0,1662
20260922,1350,079550,709000.0,712000.0,708000.0,709000.0,1442
20260922,1400,079550,709000.0,712000.0,708000.0,709000.0,1320
20260922,1410,079550,709000.0,710000.0,707000.0,708000.0,1732
20260922,1420,079550,708000.0,710000.0,707000.0,707000.0,1055
20260922,1430,079550,707000.0,710000.0,707000.0,708000.0,1326
20260922,1440,079550,708000.0,710000.0,707000.0,707000.0,1158
20260922,1450,079550,707000.0,710000.0,707000.0,707000.0,1211
20260922,1500,079550,708000.0,709000.0,705000.0,706000.0,1878
20260922,1510,079550,706000.0,706000.0,702000.0,703000.0,5029
20260922,0900,001440,30250.0,31850.0,30000.0,31350.0,839745
20260922,0910,001440,31375.0,33450.0,31350.0,33100.0,2208023
20260922,0920,001440,33100.0,33200.0,32550.0,32750.0,1082816
20260922,0930,001440,32800.0,33000.0,32150.0,32200.0,719759
20260922,0940,001440,32200.0,32650.0,32200.0,32500.0,350336
20260922,0950,001440,32500.0,32700.0,32250.0,32350.0,241544
20260922,1000,001440,32375.0,32650.0,32300.0,32450.0,197893
20260922,1010,001440,32400.0,32550.0,31900.0,32250.0,343518
20260922,1020,001440,32300.0,32350.0,31950.0,32150.0,169340
20260922,1030,001440,32150.0,32200.0,32000.0,32150.0,113083
20260922,1040,001440,32200.0,32500.0,32150.0,32300.0,172162
20260922,1050,001440,32250.0,32400.0,32100.0,32250.0,81699
20260922,1100,001440,32300.0,32350.0,32150.0,32300.0,72766
20260922,1110,001440,32350.0,32350.0,31950.0,32000.0,120039
20260922,1120,001440,32050.0,32100.0,32000.0,32000.0,55454
20260922,1130,001440,32000.0,32250.0,31950.0,32250.0,88192
20260922,1140,001440,32250.0,32400.0,32200.0,32200.0,57881
20260922,1150,001440,32200.0,32250.0,32100.0,32150.0,37323
20260922,1200,001440,32100.0,32150.0,32000.0,32050.0,44788
20260922,1210,001440,32050.0,32300.0,32000.0,32300.0,61597
20260922,1220,001440,32300.0,32300.0,32250.0,32250.0,23682
20260922,1230,001440,32250.0,32400.0,32250.0,32350.0,56364
20260922,1240,001440,32350.0,32550.0,32350.0,32550.0,142533
20260922,1250,001440,32500.0,32600.0,32250.0,32250.0,103096
20260922,1300,001440,32250.0,32400.0,32100.0,32100.0,74600
20260922,1310,001440,32125.0,32150.0,31900.0,31900.0,137818
20260922,1320,001440,31900.0,32100.0,31900.0,32050.0,62840
20260922,1330,001440,32000.0,32050.0,31750.0,31800.0,142255
20260922,1340,001440,31800.0,32000.0,31750.0,31800.0,81698
20260922,1350,001440,31750.0,31900.0,31550.0,31600.0,144056
20260922,1400,001440,31600.0,31825.0,31550.0,31800.0,80001
20260922,1410,001440,31800.0,31800.0,31525.0,31550.0,55010
20260922,1420,001440,31550.0,31650.0,31450.0,31550.0,102265
20260922,1430,001440,31550.0,31750.0,31500.0,31750.0,69860
20260922,1440,001440,31700.0,31800.0,31600.0,31750.0,61656
20260922,1450,001440,31750.0,31875.0,31650.0,31650.0,124835
20260922,1500,001440,31650.0,31700.0,31500.0,31550.0,69810
20260922,1510,001440,31525.0,31700.0,31525.0,31600.0,102585
20260922,0900,024840,6380.0,6850.0,6350.0,6590.0,1007380
20260922,0910,024840,6590.0,6810.0,6560.0,6740.0,616314
20260922,0920,024840,6750.0,7090.0,6650.0,6870.0,2604669
20260922,0930,024840,6870.0,6890.0,6630.0,6650.0,1110194
20260922,0940,024840,6650.0,6730.0,6650.0,6690.0,408365
20260922,0950,024840,6690.0,6740.0,6600.0,6630.0,290183
20260922,1000,024840,6630.0,6640.0,6560.0,6600.0,258485
20260922,1010,024840,6600.0,6620.0,6540.0,6580.0,114058
20260922,1020,024840,6590.0,6640.0,6550.0,6640.0,86732
20260922,1030,024840,6640.0,6760.0,6630.0,6670.0,280036
20260922,1040,024840,6660.0,6680.0,6640.0,6650.0,45787
20260922,1050,024840,6650.0,6670.0,6630.0,6640.0,59311
20260922,1100,024840,6640.0,6670.0,6630.0,6650.0,39854
20260922,1110,024840,6650.0,6650.0,6580.0,6600.0,73513
20260922,1120,024840,6590.0,6600.0,6550.0,6550.0,95189
20260922,1130,024840,6550.0,6590.0,6550.0,6550.0,27965
20260922,1140,024840,6550.0,6590.0,6550.0,6590.0,24432
20260922,1150,024840,6590.0,6590.0,6560.0,6570.0,21083
20260922,1200,024840,6570.0,6580.0,6550.0,6560.0,25471
20260922,1210,024840,6580.0,6580.0,6550.0,6580.0,29129
20260922,1220,024840,6570.0,6580.0,6550.0,6560.0,9826
20260922,1230,024840,6560.0,6560.0,6530.0,6560.0,29687
20260922,1240,024840,6550.0,6580.0,6550.0,6550.0,15184
20260922,1250,024840,6560.0,6560.0,6510.0,6520.0,71131
20260922,1300,024840,6510.0,6530.0,6510.0,6530.0,34724
20260922,1310,024840,6520.0,6570.0,6470.0,6470.0,155294
20260922,1320,024840,6470.0,6490.0,6440.0,6440.0,87193
20260922,1330,024840,6440.0,6440.0,6400.0,6400.0,90754
20260922,1340,024840,6400.0,6420.0,6370.0,6390.0,68735
20260922,1350,024840,6380.0,6390.0,6330.0,6340.0,76882
20260922,1400,024840,6340.0,6410.0,6330.0,6400.0,61865
20260922,1410,024840,6400.0,6410.0,6350.0,6360.0,42276
20260922,1420,024840,6350.0,6400.0,6350.0,6390.0,25930
20260922,1430,024840,6390.0,6430.0,6370.0,6430.0,29178
20260922,1440,024840,6420.0,6450.0,6410.0,6430.0,45270
20260922,1450,024840,6440.0,6500.0,6430.0,6480.0,56812
20260922,1500,024840,6480.0,6490.0,6440.0,6440.0,42216
20260922,1510,024840,6440.0,6460.0,6400.0,6420.0,40841
20260922,0900,204270,25050.0,25500.0,24650.0,24650.0,181073
20260922,0910,204270,24700.0,25050.0,24600.0,24650.0,116515
20260922,0920,204270,24650.0,24700.0,24500.0,24600.0,62899
20260922,0930,204270,24550.0,25150.0,24550.0,25100.0,49267
20260922,0940,204270,25100.0,25250.0,25000.0,25100.0,50407
20260922,0950,204270,25100.0,25200.0,25100.0,25150.0,24757
20260922,1000,204270,25150.0,25350.0,25050.0,25350.0,29928
20260922,1010,204270,25350.0,25400.0,25100.0,25150.0,24817
20260922,1020,204270,25150.0,25150.0,25050.0,25100.0,11609
20260922,1030,204270,25150.0,25450.0,25100.0,25450.0,29083
20260922,1040,204270,25450.0,25700.0,25350.0,25650.0,58568
20260922,1050,204270,25700.0,26500.0,25550.0,26500.0,203200
20260922,1100,204270,26500.0,26750.0,26100.0,26100.0,276198
20260922,1110,204270,26100.0,26200.0,25750.0,25800.0,93670
20260922,1120,204270,25800.0,25850.0,25550.0,25750.0,41234
20260922,1130,204270,25750.0,25900.0,25600.0,25900.0,25722
20260922,1140,204270,25850.0,25950.0,25800.0,25875.0,18173
20260922,1150,204270,25875.0,26000.0,25800.0,25800.0,18028
20260922,1200,204270,25850.0,25850.0,25700.0,25700.0,9607
20260922,1210,204270,25700.0,25800.0,25700.0,25800.0,10986
20260922,1220,204270,25750.0,25800.0,25550.0,25600.0,15580
20260922,1230,204270,25600.0,25750.0,25500.0,25750.0,12988
20260922,1240,204270,25700.0,25750.0,25550.0,25550.0,13282
20260922,1250,204270,25600.0,25700.0,25450.0,25450.0,18856
20260922,1300,204270,25400.0,25450.0,25150.0,25375.0,43556
20260922,1310,204270,25400.0,25400.0,25000.0,25250.0,81836
20260922,1320,204270,25250.0,25300.0,25150.0,25250.0,17263
20260922,1330,204270,25300.0,25300.0,25050.0,25150.0,23820
20260922,1340,204270,25100.0,25100.0,24950.0,25000.0,23729
20260922,1350,204270,25000.0,25100.0,24900.0,25050.0,22573
20260922,1400,204270,25050.0,25400.0,25000.0,25350.0,30098
20260922,1410,204270,25400.0,25400.0,25100.0,25100.0,18556
20260922,1420,204270,25100.0,25250.0,25050.0,25200.0,14002
20260922,1430,204270,25250.0,25300.0,25050.0,25250.0,14251
20260922,1440,204270,25300.0,25350.0,25200.0,25250.0,14661
20260922,1450,204270,25250.0,25250.0,25100.0,25200.0,15123
20260922,1500,204270,25200.0,25200.0,25100.0,25200.0,13464
20260922,1510,204270,25150.0,25200.0,25050.0,25100.0,20561
20260922,0900,272210,76100.0,76750.0,75600.0,76600.0,24644
20260922,0910,272210,76600.0,76600.0,75900.0,76400.0,15968
20260922,0920,272210,76400.0,76700.0,76200.0,76600.0,11646
20260922,0930,272210,76600.0,76600.0,76100.0,76200.0,6496
20260922,0940,272210,76200.0,76700.0,76000.0,76600.0,15109
20260922,0950,272210,76600.0,77000.0,76300.0,76600.0,12508
20260922,1000,272210,76650.0,77100.0,76300.0,76900.0,11032
20260922,1010,272210,76900.0,77300.0,76900.0,77000.0,10803
20260922,1020,272210,77100.0,77200.0,77000.0,77000.0,7945
20260922,1030,272210,77000.0,77100.0,76500.0,76800.0,6822
20260922,1040,272210,76800.0,77000.0,76600.0,76900.0,3992
20260922,1050,272210,77000.0,77050.0,76700.0,76800.0,4687
20260922,1100,272210,76900.0,77200.0,76800.0,77200.0,3090
20260922,1110,272210,77200.0,77200.0,76800.0,76800.0,4725
20260922,1120,272210,76800.0,77000.0,76600.0,76900.0,3812
20260922,1130,272210,76900.0,76900.0,76500.0,76800.0,6958
20260922,1140,272210,76700.0,76900.0,76600.0,76600.0,3463
20260922,1150,272210,76600.0,76700.0,76300.0,76400.0,3666
20260922,1200,272210,76400.0,76500.0,76100.0,76400.0,3618
20260922,1210,272210,76400.0,76600.0,76400.0,76500.0,3042
20260922,1220,272210,76600.0,76700.0,76500.0,76700.0,2215
20260922,1230,272210,76700.0,76800.0,76500.0,76800.0,3657
20260922,1240,272210,76800.0,76900.0,76700.0,76700.0,3796
20260922,1250,272210,76800.0,76800.0,76600.0,76600.0,2508
20260922,1300,272210,76600.0,76700.0,76400.0,76600.0,4652
20260922,1310,272210,76500.0,76800.0,76500.0,76500.0,3580
20260922,1320,272210,76600.0,77700.0,76400.0,77500.0,18767
20260922,1330,272210,77500.0,78000.0,77300.0,77500.0,17605
20260922,1340,272210,77500.0,77700.0,77200.0,77200.0,9229
20260922,1350,272210,77200.0,78200.0,77100.0,78200.0,24123
20260922,1400,272210,78100.0,79000.0,78000.0,78300.0,35376
20260922,1410,272210,78200.0,78400.0,77600.0,78000.0,18390
20260922,1420,272210,78100.0,78200.0,77700.0,77900.0,16430
20260922,1430,272210,77900.0,78300.0,77600.0,78100.0,19023
20260922,1440,272210,78100.0,78300.0,77800.0,77900.0,14508
20260922,1450,272210,77900.0,78200.0,77700.0,77900.0,14499
20260922,1500,272210,77900.0,78100.0,77400.0,77400.0,9019
20260922,1510,272210,77500.0,77500.0,77100.0,77300.0,9307
20260922,0900,078350,27700.0,27750.0,27050.0,27300.0,88753
20260922,0910,078350,27350.0,27950.0,27250.0,27650.0,16772
20260922,0920,078350,27650.0,28450.0,27650.0,28250.0,27582
20260922,0930,078350,28250.0,28650.0,28150.0,28350.0,21450
20260922,0940,078350,28350.0,28450.0,27900.0,28000.0,10846
20260922,0950,078350,28000.0,28850.0,28000.0,28700.0,16206
20260922,1000,078350,28650.0,28750.0,28400.0,28700.0,17196
20260922,1010,078350,28700.0,28750.0,28400.0,28550.0,14150
20260922,1020,078350,28500.0,28650.0,28400.0,28450.0,8126
20260922,1030,078350,28450.0,28650.0,28400.0,28550.0,10181
20260922,1040,078350,28500.0,28700.0,28400.0,28500.0,8587
20260922,1050,078350,28500.0,28600.0,28350.0,28400.0,10212
20260922,1100,078350,28450.0,28700.0,28400.0,28600.0,13126
20260922,1110,078350,28600.0,28700.0,28500.0,28600.0,8672
20260922,1120,078350,28600.0,28750.0,28600.0,28600.0,10225
20260922,1130,078350,28650.0,28800.0,28600.0,28750.0,9209
20260922,1140,078350,28800.0,28900.0,28750.0,28750.0,11365
20260922,1150,078350,28750.0,28900.0,28750.0,28800.0,9732
20260922,1200,078350,28800.0,29000.0,28750.0,28950.0,11180
20260922,1210,078350,28950.0,29075.0,28900.0,29000.0,13968
20260922,1220,078350,28975.0,29150.0,28950.0,29050.0,11162
20260922,1230,078350,29000.0,29200.0,28950.0,29100.0,9698
20260922,1240,078350,29100.0,29300.0,29050.0,29250.0,14084
20260922,1250,078350,29250.0,29450.0,28950.0,29100.0,16691
20260922,1300,078350,29100.0,29300.0,28900.0,29150.0,13669
20260922,1310,078350,29100.0,29250.0,28950.0,29100.0,12138
20260922,1320,078350,29100.0,29250.0,29000.0,29200.0,12693
20260922,1330,078350,29150.0,29200.0,28750.0,28800.0,14210
20260922,1340,078350,28800.0,29050.0,28800.0,28850.0,13558
20260922,1350,078350,28850.0,29000.0,28800.0,28950.0,11624
20260922,1400,078350,28850.0,28950.0,28700.0,28800.0,16230
20260922,1410,078350,28800.0,28800.0,28200.0,28250.0,21282
20260922,1420,078350,28250.0,28700.0,28150.0,28700.0,13041
20260922,1430,078350,28550.0,28700.0,28400.0,28500.0,9994
20260922,1440,078350,28500.0,28700.0,28400.0,28600.0,8991
20260922,1450,078350,28650.0,28900.0,28550.0,28700.0,12828
20260922,1500,078350,28700.0,28800.0,28450.0,28500.0,8690
20260922,1510,078350,28550.0,28550.0,28300.0,28450.0,9251
20260922,0900,051160,11860.0,12150.0,11640.0,12150.0,15971
20260922,0910,051160,12150.0,12230.0,11960.0,11960.0,10330
20260922,0920,051160,11960.0,12100.0,11950.0,12010.0,4697
20260922,0930,051160,12000.0,12050.0,11860.0,11900.0,4702
20260922,0940,051160,11900.0,12000.0,11870.0,12000.0,5462
20260922,0950,051160,12000.0,12000.0,11890.0,11980.0,2362
20260922,1000,051160,11980.0,12030.0,11930.0,12010.0,3549
20260922,1010,051160,12020.0,12020.0,11940.0,11990.0,1962
20260922,1020,051160,11970.0,11990.0,11950.0,11950.0,548
20260922,1030,051160,11950.0,11960.0,11890.0,11950.0,7309
20260922,1040,051160,11930.0,11995.0,11930.0,11990.0,818
20260922,1050,051160,12000.0,12030.0,11980.0,12030.0,1589
20260922,1100,051160,12020.0,12060.0,11960.0,12060.0,1568
20260922,1110,051160,12030.0,12130.0,12030.0,12110.0,4375
20260922,1120,051160,12110.0,12130.0,12090.0,12130.0,2356
20260922,1130,051160,12110.0,12120.0,12090.0,12100.0,1655
20260922,1140,051160,12100.0,12100.0,12010.0,12010.0,2987
20260922,1150,051160,12020.0,12070.0,12000.0,12070.0,2288
20260922,1200,051160,12070.0,12080.0,12050.0,12050.0,753
20260922,1210,051160,12050.0,12070.0,12020.0,12020.0,1732
20260922,1220,051160,12020.0,12170.0,12020.0,12120.0,12760
20260922,1230,051160,12080.0,12130.0,12030.0,12130.0,1055
20260922,1240,051160,12120.0,12130.0,12100.0,12100.0,1496
20260922,1250,051160,12100.0,12100.0,12020.0,12020.0,1562
20260922,1300,051160,12020.0,12030.0,11960.0,11960.0,2451
20260922,1310,051160,11960.0,12000.0,11940.0,11940.0,1909
20260922,1320,051160,11940.0,11940.0,11720.0,11790.0,7553
20260922,1330,051160,11740.0,11810.0,11730.0,11740.0,3729
20260922,1340,051160,11760.0,11790.0,11650.0,11670.0,10255
20260922,1350,051160,11670.0,11720.0,11650.0,11670.0,3184
20260922,1400,051160,11680.0,11710.0,11680.0,11680.0,2783
20260922,1410,051160,11670.0,11710.0,11650.0,11660.0,2788
20260922,1420,051160,11660.0,11660.0,11560.0,11580.0,5103
20260922,1430,051160,11590.0,11660.0,11550.0,11650.0,8845
20260922,1440,051160,11650.0,11650.0,11590.0,11590.0,904
20260922,1450,051160,11590.0,11650.0,11550.0,11600.0,3254
20260922,1500,051160,11600.0,11610.0,11490.0,11530.0,6227
20260922,1510,051160,11530.0,11720.0,11500.0,11570.0,9401
20260922,0900,039030,490000.0,491500.0,483000.0,487500.0,5193
20260922,0910,039030,487500.0,488500.0,480000.0,481000.0,4328
20260922,0920,039030,481000.0,482000.0,477500.0,478500.0,3289
20260922,0930,039030,478250.0,482500.0,477500.0,480250.0,2956
20260922,0940,039030,480250.0,481000.0,476000.0,477500.0,4674
20260922,0950,039030,477500.0,479000.0,476500.0,479000.0,1162
20260922,1000,039030,479000.0,479500.0,477500.0,478000.0,1514
20260922,1010,039030,478500.0,478500.0,474000.0,474500.0,3214
20260922,1020,039030,474500.0,476000.0,474000.0,476000.0,1402
20260922,1030,039030,476000.0,477000.0,474500.0,475000.0,1234
20260922,1040,039030,475000.0,480500.0,475000.0,478000.0,1524
20260922,1050,039030,478000.0,479500.0,477000.0,478000.0,1021
20260922,1100,039030,477000.0,479500.0,477000.0,478000.0,942
20260922,1110,039030,478000.0,478000.0,475000.0,476000.0,1239
20260922,1120,039030,476000.0,479000.0,475000.0,478500.0,1134
20260922,1130,039030,477000.0,478500.0,476500.0,477000.0,956
20260922,1140,039030,477500.0,480000.0,476500.0,478000.0,1204
20260922,1150,039030,478000.0,480000.0,478000.0,478500.0,884
20260922,1200,039030,478500.0,480000.0,478000.0,478000.0,999
20260922,1210,039030,478500.0,479500.0,477500.0,478500.0,854
20260922,1220,039030,479000.0,479000.0,476500.0,477000.0,915
20260922,1230,039030,477000.0,479500.0,477000.0,478000.0,1061
20260922,1240,039030,478500.0,479500.0,477000.0,478500.0,1004
20260922,1250,039030,479000.0,479000.0,475500.0,476000.0,1604
20260922,1300,039030,476000.0,476000.0,474500.0,474500.0,1426
20260922,1310,039030,475500.0,476500.0,474500.0,475500.0,1065
20260922,1320,039030,475500.0,477500.0,475000.0,475500.0,913
20260922,1330,039030,475500.0,476000.0,473500.0,475000.0,1565
20260922,1340,039030,475000.0,477000.0,474000.0,474000.0,1526
20260922,1350,039030,474500.0,476000.0,473000.0,473500.0,1272
20260922,1400,039030,473500.0,479000.0,473000.0,476000.0,1935
20260922,1410,039030,476500.0,478000.0,474500.0,475000.0,1401
20260922,1420,039030,474500.0,476500.0,473000.0,475500.0,2274
20260922,1430,039030,475500.0,477000.0,473000.0,475500.0,1871
20260922,1440,039030,477000.0,478000.0,474000.0,477500.0,3617
20260922,1450,039030,477500.0,478500.0,475500.0,477500.0,2721
20260922,1500,039030,477000.0,477500.0,474500.0,475500.0,3925
20260922,1510,039030,476000.0,477000.0,474500.0,476000.0,2882
20260922,0900,295310,58900.0,58900.0,57900.0,57900.0,11575
20260922,0910,295310,57900.0,58600.0,57700.0,57900.0,11670
20260922,0920,295310,57900.0,57900.0,57500.0,57700.0,6497
20260922,0930,295310,57800.0,58100.0,57700.0,57800.0,3988
20260922,0940,295310,57800.0,57800.0,57100.0,57200.0,6112
20260922,0950,295310,57200.0,58100.0,57200.0,57800.0,3753
20260922,1000,295310,57800.0,59000.0,57800.0,58600.0,7338
20260922,1010,295310,58600.0,59800.0,58300.0,59700.0,8002
20260922,1020,295310,59600.0,60050.0,59500.0,59650.0,8866
20260922,1030,295310,59700.0,59900.0,59100.0,59600.0,5235
20260922,1040,295310,59600.0,59900.0,59300.0,59600.0,4043
20260922,1050,295310,59700.0,60200.0,59700.0,59800.0,3339
20260922,1100,295310,59800.0,60200.0,59700.0,60000.0,3057
20260922,1110,295310,59900.0,60000.0,59200.0,59400.0,3656
20260922,1120,295310,59500.0,60000.0,59400.0,59800.0,3442
20260922,1130,295310,59700.0,60100.0,59600.0,59800.0,3079
20260922,1140,295310,59900.0,60300.0,59900.0,60000.0,2953
20260922,1150,295310,60100.0,60300.0,59900.0,60100.0,3752
20260922,1200,295310,60200.0,60400.0,60000.0,60100.0,3716
20260922,1210,295310,60200.0,60400.0,60000.0,60200.0,3792
20260922,1220,295310,60100.0,60400.0,60100.0,60200.0,3493
20260922,1230,295310,60200.0,60500.0,60000.0,60000.0,3576
20260922,1240,295310,60100.0,60400.0,60100.0,60200.0,2996
20260922,1250,295310,60200.0,60400.0,59700.0,59900.0,4734
20260922,1300,295310,59800.0,60500.0,59600.0,60000.0,6518
20260922,1310,295310,60100.0,60500.0,59600.0,59600.0,5223
20260922,1320,295310,59500.0,60500.0,59500.0,60200.0,4235
20260922,1330,295310,60100.0,60400.0,59800.0,59900.0,6500
20260922,1340,295310,59800.0,60200.0,59400.0,59600.0,4514
20260922,1350,295310,59500.0,59800.0,59200.0,59500.0,4620
20260922,1400,295310,59500.0,59900.0,59300.0,59600.0,2650
20260922,1410,295310,59600.0,60000.0,59000.0,59000.0,4172
20260922,1420,295310,59000.0,59100.0,58300.0,58500.0,5338
20260922,1430,295310,58500.0,58600.0,58200.0,58400.0,2901
20260922,1440,295310,58500.0,58500.0,58100.0,58200.0,3153
20260922,1450,295310,58200.0,58500.0,58200.0,58300.0,2757
20260922,1500,295310,58300.0,58500.0,58200.0,58200.0,2131
20260922,1510,295310,58200.0,58200.0,58000.0,58200.0,3490
20260922,0900,317850,6160.0,6210.0,6140.0,6190.0,3370
20260922,0910,317850,6190.0,6420.0,6180.0,6300.0,25231
20260922,0920,317850,6290.0,6330.0,6280.0,6280.0,11095
20260922,0930,317850,6280.0,6300.0,6260.0,6260.0,1841
20260922,0940,317850,6260.0,6280.0,6230.0,6280.0,977
20260922,0950,317850,6270.0,6290.0,6250.0,6260.0,1613
20260922,1000,317850,6260.0,6270.0,6240.0,6240.0,1781
20260922,1010,317850,6240.0,6240.0,6220.0,6240.0,2542
20260922,1020,317850,6250.0,6290.0,6250.0,6290.0,2240
20260922,1030,317850,6290.0,6350.0,6290.0,6310.0,5802
20260922,1040,317850,6300.0,6370.0,6270.0,6330.0,5460
20260922,1050,317850,6330.0,6340.0,6300.0,6300.0,1413
20260922,1100,317850,6305.0,6330.0,6305.0,6310.0,523
20260922,1110,317850,6310.0,6310.0,6280.0,6280.0,1011
20260922,1120,317850,6280.0,6330.0,6280.0,6330.0,842
20260922,1130,317850,6330.0,6330.0,6310.0,6330.0,1348
20260922,1140,317850,6330.0,6330.0,6250.0,6250.0,1274
20260922,1150,317850,6270.0,6330.0,6260.0,6330.0,391
20260922,1200,317850,6330.0,6330.0,6280.0,6310.0,14
20260922,1210,317850,6310.0,6310.0,6280.0,6310.0,1744
20260922,1220,317850,6320.0,6330.0,6300.0,6310.0,489
20260922,1230,317850,6310.0,6310.0,6260.0,6260.0,1469
20260922,1240,317850,6260.0,6310.0,6250.0,6290.0,160
20260922,1250,317850,6290.0,6290.0,6260.0,6280.0,312
20260922,1300,317850,6280.0,6280.0,6260.0,6280.0,1500
20260922,1310,317850,6280.0,6290.0,6260.0,6270.0,1797
20260922,1320,317850,6270.0,6300.0,6250.0,6280.0,3025
20260922,1330,317850,6270.0,6300.0,6250.0,6270.0,4711
20260922,1340,317850,6270.0,6270.0,6230.0,6260.0,2307
20260922,1350,317850,6250.0,6250.0,6210.0,6230.0,5556
20260922,1400,317850,6230.0,6290.0,6220.0,6290.0,5311
20260922,1410,317850,6280.0,6290.0,6250.0,6260.0,649
20260922,1420,317850,6260.0,6280.0,6260.0,6260.0,153
20260922,1430,317850,6260.0,6270.0,6240.0,6270.0,1488
20260922,1440,317850,6280.0,6300.0,6260.0,6280.0,1415
20260922,1450,317850,6280.0,6280.0,6280.0,6280.0,401
20260922,1500,317850,6270.0,6270.0,6220.0,6230.0,12320
20260922,1510,317850,6220.0,6280.0,6210.0,6270.0,1513
20260922,0900,004710,10040.0,10100.0,9890.0,9980.0,58037
20260922,0910,004710,9970.0,10030.0,9890.0,10020.0,29837
20260922,0920,004710,9990.0,10050.0,9910.0,10010.0,15206
20260922,0930,004710,10010.0,10040.0,9940.0,10010.0,40738
20260922,0940,004710,9960.0,10000.0,9900.0,9910.0,19930
20260922,0950,004710,9920.0,9940.0,9800.0,9930.0,36136
20260922,1000,004710,9930.0,9970.0,9880.0,9940.0,7318
20260922,1010,004710,9940.0,9960.0,9880.0,9910.0,10804
20260922,1020,004710,9910.0,9940.0,9890.0,9940.0,2884
20260922,1030,004710,9940.0,9970.0,9880.0,9970.0,3222
20260922,1040,004710,9960.0,10150.0,9950.0,10090.0,40088
20260922,1050,004710,10090.0,10330.0,10070.0,10220.0,106083
20260922,1100,004710,10220.0,10380.0,10150.0,10160.0,32606
20260922,1110,004710,10160.0,10170.0,10080.0,10140.0,15689
20260922,1120,004710,10120.0,10200.0,10120.0,10130.0,6301
20260922,1130,004710,10140.0,10150.0,10060.0,10130.0,4339
20260922,1140,004710,10130.0,10180.0,10110.0,10110.0,3226
20260922,1150,004710,10120.0,10140.0,10070.0,10130.0,5705
20260922,1200,004710,10140.0,10140.0,10050.0,10120.0,11344
20260922,1210,004710,10080.0,10110.0,10060.0,10100.0,2345
20260922,1220,004710,10100.0,10110.0,10060.0,10060.0,2757
20260922,1230,004710,10060.0,10100.0,10060.0,10080.0,2022
20260922,1240,004710,10085.0,10090.0,10060.0,10080.0,815
20260922,1250,004710,10080.0,10080.0,9990.0,10000.0,9252
20260922,1300,004710,9990.0,10000.0,9950.0,9960.0,3363
20260922,1310,004710,9950.0,9965.0,9910.0,9940.0,5843
20260922,1320,004710,9940.0,9940.0,9880.0,9900.0,7493
20260922,1330,004710,9890.0,9890.0,9830.0,9840.0,14103
20260922,1340,004710,9840.0,9900.0,9810.0,9900.0,24706
20260922,1350,004710,9870.0,9950.0,9800.0,9890.0,65768
20260922,1400,004710,9890.0,9970.0,9860.0,9950.0,5385
20260922,1410,004710,9950.0,9960.0,9880.0,9890.0,3210
20260922,1420,004710,9890.0,9900.0,9810.0,9860.0,6625
20260922,1430,004710,9840.0,9890.0,9800.0,9880.0,3447
20260922,1440,004710,9870.0,9890.0,9830.0,9850.0,6994
20260922,1450,004710,9840.0,9890.0,9840.0,9890.0,2270
20260922,1500,004710,9890.0,9910.0,9860.0,9860.0,13448
20260922,1510,004710,9860.0,9900.0,9810.0,9850.0,6007
20260922,0900,200470,8030.0,8250.0,7930.0,8080.0,104912
20260922,0910,200470,8100.0,8200.0,8050.0,8120.0,47117
20260922,0920,200470,8120.0,8170.0,8060.0,8120.0,31124
20260922,0930,200470,8120.0,8170.0,8070.0,8170.0,23155
20260922,0940,200470,8170.0,8210.0,8090.0,8090.0,30862
20260922,0950,200470,8090.0,8120.0,8030.0,8120.0,36817
20260922,1000,200470,8120.0,8170.0,8100.0,8130.0,11573
20260922,1010,200470,8130.0,8140.0,8080.0,8090.0,15439
20260922,1020,200470,8110.0,8120.0,8080.0,8120.0,5673
20260922,1030,200470,8120.0,8150.0,8080.0,8090.0,13573
20260922,1040,200470,8080.0,8170.0,8070.0,8100.0,24130
20260922,1050,200470,8120.0,8130.0,8040.0,8090.0,17605
20260922,1100,200470,8090.0,8090.0,8000.0,8050.0,22930
20260922,1110,200470,8030.0,8050.0,8010.0,8010.0,8126
20260922,1120,200470,8010.0,8020.0,8000.0,8010.0,9776
20260922,1130,200470,8020.0,8110.0,8010.0,8110.0,7395
20260922,1140,200470,8110.0,8110.0,8050.0,8080.0,7757
20260922,1150,200470,8060.0,8080.0,8020.0,8080.0,11166
20260922,1200,200470,8080.0,8110.0,8000.0,8030.0,9972
20260922,1210,200470,8040.0,8050.0,8000.0,8050.0,9903
20260922,1220,200470,8050.0,8060.0,8010.0,8010.0,6740
20260922,1230,200470,8010.0,8020.0,8000.0,8020.0,11455
20260922,1240,200470,8020.0,8040.0,8000.0,8040.0,3242
20260922,1250,200470,8040.0,8040.0,7990.0,7990.0,7378
20260922,1300,200470,7990.0,8000.0,7950.0,7970.0,15013
20260922,1310,200470,7970.0,7970.0,7900.0,7920.0,44004
20260922,1320,200470,7920.0,7950.0,7870.0,7920.0,30917
20260922,1330,200470,7920.0,7920.0,7820.0,7820.0,30957
20260922,1340,200470,7820.0,7830.0,7730.0,7750.0,45271
20260922,1350,200470,7740.0,7830.0,7720.0,7790.0,32855
20260922,1400,200470,7790.0,7850.0,7780.0,7830.0,19078
20260922,1410,200470,7830.0,7840.0,7730.0,7730.0,15239
20260922,1420,200470,7730.0,7860.0,7710.0,7750.0,53390
20260922,1430,200470,7740.0,7820.0,7710.0,7750.0,35144
20260922,1440,200470,7750.0,7850.0,7750.0,7830.0,17357
20260922,1450,200470,7830.0,7830.0,7790.0,7800.0,10538
20260922,1500,200470,7810.0,7830.0,7750.0,7780.0,14880
20260922,1510,200470,7770.0,7840.0,7770.0,7820.0,10459
20260922,0900,251270,34650.0,34800.0,34350.0,34550.0,7790
20260922,0910,251270,34550.0,34750.0,34500.0,34550.0,4745
20260922,0920,251270,34550.0,34600.0,34400.0,34450.0,2168
20260922,0930,251270,34450.0,34500.0,34350.0,34450.0,2621
20260922,0940,251270,34400.0,34450.0,34300.0,34300.0,1465
20260922,0950,251270,34300.0,34400.0,34300.0,34350.0,1647
20260922,1000,251270,34400.0,34400.0,34300.0,34400.0,1449
20260922,1010,251270,34350.0,34400.0,34300.0,34300.0,1605
20260922,1020,251270,34350.0,34350.0,34250.0,34250.0,3522
20260922,1030,251270,34250.0,34300.0,34200.0,34200.0,1285
20260922,1040,251270,34200.0,34300.0,34200.0,34300.0,3525
20260922,1050,251270,34300.0,34350.0,34250.0,34300.0,1255
20260922,1100,251270,34300.0,34350.0,34300.0,34300.0,649
20260922,1110,251270,34300.0,34450.0,34300.0,34450.0,2502
20260922,1120,251270,34450.0,34500.0,34400.0,34450.0,1310
20260922,1130,251270,34500.0,34500.0,34350.0,34350.0,1917
20260922,1140,251270,34400.0,34450.0,34350.0,34400.0,1049
20260922,1150,251270,34400.0,34450.0,34300.0,34350.0,1671
20260922,1200,251270,34350.0,34400.0,34350.0,34350.0,594
20260922,1210,251270,34400.0,34400.0,34350.0,34350.0,565
20260922,1220,251270,34350.0,34400.0,34350.0,34400.0,684
20260922,1230,251270,34350.0,34500.0,34350.0,34450.0,3126
20260922,1240,251270,34500.0,34500.0,34400.0,34400.0,950
20260922,1250,251270,34400.0,34450.0,34350.0,34400.0,2103
20260922,1300,251270,34400.0,34450.0,34350.0,34400.0,1087
20260922,1310,251270,34350.0,34500.0,34350.0,34450.0,1360
20260922,1320,251270,34450.0,34550.0,34450.0,34550.0,2264
20260922,1330,251270,34500.0,34600.0,34450.0,34450.0,2808
20260922,1340,251270,34500.0,34650.0,34450.0,34650.0,2833
20260922,1350,251270,34600.0,34650.0,34600.0,34650.0,1237
20260922,1400,251270,34600.0,34650.0,34550.0,34550.0,2071
20260922,1410,251270,34600.0,34600.0,34550.0,34600.0,436
20260922,1420,251270,34550.0,34700.0,34550.0,34600.0,7378
20260922,1430,251270,34600.0,34650.0,34600.0,34650.0,597
20260922,1440,251270,34600.0,34650.0,34600.0,34600.0,845
20260922,1450,251270,34650.0,34850.0,34600.0,34700.0,8611
20260922,1500,251270,34700.0,34750.0,34600.0,34600.0,1909
20260922,1510,251270,34600.0,34850.0,34600.0,34850.0,6570
20260922,0900,319400,21700.0,21850.0,21650.0,21700.0,65722
20260922,0910,319400,21700.0,21700.0,21500.0,21650.0,56845
20260922,0920,319400,21650.0,21700.0,21500.0,21650.0,36715
20260922,0930,319400,21650.0,21700.0,21600.0,21700.0,21045
20260922,0940,319400,21700.0,21700.0,21550.0,21650.0,21285
20260922,0950,319400,21650.0,21900.0,21600.0,21850.0,44401
20260922,1000,319400,21800.0,21850.0,21750.0,21800.0,19032
20260922,1010,319400,21850.0,21850.0,21650.0,21650.0,23336
20260922,1020,319400,21650.0,21650.0,21550.0,21600.0,15449
20260922,1030,319400,21600.0,21650.0,21550.0,21650.0,12708
20260922,1040,319400,21600.0,21700.0,21550.0,21600.0,12625
20260922,1050,319400,21550.0,21650.0,21550.0,21600.0,5605
20260922,1100,319400,21650.0,21700.0,21600.0,21650.0,5876
20260922,1110,319400,21650.0,21650.0,21550.0,21550.0,10936
20260922,1120,319400,21550.0,21650.0,21500.0,21650.0,27317
20260922,1130,319400,21650.0,21900.0,21550.0,21650.0,49116
20260922,1140,319400,21650.0,21750.0,21650.0,21725.0,7051
20260922,1150,319400,21750.0,21750.0,21700.0,21700.0,7256
20260922,1200,319400,21700.0,21700.0,21600.0,21600.0,11594
20260922,1210,319400,21600.0,21650.0,21600.0,21650.0,5868
20260922,1220,319400,21650.0,21650.0,21600.0,21600.0,5400
20260922,1230,319400,21600.0,21650.0,21550.0,21550.0,20979
20260922,1240,319400,21600.0,21650.0,21550.0,21600.0,8890
20260922,1250,319400,21650.0,21650.0,21550.0,21575.0,14980
20260922,1300,319400,21600.0,21600.0,21500.0,21600.0,28313
20260922,1310,319400,21600.0,21600.0,21450.0,21550.0,21839
20260922,1320,319400,21550.0,21600.0,21400.0,21600.0,21811
20260922,1330,319400,21600.0,21600.0,21500.0,21550.0,5521
20260922,1340,319400,21550.0,21550.0,21500.0,21500.0,7699
20260922,1350,319400,21500.0,21550.0,21450.0,21450.0,13362
20260922,1400,319400,21450.0,21550.0,21400.0,21500.0,21392
20260922,1410,319400,21500.0,21550.0,21350.0,21350.0,11289
20260922,1420,319400,21350.0,21400.0,21250.0,21300.0,43304
20260922,1430,319400,21300.0,21350.0,21200.0,21300.0,12208
20260922,1440,319400,21300.0,21400.0,21250.0,21350.0,11364
20260922,1450,319400,21350.0,21400.0,21300.0,21400.0,10599
20260922,1500,319400,21400.0,21400.0,21300.0,21350.0,13837
20260922,1510,319400,21300.0,21500.0,21300.0,21450.0,19186
20260922,0900,125490,12580.0,12670.0,12400.0,12580.0,176181
20260922,0910,125490,12580.0,12790.0,12580.0,12780.0,140782
20260922,0920,125490,12780.0,12780.0,12610.0,12720.0,98446
20260922,0930,125490,12720.0,12860.0,12680.0,12770.0,80977
20260922,0940,125490,12770.0,12780.0,12690.0,12710.0,40295
20260922,0950,125490,12710.0,12920.0,12700.0,12870.0,100924
20260922,1000,125490,12870.0,12910.0,12770.0,12770.0,86084
20260922,1010,125490,12790.0,12790.0,12640.0,12640.0,45105
20260922,1020,125490,12640.0,12660.0,12560.0,12570.0,52571
20260922,1030,125490,12560.0,12610.0,12530.0,12530.0,51896
20260922,1040,125490,12540.0,12640.0,12500.0,12570.0,32767
20260922,1050,125490,12565.0,12640.0,12565.0,12610.0,21018
20260922,1100,125490,12580.0,12620.0,12500.0,12500.0,31218
20260922,1110,125490,12510.0,12510.0,12440.0,12440.0,42977
20260922,1120,125490,12450.0,12470.0,12390.0,12450.0,54034
20260922,1130,125490,12440.0,12540.0,12430.0,12480.0,18043
20260922,1140,125490,12510.0,12650.0,12470.0,12620.0,37504
20260922,1150,125490,12630.0,12650.0,12590.0,12620.0,19833
20260922,1200,125490,12620.0,12750.0,12620.0,12750.0,35827
20260922,1210,125490,12740.0,13350.0,12700.0,12820.0,864660
20260922,1220,125490,12840.0,12870.0,12660.0,12690.0,169462
20260922,1230,125490,12690.0,12870.0,12670.0,12750.0,79414
20260922,1240,125490,12750.0,12760.0,12630.0,12700.0,51047
20260922,1250,125490,12710.0,12720.0,12540.0,12550.0,77829
20260922,1300,125490,12560.0,12650.0,12480.0,12610.0,67917
20260922,1310,125490,12610.0,12610.0,12450.0,12520.0,46728
20260922,1320,125490,12520.0,12580.0,12520.0,12530.0,17446
20260922,1330,125490,12530.0,12530.0,12450.0,12470.0,39956
20260922,1340,125490,12460.0,12470.0,12420.0,12420.0,39479
20260922,1350,125490,12420.0,12470.0,12410.0,12420.0,25837
20260922,1400,125490,12420.0,12490.0,12400.0,12440.0,24292
20260922,1410,125490,12430.0,12440.0,12350.0,12350.0,42773
20260922,1420,125490,12350.0,12450.0,12320.0,12400.0,25477
20260922,1430,125490,12410.0,12500.0,12370.0,12500.0,20401
20260922,1440,125490,12500.0,12510.0,12430.0,12430.0,18196
20260922,1450,125490,12430.0,12500.0,12420.0,12440.0,17776
20260922,1500,125490,12440.0,12460.0,12410.0,12430.0,16162
20260922,1510,125490,12430.0,12450.0,12400.0,12430.0,18946
20260922,0900,456010,22050.0,22400.0,21700.0,21800.0,114284
20260922,0910,456010,21850.0,22800.0,21800.0,22450.0,134914
20260922,0920,456010,22450.0,22650.0,22250.0,22600.0,41237
20260922,0930,456010,22550.0,22600.0,22150.0,22300.0,27082
20260922,0940,456010,22300.0,22650.0,22250.0,22500.0,33218
20260922,0950,456010,22450.0,22700.0,22300.0,22600.0,31170
20260922,1000,456010,22600.0,23000.0,22600.0,22800.0,63869
20260922,1010,456010,22850.0,23000.0,22800.0,22850.0,47395
20260922,1020,456010,22850.0,22900.0,22700.0,22900.0,16794
20260922,1030,456010,22850.0,22950.0,22600.0,22650.0,10235
20260922,1040,456010,22650.0,22800.0,22550.0,22550.0,12901
20260922,1050,456010,22550.0,22650.0,22450.0,22500.0,16897
20260922,1100,456010,22500.0,22750.0,22450.0,22650.0,12264
20260922,1110,456010,22600.0,22650.0,22450.0,22500.0,12699
20260922,1120,456010,22500.0,22700.0,22500.0,22700.0,6655
20260922,1130,456010,22700.0,22750.0,22600.0,22700.0,3511
20260922,1140,456010,22675.0,22800.0,22600.0,22700.0,8174
20260922,1150,456010,22650.0,22750.0,22500.0,22650.0,4692
20260922,1200,456010,22650.0,22650.0,22500.0,22600.0,3574
20260922,1210,456010,22600.0,22750.0,22600.0,22700.0,2120
20260922,1220,456010,22750.0,22900.0,22700.0,22750.0,15108
20260922,1230,456010,22850.0,22850.0,22650.0,22700.0,3149
20260922,1240,456010,22700.0,22750.0,22500.0,22650.0,5871
20260922,1250,456010,22650.0,22700.0,22450.0,22600.0,11521
20260922,1300,456010,22650.0,22650.0,22350.0,22400.0,7246
20260922,1310,456010,22400.0,22400.0,22200.0,22350.0,11642
20260922,1320,456010,22350.0,22600.0,22300.0,22450.0,7893
20260922,1330,456010,22400.0,22450.0,22150.0,22150.0,12477
20260922,1340,456010,22150.0,22300.0,22150.0,22250.0,6335
20260922,1350,456010,22250.0,22400.0,22100.0,22100.0,12331
20260922,1400,456010,22100.0,22300.0,22050.0,22250.0,11104
20260922,1410,456010,22200.0,22300.0,22050.0,22150.0,5896
20260922,1420,456010,22150.0,22250.0,22100.0,22150.0,5656
20260922,1430,456010,22150.0,22350.0,22150.0,22350.0,3937
20260922,1440,456010,22350.0,22450.0,22250.0,22250.0,5748
20260922,1450,456010,22400.0,22400.0,22300.0,22350.0,3187
20260922,1500,456010,22350.0,22400.0,22200.0,22300.0,6164
20260922,1510,456010,22300.0,22300.0,22100.0,22100.0,13086
20260922,0900,478340,13860.0,14220.0,13830.0,14060.0,43917
20260922,0910,478340,14070.0,14090.0,13920.0,14020.0,33030
20260922,0920,478340,14030.0,14050.0,13820.0,13930.0,39634
20260922,0930,478340,13940.0,13960.0,13830.0,13840.0,14078
20260922,0940,478340,13830.0,13830.0,13670.0,13700.0,24439
20260922,0950,478340,13700.0,13760.0,13640.0,13680.0,17383
20260922,1000,478340,13690.0,13800.0,13630.0,13630.0,15875
20260922,1010,478340,13630.0,14300.0,13620.0,14100.0,90978
20260922,1020,478340,14110.0,14550.0,14030.0,14030.0,302592
20260922,1030,478340,14030.0,14090.0,13870.0,13870.0,75983
20260922,1040,478340,13870.0,13885.0,13710.0,13800.0,40323
20260922,1050,478340,13790.0,13860.0,13630.0,13650.0,36017
20260922,1100,478340,13690.0,13780.0,13540.0,13590.0,27785
20260922,1110,478340,13580.0,13580.0,13430.0,13430.0,23530
20260922,1120,478340,13440.0,13460.0,13410.0,13410.0,18084
20260922,1130,478340,13430.0,13530.0,13410.0,13500.0,8885
20260922,1140,478340,13500.0,13530.0,13480.0,13480.0,12164
20260922,1150,478340,13480.0,13490.0,13410.0,13410.0,15046
20260922,1200,478340,13410.0,13440.0,13360.0,13390.0,12130
20260922,1210,478340,13390.0,13390.0,13250.0,13280.0,22013
20260922,1220,478340,13290.0,13390.0,13270.0,13300.0,9744
20260922,1230,478340,13300.0,13350.0,13300.0,13330.0,5523
20260922,1240,478340,13320.0,13420.0,13320.0,13390.0,7133
20260922,1250,478340,13400.0,13400.0,13320.0,13320.0,10696
20260922,1300,478340,13320.0,13320.0,13120.0,13120.0,36507
20260922,1310,478340,13130.0,13200.0,13060.0,13070.0,22185
20260922,1320,478340,13080.0,13100.0,13040.0,13050.0,17772
20260922,1330,478340,13050.0,13060.0,12810.0,12840.0,34782
20260922,1340,478340,12840.0,12950.0,12840.0,12890.0,8152
20260922,1350,478340,12890.0,12910.0,12860.0,12860.0,7965
20260922,1400,478340,12860.0,13010.0,12860.0,13010.0,4441
20260922,1410,478340,13000.0,13010.0,12920.0,12940.0,7862
20260922,1420,478340,12950.0,13050.0,12930.0,12950.0,9168
20260922,1430,478340,12950.0,13000.0,12940.0,12990.0,3386
20260922,1440,478340,12990.0,13020.0,12960.0,12960.0,8962
20260922,1450,478340,12960.0,12960.0,12890.0,12920.0,6291
20260922,1500,478340,12920.0,12970.0,12900.0,12910.0,8007
20260922,1510,478340,12890.0,12980.0,12830.0,12980.0,10816
20260922,0900,098460,28625.0,28950.0,28600.0,28800.0,53915
20260922,0910,098460,28800.0,28900.0,28550.0,28650.0,50834
20260922,0920,098460,28650.0,28750.0,28500.0,28650.0,38078
20260922,0930,098460,28750.0,29250.0,28650.0,29150.0,82932
20260922,0940,098460,29100.0,29150.0,28900.0,29000.0,47041
20260922,0950,098460,28950.0,29250.0,28950.0,29250.0,37646
20260922,1000,098460,29200.0,29300.0,29150.0,29150.0,27593
20260922,1010,098460,29200.0,29200.0,29000.0,29050.0,27329
20260922,1020,098460,29050.0,29150.0,29050.0,29050.0,12690
20260922,1030,098460,29050.0,29300.0,29050.0,29200.0,64518
20260922,1040,098460,29150.0,29200.0,29050.0,29100.0,12533
20260922,1050,098460,29100.0,29200.0,29100.0,29150.0,17716
20260922,1100,098460,29150.0,29550.0,29150.0,29400.0,189094
20260922,1110,098460,29400.0,29500.0,29250.0,29250.0,39763
20260922,1120,098460,29300.0,29300.0,29050.0,29100.0,33452
20260922,1130,098460,29150.0,29150.0,29050.0,29150.0,8701
20260922,1140,098460,29150.0,29250.0,29100.0,29150.0,9984
20260922,1150,098460,29150.0,29250.0,29150.0,29150.0,6036
20260922,1200,098460,29150.0,29200.0,29150.0,29150.0,8553
20260922,1210,098460,29150.0,29200.0,29100.0,29150.0,9437
20260922,1220,098460,29150.0,29250.0,29150.0,29200.0,9954
20260922,1230,098460,29200.0,29250.0,29150.0,29250.0,4570
20260922,1240,098460,29250.0,29250.0,29150.0,29150.0,8462
20260922,1250,098460,29175.0,29200.0,29100.0,29100.0,10166
20260922,1300,098460,29100.0,29150.0,28950.0,28950.0,36854
20260922,1310,098460,28950.0,29000.0,28900.0,28900.0,19601
20260922,1320,098460,28900.0,28950.0,28800.0,28800.0,34861
20260922,1330,098460,28800.0,28900.0,28750.0,28900.0,15489
20260922,1340,098460,28900.0,28900.0,28650.0,28650.0,19726
20260922,1350,098460,28650.0,28700.0,28550.0,28600.0,20073
20260922,1400,098460,28600.0,28800.0,28550.0,28700.0,16603
20260922,1410,098460,28750.0,28800.0,28600.0,28600.0,9858
20260922,1420,098460,28600.0,28650.0,28500.0,28550.0,25305
20260922,1430,098460,28600.0,28750.0,28500.0,28750.0,19894
20260922,1440,098460,28750.0,28825.0,28550.0,28800.0,27617
20260922,1450,098460,28800.0,29000.0,28750.0,29000.0,24598
20260922,1500,098460,29000.0,29050.0,28950.0,29000.0,29375
20260922,1510,098460,29000.0,29000.0,28850.0,28900.0,14263
20260922,0900,011200,21175.0,21200.0,21050.0,21200.0,14375
20260922,0910,011200,21200.0,21250.0,21150.0,21175.0,14169
20260922,0920,011200,21150.0,21200.0,21050.0,21050.0,13050
20260922,0930,011200,21050.0,21100.0,21000.0,21100.0,9248
20260922,0940,011200,21100.0,21150.0,20950.0,21000.0,18470
20260922,0950,011200,21000.0,21050.0,21000.0,21000.0,4280
20260922,1000,011200,21000.0,21050.0,20950.0,21000.0,4189
20260922,1010,011200,20950.0,21000.0,20950.0,21000.0,5318
20260922,1020,011200,20950.0,21000.0,20950.0,21000.0,1891
20260922,1030,011200,21000.0,21000.0,20950.0,21000.0,2068
20260922,1040,011200,21000.0,21000.0,20950.0,21000.0,1967
20260922,1050,011200,21000.0,21100.0,20950.0,21050.0,24471
20260922,1100,011200,21000.0,21100.0,21000.0,21000.0,3357
20260922,1110,011200,21050.0,21100.0,21000.0,21000.0,2772
20260922,1120,011200,21050.0,21100.0,21000.0,21050.0,3377
20260922,1130,011200,21050.0,21050.0,21000.0,21000.0,2549
20260922,1140,011200,21000.0,21050.0,21000.0,21050.0,2975
20260922,1150,011200,21050.0,21050.0,20950.0,20950.0,4340
20260922,1200,011200,21000.0,21000.0,20950.0,21000.0,1700
20260922,1210,011200,21000.0,21000.0,20900.0,21000.0,8515
20260922,1220,011200,20950.0,21000.0,20950.0,21000.0,1432
20260922,1230,011200,21000.0,21000.0,20900.0,20950.0,3684
20260922,1240,011200,20950.0,21000.0,20900.0,20950.0,1766
20260922,1250,011200,21000.0,21000.0,20950.0,21000.0,735
20260922,1300,011200,20950.0,21000.0,20900.0,21000.0,14374
20260922,1310,011200,21000.0,21050.0,20950.0,21000.0,7190
20260922,1320,011200,21000.0,21050.0,20950.0,21000.0,7742
20260922,1330,011200,21050.0,21100.0,21000.0,21100.0,6612
20260922,1340,011200,21050.0,21100.0,21050.0,21050.0,2595
20260922,1350,011200,21050.0,21100.0,21050.0,21100.0,2900
20260922,1400,011200,21100.0,21100.0,20950.0,20950.0,28273
20260922,1410,011200,21000.0,21100.0,20950.0,21100.0,8447
20260922,1420,011200,21050.0,21100.0,21050.0,21100.0,8525
20260922,1430,011200,21050.0,21150.0,21050.0,21100.0,23629
20260922,1440,011200,21100.0,21100.0,21050.0,21100.0,6151
20260922,1450,011200,21050.0,21150.0,21050.0,21100.0,17554
20260922,1500,011200,21150.0,21200.0,21100.0,21150.0,19376
20260922,1510,011200,21150.0,21200.0,21150.0,21200.0,16490
20260922,0900,265740,7810.0,7960.0,7800.0,7930.0,117369
20260922,0910,265740,7930.0,7930.0,7810.0,7810.0,29860
20260922,0920,265740,7810.0,7840.0,7780.0,7820.0,16097
20260922,0930,265740,7820.0,7860.0,7680.0,7730.0,49928
20260922,0940,265740,7740.0,7760.0,7690.0,7710.0,13441
20260922,0950,265740,7710.0,7810.0,7670.0,7780.0,13061
20260922,1000,265740,7780.0,7870.0,7720.0,7790.0,13535
20260922,1010,265740,7790.0,7810.0,7760.0,7790.0,5478
20260922,1020,265740,7790.0,7810.0,7780.0,7790.0,4965
20260922,1030,265740,7790.0,7810.0,7780.0,7810.0,3106
20260922,1040,265740,7800.0,7810.0,7790.0,7790.0,3062
20260922,1050,265740,7790.0,7790.0,7700.0,7700.0,16310
20260922,1100,265740,7720.0,7770.0,7700.0,7750.0,2995
20260922,1110,265740,7750.0,7770.0,7740.0,7770.0,1671
20260922,1120,265740,7760.0,7770.0,7700.0,7740.0,5079
20260922,1130,265740,7740.0,7740.0,7700.0,7720.0,13259
20260922,1140,265740,7710.0,7720.0,7700.0,7710.0,18220
20260922,1150,265740,7710.0,7720.0,7710.0,7710.0,1951
20260922,1200,265740,7710.0,7710.0,7680.0,7700.0,6588
20260922,1210,265740,7700.0,7710.0,7680.0,7690.0,4173
20260922,1220,265740,7690.0,7690.0,7670.0,7670.0,5288
20260922,1230,265740,7680.0,7700.0,7670.0,7680.0,786
20260922,1240,265740,7680.0,7690.0,7660.0,7690.0,4289
20260922,1250,265740,7690.0,7710.0,7680.0,7680.0,1202
20260922,1300,265740,7690.0,7690.0,7650.0,7650.0,11156
20260922,1310,265740,7640.0,7690.0,7630.0,7640.0,12165
20260922,1320,265740,7650.0,7660.0,7620.0,7620.0,9703
20260922,1330,265740,7620.0,7660.0,7580.0,7590.0,17367
20260922,1340,265740,7590.0,7650.0,7570.0,7590.0,7767
20260922,1350,265740,7590.0,7590.0,7530.0,7530.0,14864
20260922,1400,265740,7540.0,7570.0,7510.0,7570.0,15382
20260922,1410,265740,7560.0,7570.0,7540.0,7540.0,4299
20260922,1420,265740,7540.0,7550.0,7500.0,7520.0,10917
20260922,1430,265740,7510.0,7600.0,7510.0,7570.0,3661
20260922,1440,265740,7560.0,7580.0,7550.0,7560.0,7556
20260922,1450,265740,7550.0,7560.0,7540.0,7550.0,5746
20260922,1500,265740,7540.0,7540.0,7510.0,7520.0,9958
20260922,1510,265740,7530.0,7600.0,7500.0,7600.0,16854
20260922,0900,011070,546000.0,556000.0,541000.0,555500.0,30199
20260922,0910,011070,556000.0,558000.0,552000.0,555000.0,16344
20260922,0920,011070,554000.0,556000.0,547000.0,555000.0,13037
20260922,0930,011070,555500.0,558000.0,553000.0,556000.0,11145
20260922,0940,011070,557000.0,557000.0,550000.0,550000.0,6278
20260922,0950,011070,550000.0,551000.0,546000.0,549000.0,6711
20260922,1000,011070,549000.0,553000.0,549000.0,552000.0,3817
20260922,1010,011070,551500.0,552000.0,547000.0,548000.0,3702
20260922,1020,011070,547000.0,552000.0,547000.0,549000.0,3049
20260922,1030,011070,548000.0,549000.0,546000.0,548000.0,2448
20260922,1040,011070,549000.0,551000.0,548000.0,551000.0,2704
20260922,1050,011070,550000.0,556000.0,550000.0,556000.0,6363
20260922,1100,011070,555000.0,556000.0,554000.0,555000.0,5999
20260922,1110,011070,555000.0,556000.0,553000.0,554000.0,4607
20260922,1120,011070,554000.0,554000.0,552000.0,553000.0,2956
20260922,1130,011070,552000.0,554000.0,552000.0,553000.0,1937
20260922,1140,011070,553000.0,555000.0,553000.0,553000.0,1729
20260922,1150,011070,554000.0,554000.0,553000.0,553000.0,1796
20260922,1200,011070,553000.0,554000.0,552000.0,553000.0,1303
20260922,1210,011070,553000.0,554000.0,552000.0,552000.0,1895
20260922,1220,011070,553000.0,553000.0,551000.0,552000.0,1241
20260922,1230,011070,551500.0,553000.0,551000.0,553000.0,1425
20260922,1240,011070,553000.0,553000.0,551000.0,552000.0,1747
20260922,1250,011070,551500.0,553000.0,545000.0,546000.0,5531
20260922,1300,011070,546000.0,548000.0,545000.0,546000.0,4018
20260922,1310,011070,546000.0,547000.0,542000.0,543000.0,4415
20260922,1320,011070,543000.0,545000.0,541000.0,543000.0,3558
20260922,1330,011070,543000.0,543000.0,537000.0,539500.0,4404
20260922,1340,011070,539500.0,543000.0,537000.0,540000.0,4438
20260922,1350,011070,540000.0,541000.0,537000.0,537000.0,4141
20260922,1400,011070,537000.0,544000.0,537000.0,542000.0,3918
20260922,1410,011070,543000.0,543000.0,538000.0,538000.0,3852
20260922,1420,011070,538000.0,540000.0,537000.0,538000.0,4824
20260922,1430,011070,538000.0,540000.0,536000.0,539500.0,3751
20260922,1440,011070,539500.0,542000.0,538000.0,541000.0,5171
20260922,1450,011070,541000.0,542000.0,540000.0,542000.0,3088
20260922,1500,011070,541000.0,543000.0,539000.0,541000.0,3063
20260922,1510,011070,541000.0,541000.0,538000.0,540000.0,7940
20260922,0900,274090,12540.0,12610.0,12400.0,12510.0,53746
20260922,0910,274090,12510.0,12600.0,12410.0,12530.0,34923
20260922,0920,274090,12525.0,12580.0,12410.0,12560.0,12384
20260922,0930,274090,12570.0,12580.0,12510.0,12520.0,13140
20260922,0940,274090,12510.0,12540.0,12480.0,12480.0,7122
20260922,0950,274090,12480.0,12550.0,12430.0,12440.0,14832
20260922,1000,274090,12490.0,12550.0,12430.0,12500.0,8992
20260922,1010,274090,12510.0,13660.0,12510.0,13660.0,361077
20260922,1020,274090,13660.0,14300.0,13520.0,13620.0,1103297
20260922,1030,274090,13620.0,13750.0,13050.0,13190.0,417372
20260922,1040,274090,13190.0,13190.0,12890.0,13000.0,124559
20260922,1050,274090,13000.0,13080.0,12800.0,12850.0,105448
20260922,1100,274090,12850.0,12940.0,12760.0,12860.0,45301
20260922,1110,274090,12860.0,12920.0,12770.0,12770.0,45693
20260922,1120,274090,12780.0,12830.0,12710.0,12730.0,31320
20260922,1130,274090,12730.0,12850.0,12720.0,12800.0,22867
20260922,1140,274090,12830.0,12850.0,12770.0,12820.0,12018
20260922,1150,274090,12820.0,12870.0,12800.0,12840.0,13899
20260922,1200,274090,12840.0,12840.0,12720.0,12730.0,16141
20260922,1210,274090,12750.0,12770.0,12710.0,12770.0,8553
20260922,1220,274090,12770.0,12790.0,12660.0,12680.0,28726
20260922,1230,274090,12680.0,12770.0,12670.0,12710.0,9895
20260922,1240,274090,12710.0,12790.0,12660.0,12730.0,11352
20260922,1250,274090,12730.0,12730.0,12620.0,12630.0,16776
20260922,1300,274090,12670.0,12670.0,12480.0,12540.0,47514
20260922,1310,274090,12530.0,12560.0,12430.0,12510.0,37455
20260922,1320,274090,12500.0,12570.0,12460.0,12540.0,19826
20260922,1330,274090,12540.0,12540.0,12450.0,12470.0,13566
20260922,1340,274090,12470.0,12480.0,12410.0,12430.0,17589
20260922,1350,274090,12420.0,12420.0,12310.0,12330.0,22250
20260922,1400,274090,12330.0,12540.0,12310.0,12510.0,15113
20260922,1410,274090,12510.0,12520.0,12440.0,12480.0,8128
20260922,1420,274090,12470.0,12470.0,12400.0,12410.0,6509
20260922,1430,274090,12410.0,12450.0,12370.0,12440.0,7713
20260922,1440,274090,12450.0,12490.0,12390.0,12480.0,9097
20260922,1450,274090,12480.0,12480.0,12390.0,12410.0,4343
20260922,1500,274090,12410.0,12440.0,12400.0,12430.0,8883
20260922,1510,274090,12430.0,12530.0,12410.0,12490.0,15093
20260922,0900,017670,87800.0,89300.0,87800.0,89200.0,98615
20260922,0910,017670,89100.0,89200.0,88300.0,88700.0,32087
20260922,0920,017670,88600.0,88700.0,88100.0,88100.0,32832
20260922,0930,017670,88200.0,88300.0,87900.0,88000.0,33292
20260922,0940,017670,87900.0,88200.0,87900.0,87900.0,23596
20260922,0950,017670,88000.0,88000.0,87700.0,87800.0,24518
20260922,1000,017670,87700.0,87900.0,87500.0,87800.0,15536
20260922,1010,017670,87900.0,87900.0,87400.0,87500.0,20428
20260922,1020,017670,87500.0,87500.0,87200.0,87300.0,20688
20260922,1030,017670,87300.0,87500.0,87100.0,87200.0,18869
20260922,1040,017670,87200.0,87400.0,87100.0,87300.0,10592
20260922,1050,017670,87300.0,87500.0,87200.0,87200.0,13664
20260922,1100,017670,87200.0,87400.0,87200.0,87300.0,11228
20260922,1110,017670,87300.0,87400.0,87200.0,87300.0,5936
20260922,1120,017670,87300.0,87400.0,87200.0,87300.0,16168
20260922,1130,017670,87300.0,87300.0,87100.0,87200.0,11956
20260922,1140,017670,87100.0,87200.0,87000.0,87100.0,12719
20260922,1150,017670,87100.0,87200.0,87000.0,87200.0,10704
20260922,1200,017670,87200.0,87200.0,87100.0,87200.0,4256
20260922,1210,017670,87300.0,87300.0,87200.0,87300.0,4451
20260922,1220,017670,87300.0,87400.0,87200.0,87300.0,6238
20260922,1230,017670,87400.0,87400.0,87300.0,87400.0,5031
20260922,1240,017670,87400.0,87400.0,87100.0,87200.0,9943
20260922,1250,017670,87200.0,87200.0,87100.0,87200.0,5642
20260922,1300,017670,87200.0,87300.0,87000.0,87000.0,14884
20260922,1310,017670,87000.0,87100.0,86800.0,86800.0,29719
20260922,1320,017670,86800.0,87100.0,86800.0,87100.0,6751
20260922,1330,017670,87000.0,87100.0,86800.0,86900.0,27466
20260922,1340,017670,87000.0,87000.0,86600.0,86700.0,35049
20260922,1350,017670,86700.0,86900.0,86700.0,86900.0,10235
20260922,1400,017670,86900.0,87000.0,86700.0,86800.0,11642
20260922,1410,017670,86800.0,86900.0,86500.0,86600.0,27130
20260922,1420,017670,86500.0,86800.0,86500.0,86600.0,18841
20260922,1430,017670,86700.0,86900.0,86600.0,86800.0,15043
20260922,1440,017670,86800.0,87300.0,86800.0,87000.0,19748
20260922,1450,017670,87000.0,87300.0,87000.0,87200.0,15684
20260922,1500,017670,87100.0,87200.0,86900.0,87100.0,16086
20260922,1510,017670,87000.0,87300.0,87000.0,87200.0,15636
20260922,0900,034730,590000.0,590000.0,582000.0,588000.0,4443
20260922,0910,034730,588000.0,591000.0,584000.0,584000.0,3534
20260922,0920,034730,585000.0,587000.0,581000.0,587000.0,4710
20260922,0930,034730,587000.0,588000.0,584000.0,586000.0,2698
20260922,0940,034730,586000.0,587000.0,584000.0,586000.0,2190
20260922,0950,034730,585000.0,586000.0,583000.0,585000.0,1376
20260922,1000,034730,586000.0,588000.0,584000.0,587000.0,1839
20260922,1010,034730,587000.0,588000.0,584000.0,586000.0,2613
20260922,1020,034730,585000.0,587000.0,585000.0,585000.0,885
20260922,1030,034730,585000.0,586000.0,583000.0,585000.0,1364
20260922,1040,034730,585000.0,588000.0,584000.0,584000.0,1786
20260922,1050,034730,584000.0,587000.0,583000.0,585000.0,1503
20260922,1100,034730,586000.0,587000.0,585000.0,585000.0,976
20260922,1110,034730,587000.0,587000.0,583000.0,584000.0,1840
20260922,1120,034730,585000.0,586000.0,584000.0,584000.0,1579
20260922,1130,034730,585000.0,585000.0,584000.0,584000.0,415
20260922,1140,034730,585000.0,586000.0,584000.0,586000.0,1036
20260922,1150,034730,584000.0,585000.0,584000.0,584000.0,546
20260922,1200,034730,585000.0,586000.0,583000.0,584000.0,1686
20260922,1210,034730,584000.0,585000.0,583000.0,584000.0,863
20260922,1220,034730,584000.0,585000.0,584000.0,585000.0,494
20260922,1230,034730,585000.0,585000.0,584000.0,584000.0,467
20260922,1240,034730,584000.0,585000.0,582000.0,584000.0,1608
20260922,1250,034730,585000.0,587000.0,583000.0,586000.0,5376
20260922,1300,034730,586000.0,587000.0,585000.0,587000.0,3693
20260922,1310,034730,586000.0,587000.0,584000.0,584000.0,1762
20260922,1320,034730,584000.0,592000.0,584000.0,591000.0,4259
20260922,1330,034730,591000.0,591000.0,589000.0,589000.0,3532
20260922,1340,034730,590000.0,591000.0,588000.0,588000.0,4603
20260922,1350,034730,588000.0,592000.0,588000.0,588000.0,4345
20260922,1400,034730,588000.0,592000.0,588000.0,590000.0,6141
20260922,1410,034730,591000.0,591000.0,586000.0,588000.0,4064
20260922,1420,034730,587000.0,590000.0,587000.0,588000.0,3246
20260922,1430,034730,588000.0,590000.0,586000.0,589000.0,3965
20260922,1440,034730,590000.0,591000.0,587000.0,589000.0,5199
20260922,1450,034730,589000.0,592000.0,588000.0,590000.0,4500
20260922,1500,034730,590000.0,594000.0,589000.0,592000.0,6788
20260922,1510,034730,592000.0,594000.0,587000.0,587000.0,3828
20260922,0900,089970,58600.0,58900.0,57200.0,57800.0,50112
20260922,0910,089970,57700.0,57800.0,56500.0,56700.0,45468
20260922,0920,089970,56800.0,57000.0,56500.0,56900.0,27277
20260922,0930,089970,56800.0,57600.0,56700.0,57500.0,23070
20260922,0940,089970,57500.0,57600.0,57000.0,57500.0,26644
20260922,0950,089970,57500.0,57600.0,56900.0,57500.0,19394
20260922,1000,089970,57600.0,58000.0,56900.0,57500.0,26333
20260922,1010,089970,57400.0,57600.0,56900.0,56900.0,15343
20260922,1020,089970,57000.0,57700.0,56900.0,57600.0,12177
20260922,1030,089970,57500.0,57700.0,57300.0,57500.0,13184
20260922,1040,089970,57400.0,57700.0,57100.0,57200.0,11139
20260922,1050,089970,57200.0,57400.0,57100.0,57400.0,13871
20260922,1100,089970,57400.0,57800.0,57200.0,57800.0,11892
20260922,1110,089970,57700.0,58500.0,57400.0,58200.0,23186
20260922,1120,089970,58200.0,58400.0,58200.0,58300.0,11925
20260922,1130,089970,58300.0,58500.0,58000.0,58100.0,9967
20260922,1140,089970,58100.0,58300.0,58000.0,58100.0,8695
20260922,1150,089970,58100.0,58300.0,58000.0,58100.0,8459
20260922,1200,089970,58200.0,58300.0,58000.0,58100.0,9332
20260922,1210,089970,58200.0,58200.0,57900.0,58100.0,11763
20260922,1220,089970,58100.0,58300.0,58100.0,58100.0,9481
20260922,1230,089970,58100.0,58500.0,58100.0,58400.0,11333
20260922,1240,089970,58400.0,58500.0,58200.0,58500.0,9468
20260922,1250,089970,58400.0,58600.0,58000.0,58100.0,15001
20260922,1300,089970,58100.0,58200.0,57800.0,58200.0,11874
20260922,1310,089970,58100.0,58200.0,57500.0,57700.0,12509
20260922,1320,089970,57700.0,58100.0,57500.0,57800.0,11620
20260922,1330,089970,57800.0,57800.0,57300.0,57500.0,14294
20260922,1340,089970,57500.0,57500.0,57000.0,57200.0,15524
20260922,1350,089970,57200.0,57400.0,56700.0,56900.0,15962
20260922,1400,089970,56900.0,57400.0,56700.0,57100.0,11339
20260922,1410,089970,57200.0,57300.0,56300.0,56300.0,19633
20260922,1420,089970,56300.0,56500.0,56000.0,56500.0,23587
20260922,1430,089970,56500.0,56500.0,56100.0,56500.0,12976
20260922,1440,089970,56500.0,56600.0,56100.0,56400.0,13749
20260922,1450,089970,56500.0,56900.0,56400.0,56900.0,12267
20260922,1500,089970,56800.0,57000.0,56600.0,56900.0,14812
20260922,1510,089970,56900.0,57000.0,56700.0,56800.0,9784
20260922,0900,183300,31950.0,33000.0,31700.0,32850.0,54137
20260922,0910,183300,32950.0,33350.0,32700.0,33100.0,69461
20260922,0920,183300,33100.0,33300.0,32650.0,32850.0,47714
20260922,0930,183300,32900.0,33300.0,32650.0,32850.0,34413
20260922,0940,183300,32900.0,33250.0,32750.0,33250.0,29688
20260922,0950,183300,33200.0,33350.0,32950.0,33000.0,31538
20260922,1000,183300,33000.0,33000.0,31250.0,32000.0,31489
20260922,1010,183300,32000.0,32050.0,31500.0,31700.0,19495
20260922,1020,183300,31650.0,31750.0,31500.0,31750.0,12071
20260922,1030,183300,31750.0,32000.0,31675.0,31900.0,12412
20260922,1040,183300,31900.0,32000.0,31650.0,31700.0,10103
20260922,1050,183300,31750.0,31800.0,31500.0,31650.0,10305
20260922,1100,183300,31650.0,31700.0,31475.0,31600.0,8582
20260922,1110,183300,31575.0,31900.0,31500.0,31650.0,16650
20260922,1120,183300,31650.0,31700.0,31250.0,31250.0,12268
20260922,1130,183300,31250.0,31450.0,31125.0,31300.0,12615
20260922,1140,183300,31300.0,31400.0,31250.0,31400.0,8056
20260922,1150,183300,31400.0,31500.0,31350.0,31400.0,6163
20260922,1200,183300,31400.0,31450.0,31000.0,31050.0,13347
20260922,1210,183300,31050.0,31200.0,31000.0,31025.0,5674
20260922,1220,183300,31025.0,31100.0,30950.0,31000.0,16828
20260922,1230,183300,31000.0,31050.0,30900.0,31000.0,6100
20260922,1240,183300,31000.0,31050.0,30900.0,31000.0,8008
20260922,1250,183300,31000.0,31000.0,30650.0,30850.0,11178
20260922,1300,183300,30800.0,30850.0,30650.0,30700.0,9048
20260922,1310,183300,30700.0,31100.0,30600.0,30900.0,11650
20260922,1320,183300,30850.0,30900.0,30700.0,30850.0,8599
20260922,1330,183300,30850.0,30850.0,30550.0,30650.0,10438
20260922,1340,183300,30650.0,30900.0,30550.0,30800.0,10474
20260922,1350,183300,30800.0,30850.0,30500.0,30525.0,17976
20260922,1400,183300,30525.0,30900.0,30500.0,30650.0,9662
20260922,1410,183300,30700.0,30900.0,30600.0,30800.0,8719
20260922,1420,183300,30700.0,30900.0,30550.0,30650.0,12314
20260922,1430,183300,30650.0,30900.0,30500.0,30900.0,15108
20260922,1440,183300,30900.0,31000.0,30700.0,30900.0,11514
20260922,1450,183300,30900.0,31050.0,30650.0,30800.0,13661
20260922,1500,183300,30750.0,30850.0,30600.0,30750.0,13850
20260922,1510,183300,30750.0,30800.0,30600.0,30650.0,14654
20260922,0900,032640,14510.0,14550.0,14500.0,14540.0,16593
20260922,0910,032640,14550.0,14550.0,14510.0,14540.0,20558
20260922,0920,032640,14530.0,14570.0,14520.0,14540.0,29226
20260922,0930,032640,14540.0,14550.0,14530.0,14540.0,16245
20260922,0940,032640,14540.0,14560.0,14530.0,14540.0,21427
20260922,0950,032640,14540.0,14550.0,14530.0,14530.0,15492
20260922,1000,032640,14530.0,14550.0,14530.0,14540.0,12917
20260922,1010,032640,14530.0,14550.0,14530.0,14550.0,15188
20260922,1020,032640,14540.0,14550.0,14520.0,14530.0,21692
20260922,1030,032640,14520.0,14540.0,14520.0,14520.0,11231
20260922,1040,032640,14530.0,14570.0,14520.0,14540.0,20964
20260922,1050,032640,14550.0,14590.0,14540.0,14570.0,28871
20260922,1100,032640,14570.0,14600.0,14520.0,14530.0,32405
20260922,1110,032640,14530.0,14570.0,14530.0,14570.0,13811
20260922,1120,032640,14570.0,14610.0,14560.0,14590.0,20236
20260922,1130,032640,14585.0,14590.0,14570.0,14580.0,14618
20260922,1140,032640,14580.0,14600.0,14570.0,14600.0,15308
20260922,1150,032640,14600.0,14600.0,14550.0,14565.0,22195
20260922,1200,032640,14565.0,14580.0,14560.0,14570.0,8471
20260922,1210,032640,14570.0,14600.0,14560.0,14600.0,23205
20260922,1220,032640,14600.0,14610.0,14590.0,14600.0,9822
20260922,1230,032640,14600.0,14600.0,14550.0,14560.0,12924
20260922,1240,032640,14550.0,14560.0,14530.0,14535.0,18381
20260922,1250,032640,14535.0,14540.0,14530.0,14535.0,8705
20260922,1300,032640,14540.0,14610.0,14530.0,14580.0,26092
20260922,1310,032640,14580.0,14670.0,14580.0,14610.0,39865
20260922,1320,032640,14620.0,14660.0,14610.0,14650.0,23863
20260922,1330,032640,14650.0,14690.0,14640.0,14670.0,31415
20260922,1340,032640,14670.0,14690.0,14650.0,14670.0,36417
20260922,1350,032640,14660.0,14680.0,14620.0,14650.0,37778
20260922,1400,032640,14660.0,14660.0,14610.0,14630.0,32750
20260922,1410,032640,14620.0,14660.0,14600.0,14640.0,35933
20260922,1420,032640,14630.0,14690.0,14630.0,14680.0,48519
20260922,1430,032640,14670.0,14700.0,14620.0,14630.0,51319
20260922,1440,032640,14630.0,14640.0,14580.0,14580.0,38280
20260922,1450,032640,14580.0,14620.0,14570.0,14600.0,44963
20260922,1500,032640,14570.0,14630.0,14540.0,14570.0,36736
20260922,1510,032640,14570.0,14670.0,14560.0,14650.0,33326
20260922,0900,0161M0,36700.0,40500.0,35950.0,38800.0,2520277
20260922,0910,0161M0,38900.0,39250.0,36450.0,36800.0,1138994
20260922,0920,0161M0,36800.0,37400.0,36350.0,36600.0,417068
20260922,0930,0161M0,36750.0,36850.0,35100.0,35300.0,545747
20260922,0940,0161M0,35300.0,36000.0,34900.0,35350.0,404026
20260922,0950,0161M0,35300.0,36550.0,35250.0,36500.0,346261
20260922,1000,0161M0,36500.0,36700.0,33650.0,33700.0,641828
20260922,1010,0161M0,33650.0,34600.0,33650.0,34350.0,418089
20260922,1020,0161M0,34350.0,34400.0,33200.0,33550.0,303809
20260922,1030,0161M0,33600.0,35950.0,33550.0,35500.0,546693
20260922,1040,0161M0,35550.0,35550.0,34650.0,35250.0,307447
20260922,1050,0161M0,35250.0,36000.0,33900.0,34300.0,412820
20260922,1100,0161M0,34300.0,34950.0,34100.0,34900.0,149425
20260922,1110,0161M0,34900.0,35000.0,34300.0,34350.0,101599
20260922,1120,0161M0,34350.0,34500.0,34000.0,34050.0,95446
20260922,1130,0161M0,34100.0,34400.0,33500.0,33850.0,134373
20260922,1140,0161M0,33850.0,34800.0,33800.0,34250.0,100671
20260922,1150,0161M0,34200.0,34550.0,34100.0,34200.0,59186
20260922,1200,0161M0,34200.0,34900.0,34000.0,34500.0,132451
20260922,1210,0161M0,34500.0,34650.0,34150.0,34450.0,54395
20260922,1220,0161M0,34400.0,34700.0,34250.0,34300.0,63473
20260922,1230,0161M0,34300.0,34350.0,34025.0,34025.0,49417
20260922,1240,0161M0,34000.0,34300.0,33600.0,33650.0,100032
20260922,1250,0161M0,33650.0,34000.0,32200.0,32450.0,224314
20260922,1300,0161M0,32450.0,33000.0,31950.0,32650.0,292483
20260922,1310,0161M0,32650.0,32800.0,32000.0,32250.0,144983
20260922,1320,0161M0,32250.0,32500.0,30750.0,30750.0,333803
20260922,1330,0161M0,30750.0,31650.0,30750.0,31400.0,241221
20260922,1340,0161M0,31350.0,31400.0,30600.0,30900.0,153682
20260922,1350,0161M0,30900.0,31400.0,30400.0,30850.0,163384
20260922,1400,0161M0,30850.0,31300.0,30450.0,30900.0,102634
20260922,1410,0161M0,30950.0,31700.0,30850.0,31150.0,123984
20260922,1420,0161M0,31100.0,32700.0,31100.0,31700.0,440754
20260922,1430,0161M0,31700.0,32050.0,30700.0,31000.0,190455
20260922,1440,0161M0,30900.0,31100.0,30600.0,30950.0,85247
20260922,1450,0161M0,31000.0,31000.0,30350.0,30550.0,140568
20260922,1500,0161M0,30500.0,30650.0,30150.0,30300.0,117341
20260922,1510,0161M0,30250.0,30700.0,30250.0,30600.0,123172
20260922,0900,475830,26600.0,26950.0,25900.0,26150.0,172303
20260922,0910,475830,26150.0,26750.0,26100.0,26550.0,69696
20260922,0920,475830,26550.0,27050.0,26450.0,26600.0,49031
20260922,0930,475830,26600.0,26600.0,26300.0,26350.0,33456
20260922,0940,475830,26400.0,26500.0,26300.0,26400.0,18260
20260922,0950,475830,26400.0,26550.0,26350.0,26350.0,14039
20260922,1000,475830,26400.0,26500.0,26300.0,26350.0,19290
20260922,1010,475830,26350.0,26500.0,26050.0,26150.0,40603
20260922,1020,475830,26150.0,26350.0,26100.0,26250.0,15479
20260922,1030,475830,26200.0,26350.0,25700.0,25750.0,67847
20260922,1040,475830,25700.0,25800.0,25250.0,25400.0,89172
20260922,1050,475830,25400.0,25650.0,25300.0,25450.0,38080
20260922,1100,475830,25450.0,25700.0,25350.0,25550.0,29391
20260922,1110,475830,25550.0,25600.0,25100.0,25150.0,57967
20260922,1120,475830,25200.0,25250.0,25050.0,25200.0,30848
20260922,1130,475830,25200.0,25300.0,25150.0,25250.0,14712
20260922,1140,475830,25200.0,25300.0,25050.0,25250.0,20628
20260922,1150,475830,25250.0,25400.0,25200.0,25350.0,14863
20260922,1200,475830,25350.0,25400.0,25250.0,25350.0,11077
20260922,1210,475830,25350.0,25500.0,25300.0,25350.0,16837
20260922,1220,475830,25350.0,25350.0,25250.0,25250.0,7512
20260922,1230,475830,25300.0,25350.0,25200.0,25250.0,11767
20260922,1240,475830,25250.0,25350.0,25200.0,25250.0,7324
20260922,1250,475830,25200.0,25250.0,24850.0,24900.0,53676
20260922,1300,475830,24900.0,24950.0,24450.0,24600.0,80266
20260922,1310,475830,24600.0,25050.0,24550.0,24950.0,39087
20260922,1320,475830,24950.0,25850.0,24900.0,25700.0,90713
20260922,1330,475830,25650.0,25700.0,25350.0,25450.0,35121
20260922,1340,475830,25450.0,25600.0,25250.0,25450.0,19637
20260922,1350,475830,25450.0,25500.0,25250.0,25400.0,15382
20260922,1400,475830,25400.0,25550.0,25350.0,25500.0,15468
20260922,1410,475830,25500.0,25550.0,25100.0,25150.0,31626
20260922,1420,475830,25125.0,25350.0,25050.0,25150.0,20241
20260922,1430,475830,25150.0,25300.0,25050.0,25300.0,14888
20260922,1440,475830,25300.0,25550.0,25250.0,25500.0,17522
20260922,1450,475830,25500.0,25550.0,25350.0,25500.0,13966
20260922,1500,475830,25500.0,25500.0,25300.0,25400.0,16836
20260922,1510,475830,25350.0,25450.0,25250.0,25300.0,16597
20260922,0900,007610,4785.0,4935.0,4750.0,4785.0,222867
20260922,0910,007610,4785.0,4870.0,4755.0,4830.0,97959
20260922,0920,007610,4830.0,4865.0,4705.0,4760.0,159708
20260922,0930,007610,4745.0,4780.0,4715.0,4725.0,54238
20260922,0940,007610,4725.0,4735.0,4710.0,4730.0,25247
20260922,0950,007610,4735.0,4745.0,4700.0,4730.0,29179
20260922,1000,007610,4730.0,4760.0,4685.0,4685.0,36704
20260922,1010,007610,4685.0,4690.0,4640.0,4645.0,31451
20260922,1020,007610,4655.0,4700.0,4655.0,4670.0,12110
20260922,1030,007610,4670.0,4695.0,4650.0,4695.0,12584
20260922,1040,007610,4695.0,4770.0,4600.0,4615.0,137152
20260922,1050,007610,4635.0,4685.0,4620.0,4635.0,23271
20260922,1100,007610,4625.0,4640.0,4620.0,4630.0,8274
20260922,1110,007610,4625.0,4625.0,4570.0,4610.0,50677
20260922,1120,007610,4605.0,4635.0,4570.0,4580.0,11926
20260922,1130,007610,4580.0,4620.0,4580.0,4600.0,8656
20260922,1140,007610,4605.0,4605.0,4580.0,4585.0,9821
20260922,1150,007610,4590.0,4590.0,4560.0,4580.0,10663
20260922,1200,007610,4580.0,4620.0,4575.0,4590.0,7357
20260922,1210,007610,4590.0,4595.0,4590.0,4590.0,7150
20260922,1220,007610,4590.0,4595.0,4580.0,4585.0,4202
20260922,1230,007610,4590.0,4615.0,4585.0,4615.0,5837
20260922,1240,007610,4605.0,4635.0,4590.0,4610.0,9389
20260922,1250,007610,4620.0,4635.0,4560.0,4580.0,34994
20260922,1300,007610,4575.0,4605.0,4555.0,4590.0,13169
20260922,1310,007610,4585.0,4600.0,4550.0,4580.0,7929
20260922,1320,007610,4580.0,4590.0,4560.0,4580.0,5975
20260922,1330,007610,4575.0,4580.0,4560.0,4565.0,4452
20260922,1340,007610,4565.0,4575.0,4555.0,4555.0,8889
20260922,1350,007610,4555.0,4555.0,4530.0,4540.0,23512
20260922,1400,007610,4535.0,4540.0,4520.0,4535.0,9080
20260922,1410,007610,4535.0,4540.0,4515.0,4515.0,12576
20260922,1420,007610,4520.0,4530.0,4510.0,4525.0,9847
20260922,1430,007610,4525.0,4555.0,4520.0,4555.0,5438
20260922,1440,007610,4550.0,4555.0,4545.0,4550.0,4463
20260922,1450,007610,4550.0,4550.0,4540.0,4545.0,5304
20260922,1500,007610,4545.0,4545.0,4530.0,4530.0,5670
20260922,1510,007610,4530.0,4535.0,4510.0,4515.0,17676
20260922,0900,041190,6410.0,6610.0,6340.0,6490.0,2638035
20260922,0910,041190,6480.0,6500.0,6270.0,6360.0,876160
20260922,0920,041190,6370.0,6410.0,6250.0,6270.0,489770
20260922,0930,041190,6270.0,6310.0,6240.0,6300.0,357810
20260922,0940,041190,6280.0,6490.0,6270.0,6420.0,949975
20260922,0950,041190,6430.0,6490.0,6310.0,6310.0,736000
20260922,1000,041190,6310.0,6400.0,6310.0,6390.0,195905
20260922,1010,041190,6390.0,6410.0,6330.0,6330.0,172604
20260922,1020,041190,6330.0,6380.0,6310.0,6350.0,286590
20260922,1030,041190,6340.0,6350.0,6270.0,6270.0,267905
20260922,1040,041190,6270.0,6310.0,6230.0,6250.0,292554
20260922,1050,041190,6240.0,6260.0,6200.0,6240.0,332381
20260922,1100,041190,6250.0,6250.0,6200.0,6230.0,187669
20260922,1110,041190,6240.0,6250.0,6170.0,6240.0,259284
20260922,1120,041190,6240.0,6270.0,6220.0,6230.0,213447
20260922,1130,041190,6260.0,6260.0,6210.0,6210.0,106359
20260922,1140,041190,6220.0,6260.0,6200.0,6230.0,93843
20260922,1150,041190,6250.0,6270.0,6200.0,6210.0,149808
20260922,1200,041190,6210.0,6240.0,6170.0,6180.0,184644
20260922,1210,041190,6180.0,6220.0,6180.0,6200.0,80169
20260922,1220,041190,6220.0,6220.0,6110.0,6150.0,245064
20260922,1230,041190,6150.0,6160.0,6110.0,6150.0,116735
20260922,1240,041190,6140.0,6150.0,6110.0,6120.0,55152
20260922,1250,041190,6110.0,6120.0,6080.0,6110.0,120996
20260922,1300,041190,6110.0,6130.0,6100.0,6100.0,44461
20260922,1310,041190,6100.0,6150.0,6100.0,6140.0,42311
20260922,1320,041190,6140.0,6160.0,6110.0,6120.0,45973
20260922,1330,041190,6120.0,6120.0,6090.0,6090.0,64119
20260922,1340,041190,6090.0,6100.0,6030.0,6040.0,128859
20260922,1350,041190,6040.0,6060.0,5980.0,6000.0,115593
20260922,1400,041190,6000.0,6020.0,5980.0,6010.0,93473
20260922,1410,041190,6010.0,6010.0,5950.0,5960.0,84988
20260922,1420,041190,5960.0,6020.0,5950.0,5990.0,73289
20260922,1430,041190,5980.0,6000.0,5960.0,5990.0,29041
20260922,1440,041190,6000.0,6000.0,5960.0,5975.0,40311
20260922,1450,041190,5975.0,6010.0,5970.0,6000.0,41684
20260922,1500,041190,6010.0,6010.0,5970.0,5980.0,36755
20260922,1510,041190,5980.0,5990.0,5960.0,5980.0,37367
20260922,0900,234340,21700.0,22150.0,21500.0,21700.0,69180
20260922,0910,234340,21700.0,22200.0,21550.0,22150.0,42410
20260922,0920,234340,22150.0,22450.0,22100.0,22150.0,77606
20260922,0930,234340,22150.0,22200.0,21850.0,21900.0,27352
20260922,0940,234340,21900.0,22150.0,21850.0,22050.0,17543
20260922,0950,234340,22050.0,22550.0,22050.0,22350.0,42665
20260922,1000,234340,22350.0,22450.0,22150.0,22400.0,14240
20260922,1010,234340,22400.0,22500.0,22200.0,22500.0,9363
20260922,1020,234340,22350.0,22600.0,22250.0,22400.0,18244
20260922,1030,234340,22400.0,22400.0,22050.0,22200.0,10265
20260922,1040,234340,22150.0,22200.0,22050.0,22150.0,6243
20260922,1050,234340,22150.0,22150.0,22000.0,22050.0,6449
20260922,1100,234340,22050.0,22150.0,22000.0,22000.0,6152
20260922,1110,234340,22050.0,22050.0,21900.0,21900.0,9271
20260922,1120,234340,21950.0,22100.0,21850.0,21900.0,6060
20260922,1130,234340,21900.0,21950.0,21750.0,21850.0,16319
20260922,1140,234340,21850.0,22100.0,21850.0,21950.0,4700
20260922,1150,234340,22000.0,22150.0,21950.0,22000.0,6320
20260922,1200,234340,22050.0,22150.0,21900.0,22000.0,5278
20260922,1210,234340,22000.0,22050.0,21900.0,21950.0,2691
20260922,1220,234340,22000.0,22050.0,21900.0,21950.0,2414
20260922,1230,234340,21950.0,22000.0,21900.0,21950.0,4850
20260922,1240,234340,21950.0,21950.0,21800.0,21900.0,5568
20260922,1250,234340,21900.0,21950.0,21650.0,21700.0,25346
20260922,1300,234340,21700.0,21750.0,21550.0,21550.0,18943
20260922,1310,234340,21550.0,21650.0,21450.0,21550.0,24580
20260922,1320,234340,21450.0,21600.0,21400.0,21550.0,8273
20260922,1330,234340,21450.0,21550.0,21400.0,21400.0,4815
20260922,1340,234340,21450.0,21500.0,21300.0,21300.0,7021
20260922,1350,234340,21300.0,21400.0,21200.0,21250.0,8434
20260922,1400,234340,21200.0,21450.0,21200.0,21400.0,6060
20260922,1410,234340,21400.0,21450.0,21300.0,21450.0,3284
20260922,1420,234340,21400.0,21450.0,21150.0,21300.0,4511
20260922,1430,234340,21250.0,21300.0,21100.0,21300.0,4873
20260922,1440,234340,21250.0,21350.0,21200.0,21350.0,6728
20260922,1450,234340,21350.0,21350.0,21300.0,21350.0,3129
20260922,1500,234340,21350.0,21400.0,21300.0,21300.0,3833
20260922,1510,234340,21300.0,21350.0,21250.0,21350.0,4033
20260922,0900,319660,137100.0,139200.0,135000.0,135500.0,20470
20260922,0910,319660,135500.0,135800.0,132500.0,133100.0,20097
20260922,0920,319660,133100.0,133600.0,132600.0,132900.0,10232
20260922,0930,319660,132850.0,134400.0,132800.0,134100.0,12829
20260922,0940,319660,134200.0,134300.0,132700.0,132800.0,11307
20260922,0950,319660,132750.0,134700.0,132600.0,133700.0,6031
20260922,1000,319660,133700.0,134300.0,133300.0,133300.0,4168
20260922,1010,319660,133300.0,133400.0,132000.0,132200.0,11583
20260922,1020,319660,132200.0,132900.0,132100.0,132800.0,2975
20260922,1030,319660,132700.0,133000.0,132500.0,132600.0,2520
20260922,1040,319660,132600.0,133000.0,132400.0,132400.0,2709
20260922,1050,319660,132450.0,133600.0,132400.0,132600.0,3020
20260922,1100,319660,132700.0,133400.0,132600.0,133300.0,2003
20260922,1110,319660,133400.0,133400.0,132700.0,132800.0,4253
20260922,1120,319660,132800.0,133000.0,132600.0,132800.0,2177
20260922,1130,319660,132800.0,133000.0,132600.0,132900.0,1786
20260922,1140,319660,132900.0,133200.0,132800.0,132800.0,1751
20260922,1150,319660,132800.0,133000.0,132600.0,132600.0,2060
20260922,1200,319660,132700.0,132800.0,132400.0,132400.0,1901
20260922,1210,319660,132500.0,132800.0,132400.0,132500.0,1563
20260922,1220,319660,132400.0,132800.0,132300.0,132400.0,1843
20260922,1230,319660,132400.0,132700.0,132400.0,132500.0,1283
20260922,1240,319660,132500.0,132700.0,132200.0,132300.0,2893
20260922,1250,319660,132300.0,132400.0,131700.0,131700.0,7470
20260922,1300,319660,131700.0,132000.0,131600.0,131700.0,2735
20260922,1310,319660,131600.0,131700.0,131300.0,131300.0,4403
20260922,1320,319660,131350.0,131600.0,131000.0,131400.0,2733
20260922,1330,319660,131300.0,131300.0,130600.0,131000.0,4975
20260922,1340,319660,131000.0,131500.0,130600.0,130800.0,3376
20260922,1350,319660,130700.0,131100.0,130500.0,130600.0,3321
20260922,1400,319660,130600.0,131300.0,130500.0,131300.0,3426
20260922,1410,319660,131200.0,131300.0,130000.0,130000.0,5536
20260922,1420,319660,130050.0,130300.0,129300.0,130200.0,7508
20260922,1430,319660,130000.0,131200.0,129600.0,131200.0,4641
20260922,1440,319660,131100.0,131200.0,130500.0,131050.0,5709
20260922,1450,319660,131050.0,131500.0,130900.0,131200.0,5831
20260922,1500,319660,131200.0,131500.0,130900.0,131200.0,5593
20260922,1510,319660,131200.0,131200.0,130500.0,131000.0,5718
20260922,0900,232140,14190.0,14250.0,13920.0,14150.0,432062
20260922,0910,232140,14140.0,14650.0,14110.0,14350.0,618427
20260922,0920,232140,14360.0,14690.0,14190.0,14670.0,340398
20260922,0930,232140,14670.0,15000.0,14620.0,14940.0,764211
20260922,0940,232140,14930.0,14950.0,14560.0,14600.0,421793
20260922,0950,232140,14610.0,14715.0,14520.0,14690.0,150451
20260922,1000,232140,14690.0,15100.0,14690.0,14900.0,377951
20260922,1010,232140,14890.0,15200.0,14850.0,14930.0,406384
20260922,1020,232140,14930.0,15370.0,14890.0,15360.0,585068
20260922,1030,232140,15360.0,15550.0,15020.0,15020.0,1019539
20260922,1040,232140,15040.0,15230.0,14940.0,14950.0,254414
20260922,1050,232140,14960.0,14970.0,14830.0,14830.0,206480
20260922,1100,232140,14840.0,15110.0,14840.0,15040.0,111600
20260922,1110,232140,15050.0,15060.0,14830.0,14835.0,141741
20260922,1120,232140,14840.0,14900.0,14760.0,14810.0,102473
20260922,1130,232140,14800.0,14880.0,14720.0,14850.0,94687
20260922,1140,232140,14850.0,14880.0,14780.0,14800.0,40291
20260922,1150,232140,14800.0,14840.0,14770.0,14840.0,23971
20260922,1200,232140,14840.0,14920.0,14790.0,14790.0,56298
20260922,1210,232140,14780.0,14780.0,14710.0,14740.0,52422
20260922,1220,232140,14740.0,14790.0,14730.0,14740.0,22931
20260922,1230,232140,14750.0,14750.0,14710.0,14710.0,28004
20260922,1240,232140,14710.0,14730.0,14700.0,14710.0,40241
20260922,1250,232140,14710.0,14710.0,14580.0,14600.0,186567
20260922,1300,232140,14600.0,14600.0,14510.0,14520.0,70421
20260922,1310,232140,14520.0,14720.0,14470.0,14550.0,110275
20260922,1320,232140,14560.0,14620.0,14500.0,14510.0,48801
20260922,1330,232140,14510.0,14510.0,14400.0,14450.0,77666
20260922,1340,232140,14430.0,14450.0,14300.0,14300.0,127081
20260922,1350,232140,14330.0,14380.0,14260.0,14300.0,72579
20260922,1400,232140,14300.0,14380.0,14260.0,14340.0,46963
20260922,1410,232140,14340.0,14350.0,14260.0,14260.0,46943
20260922,1420,232140,14250.0,14290.0,14190.0,14290.0,65484
20260922,1430,232140,14290.0,14380.0,14230.0,14370.0,42744
20260922,1440,232140,14370.0,14380.0,14300.0,14370.0,43346
20260922,1450,232140,14360.0,14440.0,14360.0,14400.0,37728
20260922,1500,232140,14400.0,14400.0,14310.0,14330.0,40596
20260922,1510,232140,14330.0,14330.0,14290.0,14310.0,48411
20260922,0900,425040,12880.0,12920.0,12480.0,12850.0,393954
20260922,0910,425040,12850.0,13100.0,12800.0,13100.0,315240
20260922,0920,425040,13100.0,13120.0,12870.0,12970.0,176056
20260922,0930,425040,12980.0,13260.0,12920.0,13260.0,141494
20260922,0940,425040,13250.0,13280.0,12970.0,13040.0,141695
20260922,0950,425040,13040.0,13100.0,13000.0,13020.0,30542
20260922,1000,425040,13010.0,13030.0,12990.0,13000.0,33685
20260922,1010,425040,12990.0,13000.0,12810.0,12980.0,78612
20260922,1020,425040,12970.0,13000.0,12875.0,12910.0,30605
20260922,1030,425040,12920.0,13020.0,12890.0,13000.0,23087
20260922,1040,425040,13000.0,13000.0,12900.0,12900.0,14751
20260922,1050,425040,12900.0,12910.0,12840.0,12880.0,32051
20260922,1100,425040,12870.0,12880.0,12850.0,12860.0,21908
20260922,1110,425040,12860.0,12860.0,12750.0,12750.0,57482
20260922,1120,425040,12760.0,12790.0,12700.0,12790.0,36292
20260922,1130,425040,12790.0,12900.0,12760.0,12830.0,28532
20260922,1140,425040,12830.0,12910.0,12830.0,12880.0,16800
20260922,1150,425040,12890.0,12890.0,12800.0,12840.0,11511
20260922,1200,425040,12840.0,12890.0,12830.0,12830.0,14910
20260922,1210,425040,12840.0,12850.0,12810.0,12820.0,8213
20260922,1220,425040,12840.0,12840.0,12820.0,12820.0,8181
20260922,1230,425040,12820.0,12840.0,12820.0,12820.0,4954
20260922,1240,425040,12830.0,12840.0,12790.0,12790.0,17103
20260922,1250,425040,12780.0,12790.0,12700.0,12700.0,39818
20260922,1300,425040,12705.0,12710.0,12620.0,12630.0,38632
20260922,1310,425040,12620.0,12630.0,12570.0,12600.0,31241
20260922,1320,425040,12600.0,12670.0,12590.0,12650.0,20000
20260922,1330,425040,12670.0,12690.0,12610.0,12610.0,16656
20260922,1340,425040,12610.0,12710.0,12600.0,12670.0,19457
20260922,1350,425040,12670.0,12670.0,12600.0,12600.0,17120
20260922,1400,425040,12600.0,12630.0,12570.0,12590.0,24318
20260922,1410,425040,12580.0,12620.0,12530.0,12530.0,26942
20260922,1420,425040,12530.0,12540.0,12440.0,12500.0,78261
20260922,1430,425040,12520.0,12570.0,12480.0,12560.0,19847
20260922,1440,425040,12560.0,12690.0,12560.0,12610.0,26183
20260922,1450,425040,12610.0,12620.0,12530.0,12530.0,20180
20260922,1500,425040,12550.0,12600.0,12500.0,12520.0,24455
20260922,1510,425040,12520.0,12530.0,12460.0,12480.0,30909
20260922,0900,000270,121300.0,122000.0,121100.0,121500.0,31285
20260922,0910,000270,121500.0,121600.0,120700.0,121050.0,24597
20260922,0920,000270,121050.0,121300.0,120600.0,120700.0,24453
20260922,0930,000270,120700.0,120900.0,120400.0,120600.0,22802
20260922,0940,000270,120600.0,120900.0,120400.0,120800.0,23547
20260922,0950,000270,120700.0,121200.0,120700.0,121000.0,19140
20260922,1000,000270,120900.0,121100.0,120700.0,120900.0,13935
20260922,1010,000270,120900.0,121000.0,120500.0,120500.0,15417
20260922,1020,000270,120500.0,120600.0,120200.0,120200.0,10542
20260922,1030,000270,120200.0,120600.0,120100.0,120300.0,12914
20260922,1040,000270,120300.0,120700.0,120300.0,120500.0,9718
20260922,1050,000270,120600.0,120600.0,120200.0,120200.0,9225
20260922,1100,000270,120200.0,120400.0,120200.0,120200.0,10760
20260922,1110,000270,120200.0,120300.0,120000.0,120100.0,14649
20260922,1120,000270,120100.0,120700.0,120000.0,120400.0,16116
20260922,1130,000270,120400.0,120900.0,120100.0,120100.0,12438
20260922,1140,000270,120200.0,120600.0,120100.0,120400.0,17050
20260922,1150,000270,120400.0,120500.0,120100.0,120200.0,10904
20260922,1200,000270,120200.0,120300.0,120000.0,120100.0,10203
20260922,1210,000270,120000.0,120200.0,120000.0,120100.0,10807
20260922,1220,000270,120100.0,120100.0,120000.0,120000.0,8267
20260922,1230,000270,120000.0,120100.0,119900.0,119900.0,10026
20260922,1240,000270,119900.0,120000.0,119700.0,119700.0,14616
20260922,1250,000270,119750.0,119800.0,119300.0,119400.0,19095
20260922,1300,000270,119300.0,119500.0,119100.0,119200.0,21106
20260922,1310,000270,119200.0,119300.0,118900.0,119000.0,23448
20260922,1320,000270,119000.0,119000.0,118800.0,118800.0,15668
20260922,1330,000270,118800.0,118900.0,118700.0,118700.0,15440
20260922,1340,000270,118700.0,118800.0,118500.0,118600.0,17830
20260922,1350,000270,118600.0,118700.0,118400.0,118500.0,20591
20260922,1400,000270,118500.0,118600.0,118300.0,118500.0,21745
20260922,1410,000270,118600.0,118600.0,118200.0,118300.0,21200
20260922,1420,000270,118300.0,118800.0,118300.0,118500.0,27265
20260922,1430,000270,118500.0,118600.0,118300.0,118300.0,20988
20260922,1440,000270,118300.0,118400.0,118200.0,118300.0,24673
20260922,1450,000270,118300.0,118600.0,118300.0,118300.0,32882
20260922,1500,000270,118300.0,118700.0,118200.0,118400.0,31010
20260922,1510,000270,118400.0,118700.0,118400.0,118500.0,26561
20260922,0900,131970,98450.0,100800.0,97600.0,98600.0,57713
20260922,0910,131970,98600.0,99900.0,98300.0,98400.0,27335
20260922,0920,131970,98350.0,98800.0,96600.0,98700.0,28265
20260922,0930,131970,98700.0,99000.0,97800.0,97800.0,9462
20260922,0940,131970,97800.0,97900.0,96300.0,96300.0,16695
20260922,0950,131970,96300.0,97300.0,96200.0,96600.0,11943
20260922,1000,131970,96700.0,97400.0,96600.0,97000.0,6581
20260922,1010,131970,97000.0,97300.0,96200.0,96200.0,13299
20260922,1020,131970,96200.0,96800.0,96000.0,96600.0,7992
20260922,1030,131970,96500.0,97200.0,96500.0,96900.0,4884
20260922,1040,131970,97000.0,97200.0,96700.0,96800.0,3817
20260922,1050,131970,96700.0,96900.0,96300.0,96400.0,5610
20260922,1100,131970,96300.0,96800.0,96000.0,96600.0,7841
20260922,1110,131970,96600.0,96600.0,95300.0,95400.0,10410
20260922,1120,131970,95400.0,96700.0,95300.0,96200.0,8088
20260922,1130,131970,96200.0,96300.0,95700.0,96100.0,3929
20260922,1140,131970,96100.0,96400.0,95700.0,95900.0,3425
20260922,1150,131970,95800.0,96200.0,95700.0,95800.0,3084
20260922,1200,131970,95800.0,96300.0,95700.0,96000.0,2644
20260922,1210,131970,96000.0,96200.0,95900.0,96100.0,2237
20260922,1220,131970,96100.0,96100.0,95700.0,95800.0,2683
20260922,1230,131970,95800.0,95900.0,95600.0,95700.0,3549
20260922,1240,131970,95600.0,96700.0,95600.0,96300.0,4486
20260922,1250,131970,96400.0,96500.0,95700.0,95800.0,6643
20260922,1300,131970,95800.0,95800.0,95100.0,95100.0,9783
20260922,1310,131970,95000.0,95100.0,94000.0,94400.0,13665
20260922,1320,131970,94400.0,94600.0,93900.0,94000.0,10567
20260922,1330,131970,94000.0,94100.0,93000.0,93100.0,19620
20260922,1340,131970,93100.0,93300.0,92500.0,92700.0,15186
20260922,1350,131970,92700.0,93000.0,92200.0,92400.0,9066
20260922,1400,131970,92500.0,93500.0,92300.0,92700.0,7830
20260922,1410,131970,92600.0,92900.0,91650.0,91800.0,10196
20260922,1420,131970,91800.0,92300.0,91500.0,92000.0,9718
20260922,1430,131970,92000.0,92600.0,91600.0,92500.0,6485
20260922,1440,131970,92500.0,93500.0,92500.0,93400.0,6775
20260922,1450,131970,93400.0,94200.0,93300.0,93700.0,8013
20260922,1500,131970,93700.0,93900.0,93400.0,93600.0,4701
20260922,1510,131970,93700.0,93700.0,93100.0,93400.0,3927
20260922,0900,003160,34700.0,34950.0,34450.0,34850.0,67207
20260922,0910,003160,34850.0,35400.0,34800.0,35100.0,33868
20260922,0920,003160,35100.0,35300.0,34800.0,35050.0,26363
20260922,0930,003160,35050.0,35350.0,34850.0,35300.0,26261
20260922,0940,003160,35350.0,35400.0,34750.0,34800.0,19480
20260922,0950,003160,34800.0,35050.0,34700.0,34950.0,14175
20260922,1000,003160,34950.0,35600.0,34950.0,35450.0,34740
20260922,1010,003160,35500.0,35650.0,35100.0,35200.0,23883
20260922,1020,003160,35200.0,35450.0,35000.0,35450.0,9557
20260922,1030,003160,35450.0,35550.0,35200.0,35250.0,16309
20260922,1040,003160,35300.0,35650.0,35150.0,35400.0,18934
20260922,1050,003160,35350.0,35700.0,35250.0,35600.0,14377
20260922,1100,003160,35650.0,35700.0,35400.0,35450.0,20452
20260922,1110,003160,35400.0,35450.0,35200.0,35250.0,12203
20260922,1120,003160,35300.0,35450.0,35200.0,35300.0,9790
20260922,1130,003160,35350.0,35450.0,35300.0,35400.0,8057
20260922,1140,003160,35450.0,35500.0,35300.0,35300.0,9881
20260922,1150,003160,35350.0,35450.0,35250.0,35300.0,6015
20260922,1200,003160,35350.0,35400.0,35200.0,35200.0,9290
20260922,1210,003160,35250.0,35300.0,35050.0,35100.0,11668
20260922,1220,003160,35150.0,35200.0,35000.0,35150.0,11259
20260922,1230,003160,35150.0,35200.0,35050.0,35200.0,6948
20260922,1240,003160,35200.0,35250.0,35050.0,35150.0,7851
20260922,1250,003160,35150.0,35200.0,34950.0,34950.0,9667
20260922,1300,003160,34950.0,35100.0,34800.0,34800.0,13443
20260922,1310,003160,34900.0,34900.0,34650.0,34650.0,15552
20260922,1320,003160,34650.0,34850.0,34650.0,34750.0,17608
20260922,1330,003160,34750.0,34750.0,34500.0,34500.0,13016
20260922,1340,003160,34500.0,34650.0,34500.0,34500.0,16875
20260922,1350,003160,34500.0,34600.0,34350.0,34350.0,18622
20260922,1400,003160,34350.0,34700.0,34350.0,34600.0,11986
20260922,1410,003160,34650.0,34650.0,34300.0,34300.0,12878
20260922,1420,003160,34350.0,34400.0,34200.0,34300.0,19245
20260922,1430,003160,34350.0,34600.0,34200.0,34500.0,14778
20260922,1440,003160,34550.0,34650.0,34450.0,34550.0,13673
20260922,1450,003160,34500.0,34650.0,34500.0,34600.0,10357
20260922,1500,003160,34600.0,34700.0,34400.0,34700.0,14094
20260922,1510,003160,34700.0,34800.0,34550.0,34700.0,16797
20260922,0900,0155E0,13750.0,13890.0,13600.0,13720.0,91467
20260922,0910,0155E0,13740.0,13800.0,13510.0,13680.0,45533
20260922,0920,0155E0,13670.0,13670.0,13290.0,13420.0,60831
20260922,0930,0155E0,13420.0,13540.0,13350.0,13450.0,25767
20260922,0940,0155E0,13450.0,13480.0,13340.0,13430.0,14480
20260922,0950,0155E0,13400.0,13750.0,13380.0,13610.0,44928
20260922,1000,0155E0,13610.0,13780.0,13490.0,13740.0,43220
20260922,1010,0155E0,13740.0,13740.0,13470.0,13490.0,24325
20260922,1020,0155E0,13490.0,13530.0,13380.0,13400.0,19725
20260922,1030,0155E0,13400.0,13410.0,13210.0,13370.0,29778
20260922,1040,0155E0,13360.0,13590.0,13360.0,13500.0,10025
20260922,1050,0155E0,13500.0,14500.0,13350.0,13540.0,470917
20260922,1100,0155E0,13540.0,13560.0,13350.0,13400.0,50984
20260922,1110,0155E0,13400.0,13410.0,13230.0,13260.0,37028
20260922,1120,0155E0,13260.0,13320.0,13110.0,13190.0,36335
20260922,1130,0155E0,13190.0,13290.0,13140.0,13150.0,10122
20260922,1140,0155E0,13190.0,13250.0,13160.0,13230.0,4006
20260922,1150,0155E0,13230.0,13230.0,13130.0,13150.0,5798
20260922,1200,0155E0,13150.0,13220.0,13110.0,13120.0,9359
20260922,1210,0155E0,13120.0,13150.0,13060.0,13100.0,10530
20260922,1220,0155E0,13100.0,13360.0,13100.0,13310.0,13017
20260922,1230,0155E0,13300.0,13310.0,13160.0,13190.0,4921
20260922,1240,0155E0,13190.0,13200.0,13150.0,13190.0,4455
20260922,1250,0155E0,13190.0,13190.0,13050.0,13050.0,16976
20260922,1300,0155E0,13050.0,13060.0,12950.0,13000.0,27084
20260922,1310,0155E0,12980.0,13010.0,12900.0,12950.0,17636
20260922,1320,0155E0,12950.0,12960.0,12910.0,12940.0,9387
20260922,1330,0155E0,12940.0,12940.0,12680.0,12750.0,38193
20260922,1340,0155E0,12760.0,12780.0,12680.0,12720.0,16618
20260922,1350,0155E0,12720.0,12790.0,12650.0,12680.0,16362
20260922,1400,0155E0,12680.0,12830.0,12610.0,12820.0,13187
20260922,1410,0155E0,12815.0,12820.0,12620.0,12620.0,7992
20260922,1420,0155E0,12620.0,12730.0,12550.0,12620.0,15490
20260922,1430,0155E0,12610.0,12670.0,12550.0,12600.0,8998
20260922,1440,0155E0,12600.0,12730.0,12570.0,12670.0,12172
20260922,1450,0155E0,12670.0,12820.0,12670.0,12790.0,9435
20260922,1500,0155E0,12770.0,12800.0,12720.0,12730.0,7356
20260922,1510,0155E0,12730.0,12750.0,12690.0,12720.0,10110
20260922,0900,028300,31050.0,31700.0,31000.0,31250.0,57753
20260922,0910,028300,31250.0,31700.0,31200.0,31400.0,28037
20260922,0920,028300,31400.0,31650.0,31200.0,31200.0,24908
20260922,0930,028300,31225.0,31300.0,31100.0,31100.0,10988
20260922,0940,028300,31100.0,31400.0,31050.0,31400.0,26896
20260922,0950,028300,31350.0,31800.0,31300.0,31750.0,17584
20260922,1000,028300,31750.0,31800.0,31550.0,31750.0,10979
20260922,1010,028300,31750.0,31800.0,31600.0,31650.0,10359
20260922,1020,028300,31650.0,31700.0,31450.0,31500.0,8273
20260922,1030,028300,31550.0,31600.0,31450.0,31550.0,6951
20260922,1040,028300,31550.0,31700.0,31450.0,31600.0,11873
20260922,1050,028300,31650.0,31700.0,31500.0,31550.0,3538
20260922,1100,028300,31550.0,31650.0,31450.0,31500.0,5679
20260922,1110,028300,31500.0,31550.0,31400.0,31500.0,6987
20260922,1120,028300,31500.0,31550.0,31400.0,31450.0,5461
20260922,1130,028300,31450.0,31600.0,31450.0,31550.0,6692
20260922,1140,028300,31550.0,31550.0,31450.0,31550.0,5043
20260922,1150,028300,31500.0,31600.0,31500.0,31600.0,5523
20260922,1200,028300,31600.0,31650.0,31550.0,31650.0,4541
20260922,1210,028300,31650.0,31850.0,31600.0,31850.0,12859
20260922,1220,028300,31800.0,32100.0,31750.0,32050.0,17212
20260922,1230,028300,32050.0,32150.0,31950.0,32000.0,9652
20260922,1240,028300,31950.0,32050.0,31950.0,32050.0,7905
20260922,1250,028300,32000.0,32100.0,31850.0,31900.0,26078
20260922,1300,028300,31900.0,31950.0,31850.0,31900.0,4540
20260922,1310,028300,31900.0,31900.0,31700.0,31750.0,10513
20260922,1320,028300,31800.0,31900.0,31750.0,31900.0,8461
20260922,1330,028300,31850.0,31900.0,31750.0,31850.0,9019
20260922,1340,028300,31850.0,31850.0,31600.0,31700.0,6699
20260922,1350,028300,31650.0,31850.0,31550.0,31600.0,7473
20260922,1400,028300,31550.0,31600.0,31500.0,31550.0,10658
20260922,1410,028300,31550.0,31600.0,31500.0,31500.0,7476
20260922,1420,028300,31550.0,31600.0,31500.0,31600.0,11752
20260922,1430,028300,31550.0,31550.0,31150.0,31300.0,25422
20260922,1440,028300,31300.0,31400.0,31250.0,31400.0,6519
20260922,1450,028300,31400.0,31450.0,31300.0,31350.0,6514
20260922,1500,028300,31300.0,31350.0,31250.0,31300.0,11293
20260922,1510,028300,31350.0,31350.0,31100.0,31100.0,18947
20260922,0900,240550,6290.0,6380.0,6210.0,6270.0,65885
20260922,0910,240550,6290.0,6320.0,6230.0,6270.0,25667
20260922,0920,240550,6270.0,6310.0,6190.0,6280.0,38610
20260922,0930,240550,6270.0,6310.0,6250.0,6300.0,8244
20260922,0940,240550,6290.0,6310.0,6280.0,6300.0,6209
20260922,0950,240550,6290.0,6340.0,6290.0,6330.0,15987
20260922,1000,240550,6320.0,6390.0,6310.0,6390.0,9114
20260922,1010,240550,6370.0,6390.0,6330.0,6340.0,9681
20260922,1020,240550,6330.0,6350.0,6300.0,6350.0,7259
20260922,1030,240550,6320.0,6370.0,6320.0,6350.0,828
20260922,1040,240550,6340.0,6350.0,6310.0,6340.0,4657
20260922,1050,240550,6330.0,6340.0,6310.0,6330.0,4524
20260922,1100,240550,6320.0,6330.0,6280.0,6310.0,12179
20260922,1110,240550,6280.0,6310.0,6270.0,6290.0,7299
20260922,1120,240550,6280.0,6300.0,6260.0,6270.0,6918
20260922,1130,240550,6270.0,6290.0,6250.0,6260.0,4916
20260922,1140,240550,6250.0,6280.0,6250.0,6280.0,2423
20260922,1150,240550,6270.0,6280.0,6260.0,6270.0,1221
20260922,1200,240550,6270.0,6290.0,6270.0,6280.0,653
20260922,1210,240550,6280.0,6290.0,6280.0,6280.0,199
20260922,1220,240550,6280.0,6320.0,6270.0,6280.0,3591
20260922,1230,240550,6270.0,6290.0,6270.0,6290.0,1408
20260922,1240,240550,6270.0,6310.0,6270.0,6310.0,375
20260922,1250,240550,6280.0,6310.0,6270.0,6280.0,3217
20260922,1300,240550,6270.0,6280.0,6230.0,6240.0,14621
20260922,1310,240550,6230.0,6240.0,6190.0,6200.0,12782
20260922,1320,240550,6200.0,6220.0,6190.0,6210.0,5358
20260922,1330,240550,6200.0,6210.0,6180.0,6180.0,9781
20260922,1340,240550,6190.0,6210.0,6180.0,6200.0,2871
20260922,1350,240550,6190.0,6200.0,6160.0,6180.0,6277
20260922,1400,240550,6170.0,6240.0,6160.0,6210.0,6624
20260922,1410,240550,6210.0,6220.0,6190.0,6220.0,2255
20260922,1420,240550,6200.0,6220.0,6140.0,6180.0,11035
20260922,1430,240550,6160.0,6180.0,6130.0,6170.0,6284
20260922,1440,240550,6150.0,6220.0,6150.0,6220.0,5497
20260922,1450,240550,6200.0,6240.0,6200.0,6220.0,1693
20260922,1500,240550,6200.0,6220.0,6180.0,6220.0,5810
20260922,1510,240550,6200.0,6210.0,6160.0,6200.0,5004
20260922,0900,356860,41800.0,44100.0,41650.0,43900.0,319262
20260922,0910,356860,44000.0,44900.0,43050.0,43200.0,224138
20260922,0920,356860,43150.0,44300.0,42800.0,44250.0,138165
20260922,0930,356860,44250.0,45300.0,44100.0,45300.0,183418
20260922,0940,356860,45300.0,46500.0,45250.0,45600.0,268641
20260922,0950,356860,45650.0,45800.0,45000.0,45600.0,104990
20260922,1000,356860,45600.0,45900.0,45150.0,45650.0,58411
20260922,1010,356860,45650.0,45650.0,44750.0,45200.0,75447
20260922,1020,356860,45250.0,45550.0,44800.0,45450.0,49787
20260922,1030,356860,45550.0,45900.0,45350.0,45850.0,63208
20260922,1040,356860,45800.0,45850.0,45450.0,45550.0,31528
20260922,1050,356860,45500.0,45750.0,45350.0,45500.0,25115
20260922,1100,356860,45550.0,46050.0,45450.0,45600.0,54018
20260922,1110,356860,45600.0,45700.0,44850.0,44900.0,50422
20260922,1120,356860,44900.0,45150.0,44800.0,45000.0,19894
20260922,1130,356860,44950.0,45000.0,44750.0,44850.0,21576
20260922,1140,356860,44850.0,45000.0,44700.0,44725.0,13326
20260922,1150,356860,44700.0,45000.0,44700.0,44700.0,15691
20260922,1200,356860,44700.0,44850.0,44100.0,44450.0,41671
20260922,1210,356860,44450.0,44550.0,44050.0,44450.0,27781
20260922,1220,356860,44400.0,44550.0,44300.0,44300.0,11510
20260922,1230,356860,44300.0,44350.0,44100.0,44300.0,18271
20260922,1240,356860,44300.0,44400.0,44150.0,44300.0,10985
20260922,1250,356860,44250.0,44450.0,44100.0,44100.0,19003
20260922,1300,356860,44150.0,44250.0,43850.0,44000.0,31793
20260922,1310,356860,44050.0,44100.0,43700.0,43750.0,25834
20260922,1320,356860,43800.0,43900.0,43700.0,43800.0,22514
20260922,1330,356860,43800.0,43800.0,43300.0,43450.0,44517
20260922,1340,356860,43450.0,43700.0,43200.0,43250.0,25705
20260922,1350,356860,43250.0,43450.0,43100.0,43250.0,29784
20260922,1400,356860,43300.0,44000.0,43250.0,43900.0,32905
20260922,1410,356860,43950.0,43950.0,43350.0,43450.0,21180
20260922,1420,356860,43400.0,43800.0,43150.0,43750.0,21597
20260922,1430,356860,43750.0,44000.0,43700.0,43950.0,28159
20260922,1440,356860,43900.0,44300.0,43750.0,44250.0,52087
20260922,1450,356860,44300.0,44450.0,44150.0,44300.0,28863
20260922,1500,356860,44300.0,44450.0,44100.0,44400.0,33543
20260922,1510,356860,44400.0,44500.0,44200.0,44400.0,30882
20260922,0900,007810,52300.0,64200.0,52300.0,63900.0,400956
20260922,0910,007810,63800.0,65700.0,63700.0,64100.0,257585
20260922,0920,007810,64100.0,64800.0,63100.0,64800.0,132767
20260922,0930,007810,64700.0,67900.0,64700.0,67900.0,309921
20260922,0940,007810,67900.0,67900.0,66200.0,66900.0,396527
20260922,0950,007810,67000.0,67000.0,65700.0,66600.0,97710
20260922,1000,007810,66500.0,67600.0,66400.0,67200.0,61428
20260922,1010,007810,67200.0,67300.0,66000.0,66100.0,45853
20260922,1020,007810,66000.0,66800.0,65800.0,66600.0,34503
20260922,1030,007810,66700.0,67300.0,66500.0,67100.0,45465
20260922,1040,007810,67100.0,67200.0,66600.0,66600.0,19118
20260922,1050,007810,66700.0,67200.0,66600.0,67050.0,11170
20260922,1100,007810,67100.0,67900.0,66900.0,67100.0,182782
20260922,1110,007810,67100.0,67100.0,66100.0,66200.0,43918
20260922,1120,007810,66300.0,67300.0,66200.0,67200.0,27263
20260922,1130,007810,67300.0,67400.0,66100.0,66300.0,55283
20260922,1140,007810,66400.0,66600.0,65600.0,66000.0,71126
20260922,1150,007810,66000.0,66300.0,65800.0,66000.0,41454
20260922,1200,007810,66000.0,66300.0,65800.0,66100.0,34753
20260922,1210,007810,66100.0,66300.0,65700.0,65800.0,36477
20260922,1220,007810,66000.0,66100.0,65200.0,65300.0,56882
20260922,1230,007810,65200.0,65800.0,65100.0,65800.0,35177
20260922,1240,007810,65800.0,66300.0,65700.0,66000.0,16867
20260922,1250,007810,66000.0,66200.0,65700.0,65900.0,10954
20260922,1300,007810,65800.0,66000.0,65400.0,65800.0,13728
20260922,1310,007810,65900.0,65900.0,65200.0,65300.0,25531
20260922,1320,007810,65300.0,65700.0,65200.0,65700.0,12192
20260922,1330,007810,65700.0,65700.0,65000.0,65300.0,23967
20260922,1340,007810,65300.0,65400.0,64600.0,64800.0,34861
20260922,1350,007810,64750.0,65400.0,64600.0,65000.0,19372
20260922,1400,007810,65000.0,66200.0,64900.0,66000.0,31830
20260922,1410,007810,66000.0,66000.0,64300.0,64800.0,37390
20260922,1420,007810,64700.0,65000.0,64400.0,64900.0,26116
20260922,1430,007810,64900.0,65300.0,64400.0,65200.0,19540
20260922,1440,007810,65200.0,65600.0,64900.0,65400.0,20573
20260922,1450,007810,65400.0,65800.0,65200.0,65600.0,21209
20260922,1500,007810,65700.0,65700.0,65300.0,65500.0,15616
20260922,1510,007810,65600.0,66200.0,65200.0,65900.0,58916
20260922,0900,010950,150200.0,156900.0,150200.0,154800.0,29210
20260922,0910,010950,154700.0,155200.0,152100.0,152700.0,14920
20260922,0920,010950,152800.0,152900.0,150700.0,151300.0,11756
20260922,0930,010950,151300.0,151300.0,148400.0,148600.0,13547
20260922,0940,010950,148500.0,150000.0,148400.0,149800.0,13230
20260922,0950,010950,149700.0,151400.0,149000.0,150600.0,20653
20260922,1000,010950,150600.0,150700.0,148900.0,149900.0,8585
20260922,1010,010950,149800.0,150100.0,149100.0,149300.0,5508
20260922,1020,010950,149300.0,149700.0,148700.0,148750.0,7270
20260922,1030,010950,148700.0,149800.0,148700.0,149200.0,22768
20260922,1040,010950,149300.0,149500.0,148900.0,149100.0,5836
20260922,1050,010950,149000.0,150300.0,148900.0,149400.0,6588
20260922,1100,010950,149400.0,149800.0,149000.0,149400.0,5108
20260922,1110,010950,149400.0,149700.0,148800.0,149300.0,16017
20260922,1120,010950,149400.0,149600.0,148600.0,149200.0,4990
20260922,1130,010950,149200.0,149800.0,149000.0,149800.0,4757
20260922,1140,010950,149900.0,150600.0,149400.0,150400.0,5078
20260922,1150,010950,150400.0,150600.0,149900.0,150200.0,4888
20260922,1200,010950,150200.0,150700.0,150000.0,150500.0,4349
20260922,1210,010950,150600.0,151200.0,150000.0,151100.0,4860
20260922,1220,010950,151000.0,151800.0,150700.0,151800.0,5064
20260922,1230,010950,151700.0,151900.0,150600.0,151100.0,5525
20260922,1240,010950,151100.0,151600.0,150900.0,151200.0,4679
20260922,1250,010950,151200.0,151500.0,150000.0,150500.0,19909
20260922,1300,010950,150500.0,151700.0,150500.0,151400.0,5490
20260922,1310,010950,151500.0,152400.0,151400.0,151700.0,6774
20260922,1320,010950,151700.0,153100.0,151700.0,152700.0,9117
20260922,1330,010950,152700.0,154500.0,152600.0,153800.0,11120
20260922,1340,010950,153900.0,154600.0,153500.0,154400.0,9067
20260922,1350,010950,154400.0,154700.0,154000.0,154300.0,9424
20260922,1400,010950,154400.0,154700.0,153200.0,153300.0,8829
20260922,1410,010950,153300.0,155200.0,153200.0,154800.0,13009
20260922,1420,010950,154900.0,155300.0,154000.0,154100.0,11629
20260922,1430,010950,154100.0,154700.0,154000.0,154100.0,9604
20260922,1440,010950,154100.0,154700.0,154000.0,154300.0,10581
20260922,1450,010950,154300.0,154600.0,153900.0,154400.0,11277
20260922,1500,010950,154300.0,154800.0,154000.0,154500.0,14669
20260922,1510,010950,154400.0,155400.0,154400.0,154800.0,14866
20260922,0900,095340,220500.0,221500.0,212500.0,214000.0,19764
20260922,0910,095340,214000.0,215000.0,211000.0,213000.0,16064
20260922,0920,095340,213000.0,214000.0,211000.0,214000.0,8029
20260922,0930,095340,214000.0,214500.0,212500.0,214500.0,3657
20260922,0940,095340,214000.0,217000.0,213500.0,214500.0,10376
20260922,0950,095340,214500.0,218000.0,213500.0,215500.0,8560
20260922,1000,095340,216000.0,216000.0,213000.0,213500.0,4971
20260922,1010,095340,213500.0,215000.0,212000.0,214000.0,4816
20260922,1020,095340,214000.0,215500.0,213500.0,215000.0,2741
20260922,1030,095340,215000.0,216000.0,214500.0,216000.0,4684
20260922,1040,095340,216000.0,216500.0,214500.0,215000.0,3900
20260922,1050,095340,215000.0,216000.0,214500.0,215000.0,3039
20260922,1100,095340,215000.0,215500.0,214000.0,215000.0,2630
20260922,1110,095340,215000.0,215500.0,214500.0,215500.0,2721
20260922,1120,095340,215000.0,215500.0,214000.0,214500.0,2645
20260922,1130,095340,214000.0,214500.0,213000.0,214000.0,3563
20260922,1140,095340,214000.0,215000.0,214000.0,214500.0,2949
20260922,1150,095340,214500.0,214750.0,213000.0,213500.0,2491
20260922,1200,095340,213000.0,214500.0,213000.0,213500.0,2442
20260922,1210,095340,213500.0,213500.0,211500.0,212500.0,5143
20260922,1220,095340,212500.0,213000.0,212000.0,212000.0,2687
20260922,1230,095340,212000.0,213500.0,212000.0,213000.0,2503
20260922,1240,095340,213500.0,214000.0,212000.0,212000.0,4148
20260922,1250,095340,212500.0,212500.0,210500.0,210750.0,4084
20260922,1300,095340,211000.0,211000.0,210000.0,210500.0,3578
20260922,1310,095340,210500.0,210500.0,209500.0,209500.0,3637
20260922,1320,095340,209500.0,210000.0,209000.0,209000.0,4577
20260922,1330,095340,209500.0,209500.0,207500.0,209000.0,4871
20260922,1340,095340,209000.0,209500.0,208000.0,208500.0,4132
20260922,1350,095340,208500.0,208500.0,207000.0,207500.0,4475
20260922,1400,095340,208000.0,209500.0,207500.0,209000.0,3605
20260922,1410,095340,209000.0,209000.0,206000.0,206500.0,3841
20260922,1420,095340,206500.0,207500.0,205000.0,206500.0,10713
20260922,1430,095340,206000.0,207500.0,206000.0,207500.0,3415
20260922,1440,095340,207500.0,209000.0,207500.0,208750.0,5377
20260922,1450,095340,209000.0,210000.0,208500.0,209000.0,7248
20260922,1500,095340,209500.0,209500.0,208000.0,209000.0,5947
20260922,1510,095340,209000.0,209000.0,207500.0,208000.0,5776
20260922,0900,475150,51100.0,52500.0,50900.0,52100.0,174876
20260922,0910,475150,52100.0,52100.0,51500.0,51900.0,67430
20260922,0920,475150,51900.0,52000.0,51600.0,51800.0,47511
20260922,0930,475150,51900.0,51900.0,51500.0,51500.0,46478
20260922,0940,475150,51600.0,51600.0,51300.0,51500.0,24189
20260922,0950,475150,51400.0,51600.0,51400.0,51600.0,12720
20260922,1000,475150,51600.0,51600.0,50800.0,50900.0,44340
20260922,1010,475150,50900.0,51000.0,50700.0,50700.0,12758
20260922,1020,475150,50700.0,51000.0,50700.0,50900.0,8952
20260922,1030,475150,50800.0,50900.0,50800.0,50800.0,8775
20260922,1040,475150,50750.0,50800.0,50700.0,50800.0,9751
20260922,1050,475150,50800.0,51000.0,50800.0,50800.0,13454
20260922,1100,475150,50800.0,51000.0,50800.0,50900.0,6636
20260922,1110,475150,51000.0,51000.0,50700.0,50700.0,10398
20260922,1120,475150,50700.0,50800.0,50600.0,50800.0,8625
20260922,1130,475150,50700.0,50800.0,50700.0,50800.0,2957
20260922,1140,475150,50800.0,50800.0,50700.0,50700.0,3891
20260922,1150,475150,50700.0,50900.0,50700.0,50700.0,5100
20260922,1200,475150,50700.0,50800.0,50600.0,50700.0,9870
20260922,1210,475150,50800.0,50800.0,50700.0,50800.0,2234
20260922,1220,475150,50700.0,50800.0,50700.0,50750.0,2835
20260922,1230,475150,50750.0,50900.0,50700.0,50900.0,9716
20260922,1240,475150,50800.0,51000.0,50700.0,50700.0,5025
20260922,1250,475150,50800.0,50800.0,50700.0,50750.0,5283
20260922,1300,475150,50800.0,50900.0,50600.0,50700.0,13310
20260922,1310,475150,50600.0,51000.0,50400.0,50700.0,33888
20260922,1320,475150,50700.0,50800.0,50600.0,50700.0,4048
20260922,1330,475150,50800.0,50800.0,50600.0,50600.0,3791
20260922,1340,475150,50600.0,50800.0,50500.0,50600.0,9579
20260922,1350,475150,50700.0,50700.0,50500.0,50700.0,7420
20260922,1400,475150,50700.0,50700.0,50500.0,50500.0,7070
20260922,1410,475150,50500.0,50700.0,50500.0,50500.0,5843
20260922,1420,475150,50500.0,50600.0,50400.0,50600.0,7884
20260922,1430,475150,50500.0,50600.0,50400.0,50500.0,7793
20260922,1440,475150,50500.0,50600.0,50400.0,50500.0,9606
20260922,1450,475150,50500.0,50600.0,50400.0,50500.0,9054
20260922,1500,475150,50400.0,50500.0,50400.0,50400.0,13334
20260922,1510,475150,50400.0,50500.0,50300.0,50500.0,11063
20260922,0900,000720,129700.0,131900.0,128600.0,129000.0,53890
20260922,0910,000720,129000.0,129500.0,128200.0,129200.0,23030
20260922,0920,000720,129200.0,129500.0,127500.0,128000.0,17270
20260922,0930,000720,128000.0,128200.0,127200.0,128000.0,17924
20260922,0940,000720,127900.0,128000.0,127200.0,127500.0,11809
20260922,0950,000720,127400.0,127900.0,127300.0,127900.0,6546
20260922,1000,000720,127900.0,128000.0,127000.0,127100.0,17810
20260922,1010,000720,127100.0,127200.0,126000.0,126200.0,19739
20260922,1020,000720,126100.0,126600.0,125700.0,126500.0,12537
20260922,1030,000720,126500.0,126800.0,126300.0,126700.0,7105
20260922,1040,000720,126650.0,127200.0,126500.0,127100.0,6780
20260922,1050,000720,127000.0,130200.0,126900.0,128700.0,40406
20260922,1100,000720,128600.0,130500.0,128300.0,130500.0,33004
20260922,1110,000720,130500.0,132300.0,130100.0,132000.0,62835
20260922,1120,000720,132100.0,133500.0,131600.0,133400.0,59529
20260922,1130,000720,133400.0,134100.0,131800.0,132000.0,68007
20260922,1140,000720,132200.0,132400.0,130000.0,130100.0,27267
20260922,1150,000720,130100.0,130500.0,129700.0,130300.0,12368
20260922,1200,000720,130200.0,130300.0,129100.0,130000.0,8796
20260922,1210,000720,130000.0,130800.0,129800.0,130300.0,9789
20260922,1220,000720,130300.0,130300.0,129300.0,129500.0,5811
20260922,1230,000720,129450.0,130600.0,129300.0,130450.0,7516
20260922,1240,000720,130450.0,131600.0,130100.0,131500.0,13839
20260922,1250,000720,131550.0,132500.0,131200.0,132200.0,27296
20260922,1300,000720,132250.0,136100.0,132100.0,135600.0,108808
20260922,1310,000720,135500.0,135700.0,132200.0,132200.0,39618
20260922,1320,000720,132200.0,134900.0,132200.0,134300.0,34779
20260922,1330,000720,134300.0,134700.0,131500.0,131600.0,40423
20260922,1340,000720,131500.0,131800.0,130000.0,130200.0,27340
20260922,1350,000720,130200.0,131300.0,130100.0,130500.0,16710
20260922,1400,000720,130400.0,131600.0,130100.0,131000.0,18285
20260922,1410,000720,131000.0,131000.0,130100.0,130200.0,10485
20260922,1420,000720,130200.0,130800.0,129800.0,130700.0,17400
20260922,1430,000720,130700.0,131300.0,130200.0,130900.0,11137
20260922,1440,000720,130900.0,132100.0,130700.0,131600.0,18589
20260922,1450,000720,131600.0,132300.0,131300.0,132000.0,17882
20260922,1500,000720,131900.0,132000.0,131100.0,131300.0,17221
20260922,1510,000720,131300.0,131800.0,131100.0,131300.0,14285
20260922,0900,006800,32900.0,33800.0,32850.0,33700.0,240433
20260922,0910,006800,33750.0,34450.0,33450.0,34450.0,247473
20260922,0920,006800,34450.0,34750.0,34100.0,34250.0,246172
20260922,0930,006800,34250.0,34300.0,33600.0,33650.0,58586
20260922,0940,006800,33600.0,33700.0,33400.0,33500.0,82483
20260922,0950,006800,33500.0,33600.0,33450.0,33500.0,37861
20260922,1000,006800,33550.0,33600.0,33350.0,33500.0,35289
20260922,1010,006800,33450.0,33550.0,33300.0,33400.0,40001
20260922,1020,006800,33350.0,33600.0,33350.0,33500.0,29856
20260922,1030,006800,33500.0,33600.0,33450.0,33550.0,18822
20260922,1040,006800,33500.0,33550.0,33400.0,33450.0,17033
20260922,1050,006800,33450.0,33500.0,33400.0,33450.0,21719
20260922,1100,006800,33400.0,33500.0,33400.0,33475.0,10882
20260922,1110,006800,33450.0,33500.0,33150.0,33350.0,45766
20260922,1120,006800,33350.0,33500.0,33300.0,33350.0,21231
20260922,1130,006800,33350.0,33350.0,33250.0,33350.0,7111
20260922,1140,006800,33300.0,33400.0,33250.0,33300.0,13609
20260922,1150,006800,33300.0,33400.0,33275.0,33300.0,11240
20260922,1200,006800,33350.0,33350.0,33200.0,33250.0,12346
20260922,1210,006800,33250.0,33300.0,33200.0,33250.0,14725
20260922,1220,006800,33300.0,33350.0,33200.0,33250.0,11159
20260922,1230,006800,33250.0,33350.0,33200.0,33300.0,10508
20260922,1240,006800,33250.0,33300.0,33150.0,33200.0,20918
20260922,1250,006800,33200.0,33200.0,33050.0,33075.0,23622
20260922,1300,006800,33075.0,33150.0,33050.0,33100.0,11413
20260922,1310,006800,33075.0,33100.0,32900.0,32950.0,38104
20260922,1320,006800,32900.0,33000.0,32900.0,32900.0,9748
20260922,1330,006800,32950.0,32950.0,32800.0,32875.0,32694
20260922,1340,006800,32850.0,32900.0,32750.0,32750.0,26870
20260922,1350,006800,32750.0,33050.0,32650.0,33000.0,124172
20260922,1400,006800,33000.0,33050.0,32800.0,32850.0,107522
20260922,1410,006800,32850.0,32900.0,32600.0,32650.0,31407
20260922,1420,006800,32650.0,32650.0,32500.0,32550.0,63873
20260922,1430,006800,32550.0,32700.0,32550.0,32650.0,23388
20260922,1440,006800,32650.0,32750.0,32600.0,32650.0,23822
20260922,1450,006800,32700.0,32900.0,32650.0,32800.0,24849
20260922,1500,006800,32800.0,32850.0,32700.0,32800.0,21801
20260922,1510,006800,32800.0,32900.0,32750.0,32900.0,19651
20260922,0900,058470,71000.0,71500.0,70400.0,71400.0,71353
20260922,0910,058470,71300.0,72900.0,71100.0,71100.0,43839
20260922,0920,058470,71100.0,71500.0,71000.0,71300.0,17802
20260922,0930,058470,71400.0,72500.0,71400.0,72500.0,35079
20260922,0940,058470,72400.0,72900.0,72300.0,72400.0,40659
20260922,0950,058470,72400.0,72400.0,71700.0,71800.0,21137
20260922,1000,058470,71800.0,72400.0,71800.0,71800.0,16144
20260922,1010,058470,71800.0,71900.0,71300.0,71400.0,18455
20260922,1020,058470,71300.0,71700.0,71200.0,71400.0,16952
20260922,1030,058470,71500.0,72400.0,71300.0,72400.0,21411
20260922,1040,058470,72400.0,72700.0,72100.0,72100.0,19787
20260922,1050,058470,72200.0,73300.0,72000.0,73200.0,44676
20260922,1100,058470,73300.0,74400.0,73000.0,73800.0,89915
20260922,1110,058470,73800.0,73900.0,73200.0,73400.0,33939
20260922,1120,058470,73400.0,73500.0,72900.0,73100.0,20158
20260922,1130,058470,73100.0,73400.0,72800.0,73300.0,11514
20260922,1140,058470,73200.0,73700.0,73100.0,73200.0,15537
20260922,1150,058470,73200.0,74200.0,73000.0,73800.0,19309
20260922,1200,058470,73700.0,73800.0,73300.0,73700.0,9649
20260922,1210,058470,73600.0,73800.0,73400.0,73700.0,10078
20260922,1220,058470,73700.0,73800.0,73100.0,73400.0,11396
20260922,1230,058470,73400.0,74000.0,73300.0,73900.0,11946
20260922,1240,058470,73800.0,74200.0,73700.0,73800.0,24700
20260922,1250,058470,73800.0,74000.0,73500.0,73600.0,12435
20260922,1300,058470,73650.0,73800.0,73300.0,73300.0,20273
20260922,1310,058470,73300.0,74000.0,73100.0,74000.0,21007
20260922,1320,058470,74000.0,74600.0,73800.0,74600.0,51289
20260922,1330,058470,74600.0,75700.0,74100.0,75700.0,153392
20260922,1340,058470,75500.0,76800.0,75000.0,76600.0,161513
20260922,1350,058470,76600.0,76700.0,74500.0,75700.0,94344
20260922,1400,058470,75700.0,76900.0,74700.0,76600.0,125054
20260922,1410,058470,76700.0,76900.0,74500.0,74900.0,101377
20260922,1420,058470,74900.0,76000.0,74500.0,75700.0,75080
20260922,1430,058470,75700.0,76000.0,75300.0,75900.0,53376
20260922,1440,058470,76000.0,76200.0,75500.0,76000.0,53894
20260922,1450,058470,76000.0,76200.0,75700.0,75900.0,46497
20260922,1500,058470,75900.0,75900.0,75100.0,75400.0,48248
20260922,1510,058470,75400.0,75400.0,74900.0,75200.0,41375
20260922,0900,089030,48650.0,49450.0,48450.0,49350.0,89633
20260922,0910,089030,49350.0,49500.0,48750.0,48800.0,49763
20260922,0920,089030,48750.0,48800.0,48150.0,48700.0,43987
20260922,0930,089030,48700.0,49300.0,48700.0,49100.0,31652
20260922,0940,089030,49100.0,49250.0,48750.0,48800.0,19830
20260922,0950,089030,48800.0,49050.0,48650.0,49000.0,17109
20260922,1000,089030,49000.0,49350.0,49000.0,49250.0,24552
20260922,1010,089030,49250.0,49300.0,48850.0,48850.0,14167
20260922,1020,089030,48850.0,49150.0,48750.0,49150.0,11176
20260922,1030,089030,49150.0,49300.0,49000.0,49000.0,14504
20260922,1040,089030,49050.0,49150.0,48900.0,48900.0,7432
20260922,1050,089030,48950.0,49100.0,48400.0,48450.0,28721
20260922,1100,089030,48400.0,48900.0,48400.0,48600.0,8236
20260922,1110,089030,48600.0,48600.0,48200.0,48250.0,15096
20260922,1120,089030,48300.0,48300.0,48000.0,48000.0,19214
20260922,1130,089030,48050.0,48300.0,48000.0,48200.0,11718
20260922,1140,089030,48200.0,48250.0,48050.0,48200.0,5703
20260922,1150,089030,48150.0,48150.0,48050.0,48100.0,6928
20260922,1200,089030,48100.0,48200.0,48050.0,48100.0,7059
20260922,1210,089030,48100.0,48100.0,47800.0,48050.0,18153
20260922,1220,089030,48050.0,48100.0,48000.0,48000.0,5901
20260922,1230,089030,48000.0,48150.0,47950.0,48000.0,9452
20260922,1240,089030,48000.0,48050.0,47850.0,47900.0,8289
20260922,1250,089030,47900.0,47900.0,47550.0,47600.0,11698
20260922,1300,089030,47600.0,47650.0,47550.0,47600.0,8199
20260922,1310,089030,47600.0,47650.0,47500.0,47500.0,9215
20260922,1320,089030,47500.0,47650.0,47400.0,47500.0,13151
20260922,1330,089030,47500.0,47500.0,47300.0,47350.0,11795
20260922,1340,089030,47300.0,47500.0,47250.0,47275.0,13235
20260922,1350,089030,47250.0,47400.0,47100.0,47150.0,12409
20260922,1400,089030,47150.0,47500.0,47100.0,47350.0,10945
20260922,1410,089030,47350.0,47350.0,47100.0,47150.0,7149
20260922,1420,089030,47150.0,47200.0,47000.0,47050.0,8248
20260922,1430,089030,47050.0,47350.0,47000.0,47300.0,6773
20260922,1440,089030,47300.0,47500.0,47200.0,47450.0,6402
20260922,1450,089030,47450.0,47750.0,47450.0,47750.0,8144
20260922,1500,089030,47700.0,47750.0,47400.0,47500.0,8711
20260922,1510,089030,47500.0,47700.0,47400.0,47700.0,12766
20260922,1530,138080,28300.0,28300.0,28300.0,28300.0,6574
20260922,1530,042370,10970.0,10970.0,10970.0,10970.0,11196
20260922,1530,347700,22550.0,22550.0,22550.0,22550.0,10186
20260922,1530,001440,31600.0,31600.0,31600.0,31600.0,45124
20260922,1530,024840,6430.0,6430.0,6430.0,6430.0,23311
20260922,1530,204270,25050.0,25050.0,25050.0,25050.0,10414
20260922,1530,272210,77400.0,77400.0,77400.0,77400.0,8311
20260922,1530,200470,7820.0,7820.0,7820.0,7820.0,4676
20260922,1530,319400,21350.0,21350.0,21350.0,21350.0,5633
20260922,1530,125490,12400.0,12400.0,12400.0,12400.0,8149
20260922,1530,456010,22250.0,22250.0,22250.0,22250.0,5185
20260922,1530,478340,13030.0,13030.0,13030.0,13030.0,4144
20260922,1530,098460,28900.0,28900.0,28900.0,28900.0,12029
20260922,1530,265740,7530.0,7530.0,7530.0,7530.0,6247
20260922,1530,011070,542000.0,542000.0,542000.0,542000.0,7052
20260922,1530,274090,12470.0,12470.0,12470.0,12470.0,7511
20260922,1530,017670,87300.0,87300.0,87300.0,87300.0,27944
20260922,1530,034730,588000.0,588000.0,588000.0,588000.0,5667
20260922,1530,089970,56600.0,56600.0,56600.0,56600.0,5666
20260922,1530,183300,30950.0,30950.0,30950.0,30950.0,8023
20260922,1530,032640,14570.0,14570.0,14570.0,14570.0,100547
20260922,1530,0161M0,30750.0,30750.0,30750.0,30750.0,28016
20260922,1530,475830,25400.0,25400.0,25400.0,25400.0,10753
20260922,1530,007610,4495.0,4495.0,4495.0,4495.0,16163
20260922,1530,041190,5980.0,5980.0,5980.0,5980.0,18215
20260922,1530,234340,21400.0,21400.0,21400.0,21400.0,2293
20260922,1530,319660,130900.0,130900.0,130900.0,130900.0,3916
20260922,1530,232140,14310.0,14310.0,14310.0,14310.0,35406
20260922,1530,425040,12460.0,12460.0,12460.0,12460.0,15205
20260922,1530,000270,118500.0,118500.0,118500.0,118500.0,69131
20260922,1530,131970,93400.0,93400.0,93400.0,93400.0,5460
20260922,1530,003160,34800.0,34800.0,34800.0,34800.0,20867
20260922,1530,0155E0,12840.0,12840.0,12840.0,12840.0,5741
20260922,1530,028300,31050.0,31050.0,31050.0,31050.0,16465
20260922,1530,240550,6190.0,6190.0,6190.0,6190.0,5473
20260922,1530,356860,44500.0,44500.0,44500.0,44500.0,30707
20260922,1530,007810,65600.0,65600.0,65600.0,65600.0,35959
20260922,1530,010950,154300.0,154300.0,154300.0,154300.0,13145
20260922,1530,095340,208000.0,208000.0,208000.0,208000.0,3352
20260922,1530,475150,50500.0,50500.0,50500.0,50500.0,4675
20260922,1530,000720,131300.0,131300.0,131300.0,131300.0,8625
20260922,1530,006800,32850.0,32850.0,32850.0,32850.0,29271
20260922,1530,058470,75000.0,75000.0,75000.0,75000.0,26060
20260922,1530,089030,47600.0,47600.0,47600.0,47600.0,4659
20260922,0900,012210,11200.0,11500.0,11030.0,11050.0,134696
20260922,0910,012210,11040.0,11170.0,11010.0,11060.0,31407
20260922,0920,012210,11060.0,11110.0,10960.0,11020.0,33601
20260922,0930,012210,11020.0,11090.0,10910.0,10940.0,30597
20260922,0940,012210,10960.0,10960.0,10810.0,10920.0,51168
20260922,0950,012210,10920.0,11090.0,10920.0,11080.0,13088
20260922,1000,012210,11080.0,11230.0,11020.0,11120.0,32539
20260922,1010,012210,11110.0,11140.0,11000.0,11010.0,25763
20260922,1020,012210,11010.0,11300.0,11000.0,11210.0,35262
20260922,1030,012210,11210.0,11240.0,11050.0,11110.0,12396
20260922,1040,012210,11120.0,11150.0,11070.0,11120.0,7966
20260922,1050,012210,11120.0,12390.0,11100.0,12390.0,1777222
20260922,1100,012210,12390.0,12690.0,12240.0,12390.0,1731194
20260922,1110,012210,12390.0,13410.0,12300.0,13310.0,2411842
20260922,1120,012210,13300.0,13610.0,13090.0,13460.0,1839696
20260922,1130,012210,13460.0,13600.0,13010.0,13280.0,1020747
20260922,1140,012210,13280.0,13330.0,13080.0,13280.0,500496
20260922,1150,012210,13280.0,13580.0,13160.0,13480.0,854458
20260922,1200,012210,13470.0,13500.0,13160.0,13250.0,386370
20260922,1210,012210,13250.0,13430.0,13120.0,13200.0,369327
20260922,1220,012210,13190.0,13320.0,13110.0,13170.0,249460
20260922,1230,012210,13190.0,13320.0,13150.0,13220.0,221598
20260922,1240,012210,13220.0,13220.0,12800.0,12890.0,433007
20260922,1250,012210,12890.0,13090.0,12710.0,13070.0,525855
20260922,1300,012210,13050.0,13180.0,12880.0,12980.0,371206
20260922,1310,012210,12960.0,13620.0,12950.0,13620.0,1383701
20260922,1320,012210,13620.0,13840.0,13520.0,13750.0,1231435
20260922,1330,012210,13740.0,13870.0,13510.0,13810.0,733415
20260922,1340,012210,13820.0,14140.0,13800.0,13990.0,1245346
20260922,1350,012210,13980.0,13990.0,13600.0,13640.0,694725
20260922,1400,012210,13650.0,13820.0,13420.0,13520.0,459595
20260922,1410,012210,13520.0,13670.0,13400.0,13410.0,281415
20260922,1420,012210,13410.0,13820.0,13300.0,13780.0,582386
20260922,1430,012210,13780.0,13920.0,13645.0,13850.0,613033
20260922,1440,012210,13840.0,13900.0,13460.0,13600.0,374932
20260922,1450,012210,13600.0,13680.0,13460.0,13540.0,182801
20260922,1500,012210,13540.0,13630.0,13210.0,13630.0,326959
20260922,1510,012210,13620.0,13650.0,13350.0,13480.0,309813
20260922,1530,012210,13540.0,13540.0,13540.0,13540.0,73714
20260922,0900,486990,17350.0,19100.0,17350.0,18750.0,80935
20260922,0910,486990,18750.0,19140.0,18710.0,19080.0,40793
20260922,0920,486990,19080.0,19890.0,19080.0,19350.0,161265
20260922,0930,486990,19340.0,20100.0,19240.0,20050.0,142380
20260922,0940,486990,20000.0,22025.0,19760.0,21700.0,430702
20260922,0950,486990,21700.0,22550.0,21650.0,22550.0,783322
20260922,1000,486990,22550.0,22550.0,22550.0,22550.0,1643
20260922,1010,486990,22550.0,22550.0,22550.0,22550.0,389
20260922,1020,486990,22550.0,22550.0,22550.0,22550.0,1261
20260922,1030,486990,22550.0,22550.0,22550.0,22550.0,244
20260922,1040,486990,22550.0,22550.0,22550.0,22550.0,829
20260922,1050,486990,22550.0,22550.0,22550.0,22550.0,517
20260922,1100,486990,22550.0,22550.0,22550.0,22550.0,706
20260922,1110,486990,22550.0,22550.0,22550.0,22550.0,868
20260922,1120,486990,22550.0,22550.0,20900.0,21450.0,364793
20260922,1130,486990,21450.0,22300.0,21450.0,22050.0,236906
20260922,1140,486990,22050.0,22450.0,21950.0,22100.0,73500
20260922,1150,486990,22150.0,22550.0,22100.0,22550.0,90158
20260922,1200,486990,22550.0,22550.0,22550.0,22550.0,1579
20260922,1210,486990,22550.0,22550.0,22550.0,22550.0,2390
20260922,1220,486990,22550.0,22550.0,22550.0,22550.0,305
20260922,1230,486990,22550.0,22550.0,22550.0,22550.0,2450
20260922,1240,486990,22550.0,22550.0,22550.0,22550.0,65
20260922,1250,486990,22550.0,22550.0,22550.0,22550.0,754
20260922,1300,486990,22550.0,22550.0,22550.0,22550.0,2702
20260922,1310,486990,22550.0,22550.0,22550.0,22550.0,8645
20260922,1320,486990,22550.0,22550.0,22550.0,22550.0,3130
20260922,1330,486990,22550.0,22550.0,22550.0,22550.0,664
20260922,1340,486990,22550.0,22550.0,22550.0,22550.0,2306
20260922,1350,486990,22550.0,22550.0,22550.0,22550.0,241
20260922,1400,486990,22550.0,22550.0,22550.0,22550.0,171
20260922,1410,486990,22550.0,22550.0,22550.0,22550.0,220
20260922,1420,486990,22550.0,22550.0,22550.0,22550.0,324
20260922,1430,486990,22550.0,22550.0,22550.0,22550.0,557
20260922,1440,486990,22550.0,22550.0,22550.0,22550.0,7231
20260922,1450,486990,22550.0,22550.0,22550.0,22550.0,117
20260922,1500,486990,22550.0,22550.0,22550.0,22550.0,165
20260922,1510,486990,22550.0,22550.0,22550.0,22550.0,1016
20260922,0900,440110,68500.0,69700.0,68300.0,69300.0,56866
20260922,0910,440110,69300.0,71900.0,69300.0,70400.0,95308
20260922,0920,440110,70400.0,70400.0,69200.0,69600.0,23136
20260922,0930,440110,69650.0,72000.0,69400.0,71200.0,44232
20260922,0940,440110,71200.0,71200.0,70000.0,70200.0,17033
20260922,0950,440110,70200.0,70600.0,70200.0,70600.0,7827
20260922,1000,440110,70600.0,71000.0,70500.0,70700.0,7714
20260922,1010,440110,70900.0,70900.0,70500.0,70600.0,8017
20260922,1020,440110,70500.0,71200.0,70500.0,71200.0,17325
20260922,1030,440110,71150.0,72000.0,71150.0,72000.0,16564
20260922,1040,440110,72000.0,72400.0,71900.0,72300.0,16407
20260922,1050,440110,72300.0,72600.0,72100.0,72400.0,22795
20260922,1100,440110,72500.0,72600.0,72200.0,72500.0,7959
20260922,1110,440110,72500.0,72600.0,72000.0,72000.0,7921
20260922,1120,440110,72000.0,72500.0,71800.0,72500.0,9658
20260922,1130,440110,72450.0,72600.0,72300.0,72500.0,6859
20260922,1140,440110,72550.0,72800.0,72500.0,72800.0,12794
20260922,1150,440110,72800.0,73000.0,72500.0,72900.0,14504
20260922,1200,440110,73000.0,73000.0,72600.0,72600.0,5295
20260922,1210,440110,72700.0,72800.0,72500.0,72800.0,3423
20260922,1220,440110,72800.0,73000.0,72650.0,72900.0,8401
20260922,1230,440110,72800.0,72900.0,72800.0,72900.0,2691
20260922,1240,440110,72900.0,73000.0,72800.0,72900.0,3834
20260922,1250,440110,72800.0,73000.0,72400.0,72600.0,16048
20260922,1300,440110,72600.0,72600.0,72400.0,72500.0,12751
20260922,1310,440110,72600.0,72600.0,71600.0,72100.0,17011
20260922,1320,440110,72000.0,72450.0,72000.0,72400.0,7420
20260922,1330,440110,72400.0,72700.0,71900.0,72500.0,13232
20260922,1340,440110,72500.0,72600.0,71200.0,71200.0,15562
20260922,1350,440110,71200.0,71400.0,70500.0,70900.0,20804
20260922,1400,440110,70900.0,71700.0,70600.0,71600.0,8650
20260922,1410,440110,71600.0,71700.0,71300.0,71300.0,10610
20260922,1420,440110,71300.0,71600.0,70800.0,71000.0,12452
20260922,1430,440110,71000.0,71200.0,70800.0,71100.0,15306
20260922,1440,440110,71150.0,71500.0,71000.0,71400.0,11620
20260922,1450,440110,71400.0,72000.0,71400.0,72000.0,14616
20260922,1500,440110,72000.0,72100.0,71900.0,72000.0,10509
20260922,1510,440110,72000.0,72100.0,71900.0,72000.0,13764
20260922,0900,420770,116100.0,120300.0,114300.0,118600.0,12479
20260922,0910,420770,118400.0,120300.0,117100.0,118100.0,12793
20260922,0920,420770,118000.0,119700.0,117200.0,119600.0,10175
20260922,0930,420770,119500.0,121500.0,118700.0,120900.0,15422
20260922,0940,420770,121000.0,122200.0,118700.0,120400.0,12010
20260922,0950,420770,120300.0,121600.0,118700.0,121100.0,9984
20260922,1000,420770,121100.0,121200.0,118700.0,119800.0,6790
20260922,1010,420770,119700.0,119800.0,116100.0,117500.0,9494
20260922,1020,420770,117500.0,118300.0,115400.0,116100.0,6103
20260922,1030,420770,116200.0,118900.0,115300.0,118000.0,9833
20260922,1040,420770,117900.0,118600.0,117500.0,117700.0,8840
20260922,1050,420770,117600.0,119500.0,117400.0,119200.0,15043
20260922,1100,420770,119400.0,119900.0,117600.0,118300.0,5852
20260922,1110,420770,118300.0,118500.0,115600.0,115800.0,5040
20260922,1120,420770,115900.0,116200.0,115300.0,115300.0,3200
20260922,1130,420770,115400.0,116400.0,114500.0,116400.0,7609
20260922,1140,420770,116400.0,116700.0,114500.0,115900.0,4795
20260922,1150,420770,115900.0,115900.0,113500.0,115300.0,16697
20260922,1200,420770,115200.0,115300.0,114100.0,114900.0,5215
20260922,1210,420770,114800.0,115000.0,114100.0,114600.0,4560
20260922,1220,420770,114600.0,114900.0,114200.0,114600.0,2977
20260922,1230,420770,114700.0,114900.0,113700.0,114600.0,5179
20260922,1240,420770,114600.0,115300.0,113900.0,115100.0,5527
20260922,1250,420770,115100.0,115100.0,114100.0,114300.0,4709
20260922,1300,420770,114300.0,115000.0,113900.0,114300.0,4861
20260922,1310,420770,114400.0,115800.0,113900.0,115000.0,6153
20260922,1320,420770,115100.0,116300.0,115100.0,115500.0,4655
20260922,1330,420770,115400.0,115700.0,114800.0,115100.0,7513
20260922,1340,420770,115200.0,115700.0,114400.0,115000.0,7810
20260922,1350,420770,115100.0,115400.0,114100.0,114500.0,8203
20260922,1400,420770,114500.0,117000.0,114500.0,116000.0,10729
20260922,1410,420770,116000.0,116300.0,114500.0,115200.0,9748
20260922,1420,420770,115300.0,115300.0,114200.0,114800.0,7510
20260922,1430,420770,114800.0,117200.0,114300.0,116500.0,16356
20260922,1440,420770,116500.0,119100.0,116100.0,118700.0,19836
20260922,1450,420770,118400.0,120300.0,117800.0,119600.0,24538
20260922,1500,420770,119600.0,120400.0,118900.0,119100.0,20378
20260922,1510,420770,119200.0,120600.0,118900.0,118900.0,18009
20260922,1530,420770,119500.0,119500.0,119500.0,119500.0,4359
20260922,1530,226950,102200.0,102200.0,102200.0,102200.0,3167
20260922,1530,030530,26500.0,26500.0,26500.0,26500.0,6899
20260922,1530,222800,148100.0,148100.0,148100.0,148100.0,21109
20260922,1530,052710,19350.0,19350.0,19350.0,19350.0,15909
20260922,1530,009830,27450.0,27450.0,27450.0,27450.0,20587
20260922,1530,158430,5380.0,5380.0,5380.0,5380.0,9729
20260922,1530,080220,75600.0,75600.0,75600.0,75600.0,10271
20260922,1530,032940,9310.0,9310.0,9310.0,9310.0,1399
20260922,1530,034220,8470.0,8470.0,8470.0,8470.0,114064
20260922,1530,046970,7610.0,7610.0,7610.0,7610.0,12864
20260922,1530,088350,5650.0,5650.0,5650.0,5650.0,65764
20260922,1530,0220W0,6550.0,6550.0,6550.0,6550.0,6590
20260922,1530,373220,350500.0,350500.0,350500.0,350500.0,4708
20260922,1530,336260,47600.0,47600.0,47600.0,47600.0,7131
20260922,1530,028260,367000.0,367000.0,367000.0,367000.0,7352
20260922,1530,128940,502000.0,502000.0,502000.0,502000.0,1213
20260922,1530,006360,37450.0,37450.0,37450.0,37450.0,11062
20260922,1530,004020,35600.0,35600.0,35600.0,35600.0,16816
20260922,1530,332570,8760.0,8760.0,8760.0,8760.0,32690
20260922,1530,298380,51100.0,51100.0,51100.0,51100.0,14927
20260922,1530,054920,4745.0,4745.0,4745.0,4745.0,5740
20260922,1530,086520,80100.0,80100.0,80100.0,80100.0,12305
20260922,1530,053300,5070.0,5070.0,5070.0,5070.0,2423
20260922,1530,443670,5000.0,5000.0,5000.0,5000.0,10895
20260922,1530,028670,5790.0,5790.0,5790.0,5790.0,62583
20260922,1530,036220,6490.0,6490.0,6490.0,6490.0,366
20260922,1530,413630,4250.0,4250.0,4250.0,4250.0,8924
20260922,1530,043260,26950.0,26950.0,26950.0,26950.0,20682
20260922,1530,115440,9330.0,9330.0,9330.0,9330.0,3261
20260922,1530,278470,361500.0,361500.0,361500.0,361500.0,7603
20260922,1530,000150,1473000.0,1473000.0,1473000.0,1473000.0,1785
20260922,1530,000500,321500.0,321500.0,321500.0,321500.0,3274
20260922,1530,417200,13350.0,13350.0,13350.0,13350.0,5828
20260922,1530,050890,9500.0,9500.0,9500.0,9500.0,16073
20260922,1530,035420,201000.0,201000.0,201000.0,201000.0,25010
20260922,1530,218410,59000.0,59000.0,59000.0,59000.0,13796
20260922,1530,049080,9800.0,9800.0,9800.0,9800.0,1625
20260922,1530,126340,81900.0,81900.0,81900.0,81900.0,1101
20260922,1530,003490,31400.0,31400.0,31400.0,31400.0,160571
20260922,1530,030000,17630.0,17630.0,17630.0,17630.0,9056
20260922,1530,006340,13660.0,13660.0,13660.0,13660.0,33323
20260922,1530,192650,8530.0,8530.0,8530.0,8530.0,8783
20260922,1530,457370,11400.0,11400.0,11400.0,11400.0,5898
20260922,1530,035720,34150.0,34150.0,34150.0,34150.0,107185
20260922,1530,126730,23050.0,23050.0,23050.0,23050.0,6165
20260922,1530,067310,45650.0,45650.0,45650.0,45650.0,22891
20260922,1530,119850,54900.0,54900.0,54900.0,54900.0,4656
20260922,1530,082740,49250.0,49250.0,49250.0,49250.0,12660
20260922,1530,007660,112900.0,112900.0,112900.0,112900.0,21169
20260922,1530,353200,112300.0,112300.0,112300.0,112300.0,9082
20260922,1530,028050,51200.0,51200.0,51200.0,51200.0,71112
20260922,1530,009540,339500.0,339500.0,339500.0,339500.0,13268
20260922,1530,079550,704000.0,704000.0,704000.0,704000.0,2036
20260922,1530,078350,28350.0,28350.0,28350.0,28350.0,3910
20260922,1530,051160,11570.0,11570.0,11570.0,11570.0,1593
20260922,1530,039030,473500.0,473500.0,473500.0,473500.0,3672
20260922,1530,295310,58200.0,58200.0,58200.0,58200.0,2138
20260922,1530,317850,6270.0,6270.0,6270.0,6270.0,1882
20260922,1530,004710,9810.0,9810.0,9810.0,9810.0,7004
20260922,1530,251270,34700.0,34700.0,34700.0,34700.0,4764
20260922,1530,011200,21200.0,21200.0,21200.0,21200.0,33679
20260922,1530,486990,22550.0,22550.0,22550.0,22550.0,970
20260922,1530,226950,102200.0,102200.0,102200.0,102200.0,3167
20260922,1530,030530,26500.0,26500.0,26500.0,26500.0,6899
20260922,1530,222800,148100.0,148100.0,148100.0,148100.0,21109
20260922,1530,052710,19350.0,19350.0,19350.0,19350.0,15909
20260922,1530,009830,27450.0,27450.0,27450.0,27450.0,20587
20260922,1530,158430,5380.0,5380.0,5380.0,5380.0,9729
20260922,1530,080220,75600.0,75600.0,75600.0,75600.0,10271
20260922,1530,032940,9310.0,9310.0,9310.0,9310.0,1399
20260922,1530,034220,8470.0,8470.0,8470.0,8470.0,114064
20260922,1530,046970,7610.0,7610.0,7610.0,7610.0,12864
20260922,1530,088350,5650.0,5650.0,5650.0,5650.0,65764
20260922,1530,0220W0,6550.0,6550.0,6550.0,6550.0,6590
20260922,1530,373220,350500.0,350500.0,350500.0,350500.0,4708
20260922,1530,336260,47600.0,47600.0,47600.0,47600.0,7131
20260922,1530,028260,367000.0,367000.0,367000.0,367000.0,7352
20260922,1530,128940,502000.0,502000.0,502000.0,502000.0,1213
20260922,1530,006360,37450.0,37450.0,37450.0,37450.0,11062
20260922,1530,004020,35600.0,35600.0,35600.0,35600.0,16816
20260922,1530,332570,8760.0,8760.0,8760.0,8760.0,32690
20260922,1530,298380,51100.0,51100.0,51100.0,51100.0,14927
20260922,1530,054920,4745.0,4745.0,4745.0,4745.0,5740
20260922,1530,086520,80100.0,80100.0,80100.0,80100.0,12305
20260922,1530,053300,5070.0,5070.0,5070.0,5070.0,2423
20260922,1530,443670,5000.0,5000.0,5000.0,5000.0,10895
20260922,1530,028670,5790.0,5790.0,5790.0,5790.0,62583
20260922,1530,036220,6490.0,6490.0,6490.0,6490.0,366
20260922,1530,413630,4250.0,4250.0,4250.0,4250.0,8924
20260922,1530,043260,26950.0,26950.0,26950.0,26950.0,20682
20260922,1530,115440,9330.0,9330.0,9330.0,9330.0,3261
20260922,1530,278470,361500.0,361500.0,361500.0,361500.0,7603
20260922,1530,000150,1473000.0,1473000.0,1473000.0,1473000.0,1785
20260922,1530,000500,321500.0,321500.0,321500.0,321500.0,3274
20260922,1530,417200,13350.0,13350.0,13350.0,13350.0,5828
20260922,1530,050890,9500.0,9500.0,9500.0,9500.0,16073
20260922,1530,035420,201000.0,201000.0,201000.0,201000.0,25010
20260922,1530,218410,59000.0,59000.0,59000.0,59000.0,13796
20260922,1530,049080,9800.0,9800.0,9800.0,9800.0,1625
20260922,1530,126340,81900.0,81900.0,81900.0,81900.0,1101
20260922,1530,003490,31400.0,31400.0,31400.0,31400.0,160571
20260922,1530,030000,17630.0,17630.0,17630.0,17630.0,9056
20260922,1530,006340,13660.0,13660.0,13660.0,13660.0,33323
20260922,1530,192650,8530.0,8530.0,8530.0,8530.0,8783
20260922,1530,457370,11400.0,11400.0,11400.0,11400.0,5898
20260922,1530,035720,34150.0,34150.0,34150.0,34150.0,107185
20260922,1530,126730,23050.0,23050.0,23050.0,23050.0,6165
20260922,1530,067310,45650.0,45650.0,45650.0,45650.0,22891
20260922,1530,119850,54900.0,54900.0,54900.0,54900.0,4656
20260922,1530,082740,49250.0,49250.0,49250.0,49250.0,12660
20260922,1530,007660,112900.0,112900.0,112900.0,112900.0,21169
20260922,1530,353200,112300.0,112300.0,112300.0,112300.0,9082
20260922,1530,028050,51200.0,51200.0,51200.0,51200.0,71112
20260922,1530,009540,339500.0,339500.0,339500.0,339500.0,13268
20260922,1530,079550,704000.0,704000.0,704000.0,704000.0,2036
20260922,1530,078350,28350.0,28350.0,28350.0,28350.0,3910
20260922,1530,051160,11570.0,11570.0,11570.0,11570.0,1593
20260922,1530,039030,473500.0,473500.0,473500.0,473500.0,3672
20260922,1530,295310,58200.0,58200.0,58200.0,58200.0,2138
20260922,1530,317850,6270.0,6270.0,6270.0,6270.0,1882
20260922,1530,004710,9810.0,9810.0,9810.0,9810.0,7004
20260922,1530,251270,34700.0,34700.0,34700.0,34700.0,4764
20260922,1530,011200,21200.0,21200.0,21200.0,21200.0,33679
20260922,1530,486990,22550.0,22550.0,22550.0,22550.0,970
