date,ticker,open,high,low,close,volume
20240101,KRW=X,1293.530029296875,1293.5400390625,1293.530029296875,1293.530029296875,0
20240102,^GSPC,4745.2001953125,4754.330078125,4722.669921875,4742.830078125,3743050000
20240102,^IXIC,14873.7001953125,14887.7998046875,14682.3798828125,14765.9404296875,5791170000
20240102,^DJI,37566.21875,37790.078125,37495.91015625,37715.0390625,350280000
20240102,^VIX,13.220000267028809,14.229999542236328,13.100000381469727,13.199999809265137,0
20240102,KRW=X,1292.8900146484375,1313.489990234375,1291.1700439453125,1293.5400390625,0
20240102,^SOX,4100.169921875,4105.759765625,3990.719970703125,4023.0400390625,0
20240102,^TNX,3.9690001010894775,3.9730000495910645,3.9179999828338623,3.946000099182129,0
20240103,^GSPC,4725.06982421875,4729.2900390625,4699.7099609375,4704.81005859375,3950760000
20240103,^IXIC,14641.4697265625,14694.580078125,14577.4404296875,14592.2099609375,5449950000
20240103,^DJI,37629.23046875,37629.23046875,37401.8515625,37430.19140625,322010000
20240103,^VIX,13.350000381469727,14.220000267028809,13.329999923706055,14.039999961853027,0
20240103,KRW=X,1307.6199951171875,1312.8299560546875,1304.280029296875,1307.6199951171875,0
20240103,^SOX,3938.949951171875,3976.75,3926.860107421875,3941.2099609375,0
20240103,^TNX,3.9779999256134033,4.007999897003174,3.8940000534057617,3.9070000648498535,0
20240104,^GSPC,4697.419921875,4726.77978515625,4687.52978515625,4688.68017578125,3715480000
20240104,^IXIC,14532.23046875,14632.76953125,14504.7802734375,14510.2998046875,5289220000
20240104,^DJI,37425.28125,37716.41015625,37425.28125,37440.33984375,380220000
20240104,^VIX,13.930000305175781,14.199999809265137,13.640000343322754,14.130000114440918,0
20240104,KRW=X,1309.530029296875,1314.7099609375,1305.0799560546875,1309.530029296875,0
20240104,^SOX,3876.969970703125,3947.27001953125,3875.179931640625,3908.85009765625,0
20240104,^TNX,3.9739999771118164,4.00600004196167,3.9709999561309814,3.990999937057495,0
20240105,^GSPC,4690.56982421875,4721.490234375,4682.10986328125,4697.240234375,3844370000
20240105,^IXIC,14500.1103515625,14625.1904296875,14477.5703125,14524.0703125,5232820000
20240105,^DJI,37455.4609375,37623.62109375,37323.8203125,37466.109375,299480000
20240105,^VIX,14.239999771118164,14.579999923706055,13.289999961853027,13.350000381469727,0
20240105,KRW=X,1311.25,1321.8299560546875,1306.0400390625,1311.25,0
20240105,^SOX,3914.169921875,3965.909912109375,3908.719970703125,3933.489990234375,0
20240105,^TNX,4.038000106811523,4.098999977111816,3.953000068664551,4.041999816894531,0
20240108,^GSPC,4703.7001953125,4764.5400390625,4699.81982421875,4763.5400390625,3742320000
20240108,^IXIC,14564.4697265625,14846.900390625,14560.2001953125,14843.76953125,6337770000
20240108,^DJI,37327.37109375,37692.921875,37249.23828125,37683.01171875,362200000
20240108,^VIX,14.0,14.180000305175781,13.020000457763672,13.079999923706055,0
20240108,KRW=X,1313.1300048828125,1321.0999755859375,1311.52001953125,1313.1300048828125,0
20240108,^SOX,3956.159912109375,4071.6201171875,3956.050048828125,4062.47998046875,0
20240108,^TNX,4.059000015258789,4.063000202178955,3.9660000801086426,4.001999855041504,0
20240109,^GSPC,4741.93017578125,4765.47021484375,4730.35009765625,4756.5,3529960000
20240109,^IXIC,14744.1298828125,14894.3203125,14716.7099609375,14857.7099609375,5068410000
20240109,^DJI,37523.55078125,37552.37890625,37373.30078125,37525.16015625,289860000
20240109,^VIX,13.199999809265137,13.449999809265137,12.739999771118164,12.760000228881836,0
20240109,KRW=X,1311.800048828125,1320.8199462890625,1308.8399658203125,1311.800048828125,0
20240109,^SOX,4023.510009765625,4094.780029296875,4015.449951171875,4064.64990234375,0
20240109,^TNX,4.046999931335449,4.052999973297119,3.996000051498413,4.019000053405762,0
20240110,^GSPC,4759.93994140625,4790.7998046875,4756.2001953125,4783.4501953125,3498680000
20240110,^IXIC,14877.7001953125,14998.2001953125,14842.7001953125,14969.650390625,4404590000
20240110,^DJI,37552.91015625,37740.76953125,37524.3984375,37695.73046875,279540000
20240110,^VIX,12.859999656677246,12.949999809265137,12.670000076293945,12.6899995803833,0
20240110,KRW=X,1319.7900390625,1323.219970703125,1316.010009765625,1319.7900390625,0
20240110,^SOX,4065.77001953125,4066.659912109375,4000.39990234375,4048.840087890625,0
20240110,^TNX,3.992000102996826,4.038000106811523,3.984999895095825,4.03000020980835,0
20240111,^GSPC,4792.1298828125,4798.5,4739.580078125,4780.240234375,3759890000
20240111,^IXIC,15020.9501953125,15063.6103515625,14800.3798828125,14970.1904296875,5044690000
20240111,^DJI,37747.140625,37801.8984375,37424.28125,37711.01953125,299540000
20240111,^VIX,12.640000343322754,13.3100004196167,12.350000381469727,12.4399995803833,0
20240111,KRW=X,1317.5,1320.219970703125,1308.199951171875,1317.5,0
20240111,^SOX,4057.159912109375,4089.070068359375,3987.590087890625,4067.89990234375,0
20240111,^TNX,3.99399995803833,4.067999839782715,3.9730000495910645,3.9769999980926514,0
20240112,^GSPC,4791.18017578125,4802.39990234375,4768.97998046875,4783.830078125,3486340000
20240112,^IXIC,15001.009765625,15047.25,14931.8798828125,14972.759765625,4958940000
20240112,^DJI,37818.05078125,37825.26953125,37470.19140625,37592.98046875,279250000
20240112,^VIX,12.65999984741211,13.079999923706055,12.470000267028809,12.699999809265137,0
20240112,KRW=X,1311.989990234375,1317.1500244140625,1301.2900390625,1311.989990234375,0
20240112,^SOX,4073.39990234375,4089.330078125,4031.010009765625,4052.429931640625,0
20240112,^TNX,4.002999782562256,4.006999969482422,3.9159998893737793,3.950000047683716,0
20240115,KRW=X,1312.8499755859375,1321.8900146484375,1312.530029296875,1312.8499755859375,0
20240116,^GSPC,4772.35009765625,4782.33984375,4747.1201171875,4765.97998046875,4260550000
20240116,^IXIC,14908.259765625,15004.349609375,14863.8095703125,14944.349609375,6386180000
20240116,^DJI,37493.5390625,37543.1796875,37201.390625,37361.12109375,378280000
20240116,^VIX,14.119999885559082,14.350000381469727,13.520000457763672,13.84000015258789,0
20240116,KRW=X,1319.7099609375,1339.6700439453125,1319.1500244140625,1319.7099609375,0
20240116,^SOX,4050.0400390625,4132.990234375,4035.919921875,4105.93994140625,0
20240116,^TNX,4.002999782562256,4.083000183105469,3.990000009536743,4.065999984741211,0
20240117,^GSPC,4739.1298828125,4744.22998046875,4714.81982421875,4739.2099609375,3928600000
20240117,^IXIC,14814.76953125,14865.759765625,14706.23046875,14855.6201171875,5181740000
20240117,^DJI,37281.859375,37371.66015625,37132.890625,37266.671875,290880000
20240117,^VIX,14.59000015258789,15.399999618530273,14.380000114440918,14.789999961853027,0
20240117,KRW=X,1337.7900390625,1350.030029296875,1336.4000244140625,1337.7900390625,0
20240117,^SOX,4065.1298828125,4075.2099609375,4001.35009765625,4069.949951171875,0
20240117,^TNX,4.080999851226807,4.129000186920166,4.074999809265137,4.105999946594238,0
20240118,^GSPC,4760.10009765625,4785.7900390625,4740.56982421875,4780.93994140625,4019000000
20240118,^IXIC,14994.51953125,15066.8095703125,14911.1103515625,15055.650390625,5587440000
20240118,^DJI,37300.80859375,37522.2890625,37122.94921875,37468.609375,340620000
20240118,^VIX,14.850000381469727,14.890000343322754,13.890000343322754,14.130000114440918,0
20240118,KRW=X,1344.050048828125,1346.050048828125,1334.989990234375,1344.050048828125,0
20240118,^SOX,4194.509765625,4213.02978515625,4139.7998046875,4206.52001953125,0
20240118,^TNX,4.090000152587891,4.1539998054504395,4.090000152587891,4.144000053405762,0
20240119,^GSPC,4796.27978515625,4842.06982421875,4785.8701171875,4839.81005859375,4287200000
20240119,^IXIC,15122.3798828125,15310.9697265625,15087.2001953125,15310.9697265625,5604950000
20240119,^DJI,37572.5,37933.73046875,37451.7109375,37863.80078125,377650000
20240119,^VIX,13.800000190734863,14.579999923706055,13.279999732971191,13.300000190734863,0
20240119,KRW=X,1337.6600341796875,1339.1500244140625,1331.5799560546875,1337.6600341796875,0
20240119,^SOX,4258.2998046875,4380.7900390625,4240.81005859375,4375.64990234375,0
20240119,^TNX,4.131999969482422,4.197999954223633,4.131999969482422,4.145999908447266,0
20240122,^GSPC,4853.419921875,4868.41015625,4844.0498046875,4850.43017578125,4297610000
20240122,^IXIC,15393.0498046875,15438.849609375,15333.6298828125,15360.2900390625,5456240000
20240122,^DJI,37919.55078125,38109.19921875,37911.609375,38001.80859375,339560000
20240122,^VIX,13.770000457763672,13.84000015258789,13.170000076293945,13.1899995803833,0
20240122,KRW=X,1333.2099609375,1340.9200439453125,1330.3399658203125,1333.2099609375,0
20240122,^SOX,4410.06005859375,4439.58984375,4347.2099609375,4386.60009765625,0
20240122,^TNX,4.0980000495910645,4.111000061035156,4.074999809265137,4.093999862670898,0
20240123,^GSPC,4856.7998046875,4866.47998046875,4844.3701171875,4864.60009765625,3912800000
20240123,^IXIC,15391.41015625,15432.349609375,15337.23046875,15425.9404296875,5207680000
20240123,^DJI,37959.7890625,37980.73046875,37804.98828125,37905.44921875,334110000
20240123,^VIX,13.199999809265137,13.289999961853027,12.529999732971191,12.550000190734863,0
20240123,KRW=X,1338.739990234375,1340.3199462890625,1331.06005859375,1338.739990234375,0
20240123,^SOX,4384.02001953125,4419.2001953125,4347.89990234375,4415.259765625,0
20240123,^TNX,4.130000114440918,4.15500020980835,4.120999813079834,4.142000198364258,0
20240124,^GSPC,4888.56005859375,4903.68017578125,4865.93994140625,4868.5498046875,4330030000
20240124,^IXIC,15560.6103515625,15629.0703125,15468.91015625,15481.919921875,4983210000
20240124,^DJI,37975.37109375,38064.21875,37795.7109375,37806.390625,336090000
20240124,^VIX,12.65999984741211,13.180000305175781,12.40999984741211,13.140000343322754,0
20240124,KRW=X,1336.780029296875,1340.8299560546875,1324.2099609375,1336.780029296875,0
20240124,^SOX,4475.5400390625,4541.75,4435.56005859375,4483.330078125,0
20240124,^TNX,4.098999977111816,4.188000202178955,4.085999965667725,4.177999973297119,0
20240125,^GSPC,4886.66015625,4898.14990234375,4869.33984375,4894.16015625,4020430000
20240125,^IXIC,15555.6201171875,15597.25,15430.6796875,15510.5,5281570000
20240125,^DJI,37862.5703125,38057.53125,37796.46875,38049.12890625,402970000
20240125,^VIX,13.180000305175781,13.579999923706055,13.0600004196167,13.449999809265137,0
20240125,KRW=X,1329.8900146484375,1339.6700439453125,1330.2900390625,1329.8900146484375,0
20240125,^SOX,4562.2099609375,4566.56005859375,4450.0400390625,4472.259765625,0
20240125,^TNX,4.15500020980835,4.185999870300293,4.122000217437744,4.131999969482422,0
20240126,^GSPC,4888.91015625,4906.68994140625,4881.47021484375,4890.97021484375,3353400000
20240126,^IXIC,15474.849609375,15538.83984375,15433.0400390625,15455.3603515625,4510530000
20240126,^DJI,38006.6796875,38215.30859375,37997.76953125,38109.4296875,387000000
20240126,^VIX,13.729999542236328,14.100000381469727,13.199999809265137,13.260000228881836,0
20240126,KRW=X,1336.030029296875,1339.06005859375,1331.4599609375,1336.030029296875,0
20240126,^SOX,4366.919921875,4405.35986328125,4330.9599609375,4342.10009765625,0
20240126,^TNX,4.122000217437744,4.165999889373779,4.10699987411499,4.159999847412109,0
20240129,^GSPC,4892.9501953125,4929.31005859375,4887.39990234375,4927.93017578125,3525160000
20240129,^IXIC,15470.66015625,15630.580078125,15449.8701171875,15628.0400390625,4979310000
20240129,^DJI,38115.828125,38343.9296875,38061.171875,38333.44921875,312480000
20240129,^VIX,13.979999542236328,15.350000381469727,13.59000015258789,13.600000381469727,0
20240129,KRW=X,1336.760009765625,1337.3499755859375,1332.8800048828125,1336.760009765625,0
20240129,^SOX,4354.990234375,4388.35009765625,4323.56005859375,4388.27001953125,0
20240129,^TNX,4.107999801635742,4.122000217437744,4.089000225067139,4.091000080108643,0
20240130,^GSPC,4925.89013671875,4931.08984375,4916.27001953125,4924.97021484375,3836130000
20240130,^IXIC,15604.080078125,15619.23046875,15484.669921875,15509.900390625,4719240000
20240130,^DJI,38298.23046875,38497.390625,38257.80078125,38467.30859375,326640000
20240130,^VIX,13.6899995803833,13.739999771118164,13.229999542236328,13.3100004196167,0
20240130,KRW=X,1333.2099609375,1334.0,1326.4300537109375,1333.2099609375,0
20240130,^SOX,4363.56005859375,4384.080078125,4301.85986328125,4319.990234375,0
20240130,^TNX,4.067999839782715,4.103000164031982,4.040999889373779,4.059000015258789,0
20240131,^GSPC,4899.18994140625,4906.75,4845.14990234375,4845.64990234375,4696120000
20240131,^IXIC,15324.1904296875,15405.5595703125,15158.490234375,15164.009765625,5875610000
20240131,^DJI,38426.78125,38588.859375,38139.66015625,38150.30078125,453250000
20240131,^VIX,13.420000076293945,14.609999656677246,13.180000305175781,14.350000381469727,0
20240131,KRW=X,1326.6199951171875,1335.8900146484375,1325.52001953125,1326.6199951171875,0
20240131,^SOX,4239.8701171875,4334.81005859375,4220.9501953125,4260.919921875,0
20240131,^TNX,4.019999980926514,4.03000020980835,3.944000005722046,3.9670000076293945,0
20240201,^GSPC,4861.10986328125,4906.97021484375,4853.52001953125,4906.18994140625,4386090000
20240201,^IXIC,15254.01953125,15372.1298828125,15208.8798828125,15361.6396484375,5046920000
20240201,^DJI,38175.33984375,38522.5,38106.83984375,38519.83984375,321830000
20240201,^VIX,14.210000038146973,14.630000114440918,13.869999885559082,13.880000114440918,0
20240201,KRW=X,1333.9100341796875,1335.47998046875,1327.06005859375,1333.9100341796875,0
20240201,^SOX,4270.60986328125,4291.330078125,4226.580078125,4280.47998046875,0
20240201,^TNX,3.927000045776367,3.927000045776367,3.816999912261963,3.86299991607666,0
20240202,^GSPC,4916.06005859375,4975.2900390625,4907.990234375,4958.60986328125,3974350000
20240202,^IXIC,15403.16015625,15664.2099609375,15366.7802734375,15628.9501953125,4800690000
20240202,^DJI,38448.1015625,38783.62109375,38336.5703125,38654.421875,379760000
20240202,^VIX,13.949999809265137,14.229999542236328,13.390000343322754,13.850000381469727,0
20240202,KRW=X,1328.949951171875,1338.3499755859375,1312.27001953125,1328.949951171875,0
20240202,^SOX,4273.06005859375,4346.02978515625,4270.83984375,4336.72998046875,0
20240202,^TNX,3.8889999389648438,4.053999900817871,3.88700008392334,4.0329999923706055,0
20240205,^GSPC,4957.18994140625,4957.18994140625,4918.08984375,4942.81005859375,4023640000
20240205,^IXIC,15613.990234375,15637.8798828125,15471.6796875,15597.6796875,4831020000
20240205,^DJI,38546.76953125,38633.87890625,38220.3984375,38380.12109375,322290000
20240205,^VIX,14.369999885559082,14.529999732971191,13.579999923706055,13.670000076293945,0
20240205,KRW=X,1337.72998046875,1338.5699462890625,1330.02001953125,1337.72998046875,0
20240205,^SOX,4370.759765625,4407.0,4320.1201171875,4388.10009765625,0
20240205,^TNX,4.111999988555908,4.177000045776367,4.110000133514404,4.164000034332275,0
20240206,^GSPC,4950.16015625,4957.77001953125,4934.8798828125,4954.22998046875,4440880000
20240206,^IXIC,15638.1904296875,15652.75,15515.25,15609.0,4759640000
20240206,^DJI,38392.8984375,38545.28125,38350.4609375,38521.359375,276140000
20240206,^VIX,13.569999694824219,13.779999732971191,12.979999542236328,13.0600004196167,0
20240206,KRW=X,1333.3900146484375,1333.3199462890625,1324.8499755859375,1333.3900146484375,0
20240206,^SOX,4388.75,4396.4501953125,4291.8798828125,4338.27001953125,0
20240206,^TNX,4.1479997634887695,4.1620001792907715,4.078999996185303,4.090000152587891,0
20240207,^GSPC,4973.0498046875,4999.89013671875,4969.0498046875,4995.06005859375,4895590000
20240207,^IXIC,15690.349609375,15770.6796875,15645.8095703125,15756.6396484375,4567580000
20240207,^DJI,38613.890625,38748.109375,38571.01171875,38677.359375,302210000
20240207,^VIX,13.0600004196167,13.130000114440918,12.8100004196167,12.829999923706055,0
20240207,KRW=X,1326.7900390625,1329.489990234375,1321.8800048828125,1326.7900390625,0
20240207,^SOX,4364.31005859375,4412.60986328125,4329.9501953125,4408.72998046875,0
20240207,^TNX,4.125,4.125,4.065000057220459,4.110000133514404,0
20240208,^GSPC,4995.16015625,5000.39990234375,4987.08984375,4997.91015625,4341860000
20240208,^IXIC,15762.23046875,15813.26953125,15739.1796875,15793.7099609375,5675850000
20240208,^DJI,38702.109375,38755.6796875,38544.359375,38726.328125,315510000
20240208,^VIX,12.949999809265137,13.170000076293945,12.739999771118164,12.789999961853027,0
20240208,KRW=X,1327.6199951171875,1332.47998046875,1324.1500244140625,1327.6199951171875,0
20240208,^SOX,4424.990234375,4510.2001953125,4417.830078125,4478.009765625,0
20240208,^TNX,4.13700008392334,4.172999858856201,4.13100004196167,4.170000076293945,0
20240209,^GSPC,5004.169921875,5030.06005859375,5000.33984375,5026.60986328125,3912990000
20240209,^IXIC,15842.3798828125,16007.2900390625,15831.759765625,15990.66015625,5797260000
20240209,^DJI,38731.96875,38734.28125,38567.8984375,38671.69140625,299970000
20240209,^VIX,12.789999961853027,13.010000228881836,12.6899995803833,12.930000305175781,0
20240209,KRW=X,1331.469970703125,1333.449951171875,1291.8399658203125,1331.469970703125,0
20240209,^SOX,4505.81982421875,4574.93017578125,4479.06005859375,4567.2998046875,0
20240209,^TNX,4.172999858856201,4.192999839782715,4.126999855041504,4.186999797821045,0
20240212,^GSPC,5026.830078125,5048.39013671875,5016.830078125,5021.83984375,3805740000
20240212,^IXIC,15980.6201171875,16080.0703125,15917.8701171875,15942.5498046875,5458490000
20240212,^DJI,38656.76171875,38927.078125,38628.921875,38797.37890625,273020000
20240212,^VIX,13.479999542236328,13.9399995803833,13.34000015258789,13.930000305175781,0
20240212,KRW=X,1330.06005859375,1332.25,1327.1099853515625,1330.06005859375,0
20240212,^SOX,4566.18017578125,4644.0400390625,4543.0400390625,4560.0400390625,0
20240212,^TNX,4.1519999504089355,4.197000026702881,4.150000095367432,4.171999931335449,0
20240213,^GSPC,4967.93994140625,4971.2998046875,4920.31005859375,4953.169921875,4302190000
20240213,^IXIC,15598.8798828125,15770.419921875,15551.4404296875,15655.599609375,5599860000
20240213,^DJI,38699.171875,38699.171875,38039.859375,38272.75,318390000
20240213,^VIX,13.960000038146973,17.940000534057617,13.430000305175781,15.850000381469727,0
20240213,KRW=X,1328.5,1340.5899658203125,1316.6099853515625,1328.5,0
20240213,^SOX,4412.93994140625,4514.990234375,4408.4599609375,4468.18017578125,0
20240213,^TNX,4.1519999504089355,4.315999984741211,4.150000095367432,4.315999984741211,0
20240214,^GSPC,4976.43994140625,5002.52001953125,4956.4501953125,5000.6201171875,3845600000
20240214,^IXIC,15781.7099609375,15865.509765625,15683.9404296875,15859.150390625,5092660000
20240214,^DJI,38372.671875,38442.55859375,38194.62109375,38424.26953125,274610000
20240214,^VIX,15.380000114440918,15.470000267028809,14.220000267028809,14.380000114440918,0
20240214,KRW=X,1340.7900390625,1340.260009765625,1329.6199951171875,1340.7900390625,0
20240214,^SOX,4533.35009765625,4568.06982421875,4503.330078125,4565.41015625,0
20240214,^TNX,4.308000087738037,4.322000026702881,4.245999813079834,4.267000198364258,0
20240215,^GSPC,5003.14013671875,5032.72021484375,4999.43994140625,5029.72998046875,4137970000
20240215,^IXIC,15865.2998046875,15911.2197265625,15779.7197265625,15906.169921875,6049100000
20240215,^DJI,38397.94140625,38781.890625,38397.94140625,38773.12109375,303840000
20240215,^VIX,14.270000457763672,14.640000343322754,13.9399995803833,14.010000228881836,0
20240215,KRW=X,1326.0,1334.699951171875,1325.8599853515625,1326.0,0
20240215,^SOX,4591.64990234375,4599.91015625,4540.08984375,4558.10009765625,0
20240215,^TNX,4.22599983215332,4.255000114440918,4.190999984741211,4.239999771118164,0
20240216,^GSPC,5031.1298828125,5038.7001953125,4999.52001953125,5005.56982421875,3833270000
20240216,^IXIC,15910.4296875,15917.41015625,15752.01953125,15775.650390625,5223800000
20240216,^DJI,38751.7109375,38825.03125,38583.23828125,38627.98828125,282210000
20240216,^VIX,13.9399995803833,14.710000038146973,13.75,14.239999771118164,0
20240216,KRW=X,1327.6600341796875,1336.56005859375,1318.969970703125,1327.6600341796875,0
20240216,^SOX,4585.31005859375,4624.490234375,4514.97998046875,4527.68017578125,0
20240216,^TNX,4.2789998054504395,4.328000068664551,4.2769999504089355,4.295000076293945,0
20240219,KRW=X,1331.5799560546875,1335.93994140625,1330.3499755859375,1331.5799560546875,0
20240220,^GSPC,4989.31982421875,4993.7099609375,4955.02001953125,4975.509765625,4034880000
20240220,^IXIC,15679.83984375,15730.4697265625,15508.5,15630.7802734375,5595700000
20240220,^DJI,38576.26171875,38663.08984375,38460.19921875,38563.80078125,335990000
20240220,^VIX,15.09000015258789,15.90999984741211,15.069999694824219,15.420000076293945,0
20240220,KRW=X,1333.3399658203125,1338.8599853515625,1331.0999755859375,1333.3399658203125,0
20240220,^SOX,4489.8798828125,4507.52978515625,4389.77978515625,4456.8701171875,0
20240220,^TNX,4.2829999923706055,4.289000034332275,4.24399995803833,4.275000095367432,0
20240221,^GSPC,4963.02978515625,4983.2099609375,4946.0,4981.7998046875,3788390000
20240221,^IXIC,15532.1201171875,15583.6796875,15451.650390625,15580.8701171875,4845740000
20240221,^DJI,38483.66015625,38618.03125,38338.578125,38612.23828125,279510000
20240221,^VIX,15.539999961853027,16.1200008392334,15.220000267028809,15.34000015258789,0
20240221,KRW=X,1333.75,1337.3299560546875,1332.0400390625,1333.75,0
20240221,^SOX,4402.9501953125,4446.83984375,4383.91015625,4446.35986328125,0
20240221,^TNX,4.263999938964844,4.330999851226807,4.257999897003174,4.324999809265137,0
20240222,^GSPC,5038.830078125,5094.39013671875,5038.830078125,5087.02978515625,4051710000
20240222,^IXIC,15904.48046875,16061.8203125,15869.240234375,16041.6201171875,5653930000
20240222,^DJI,38845.19140625,39149.609375,38802.0703125,39069.109375,324630000
20240222,^VIX,14.279999732971191,14.640000343322754,14.119999885559082,14.539999961853027,0
20240222,KRW=X,1332.8699951171875,1333.5999755859375,1323.4599609375,1332.8699951171875,0
20240222,^SOX,4632.6298828125,4687.259765625,4604.2001953125,4667.3701171875,0
20240222,^TNX,4.336999893188477,4.354000091552734,4.296999931335449,4.327000141143799,0
20240223,^GSPC,5100.919921875,5111.06005859375,5081.4599609375,5088.7998046875,3672790000
20240223,^IXIC,16094.7998046875,16134.2197265625,15954.5,15996.8203125,5077910000
20240223,^DJI,39127.96875,39282.28125,39094.359375,39131.53125,286910000
20240223,^VIX,14.3100004196167,14.3100004196167,13.640000343322754,13.75,0
20240223,KRW=X,1327.1700439453125,1333.77001953125,1326.489990234375,1327.1700439453125,0
20240223,^SOX,4688.60986328125,4709.52001953125,4592.97021484375,4615.02978515625,0
20240223,^TNX,4.307000160217285,4.328999996185303,4.245999813079834,4.260000228881836,0
20240226,^GSPC,5093.0,5097.66015625,5068.91015625,5069.52978515625,3683930000
20240226,^IXIC,16014.4501953125,16054.900390625,15973.900390625,15976.25,5417630000
20240226,^DJI,39144.7890625,39245.890625,39025.80078125,39069.23046875,296930000
20240226,^VIX,14.170000076293945,14.199999809265137,13.65999984741211,13.739999771118164,0
20240226,KRW=X,1330.0,1332.5799560546875,1327.7099609375,1330.0,0
20240226,^SOX,4658.91015625,4683.91015625,4634.81982421875,4663.47021484375,0
20240226,^TNX,4.24399995803833,4.309000015258789,4.23799991607666,4.298999786376953,0
20240227,^GSPC,5074.60009765625,5080.68994140625,5057.2900390625,5078.18017578125,3925950000
20240227,^IXIC,16013.98046875,16046.099609375,15940.509765625,16035.2998046875,5423020000
20240227,^DJI,39087.8984375,39087.8984375,38881.8984375,38972.41015625,272860000
20240227,^VIX,13.630000114440918,13.75,13.40999984741211,13.430000305175781,0
20240227,KRW=X,1331.719970703125,1332.5999755859375,1329.050048828125,1331.719970703125,0
20240227,^SOX,4680.18017578125,4697.16015625,4651.39990234375,4654.89013671875,0
20240227,^TNX,4.271999835968018,4.321000099182129,4.263999938964844,4.315000057220459,0
20240228,^GSPC,5067.2001953125,5077.3701171875,5058.35009765625,5069.759765625,3789370000
20240228,^IXIC,15969.1396484375,16003.5595703125,15924.7197265625,15947.740234375,5581690000
20240228,^DJI,38938.078125,38956.4609375,38741.6796875,38949.01953125,272560000
20240228,^VIX,13.520000457763672,13.899999618530273,13.4399995803833,13.84000015258789,0
20240228,KRW=X,1331.7900390625,1337.22998046875,1330.1199951171875,1331.7900390625,0
20240228,^SOX,4602.10986328125,4627.169921875,4583.81982421875,4602.60009765625,0
20240228,^TNX,4.28000020980835,4.309000015258789,4.271999835968018,4.27400016784668,0
20240229,^GSPC,5085.35986328125,5104.990234375,5061.89013671875,5096.27001953125,5219740000
20240229,^IXIC,16059.33984375,16115.9599609375,15931.7001953125,16091.919921875,6265340000
20240229,^DJI,39013.75,39074.12890625,38809.28125,38996.390625,519690000
20240229,^VIX,14.140000343322754,14.149999618530273,13.300000190734863,13.399999618530273,0
20240229,KRW=X,1333.3800048828125,1336.8599853515625,1328.6600341796875,1333.3800048828125,0
20240229,^SOX,4663.89013671875,4737.06982421875,4645.47021484375,4726.919921875,0
20240229,^TNX,4.310999870300293,4.315000057220459,4.224999904632568,4.251999855041504,0
20240301,^GSPC,5098.509765625,5140.330078125,5094.16015625,5137.080078125,4748110000
20240301,^IXIC,16109.830078125,16302.240234375,16096.599609375,16274.9404296875,5457910000
20240301,^DJI,38989.51171875,39120.359375,38850.5,39087.37890625,331030000
20240301,^VIX,13.34000015258789,13.65999984741211,13.079999923706055,13.109999656677246,0
20240301,KRW=X,1335.199951171875,1336.43994140625,1326.4300537109375,1335.199951171875,0
20240301,^SOX,4780.990234375,4950.259765625,4780.990234375,4929.580078125,0
20240301,^TNX,4.26800012588501,4.296000003814697,4.177999973297119,4.179999828338623,0
20240304,^GSPC,5130.990234375,5149.669921875,5127.18017578125,5130.9501953125,4758440000
20240304,^IXIC,16264.2099609375,16289.0595703125,16199.0595703125,16207.509765625,5725470000
20240304,^DJI,38968.76953125,39087.859375,38913.30078125,38989.828125,386290000
20240304,^VIX,13.489999771118164,13.579999923706055,13.319999694824219,13.489999771118164,0
20240304,KRW=X,1330.9000244140625,1332.780029296875,1328.1500244140625,1330.9000244140625,0
20240304,^SOX,4973.52001953125,5037.56982421875,4956.14990234375,4981.97021484375,0
20240304,^TNX,4.218999862670898,4.235000133514404,4.204999923706055,4.218999862670898,0
20240305,^GSPC,5110.52001953125,5114.5400390625,5056.81982421875,5078.64990234375,4418410000
20240305,^IXIC,16077.740234375,16087.5703125,15862.6298828125,15939.58984375,6356800000
20240305,^DJI,38906.98046875,38906.98046875,38457.828125,38585.19140625,393750000
20240305,^VIX,13.75,15.100000381469727,13.75,14.460000038146973,0
20240305,KRW=X,1328.93994140625,1336.8599853515625,1328.8699951171875,1328.93994140625,0
20240305,^SOX,4921.66015625,4953.9599609375,4829.35986328125,4879.830078125,0
20240305,^TNX,4.164000034332275,4.165999889373779,4.113999843597412,4.13700008392334,0
20240306,^GSPC,5108.02978515625,5127.97021484375,5092.22021484375,5104.759765625,4559050000
20240306,^IXIC,16092.0,16128.5595703125,15956.66015625,16031.5400390625,5511370000
20240306,^DJI,38721.1484375,38858.12890625,38570.80078125,38661.05078125,347900000
20240306,^VIX,14.270000457763672,14.930000305175781,13.890000343322754,14.5,0
20240306,KRW=X,1333.4300537109375,1337.3299560546875,1328.22998046875,1333.4300537109375,0
20240306,^SOX,4976.6201171875,5051.990234375,4947.0498046875,4997.93017578125,0
20240306,^TNX,4.138999938964844,4.146999835968018,4.078999996185303,4.104000091552734,0
20240307,^GSPC,5132.3798828125,5165.6201171875,5128.2099609375,5157.35986328125,4137980000
20240307,^IXIC,16147.3203125,16309.01953125,16096.009765625,16273.3798828125,5072790000
20240307,^DJI,38784.30078125,38910.3515625,38730.12890625,38791.3515625,335580000
20240307,^VIX,14.979999542236328,14.979999542236328,14.25,14.4399995803833,0
20240307,KRW=X,1327.0899658203125,1331.8499755859375,1320.22998046875,1327.0899658203125,0
20240307,^SOX,5063.5,5187.60009765625,5062.72998046875,5165.830078125,0
20240307,^TNX,4.080999851226807,4.123000144958496,4.053999900817871,4.0920000076293945,0
20240308,^GSPC,5164.4599609375,5189.259765625,5117.5,5123.68994140625,4208870000
20240308,^IXIC,16322.099609375,16449.69921875,16059.5,16085.1103515625,5411790000
20240308,^DJI,38776.80078125,38971.1484375,38705.03125,38722.69140625,342030000
20240308,^VIX,14.220000267028809,15.529999732971191,13.970000267028809,14.739999771118164,0
20240308,KRW=X,1321.1800537109375,1326.52001953125,1300.6800537109375,1321.1800537109375,0
20240308,^SOX,5185.330078125,5217.830078125,4957.16015625,4957.77978515625,0
20240308,^TNX,4.066999912261963,4.129000186920166,4.038000106811523,4.089000225067139,0
20240311,^GSPC,5111.9599609375,5124.66015625,5091.14013671875,5117.93994140625,3896430000
20240311,^IXIC,16052.6298828125,16085.9501953125,15978.0400390625,16019.26953125,4917620000
20240311,^DJI,38667.2109375,38794.76171875,38483.25,38769.66015625,300190000
20240311,^VIX,15.510000228881836,16.040000915527344,15.130000114440918,15.220000267028809,0
20240311,KRW=X,1315.97998046875,1316.9000244140625,1305.469970703125,1315.97998046875,0
20240311,^SOX,4888.3701171875,4926.3701171875,4835.8701171875,4890.2001953125,0
20240311,^TNX,4.077000141143799,4.116000175476074,4.074999809265137,4.104000091552734,0
20240312,^GSPC,5134.2998046875,5179.8701171875,5114.47998046875,5175.27001953125,4080510000
20240312,^IXIC,16116.98046875,16275.4501953125,15992.98046875,16265.6396484375,5100330000
20240312,^DJI,38883.3203125,39071.55859375,38711.390625,39005.48828125,329090000
20240312,^VIX,14.970000267028809,15.199999809265137,13.8100004196167,13.84000015258789,0
20240312,KRW=X,1310.5400390625,1313.7099609375,1216.9599609375,1310.5400390625,0
20240312,^SOX,4946.77978515625,4993.0,4868.419921875,4992.509765625,0
20240312,^TNX,4.089000225067139,4.171999931335449,4.083000183105469,4.15500020980835,0
20240313,^GSPC,5173.490234375,5179.14013671875,5151.8798828125,5165.31005859375,4282890000
20240313,^IXIC,16220.1103515625,16233.2998046875,16143.33984375,16177.76953125,4839000000
20240313,^DJI,39054.578125,39201.94140625,38937.921875,39043.3203125,330930000
20240313,^VIX,13.890000343322754,14.039999961853027,13.670000076293945,13.75,0
20240313,KRW=X,1311.1500244140625,1319.18994140625,1308.3299560546875,1311.1500244140625,0
20240313,^SOX,4926.740234375,4932.1201171875,4841.7001953125,4868.9501953125,0
20240313,^TNX,4.185999870300293,4.196000099182129,4.170000076293945,4.191999912261963,0
20240314,^GSPC,5175.14013671875,5176.85009765625,5123.2998046875,5150.47998046875,4687970000
20240314,^IXIC,16209.1904296875,16245.3203125,16039.6796875,16128.5302734375,5450980000
20240314,^DJI,39122.390625,39160.25,38704.359375,38905.66015625,375810000
20240314,^VIX,13.619999885559082,15.329999923706055,13.420000076293945,14.399999618530273,0
20240314,KRW=X,1313.6500244140625,1324.3699951171875,1306.010009765625,1313.6500244140625,0
20240314,^SOX,4859.740234375,4880.0400390625,4741.58984375,4783.64990234375,0
20240314,^TNX,4.196000099182129,4.300000190734863,4.191999912261963,4.297999858856201,0
20240315,^GSPC,5123.31005859375,5136.85986328125,5104.35009765625,5117.08984375,7753670000
20240315,^IXIC,16043.580078125,16055.330078125,15925.91015625,15973.169921875,8261950000
20240315,^DJI,38809.6484375,38928.12890625,38618.19921875,38714.76953125,774360000
20240315,^VIX,14.329999923706055,15.529999732971191,14.140000343322754,14.40999984741211,0
20240315,KRW=X,1321.9200439453125,1333.0,1321.5799560546875,1321.9200439453125,0
20240315,^SOX,4745.72021484375,4808.68017578125,4719.72021484375,4757.7099609375,0
20240315,^TNX,4.281000137329102,4.320000171661377,4.281000137329102,4.303999900817871,0
20240318,^GSPC,5154.77001953125,5175.60009765625,5145.47021484375,5149.419921875,4036220000
20240318,^IXIC,16154.919921875,16247.58984375,16094.169921875,16103.4501953125,5025040000
20240318,^DJI,38826.9296875,38898.41015625,38760.7890625,38790.4296875,327950000
20240318,^VIX,14.75,14.850000381469727,14.260000228881836,14.329999923706055,0
20240318,KRW=X,1329.3399658203125,1335.25,1329.6600341796875,1329.3399658203125,0
20240318,^SOX,4834.080078125,4856.39990234375,4751.39013671875,4757.60009765625,0
20240318,^TNX,4.314000129699707,4.3480000495910645,4.303999900817871,4.340000152587891,0
20240319,^GSPC,5139.08984375,5180.31005859375,5131.58984375,5178.509765625,4031760000
20240319,^IXIC,16031.9296875,16175.58984375,15951.8603515625,16166.7900390625,4758740000
20240319,^DJI,38819.609375,39122.7109375,38761.28125,39110.76171875,310610000
20240319,^VIX,14.5,14.859999656677246,13.800000190734863,13.819999694824219,0
20240319,KRW=X,1336.0899658203125,1340.6500244140625,1335.6700439453125,1336.0899658203125,0
20240319,^SOX,4683.72998046875,4734.490234375,4620.52001953125,4712.81005859375,0
20240319,^TNX,4.326000213623047,4.335999965667725,4.289000034332275,4.296999931335449,0
20240320,^GSPC,5181.68994140625,5226.18994140625,5171.5498046875,5224.6201171875,4064850000
20240320,^IXIC,16185.759765625,16377.4404296875,16127.48046875,16369.41015625,5298380000
20240320,^DJI,39072.05078125,39529.12890625,38988.6484375,39512.12890625,350050000
20240320,^VIX,13.829999923706055,14.170000076293945,13.010000228881836,13.039999961853027,0
20240320,KRW=X,1337.02001953125,1341.47998046875,1336.0400390625,1337.02001953125,0
20240320,^SOX,4718.22998046875,4798.33984375,4682.490234375,4788.18017578125,0
20240320,^TNX,4.2829999923706055,4.323999881744385,4.238999843597412,4.2729997634887695,0
20240321,^GSPC,5253.43017578125,5261.10009765625,5240.66015625,5241.52978515625,4207730000
20240321,^IXIC,16517.240234375,16538.859375,16393.900390625,16401.83984375,5134740000
20240321,^DJI,39661.03125,39889.05078125,39589.23046875,39781.37109375,408990000
20240321,^VIX,12.979999542236328,13.079999923706055,12.399999618530273,12.920000076293945,0
20240321,KRW=X,1330.1099853515625,1334.6400146484375,1321.530029296875,1330.1099853515625,0
20240321,^SOX,4949.14990234375,4983.4599609375,4890.47998046875,4897.8798828125,0
20240321,^TNX,4.232999801635742,4.293000221252441,4.228000164031982,4.270999908447266,0
20240322,^GSPC,5242.47998046875,5246.08984375,5229.8701171875,5234.18017578125,3374700000
20240322,^IXIC,16387.830078125,16467.619140625,16361.0,16428.8203125,4339930000
20240322,^DJI,39774.05859375,39824.76171875,39469.53125,39475.8984375,332340000
20240322,^VIX,12.920000076293945,13.149999618530273,12.579999923706055,13.0600004196167,0
20240322,KRW=X,1334.6800537109375,1346.75,1328.97998046875,1334.6800537109375,0
20240322,^SOX,4876.009765625,4945.64013671875,4868.9501953125,4908.259765625,0
20240322,^TNX,4.21999979019165,4.22599983215332,4.199999809265137,4.2179999351501465,0
20240325,^GSPC,5219.52001953125,5229.08984375,5216.08984375,5218.18994140625,3331360000
20240325,^IXIC,16335.2998046875,16441.169921875,16315.7197265625,16384.470703125,4636940000
20240325,^DJI,39410.5390625,39430.171875,39296.03125,39313.640625,323670000
20240325,^VIX,13.670000076293945,13.670000076293945,13.109999656677246,13.1899995803833,0
20240325,KRW=X,1343.5999755859375,1343.6099853515625,1332.4100341796875,1343.5999755859375,0
20240325,^SOX,4838.31005859375,4937.35009765625,4836.43994140625,4891.490234375,0
20240325,^TNX,4.23199987411499,4.261000156402588,4.2220001220703125,4.252999782562256,0
20240326,^GSPC,5228.85009765625,5235.16015625,5203.419921875,5203.580078125,3871790000
20240326,^IXIC,16446.849609375,16476.380859375,16312.9501953125,16315.7001953125,5144260000
20240326,^DJI,39338.3203125,39439.44140625,39277.19140625,39282.328125,306940000
20240326,^VIX,13.119999885559082,13.430000305175781,12.84000015258789,13.239999771118164,0
20240326,KRW=X,1339.1300048828125,1344.2099609375,1333.800048828125,1339.1300048828125,0
20240326,^SOX,4920.2099609375,4943.25,4849.81005859375,4851.8798828125,0
20240326,^TNX,4.236000061035156,4.2729997634887695,4.23199987411499,4.234000205993652,0
20240327,^GSPC,5226.31005859375,5249.259765625,5213.919921875,5248.490234375,3850500000
20240327,^IXIC,16424.759765625,16431.8203125,16279.169921875,16399.51953125,4768930000
20240327,^DJI,39461.98046875,39769.41015625,39461.98046875,39760.078125,332190000
20240327,^VIX,13.130000114440918,13.34000015258789,12.65999984741211,12.779999732971191,0
20240327,KRW=X,1343.06005859375,1353.0400390625,1341.3299560546875,1343.06005859375,0
20240327,^SOX,4902.27978515625,4903.18017578125,4815.06005859375,4899.9501953125,0
20240327,^TNX,4.21999979019165,4.228000164031982,4.183000087738037,4.196000099182129,0
20240328,^GSPC,5248.02978515625,5264.85009765625,5245.81982421875,5254.35009765625,3998270000
20240328,^IXIC,16377.23046875,16420.919921875,16347.3798828125,16379.4599609375,5174450000
20240328,^DJI,39763.73828125,39868.58984375,39717.25,39807.37109375,360970000
20240328,^VIX,12.930000305175781,13.100000381469727,12.84000015258789,13.010000228881836,0
20240328,KRW=X,1349.800048828125,1352.760009765625,1342.0,1349.800048828125,0
20240328,^SOX,4892.4501953125,4926.759765625,4887.08984375,4905.2099609375,0
20240328,^TNX,4.230000019073486,4.234000205993652,4.183000087738037,4.205999851226807,0
20240329,KRW=X,1349.800048828125,1349.800048828125,1340.699951171875,1349.800048828125,0
20240401,^GSPC,5257.97021484375,5263.9501953125,5229.2001953125,5243.77001953125,3325930000
20240401,^IXIC,16397.05078125,16490.650390625,16327.8896484375,16396.830078125,4798390000
20240401,^DJI,39807.9296875,39815.0,39491.21875,39566.8515625,269470000
20240401,^VIX,13.609999656677246,14.149999618530273,13.550000190734863,13.649999618530273,0
20240401,KRW=X,1345.31005859375,1356.010009765625,1342.8800048828125,1345.31005859375,0
20240401,^SOX,4921.52978515625,5030.52001953125,4919.97021484375,4962.10009765625,0
20240401,^TNX,4.234000205993652,4.336999893188477,4.234000205993652,4.328999996185303,0
20240402,^GSPC,5204.2900390625,5208.33984375,5184.0498046875,5205.81005859375,3886590000
20240402,^IXIC,16199.240234375,16251.41015625,16137.240234375,16240.4501953125,4710280000
20240402,^DJI,39256.26953125,39256.26953125,39051.69921875,39170.23828125,319590000
20240402,^VIX,13.739999771118164,15.430000305175781,13.680000305175781,14.609999656677246,0
20240402,KRW=X,1355.530029296875,1355.9200439453125,1347.530029296875,1355.530029296875,0
20240402,^SOX,4883.56005859375,4898.1201171875,4834.22021484375,4886.93994140625,0
20240402,^TNX,4.375,4.40500020980835,4.355000019073486,4.364999771118164,0
20240403,^GSPC,5194.3701171875,5228.75,5194.3701171875,5211.490234375,3703250000
20240403,^IXIC,16178.7998046875,16340.740234375,16169.3095703125,16277.4599609375,5151500000
20240403,^DJI,39139.58984375,39305.76171875,39017.12890625,39127.140625,364180000
20240403,^VIX,15.0,15.180000305175781,14.25,14.329999923706055,0
20240403,KRW=X,1350.72998046875,1352.8900146484375,1346.3199462890625,1350.72998046875,0
20240403,^SOX,4838.080078125,4938.330078125,4831.52978515625,4903.5,0
20240403,^TNX,4.382999897003174,4.428999900817871,4.3470001220703125,4.355000019073486,0
20240404,^GSPC,5244.0498046875,5256.58984375,5146.06005859375,5147.2099609375,4075680000
20240404,^IXIC,16418.5703125,16468.0390625,16046.5595703125,16049.080078125,5368700000
20240404,^DJI,39343.6015625,39421.3515625,38559.421875,38596.98046875,356510000
20240404,^VIX,14.289999961853027,16.920000076293945,13.739999771118164,16.350000381469727,0
20240404,KRW=X,1344.8399658203125,1348.3900146484375,1343.31005859375,1344.8399658203125,0
20240404,^SOX,4973.33984375,4984.91015625,4750.990234375,4756.06982421875,0
20240404,^TNX,4.370999813079834,4.38100004196167,4.307000160217285,4.309000015258789,0
20240405,^GSPC,5158.9501953125,5222.18017578125,5157.2099609375,5204.33984375,3386780000
20240405,^IXIC,16095.400390625,16326.5,16080.48046875,16248.51953125,4578130000
20240405,^DJI,38664.98046875,39040.171875,38602.1796875,38904.0390625,317110000
20240405,^VIX,16.450000762939453,16.75,15.529999732971191,16.030000686645508,0
20240405,KRW=X,1351.3599853515625,1355.18994140625,1343.0,1351.3599853515625,0
20240405,^SOX,4784.18994140625,4847.509765625,4751.009765625,4819.1298828125,0
20240405,^TNX,4.328000068664551,4.4039998054504395,4.317999839782715,4.377999782562256,0
20240408,^GSPC,5211.3701171875,5219.56982421875,5197.35009765625,5202.39013671875,3278180000
20240408,^IXIC,16285.1796875,16323.599609375,16220.7197265625,16253.9599609375,4386700000
20240408,^DJI,38916.421875,39013.19921875,38857.69921875,38892.80078125,291460000
20240408,^VIX,16.239999771118164,16.5,15.109999656677246,15.1899995803833,0
20240408,KRW=X,1350.27001953125,1356.77001953125,1350.27001953125,1350.27001953125,0
20240408,^SOX,4848.669921875,4868.85986328125,4808.77001953125,4825.39013671875,0
20240408,^TNX,4.458000183105469,4.461999893188477,4.406000137329102,4.423999786376953,0
20240409,^GSPC,5217.02978515625,5224.81005859375,5160.77978515625,5209.91015625,3400680000
20240409,^IXIC,16328.759765625,16348.1796875,16141.150390625,16306.6396484375,4869190000
20240409,^DJI,38983.66015625,38992.890625,38572.08984375,38883.671875,328700000
20240409,^VIX,15.34000015258789,16.6299991607666,14.9399995803833,14.979999542236328,0
20240409,KRW=X,1354.219970703125,1356.52001953125,1350.22998046875,1354.219970703125,0
20240409,^SOX,4869.39013671875,4890.919921875,4785.6201171875,4870.81005859375,0
20240409,^TNX,4.383999824523926,4.395999908447266,4.357999801635742,4.366000175476074,0
20240410,^GSPC,5167.8798828125,5178.43017578125,5138.7001953125,5160.64013671875,3845930000
20240410,^IXIC,16104.009765625,16200.099609375,16092.01953125,16170.3603515625,5308250000
20240410,^DJI,38662.28125,38662.28125,38304.66015625,38461.51171875,317580000
20240410,^VIX,15.239999771118164,16.6200008392334,14.59000015258789,15.800000190734863,0
20240410,KRW=X,1348.5400390625,1364.4599609375,1326.9300537109375,1348.5400390625,0
20240410,^SOX,4789.93017578125,4847.52001953125,4761.10986328125,4790.35009765625,0
20240410,^TNX,4.3460001945495605,4.567999839782715,4.343999862670898,4.559999942779541,0
20240411,^GSPC,5172.9501953125,5211.77978515625,5138.77001953125,5199.06005859375,3509380000
20240411,^IXIC,16236.2001953125,16464.599609375,16154.650390625,16442.19921875,4714750000
20240411,^DJI,38523.26171875,38598.98046875,38197.28125,38459.078125,356640000
20240411,^VIX,16.020000457763672,17.610000610351562,14.90999984741211,14.90999984741211,0
20240411,KRW=X,1363.760009765625,1370.8299560546875,1357.8800048828125,1363.760009765625,0
20240411,^SOX,4816.10986328125,4911.5400390625,4784.39013671875,4906.3701171875,0
20240411,^TNX,4.576000213623047,4.591000080108643,4.514999866485596,4.576000213623047,0
20240412,^GSPC,5171.509765625,5175.02978515625,5107.93994140625,5123.41015625,3963220000
20240412,^IXIC,16293.0302734375,16341.4599609375,16125.330078125,16175.08984375,4552740000
20240412,^DJI,38319.140625,38319.140625,37877.30078125,37983.23828125,440910000
20240412,^VIX,14.90999984741211,19.200000762939453,14.90999984741211,17.309999465942383,0
20240412,KRW=X,1367.8399658203125,1385.8900146484375,1366.9599609375,1367.8399658203125,0
20240412,^SOX,4810.66015625,4819.7900390625,4735.490234375,4745.0498046875,0
20240412,^TNX,4.513999938964844,4.5320000648498535,4.482999801635742,4.499000072479248,0
20240415,^GSPC,5149.669921875,5168.43017578125,5052.47021484375,5061.81982421875,3950210000
20240415,^IXIC,16276.4697265625,16295.26953125,15863.8798828125,15885.01953125,4910550000
20240415,^DJI,38075.37890625,38386.80859375,37657.7890625,37735.109375,389170000
20240415,^VIX,16.940000534057617,19.459999084472656,16.260000228881836,19.229999542236328,0
20240415,KRW=X,1379.6099853515625,1389.010009765625,1379.5999755859375,1379.6099853515625,0
20240415,^SOX,4804.240234375,4827.89013671875,4658.93994140625,4679.10009765625,0
20240415,^TNX,4.585000038146973,4.663000106811523,4.583000183105469,4.627999782562256,0
20240416,^GSPC,5064.58984375,5079.83984375,5039.830078125,5051.41015625,4006200000
20240416,^IXIC,15856.3798828125,15965.7900390625,15822.01953125,15865.25,5001860000
20240416,^DJI,37992.21875,37992.21875,37713.69921875,37798.96875,339480000
20240416,^VIX,19.489999771118164,19.559999465942383,17.639999389648438,18.399999618530273,0
20240416,KRW=X,1387.6700439453125,1399.9599609375,1387.1500244140625,1387.6700439453125,0
20240416,^SOX,4682.81982421875,4744.22998046875,4670.3798828125,4720.52978515625,0
20240416,^TNX,4.644999980926514,4.696000099182129,4.625999927520752,4.658999919891357,0
20240417,^GSPC,5068.97021484375,5077.9599609375,5007.25,5022.2099609375,3596130000
20240417,^IXIC,15942.2900390625,15957.0302734375,15654.509765625,15683.3701171875,4991470000
20240417,^DJI,37949.671875,38036.69921875,37611.55859375,37753.30859375,314650000
20240417,^VIX,18.239999771118164,19.110000610351562,17.540000915527344,18.209999084472656,0
20240417,KRW=X,1387.3399658203125,1390.7900390625,1378.3299560546875,1387.3399658203125,0
20240417,^SOX,4725.759765625,4733.419921875,4561.56005859375,4567.31005859375,0
20240417,^TNX,4.65500020980835,4.660999774932861,4.574999809265137,4.585000038146973,0
20240418,^GSPC,5031.52001953125,5056.66015625,5001.89013671875,5011.1201171875,3619760000
20240418,^IXIC,15705.6904296875,15786.1201171875,15587.5,15601.5,4932540000
20240418,^DJI,37847.2109375,38083.76171875,37681.51953125,37775.37890625,300230000
20240418,^VIX,17.90999984741211,18.3700008392334,17.209999084472656,18.0,0
20240418,KRW=X,1379.5400390625,1381.3499755859375,1370.3599853515625,1379.5400390625,0
20240418,^SOX,4541.47998046875,4567.6298828125,4474.8701171875,4491.7099609375,0
20240418,^TNX,4.5920000076293945,4.6529998779296875,4.5920000076293945,4.646999835968018,0
20240419,^GSPC,5005.43994140625,5019.02001953125,4953.56005859375,4967.22998046875,3878750000
20240419,^IXIC,15547.099609375,15576.7001953125,15222.7802734375,15282.009765625,5316010000
20240419,^DJI,37801.98046875,38102.5703125,37781.609375,37986.3984375,420460000
20240419,^VIX,21.329999923706055,21.360000610351562,18.170000076293945,18.709999084472656,0
20240419,KRW=X,1379.4000244140625,1392.6199951171875,1374.5699462890625,1379.4000244140625,0
20240419,^SOX,4444.91015625,4480.06982421875,4288.0,4306.8701171875,0
20240419,^TNX,4.590000152587891,4.63100004196167,4.581999778747559,4.614999771118164,0
20240422,^GSPC,4987.330078125,5038.83984375,4969.39990234375,5010.60009765625,3820250000
20240422,^IXIC,15396.1298828125,15539.0,15265.66015625,15451.3095703125,4616730000
20240422,^DJI,38116.890625,38447.16015625,37985.0703125,38239.98046875,351650000
20240422,^VIX,18.59000015258789,18.719999313354492,16.690000534057617,16.940000534057617,0
20240422,KRW=X,1373.9300537109375,1382.9300537109375,1373.4100341796875,1373.9300537109375,0
20240422,^SOX,4351.22998046875,4411.58984375,4299.72021484375,4381.919921875,0
20240422,^TNX,4.6519999504089355,4.6519999504089355,4.611000061035156,4.623000144958496,0
20240423,^GSPC,5028.85009765625,5076.1201171875,5027.9599609375,5070.5498046875,3751400000
20240423,^IXIC,15525.5498046875,15730.349609375,15510.58984375,15696.6396484375,4951670000
20240423,^DJI,38356.0703125,38561.5,38297.71875,38503.69140625,329420000
20240423,^VIX,16.719999313354492,16.760000228881836,15.6899995803833,15.6899995803833,0
20240423,KRW=X,1378.8399658203125,1379.6099853515625,1371.2099609375,1378.8399658203125,0
20240423,^SOX,4415.6201171875,4500.33984375,4407.18017578125,4478.7998046875,0
20240423,^TNX,4.650000095367432,4.650000095367432,4.567999839782715,4.5980000495910645,0
20240424,^GSPC,5084.85986328125,5089.47998046875,5047.02001953125,5071.6298828125,3656740000
20240424,^IXIC,15805.599609375,15839.0,15634.4404296875,15712.75,4735870000
20240424,^DJI,38552.7890625,38552.7890625,38310.55078125,38460.921875,337230000
20240424,^VIX,15.760000228881836,16.3799991607666,15.579999923706055,15.970000267028809,0
20240424,KRW=X,1370.47998046875,1377.4300537109375,1366.7900390625,1370.47998046875,0
20240424,^SOX,4608.0498046875,4616.89013671875,4490.52978515625,4526.2001953125,0
20240424,^TNX,4.642000198364258,4.671000003814697,4.626999855041504,4.6519999504089355,0
20240425,^GSPC,5019.8798828125,5057.75,4990.580078125,5048.419921875,3958050000
20240425,^IXIC,15375.259765625,15644.509765625,15343.91015625,15611.759765625,4743640000
20240425,^DJI,38052.08984375,38157.21875,37754.37890625,38085.80078125,408170000
20240425,^VIX,16.25,17.549999237060547,15.270000457763672,15.369999885559082,0
20240425,KRW=X,1376.969970703125,1379.0899658203125,1370.56005859375,1376.969970703125,0
20240425,^SOX,4515.85986328125,4645.56005859375,4492.93994140625,4615.0400390625,0
20240425,^TNX,4.6579999923706055,4.736999988555908,4.625,4.705999851226807,0
20240426,^GSPC,5084.64990234375,5114.6201171875,5073.14013671875,5099.9599609375,3604140000
20240426,^IXIC,15821.33984375,15981.0,15770.7197265625,15927.900390625,4694400000
20240426,^DJI,38114.69921875,38337.640625,38065.05078125,38239.66015625,398680000
20240426,^VIX,15.489999771118164,16.059999465942383,14.920000076293945,15.029999732971191,0
20240426,KRW=X,1371.699951171875,1378.6500244140625,1370.3399658203125,1371.699951171875,0
20240426,^SOX,4619.81982421875,4756.91015625,4616.419921875,4735.2900390625,0
20240426,^TNX,4.685999870300293,4.690000057220459,4.644000053405762,4.669000148773193,0
20240429,^GSPC,5114.1298828125,5123.490234375,5088.64990234375,5116.169921875,3447450000
20240429,^IXIC,16007.0,16021.490234375,15885.8896484375,15983.080078125,4972520000
20240429,^DJI,38282.16015625,38406.19921875,38215.46875,38386.08984375,343630000
20240429,^VIX,15.369999885559082,15.420000076293945,14.630000114440918,14.670000076293945,0
20240429,KRW=X,1377.0899658203125,1383.9599609375,1373.530029296875,1377.0899658203125,0
20240429,^SOX,4735.3701171875,4772.080078125,4690.81982421875,4765.7900390625,0
20240429,^TNX,4.625999927520752,4.64900016784668,4.611999988555908,4.613999843597412,0
20240430,^GSPC,5103.77978515625,5110.830078125,5035.31005859375,5035.68994140625,4082470000
20240430,^IXIC,15920.8896484375,15979.3603515625,15655.669921875,15657.8203125,5229400000
20240430,^DJI,38337.3984375,38337.3984375,37810.12109375,37815.921875,448480000
20240430,^VIX,14.819999694824219,15.899999618530273,14.670000076293945,15.649999618530273,0
20240430,KRW=X,1374.6400146484375,1384.760009765625,1372.7900390625,1374.6400146484375,0
20240430,^SOX,4756.75,4803.0498046875,4671.77978515625,4673.2998046875,0
20240430,^TNX,4.616000175476074,4.685999870300293,4.616000175476074,4.685999870300293,0
20240501,^GSPC,5029.02978515625,5096.1201171875,5013.4501953125,5018.39013671875,4544170000
20240501,^IXIC,15646.08984375,15926.2197265625,15557.6396484375,15605.48046875,5277790000
20240501,^DJI,37845.55859375,38349.19921875,37780.5390625,37903.2890625,413540000
20240501,^VIX,15.75,16.219999313354492,14.350000381469727,15.390000343322754,0
20240501,KRW=X,1385.4599609375,1387.6500244140625,1362.530029296875,1385.4599609375,0
20240501,^SOX,4588.43017578125,4659.97998046875,4482.1201171875,4507.68017578125,0
20240501,^TNX,4.670000076293945,4.676000118255615,4.580999851226807,4.59499979019165,0
20240502,^GSPC,5049.31982421875,5073.2099609375,5011.0498046875,5064.2001953125,4381660000
20240502,^IXIC,15758.1103515625,15862.7900390625,15604.73046875,15840.9599609375,4901610000
20240502,^DJI,38075.6484375,38295.2890625,37895.66015625,38225.66015625,355910000
20240502,^VIX,15.140000343322754,16.09000015258789,14.600000381469727,14.680000305175781,0
20240502,KRW=X,1375.0,1381.9599609375,1368.989990234375,1375.0,0
20240502,^SOX,4586.580078125,4620.68017578125,4498.490234375,4605.35009765625,0
20240502,^TNX,4.611999988555908,4.651000022888184,4.566999912261963,4.571000099182129,0
20240503,^GSPC,5122.77978515625,5139.1201171875,5101.22021484375,5127.7900390625,3924990000
20240503,^IXIC,16147.48046875,16204.7099609375,16068.33984375,16156.330078125,4887310000
20240503,^DJI,38709.359375,38808.51953125,38518.28125,38675.6796875,410530000
20240503,^VIX,14.510000228881836,14.579999923706055,13.479999542236328,13.489999771118164,0
20240503,KRW=X,1364.6400146484375,1370.3399658203125,1344.510009765625,1364.6400146484375,0
20240503,^SOX,4695.97998046875,4740.4599609375,4675.68994140625,4716.18994140625,0
20240503,^TNX,4.551000118255615,4.571000099182129,4.453000068664551,4.5,0
20240506,^GSPC,5142.419921875,5181.0,5142.419921875,5180.740234375,3683250000
20240506,^IXIC,16208.5400390625,16350.080078125,16197.8603515625,16349.25,4460130000
20240506,^DJI,38762.4296875,38886.46875,38689.37890625,38852.26953125,315550000
20240506,^VIX,13.979999542236328,14.020000457763672,13.4399995803833,13.489999771118164,0
20240506,KRW=X,1355.050048828125,1360.7900390625,1352.3499755859375,1355.050048828125,0
20240506,^SOX,4749.89013671875,4820.4599609375,4739.35009765625,4820.4501953125,0
20240506,^TNX,4.486999988555908,4.513999938964844,4.4710001945495605,4.488999843597412,0
20240507,^GSPC,5187.2001953125,5200.22998046875,5178.9599609375,5187.7001953125,3987890000
20240507,^IXIC,16358.33984375,16397.390625,16303.83984375,16332.5595703125,5041870000
20240507,^DJI,38858.94140625,38977.609375,38840.3984375,38884.26171875,360930000
20240507,^VIX,13.520000457763672,13.640000343322754,13.15999984741211,13.229999542236328,0
20240507,KRW=X,1352.1700439453125,1360.8499755859375,1352.510009765625,1352.1700439453125,0
20240507,^SOX,4825.68994140625,4840.60009765625,4783.85009765625,4784.8798828125,0
20240507,^TNX,4.4730000495910645,4.4730000495910645,4.422999858856201,4.4629998207092285,0
20240508,^GSPC,5168.97998046875,5191.9501953125,5165.85986328125,5187.669921875,3842100000
20240508,^IXIC,16226.0703125,16341.650390625,16226.0703125,16302.759765625,4530190000
20240508,^DJI,38818.8984375,39094.73828125,38814.98828125,39056.390625,292340000
20240508,^VIX,13.239999771118164,13.510000228881836,12.9399995803833,13.0,0
20240508,KRW=X,1357.72998046875,1366.5999755859375,1356.27001953125,1357.72998046875,0
20240508,^SOX,4741.72021484375,4794.33984375,4737.27978515625,4790.3798828125,0
20240508,^TNX,4.484000205993652,4.498000144958496,4.474999904632568,4.492000102996826,0
20240509,^GSPC,5189.02978515625,5215.2998046875,5180.41015625,5214.080078125,3727370000
20240509,^IXIC,16323.740234375,16362.7900390625,16241.98046875,16346.259765625,4505120000
20240509,^DJI,39064.26953125,39413.66015625,38988.8515625,39387.76171875,303270000
20240509,^VIX,13.079999923706055,13.289999961853027,12.680000305175781,12.6899995803833,0
20240509,KRW=X,1361.93994140625,1371.8299560546875,1361.93994140625,1361.93994140625,0
20240509,^SOX,4786.5,4789.43994140625,4737.490234375,4759.77001953125,0
20240509,^TNX,4.515999794006348,4.515999794006348,4.447000026702881,4.448999881744385,0
20240510,^GSPC,5225.490234375,5239.66015625,5209.68017578125,5222.68017578125,3617900000
20240510,^IXIC,16389.01953125,16437.390625,16293.51953125,16340.8701171875,4402110000
20240510,^DJI,39466.51953125,39579.87890625,39406.26171875,39512.83984375,289480000
20240510,^VIX,12.770000457763672,12.960000038146973,12.5,12.550000190734863,0
20240510,KRW=X,1365.4000244140625,1370.3299560546875,1363.0,1365.4000244140625,0
20240510,^SOX,4814.8701171875,4857.83984375,4787.759765625,4808.02978515625,0
20240510,^TNX,4.4770002365112305,4.507999897003174,4.4710001945495605,4.504000186920166,0
20240513,^GSPC,5233.080078125,5237.259765625,5211.16015625,5221.419921875,4255710000
20240513,^IXIC,16400.310546875,16407.05078125,16334.8603515625,16388.240234375,4452750000
20240513,^DJI,39591.28125,39647.390625,39403.05078125,39431.51171875,323370000
20240513,^VIX,13.260000228881836,13.65999984741211,13.25,13.600000381469727,0
20240513,KRW=X,1370.1099853515625,1372.9100341796875,1364.6300048828125,1370.1099853515625,0
20240513,^SOX,4828.58984375,4846.81005859375,4811.0,4823.08984375,0
20240513,^TNX,4.486999988555908,4.488999843597412,4.459000110626221,4.480999946594238,0
20240514,^GSPC,5221.10009765625,5250.3701171875,5217.97998046875,5246.68017578125,4763580000
20240514,^IXIC,16391.16015625,16526.26953125,16386.4296875,16511.1796875,7270240000
20240514,^DJI,39466.76171875,39616.41015625,39371.921875,39558.109375,320860000
20240514,^VIX,13.710000038146973,14.029999732971191,13.270000457763672,13.420000076293945,0
20240514,KRW=X,1363.7900390625,1370.3900146484375,1362.5999755859375,1363.7900390625,0
20240514,^SOX,4817.39013671875,4908.52001953125,4811.81982421875,4903.93017578125,0
20240514,^TNX,4.480999946594238,4.5320000648498535,4.442999839782715,4.445000171661377,0
20240515,^GSPC,5263.259765625,5311.759765625,5263.259765625,5308.14990234375,4360810000
20240515,^IXIC,16601.140625,16749.740234375,16544.08984375,16742.390625,8538990000
20240515,^DJI,39615.1015625,39935.0390625,39615.1015625,39908.0,411190000
20240515,^VIX,13.729999542236328,13.9399995803833,12.380000114440918,12.449999809265137,0
20240515,KRW=X,1362.550048828125,1365.550048828125,1342.8299560546875,1362.550048828125,0
20240515,^SOX,4946.22021484375,5046.27001953125,4930.68994140625,5045.080078125,0
20240515,^TNX,4.418000221252441,4.418000221252441,4.340000152587891,4.355999946594238,0
20240516,^GSPC,5310.06982421875,5325.490234375,5296.18994140625,5297.10009765625,3817470000
20240516,^IXIC,16738.109375,16797.830078125,16693.44921875,16698.3203125,11932600000
20240516,^DJI,39912.33984375,40051.05078125,39864.6796875,39869.37890625,400560000
20240516,^VIX,12.520000457763672,12.670000076293945,12.329999923706055,12.420000076293945,0
20240516,KRW=X,1353.5999755859375,1353.93994140625,1342.0899658203125,1353.5999755859375,0
20240516,^SOX,5045.02001953125,5084.56982421875,5017.2998046875,5017.5400390625,0
20240516,^TNX,4.329999923706055,4.379000186920166,4.318999767303467,4.376999855041504,0
20240517,^GSPC,5303.10009765625,5305.4501953125,5283.58984375,5303.27001953125,3578120000
20240517,^IXIC,16708.490234375,16726.41015625,16613.83984375,16685.970703125,9587280000
20240517,^DJI,39911.71875,40010.87890625,39858.859375,40003.58984375,300260000
20240517,^VIX,12.279999732971191,12.479999542236328,11.90999984741211,11.989999771118164,0
20240517,KRW=X,1346.0400390625,1359.3900146484375,1346.0400390625,1346.0400390625,0
20240517,^SOX,5048.93017578125,5056.0400390625,4947.169921875,4983.02001953125,0
20240517,^TNX,4.395999908447266,4.426000118255615,4.390999794006348,4.420000076293945,0
20240520,^GSPC,5305.35009765625,5325.31982421875,5302.39990234375,5308.1298828125,3420100000
20240520,^IXIC,16702.01953125,16823.830078125,16695.689453125,16794.869140625,6861320000
20240520,^DJI,39989.76171875,40077.3984375,39787.08984375,39806.76953125,272420000
20240520,^VIX,12.270000457763672,12.59000015258789,12.069999694824219,12.149999618530273,0
20240520,KRW=X,1353.3900146484375,1361.699951171875,1353.3800048828125,1353.3900146484375,0
20240520,^SOX,5002.0498046875,5119.16015625,4999.41015625,5090.35009765625,0
20240520,^TNX,4.421999931335449,4.454999923706055,4.420000076293945,4.436999797821045,0
20240521,^GSPC,5298.68994140625,5324.31982421875,5297.8701171875,5321.41015625,3662240000
20240521,^IXIC,16736.099609375,16839.01953125,16719.970703125,16832.619140625,6245090000
20240521,^DJI,39804.3984375,39905.80078125,39778.73046875,39872.98828125,314120000
20240521,^VIX,12.300000190734863,12.5600004196167,11.84000015258789,11.859999656677246,0
20240521,KRW=X,1360.1600341796875,1367.3199462890625,1360.1600341796875,1360.1600341796875,0
20240521,^SOX,5031.0,5080.91015625,5020.58984375,5074.39990234375,0
20240521,^TNX,4.429999828338623,4.435999870300293,4.3979997634887695,4.414000034332275,0
20240522,^GSPC,5319.27978515625,5323.18017578125,5286.009765625,5307.009765625,3847130000
20240522,^IXIC,16839.01953125,16855.26953125,16712.08984375,16801.5390625,7277340000
20240522,^DJI,39863.328125,39890.91015625,39559.08984375,39671.0390625,258430000
20240522,^VIX,12.050000190734863,12.8100004196167,11.779999732971191,12.289999961853027,0
20240522,KRW=X,1363.4200439453125,1367.8399658203125,1359.949951171875,1363.4200439453125,0
20240522,^SOX,5114.97998046875,5140.830078125,5074.3701171875,5126.81005859375,0
20240522,^TNX,4.453000068664551,4.460999965667725,4.4120001792907715,4.434000015258789,0
20240523,^GSPC,5340.259765625,5341.8798828125,5256.93017578125,5267.83984375,3869520000
20240523,^IXIC,16996.390625,16996.390625,16678.369140625,16736.029296875,7752800000
20240523,^DJI,39694.94921875,39694.94921875,39025.51171875,39065.26171875,335640000
20240523,^VIX,11.529999732971191,13.369999885559082,11.520000457763672,12.770000457763672,0
20240523,KRW=X,1365.81005859375,1367.1300048828125,1358.1199951171875,1365.81005859375,0
20240523,^SOX,5243.7001953125,5255.64013671875,5081.990234375,5125.97998046875,0
20240523,^TNX,4.418000221252441,4.495999813079834,4.4079999923706055,4.474999904632568,0
20240524,^GSPC,5281.4501953125,5311.64990234375,5278.39013671875,5304.72021484375,3005510000
20240524,^IXIC,16786.7890625,16947.80078125,16771.580078125,16920.7890625,5836040000
20240524,^DJI,39089.23046875,39220.30859375,39020.2890625,39069.58984375,249810000
20240524,^VIX,12.859999656677246,12.890000343322754,11.890000343322754,11.930000305175781,0
20240524,KRW=X,1367.6199951171875,1371.4300537109375,1363.6300048828125,1367.6199951171875,0
20240524,^SOX,5167.0,5232.31982421875,5149.31005859375,5220.919921875,0
20240524,^TNX,4.488999843597412,4.501999855041504,4.459000110626221,4.4670000076293945,0
20240527,KRW=X,1365.7099609375,1366.9200439453125,1360.050048828125,1365.7099609375,0
20240528,^GSPC,5315.91015625,5315.91015625,5280.89013671875,5306.0400390625,3751540000
20240528,^IXIC,16988.310546875,17032.66015625,16917.509765625,17019.880859375,6293380000
20240528,^DJI,39028.98828125,39028.98828125,38706.140625,38852.859375,303340000
20240528,^VIX,12.510000228881836,13.4399995803833,12.359999656677246,12.920000076293945,0
20240528,KRW=X,1360.9300537109375,1362.81005859375,1354.8499755859375,1360.9300537109375,0
20240528,^SOX,5286.02001953125,5343.68017578125,5235.89013671875,5317.8701171875,0
20240528,^TNX,4.453000068664551,4.546000003814697,4.448999881744385,4.541999816894531,0
20240529,^GSPC,5278.72998046875,5282.27001953125,5262.7001953125,5266.9501953125,3552750000
20240529,^IXIC,16879.349609375,16989.599609375,16873.970703125,16920.580078125,6652480000
20240529,^DJI,38716.28125,38716.28125,38413.671875,38441.5390625,292280000
20240529,^VIX,13.75,14.319999694824219,13.6899995803833,14.279999732971191,0
20240529,KRW=X,1362.760009765625,1370.27001953125,1362.72998046875,1362.760009765625,0
20240529,^SOX,5234.39013671875,5249.68994140625,5206.93017578125,5219.31982421875,0
20240529,^TNX,4.565999984741211,4.638000011444092,4.559999942779541,4.624000072479248,0
20240530,^GSPC,5259.77001953125,5260.2099609375,5222.10009765625,5235.47998046875,3818750000
20240530,^IXIC,16878.630859375,16900.4609375,16690.359375,16737.080078125,6659290000
20240530,^DJI,38368.3515625,38493.6015625,38000.9609375,38111.48046875,360090000
20240530,^VIX,14.819999694824219,14.880000114440918,13.670000076293945,14.470000267028809,0
20240530,KRW=X,1370.550048828125,1380.9300537109375,1369.739990234375,1370.550048828125,0
20240530,^SOX,5208.7998046875,5228.18017578125,5145.8701171875,5173.259765625,0
20240530,^TNX,4.593999862670898,4.599999904632568,4.541999816894531,4.553999900817871,0
20240531,^GSPC,5243.2099609375,5280.330078125,5191.68017578125,5277.509765625,5437160000
20240531,^IXIC,16771.900390625,16789.26953125,16445.5390625,16735.01953125,6674090000
20240531,^DJI,38140.26171875,38719.4296875,38092.26953125,38686.3203125,618200000
20240531,^VIX,14.5,14.869999885559082,12.84000015258789,12.920000076293945,0
20240531,KRW=X,1375.6199951171875,1387.489990234375,1375.3599853515625,1375.6199951171875,0
20240531,^SOX,5180.5498046875,5204.4599609375,4988.0498046875,5123.35986328125,0
20240531,^TNX,4.552000045776367,4.556000232696533,4.485000133514404,4.513999938964844,0
20240603,^GSPC,5297.14990234375,5302.10986328125,5234.31982421875,5283.39990234375,4046920000
20240603,^IXIC,16865.69921875,16909.890625,16646.4296875,16828.669921875,5422040000
20240603,^DJI,38709.98828125,38735.609375,38247.21875,38571.03125,314010000
20240603,^VIX,13.079999923706055,14.3100004196167,13.0,13.109999656677246,0
20240603,KRW=X,1382.0999755859375,1382.1099853515625,1369.969970703125,1382.0999755859375,0
20240603,^SOX,5215.08984375,5215.08984375,5059.91015625,5152.509765625,0
20240603,^TNX,4.4730000495910645,4.4730000495910645,4.392000198364258,4.4019999504089355,0
20240604,^GSPC,5278.240234375,5298.7998046875,5257.6298828125,5291.33984375,3707900000
20240604,^IXIC,16823.880859375,16891.869140625,16750.390625,16857.05078125,4917350000
20240604,^DJI,38518.859375,38786.62109375,38397.8203125,38711.2890625,304450000
20240604,^VIX,13.510000228881836,14.079999923706055,13.109999656677246,13.15999984741211,0
20240604,KRW=X,1370.7900390625,1378.43994140625,1368.510009765625,1370.7900390625,0
20240604,^SOX,5144.5400390625,5148.9501953125,5074.3798828125,5116.27001953125,0
20240604,^TNX,4.361000061035156,4.367000102996826,4.314000129699707,4.335999965667725,0
20240605,^GSPC,5314.47998046875,5354.16015625,5297.64013671875,5354.02978515625,3591460000
20240605,^IXIC,16974.48046875,17187.919921875,16955.560546875,17187.900390625,5325000000
20240605,^DJI,38774.8203125,38844.3203125,38548.76953125,38807.328125,310970000
20240605,^VIX,13.140000343322754,13.25,12.600000381469727,12.630000114440918,0
20240605,KRW=X,1373.719970703125,1376.050048828125,1367.449951171875,1373.719970703125,0
20240605,^SOX,5208.080078125,5348.91015625,5193.72998046875,5347.43994140625,0
20240605,^TNX,4.326000213623047,4.35099983215332,4.2870001792907715,4.289000034332275,0
20240606,^GSPC,5357.7998046875,5362.35009765625,5335.35986328125,5352.9599609375,3609990000
20240606,^IXIC,17204.869140625,17235.73046875,17123.58984375,17173.119140625,4960580000
20240606,^DJI,38825.3984375,39004.16015625,38735.98828125,38886.171875,269000000
20240606,^VIX,12.75,12.979999542236328,12.539999961853027,12.579999923706055,0
20240606,KRW=X,1368.739990234375,1369.010009765625,1355.4000244140625,1368.739990234375,0
20240606,^SOX,5343.97998046875,5353.47998046875,5260.56005859375,5301.68017578125,0
20240606,^TNX,4.301000118255615,4.322000026702881,4.2769999504089355,4.281000137329102,0
20240607,^GSPC,5343.81005859375,5375.080078125,5331.330078125,5346.990234375,3692760000
20240607,^IXIC,17124.140625,17229.310546875,17090.0390625,17133.130859375,4755650000
20240607,^DJI,38861.23828125,39105.23046875,38751.8515625,38798.98828125,265850000
20240607,^VIX,12.6899995803833,13.079999923706055,12.109999656677246,12.220000267028809,0
20240607,KRW=X,1365.25,1378.5999755859375,1354.3399658203125,1365.25,0
20240607,^SOX,5288.14990234375,5322.1201171875,5254.89990234375,5287.240234375,0
20240607,^TNX,4.296999931335449,4.434000015258789,4.289000034332275,4.429999828338623,0
20240610,^GSPC,5341.22021484375,5365.7900390625,5331.52001953125,5360.7900390625,3622280000
20240610,^IXIC,17083.44921875,17213.44921875,17057.33984375,17192.529296875,5207110000
20240610,^DJI,38784.8984375,38877.859375,38665.44921875,38868.0390625,330580000
20240610,^VIX,13.09000015258789,13.279999732971191,12.619999885559082,12.739999771118164,0
20240610,KRW=X,1379.050048828125,1381.3699951171875,1373.6400146484375,1379.050048828125,0
20240610,^SOX,5243.72021484375,5379.490234375,5238.83984375,5362.39990234375,0
20240610,^TNX,4.453000068664551,4.479000091552734,4.447000026702881,4.468999862670898,0
20240611,^GSPC,5353.0,5375.9501953125,5327.25,5375.31982421875,3568030000
20240611,^IXIC,17160.419921875,17345.05078125,17107.990234375,17343.55078125,5009220000
20240611,^DJI,38795.7109375,38795.7109375,38446.23828125,38747.421875,383090000
20240611,^VIX,12.850000381469727,13.470000267028809,12.779999732971191,12.850000381469727,0
20240611,KRW=X,1373.9599609375,1380.72998046875,1373.8699951171875,1373.9599609375,0
20240611,^SOX,5343.2998046875,5374.2099609375,5287.0498046875,5365.3798828125,0
20240611,^TNX,4.435999870300293,4.460999965667725,4.4019999504089355,4.4039998054504395,0
20240612,^GSPC,5409.1298828125,5447.25,5409.1298828125,5421.02978515625,3962840000
20240612,^IXIC,17502.150390625,17725.390625,17490.640625,17608.439453125,5560630000
20240612,^DJI,38950.6484375,39120.26171875,38621.44921875,38712.2109375,472280000
20240612,^VIX,13.100000381469727,13.149999618530273,11.9399995803833,12.039999961853027,0
20240612,KRW=X,1377.3599853515625,1380.1700439453125,1364.0799560546875,1377.3599853515625,0
20240612,^SOX,5456.16015625,5543.580078125,5452.85009765625,5520.8701171875,0
20240612,^TNX,4.388000011444092,4.406000137329102,4.25,4.295000076293945,0
20240613,^GSPC,5441.93017578125,5441.93017578125,5402.509765625,5433.740234375,3530380000
20240613,^IXIC,17715.26953125,17741.80078125,17566.3203125,17667.560546875,4916020000
20240613,^DJI,38677.12109375,38712.2109375,38407.69921875,38647.1015625,341330000
20240613,^VIX,12.050000190734863,12.680000305175781,11.880000114440918,11.9399995803833,0
20240613,KRW=X,1370.4100341796875,1377.0899658203125,1366.260009765625,1370.4100341796875,0
20240613,^SOX,5590.580078125,5624.009765625,5527.22998046875,5602.419921875,0
20240613,^TNX,4.309999942779541,4.309999942779541,4.2230000495910645,4.23799991607666,0
20240614,^GSPC,5424.080078125,5432.39013671875,5403.75,5431.60009765625,3438650000
20240614,^IXIC,17621.1796875,17693.4296875,17590.80078125,17688.880859375,4973820000
20240614,^DJI,38528.390625,38595.23828125,38305.8515625,38589.16015625,272200000
20240614,^VIX,12.220000267028809,13.449999809265137,12.119999885559082,12.65999984741211,0
20240614,KRW=X,1373.739990234375,1386.8599853515625,1374.6700439453125,1373.739990234375,0
20240614,^SOX,5558.64013671875,5613.31982421875,5540.9501953125,5598.31005859375,0
20240614,^TNX,4.196000099182129,4.236000061035156,4.188000202178955,4.2129998207092285,0
20240617,^GSPC,5431.10986328125,5488.5,5420.39990234375,5473.22998046875,3447840000
20240617,^IXIC,17697.30078125,17935.990234375,17636.359375,17857.01953125,6061200000
20240617,^DJI,38565.1796875,38839.87890625,38431.94921875,38778.1015625,346190000
20240617,^VIX,13.069999694824219,13.289999961853027,12.5,12.75,0
20240617,KRW=X,1382.280029296875,1383.0799560546875,1377.3499755859375,1382.280029296875,0
20240617,^SOX,5639.9599609375,5699.2099609375,5571.419921875,5688.10009765625,0
20240617,^TNX,4.264999866485596,4.295000076293945,4.260000228881836,4.2789998054504395,0
20240618,^GSPC,5476.14990234375,5490.3798828125,5471.31982421875,5487.02978515625,3544330000
20240618,^IXIC,17856.759765625,17890.51953125,17796.880859375,17862.23046875,5796180000
20240618,^DJI,38779.12109375,38936.9296875,38727.671875,38834.859375,324260000
20240618,^VIX,12.699999809265137,12.739999771118164,12.239999771118164,12.300000190734863,0
20240618,KRW=X,1379.06005859375,1385.25,1377.97998046875,1379.06005859375,0
20240618,^SOX,5705.490234375,5792.85986328125,5695.97998046875,5765.1201171875,0
20240618,^TNX,4.2870001792907715,4.289000034332275,4.206999778747559,4.2170000076293945,0
20240619,KRW=X,1378.6099853515625,1382.6300048828125,1377.6300048828125,1378.6099853515625,0
20240620,^GSPC,5499.990234375,5505.52978515625,5455.56005859375,5473.169921875,3847060000
20240620,^IXIC,17913.939453125,17936.7890625,17650.689453125,17721.58984375,6289300000
20240620,^DJI,38804.73046875,39232.5,38778.4609375,39134.76171875,397010000
20240620,^VIX,12.5,13.550000190734863,12.180000305175781,13.279999732971191,0
20240620,KRW=X,1381.1500244140625,1391.0799560546875,1381.1500244140625,1381.1500244140625,0
20240620,^SOX,5787.9501953125,5789.6298828125,5577.56005859375,5610.009765625,0
20240620,^TNX,4.23799991607666,4.293000221252441,4.230000019073486,4.254000186920166,0
20240621,^GSPC,5466.77001953125,5478.31005859375,5452.02978515625,5464.6201171875,6773800000
20240621,^IXIC,17681.009765625,17787.33984375,17620.5703125,17689.359375,8589160000
20240621,^DJI,39208.51171875,39257.1796875,39061.671875,39150.328125,818670000
20240621,^VIX,13.220000267028809,13.779999732971191,12.989999771118164,13.199999809265137,0
20240621,KRW=X,1391.8199462890625,1392.4300537109375,1385.75,1391.8199462890625,0
20240621,^SOX,5538.14990234375,5613.47021484375,5482.4501953125,5538.5400390625,0
20240621,^TNX,4.223999977111816,4.2789998054504395,4.2170000076293945,4.256999969482422,0
20240624,^GSPC,5459.580078125,5490.66015625,5447.58984375,5447.8701171875,3696750000
20240624,^IXIC,17640.259765625,17730.119140625,17494.01953125,17496.8203125,5503210000
20240624,^DJI,39184.48828125,39571.23046875,39184.48828125,39411.2109375,373940000
20240624,^VIX,13.850000381469727,13.880000114440918,13.149999618530273,13.329999923706055,0
20240624,KRW=X,1388.3900146484375,1391.06005859375,1383.9599609375,1388.3900146484375,0
20240624,^SOX,5485.18017578125,5519.39990234375,5369.56005859375,5371.52001953125,0
20240624,^TNX,4.275000095367432,4.275000095367432,4.245999813079834,4.248000144958496,0
20240625,^GSPC,5460.72998046875,5472.8798828125,5446.56005859375,5469.2998046875,3591960000
20240625,^IXIC,17572.16015625,17734.33984375,17546.630859375,17717.650390625,4848280000
20240625,^DJI,39398.7890625,39423.26171875,38997.23046875,39112.16015625,339010000
20240625,^VIX,13.479999542236328,13.520000457763672,12.84000015258789,12.84000015258789,0
20240625,KRW=X,1386.1099853515625,1391.93994140625,1383.760009765625,1386.1099853515625,0
20240625,^SOX,5413.0498046875,5470.27001953125,5361.81005859375,5467.66015625,0
20240625,^TNX,4.2170000076293945,4.258999824523926,4.210999965667725,4.23799991607666,0
20240626,^GSPC,5460.7099609375,5483.14013671875,5451.8701171875,5477.89990234375,3563920000
20240626,^IXIC,17697.26953125,17813.55078125,17687.0703125,17805.16015625,5294310000
20240626,^DJI,39063.1484375,39183.73828125,38908.98828125,39127.80078125,333100000
20240626,^VIX,12.8100004196167,13.239999771118164,12.369999885559082,12.550000190734863,0
20240626,KRW=X,1390.8900146484375,1394.510009765625,1387.760009765625,1390.8900146484375,0
20240626,^SOX,5469.64990234375,5499.41015625,5389.47998046875,5452.31982421875,0
20240626,^TNX,4.284999847412109,4.320000171661377,4.281000137329102,4.315999984741211,0
20240627,^GSPC,5473.58984375,5490.81005859375,5467.5400390625,5482.8701171875,3589530000
20240627,^IXIC,17793.94921875,17892.779296875,17765.419921875,17858.6796875,5382060000
20240627,^DJI,39107.1015625,39250.69140625,39026.75,39164.05859375,338010000
20240627,^VIX,12.6899995803833,12.770000457763672,12.210000038146973,12.239999771118164,0
20240627,KRW=X,1393.3800048828125,1394.2099609375,1383.1300048828125,1393.3800048828125,0
20240627,^SOX,5435.330078125,5477.509765625,5389.27001953125,5421.08984375,0
20240627,^TNX,4.327000141143799,4.3429999351501465,4.275000095367432,4.288000106811523,0
20240628,^GSPC,5488.47998046875,5523.64013671875,5451.1201171875,5460.47998046875,7199220000
20240628,^IXIC,17891.099609375,18035.0,17723.830078125,17732.599609375,8960940000
20240628,^DJI,39092.390625,39443.6015625,38937.1484375,39118.859375,679630000
20240628,^VIX,12.239999771118164,12.760000228881836,11.869999885559082,12.4399995803833,0
20240628,KRW=X,1386.949951171875,1388.27001953125,1370.8499755859375,1386.949951171875,0
20240628,^SOX,5454.3701171875,5583.1298828125,5431.27001953125,5472.259765625,0
20240628,^TNX,4.303999900817871,4.359000205993652,4.261000156402588,4.3429999351501465,0
20240701,^GSPC,5471.080078125,5479.5498046875,5446.52978515625,5475.08984375,3488760000
20240701,^IXIC,17773.900390625,17894.279296875,17657.640625,17879.30078125,5189990000
20240701,^DJI,39186.19921875,39438.359375,39037.94140625,39169.51953125,346210000
20240701,^VIX,12.979999542236328,13.260000228881836,12.100000381469727,12.220000267028809,0
20240701,KRW=X,1380.2900390625,1384.6800537109375,1376.8299560546875,1380.2900390625,0
20240701,^SOX,5472.0,5481.64013671875,5371.10986328125,5477.14990234375,0
20240701,^TNX,4.423999786376953,4.493000030517578,4.415999889373779,4.479000091552734,0
20240702,^GSPC,5461.83984375,5509.68994140625,5458.43017578125,5509.009765625,3329950000
20240702,^IXIC,17808.0390625,18031.2890625,17802.240234375,18028.759765625,4526550000
20240702,^DJI,39108.25,39340.48828125,39085.69140625,39331.8515625,317380000
20240702,^VIX,12.670000076293945,12.880000114440918,11.850000381469727,12.029999732971191,0
20240702,KRW=X,1383.4200439453125,1390.219970703125,1382.6199951171875,1383.4200439453125,0
20240702,^SOX,5443.2900390625,5546.0400390625,5442.0498046875,5544.990234375,0
20240702,^TNX,4.441999912261963,4.454999923706055,4.414000034332275,4.435999870300293,0
20240703,^GSPC,5507.43994140625,5539.27001953125,5507.419921875,5537.02001953125,2179470000
20240703,^IXIC,18016.119140625,18188.30078125,18016.119140625,18188.30078125,3713960000
20240703,^DJI,39358.94921875,39411.171875,39230.859375,39308.0,202070000
20240703,^VIX,12.130000114440918,12.229999542236328,11.949999809265137,12.09000015258789,0
20240703,KRW=X,1383.4200439453125,1391.8699951171875,1381.3299560546875,1383.4200439453125,0
20240703,^SOX,5555.5400390625,5673.6298828125,5537.0,5651.72021484375,0
20240703,^TNX,4.426000118255615,4.429999828338623,4.339000225067139,4.355000019073486,0
20240704,KRW=X,1385.77001953125,1386.7099609375,1378.530029296875,1385.77001953125,0
20240705,^GSPC,5537.91015625,5570.330078125,5531.6298828125,5567.18994140625,3253080000
20240705,^IXIC,18200.599609375,18366.310546875,18197.140625,18352.759765625,4851000000
20240705,^DJI,39313.3984375,39399.62109375,39168.69921875,39375.87109375,325230000
20240705,^VIX,12.369999885559082,12.609999656677246,11.84000015258789,12.479999542236328,0
20240705,KRW=X,1380.25,1383.3699951171875,1371.510009765625,1380.25,0
20240705,^SOX,5684.0400390625,5703.52978515625,5625.47021484375,5656.31005859375,0
20240705,^TNX,4.330999851226807,4.374000072479248,4.270999908447266,4.271999835968018,0
20240708,^GSPC,5572.75,5583.10986328125,5562.509765625,5572.85009765625,3185670000
20240708,^IXIC,18371.859375,18416.939453125,18342.599609375,18403.740234375,5286260000
20240708,^DJI,39391.98046875,39654.9609375,39278.4296875,39344.7890625,358320000
20240708,^VIX,12.90999984741211,12.90999984741211,12.3100004196167,12.369999885559082,0
20240708,KRW=X,1376.5699462890625,1384.9100341796875,1376.2099609375,1376.5699462890625,0
20240708,^SOX,5701.2998046875,5772.5,5700.91015625,5765.2099609375,0
20240708,^TNX,4.306000232696533,4.306000232696533,4.267000198364258,4.269000053405762,0
20240709,^GSPC,5584.240234375,5590.75,5574.56982421875,5576.97998046875,3232920000
20240709,^IXIC,18465.01953125,18511.890625,18381.599609375,18429.2890625,4839140000
20240709,^DJI,39357.37109375,39492.28125,39146.6015625,39291.96875,361410000
20240709,^VIX,12.479999542236328,12.609999656677246,12.350000381469727,12.510000228881836,0
20240709,KRW=X,1382.75,1385.9100341796875,1380.4200439453125,1382.75,0
20240709,^SOX,5798.6201171875,5826.16015625,5713.93994140625,5765.2001953125,0
20240709,^TNX,4.300000190734863,4.328999996185303,4.2820000648498535,4.300000190734863,0
20240710,^GSPC,5591.259765625,5635.39013671875,5586.43994140625,5633.91015625,3336100000
20240710,^IXIC,18512.08984375,18655.189453125,18467.580078125,18647.44921875,5228240000
20240710,^DJI,39272.44921875,39736.19921875,39256.71875,39721.359375,334180000
20240710,^VIX,12.510000228881836,12.920000076293945,12.390000343322754,12.850000381469727,0
20240710,KRW=X,1382.4200439453125,1387.760009765625,1382.4200439453125,1382.4200439453125,0
20240710,^SOX,5818.35009765625,5913.9501953125,5799.43017578125,5904.5400390625,0
20240710,^TNX,4.2779998779296875,4.303999900817871,4.271999835968018,4.28000020980835,0
20240711,^GSPC,5635.2099609375,5642.4501953125,5576.52978515625,5584.5400390625,4020950000
20240711,^IXIC,18659.25,18671.0703125,18238.779296875,18283.41015625,6366620000
20240711,^DJI,39695.1796875,39875.6015625,39623.12109375,39753.75,361530000
20240711,^VIX,12.880000114440918,13.329999923706055,12.229999542236328,12.920000076293945,0
20240711,KRW=X,1382.989990234375,1382.989990234375,1361.6199951171875,1382.989990234375,0
20240711,^SOX,5929.990234375,5931.830078125,5682.10986328125,5699.66015625,0
20240711,^TNX,4.288000106811523,4.289999961853027,4.168000221252441,4.192999839782715,0
20240712,^GSPC,5590.759765625,5655.56005859375,5590.43994140625,5615.35009765625,3700280000
20240712,^IXIC,18303.640625,18556.73046875,18293.599609375,18398.44921875,5845930000
20240712,^DJI,39783.28125,40257.23828125,39783.28125,40000.8984375,325780000
20240712,^VIX,12.869999885559082,12.890000343322754,12.109999656677246,12.460000038146973,0
20240712,KRW=X,1371.27001953125,1379.449951171875,1368.77001953125,1371.27001953125,0
20240712,^SOX,5727.009765625,5871.0,5705.8798828125,5775.18994140625,0
20240712,^TNX,4.205999851226807,4.238999843597412,4.186999797821045,4.189000129699707,0
20240715,^GSPC,5638.16015625,5666.93994140625,5614.75,5631.22021484375,3620470000
20240715,^IXIC,18485.91015625,18641.529296875,18397.830078125,18472.5703125,5450350000
20240715,^DJI,40138.3984375,40351.1015625,40136.1015625,40211.71875,308880000
20240715,^VIX,12.779999732971191,13.260000228881836,12.75,13.119999885559082,0
20240715,KRW=X,1374.1099853515625,1383.6700439453125,1374.010009765625,1374.1099853515625,0
20240715,^SOX,5802.58984375,5854.1201171875,5743.759765625,5777.7099609375,0
20240715,^TNX,4.236999988555908,4.241000175476074,4.199999809265137,4.229000091552734,0
20240716,^GSPC,5644.08984375,5669.669921875,5639.02001953125,5667.2001953125,4041760000
20240716,^IXIC,18534.26953125,18576.830078125,18386.0703125,18509.33984375,5812930000
20240716,^DJI,40263.78125,40988.80859375,40263.78125,40954.48046875,306390000
20240716,^VIX,13.380000114440918,13.470000267028809,12.949999809265137,13.1899995803833,0
20240716,KRW=X,1383.68994140625,1387.1400146484375,1381.050048828125,1383.68994140625,0
20240716,^SOX,5797.56982421875,5812.7001953125,5714.72998046875,5804.02978515625,0
20240716,^TNX,4.175000190734863,4.216000080108643,4.163000106811523,4.166999816894531,0
20240717,^GSPC,5610.06982421875,5622.490234375,5584.81005859375,5588.27001953125,4246450000
20240717,^IXIC,18188.189453125,18223.240234375,17972.869140625,17996.919921875,6007280000
20240717,^DJI,40862.5703125,41221.98046875,40849.7109375,41198.078125,433450000
20240717,^VIX,13.600000381469727,14.880000114440918,13.539999961853027,14.479999542236328,0
20240717,KRW=X,1382.6400146484375,1384.0899658203125,1375.0799560546875,1382.6400146484375,0
20240717,^SOX,5596.02978515625,5636.10009765625,5402.93017578125,5408.7099609375,0
20240717,^TNX,4.178999900817871,4.196000099182129,4.144000053405762,4.145999908447266,0
20240718,^GSPC,5608.56005859375,5614.0498046875,5522.81005859375,5544.58984375,4007510000
20240718,^IXIC,18119.150390625,18130.869140625,17759.5390625,17871.220703125,5977260000
20240718,^DJI,41156.55859375,41376.0,40597.5,40665.01953125,393450000
20240718,^VIX,14.270000457763672,16.43000030517578,14.079999923706055,15.930000305175781,0
20240718,KRW=X,1378.6500244140625,1383.8599853515625,1374.969970703125,1378.6500244140625,0
20240718,^SOX,5499.7998046875,5511.47998046875,5341.31982421875,5436.419921875,0
20240718,^TNX,4.183000087738037,4.190000057220459,4.156000137329102,4.189000129699707,0
20240719,^GSPC,5543.3701171875,5557.5,5497.0400390625,5505.0,3760570000
20240719,^IXIC,17835.58984375,17935.140625,17691.4296875,17726.939453125,4992930000
20240719,^DJI,40592.3515625,40626.16015625,40203.26953125,40287.53125,348530000
20240719,^VIX,16.440000534057617,17.190000534057617,10.619999885559082,16.520000457763672,0
20240719,KRW=X,1385.239990234375,1389.6400146484375,1383.97998046875,1385.239990234375,0
20240719,^SOX,5424.52001953125,5429.2099609375,5261.64990234375,5267.16015625,0
20240719,^TNX,4.224999904632568,4.249000072479248,4.224999904632568,4.238999843597412,0
20240722,^GSPC,5544.5400390625,5570.35986328125,5529.0400390625,5564.41015625,3375180000
20240722,^IXIC,17923.650390625,18040.990234375,17839.759765625,18007.5703125,5093620000
20240722,^DJI,40414.48828125,40472.53125,40222.76953125,40415.44140625,351670000
20240722,^VIX,16.790000915527344,16.889999389648438,14.75,14.90999984741211,0
20240722,KRW=X,1388.81005859375,1389.989990234375,1386.0,1388.81005859375,0
20240722,^SOX,5382.490234375,5481.97021484375,5344.27001953125,5477.830078125,0
20240722,^TNX,4.224999904632568,4.2779998779296875,4.211999893188477,4.260000228881836,0
20240723,^GSPC,5565.2998046875,5585.33984375,5550.89990234375,5555.740234375,3500210000
20240723,^IXIC,17982.740234375,18128.380859375,17968.099609375,17997.349609375,4938000000
20240723,^DJI,40443.73046875,40527.890625,40319.69921875,40358.08984375,287390000
20240723,^VIX,15.210000038146973,15.350000381469727,13.899999618530273,14.720000267028809,0
20240723,KRW=X,1387.0999755859375,1387.5799560546875,1381.6600341796875,1387.0999755859375,0
20240723,^SOX,5407.60986328125,5453.60009765625,5385.9501953125,5397.89990234375,0
20240723,^TNX,4.236999988555908,4.247000217437744,4.2210001945495605,4.238999843597412,0
20240724,^GSPC,5505.83984375,5508.0400390625,5419.97998046875,5427.1298828125,3945550000
20240724,^IXIC,17733.91015625,17747.060546875,17313.51953125,17342.41015625,6735560000
20240724,^DJI,40210.62890625,40258.44140625,39807.44921875,39853.87109375,394210000
20240724,^VIX,15.350000381469727,18.459999084472656,15.180000305175781,18.040000915527344,0
20240724,KRW=X,1384.5699462890625,1387.4599609375,1377.8699951171875,1384.5699462890625,0
20240724,^SOX,5320.10009765625,5330.91015625,5098.43017578125,5105.64990234375,0
20240724,^TNX,4.229000091552734,4.291999816894531,4.210000038146973,4.285999774932861,0
20240725,^GSPC,5428.7001953125,5491.58984375,5390.9501953125,5399.22021484375,4592120000
20240725,^IXIC,17352.640625,17544.4609375,17033.9609375,17181.720703125,6114350000
20240725,^DJI,39828.62890625,40438.8203125,39817.5,39935.0703125,375790000
20240725,^VIX,18.40999984741211,19.360000610351562,16.420000076293945,18.459999084472656,0
20240725,KRW=X,1382.6500244140625,1388.06005859375,1376.5999755859375,1382.6500244140625,0
20240725,^SOX,5052.2998046875,5168.08984375,4906.72998046875,5005.35986328125,0
20240725,^TNX,4.205999851226807,4.265999794006348,4.196000099182129,4.25600004196167,0
20240726,^GSPC,5433.669921875,5488.31982421875,5430.7001953125,5459.10009765625,3638770000
20240726,^IXIC,17331.94921875,17454.5703125,17239.990234375,17357.880859375,5281560000
20240726,^DJI,40140.859375,40753.828125,40140.859375,40589.33984375,332070000
20240726,^VIX,17.969999313354492,18.049999237060547,16.3700008392334,16.389999389648438,0
20240726,KRW=X,1381.4300537109375,1387.0400390625,1382.2900390625,1381.4300537109375,0
20240726,^SOX,5110.6298828125,5147.93994140625,5056.2099609375,5103.1298828125,0
20240726,^TNX,4.244999885559082,4.251999855041504,4.191999912261963,4.199999809265137,0
20240729,^GSPC,5476.5498046875,5487.740234375,5444.43994140625,5463.5400390625,3379970000
20240729,^IXIC,17444.390625,17535.3203125,17299.830078125,17370.19921875,4897230000
20240729,^DJI,40665.7109375,40682.48828125,40388.828125,40539.9296875,272200000
20240729,^VIX,16.59000015258789,17.209999084472656,16.229999542236328,16.600000381469727,0
20240729,KRW=X,1382.0899658203125,1385.1099853515625,1379.260009765625,1382.0899658203125,0
20240729,^SOX,5156.0,5226.3798828125,5074.2998046875,5087.6201171875,0
20240729,^TNX,4.163000106811523,4.185999870300293,4.151000022888184,4.177999973297119,0
20240730,^GSPC,5478.72998046875,5489.4599609375,5401.7001953125,5436.43994140625,3777740000
20240730,^IXIC,17424.099609375,17468.560546875,17015.380859375,17147.419921875,5564310000
20240730,^DJI,40622.12890625,40866.25,40529.1015625,40743.328125,350910000
20240730,^VIX,16.639999389648438,18.31999969482422,16.260000228881836,17.690000534057617,0
20240730,KRW=X,1381.3599853515625,1386.1700439453125,1382.050048828125,1381.3599853515625,0
20240730,^SOX,5108.009765625,5119.35009765625,4874.60986328125,4890.14990234375,0
20240730,^TNX,4.173999786376953,4.184000015258789,4.130000114440918,4.14300012588501,0
20240731,^GSPC,5505.58984375,5551.509765625,5493.75,5522.2998046875,4546910000
20240731,^IXIC,17499.23046875,17693.98046875,17438.599609375,17599.400390625,6292560000
20240731,^DJI,40768.87890625,41198.62890625,40655.890625,40842.7890625,420090000
20240731,^VIX,16.65999984741211,16.770000457763672,15.710000038146973,16.360000610351562,0
20240731,KRW=X,1383.5,1384.199951171875,1368.3900146484375,1383.5,0
20240731,^SOX,5127.6201171875,5240.580078125,5088.43994140625,5233.18017578125,0
20240731,^TNX,4.127999782562256,4.133999824523926,4.091000080108643,4.109000205993652,0
20240801,^GSPC,5537.83984375,5566.16015625,5410.419921875,5446.68017578125,4703620000
20240801,^IXIC,17647.029296875,17791.580078125,17051.419921875,17194.150390625,6664550000
20240801,^DJI,40916.9609375,41096.66015625,40098.5703125,40347.96875,472030000
20240801,^VIX,16.200000762939453,19.479999542236328,15.949999809265137,18.59000015258789,0
20240801,KRW=X,1367.9200439453125,1369.3699951171875,1360.8599853515625,1367.9200439453125,0
20240801,^SOX,5143.83984375,5201.2900390625,4801.0498046875,4859.58984375,0
20240801,^TNX,4.052999973297119,4.052999973297119,3.9649999141693115,3.9760000705718994,0
20240802,^GSPC,5376.6298828125,5383.89013671875,5302.02978515625,5346.56005859375,5156450000
20240802,^IXIC,16780.44921875,16920.630859375,16582.7890625,16776.16015625,6313870000
20240802,^DJI,40075.328125,40075.328125,39358.6796875,39737.26171875,827820000
20240802,^VIX,20.520000457763672,29.65999984741211,20.010000228881836,23.389999389648438,0
20240802,KRW=X,1368.969970703125,1376.969970703125,1350.989990234375,1368.969970703125,0
20240802,^SOX,4644.4599609375,4698.8798828125,4540.68017578125,4607.759765625,0
20240802,^TNX,3.940000057220459,3.940000057220459,3.7920000553131104,3.7920000553131104,0
20240805,^GSPC,5151.14013671875,5250.89013671875,5119.259765625,5186.330078125,5333250000
20240805,^IXIC,15712.5302734375,16453.4609375,15708.5400390625,16200.080078125,6852190000
20240805,^DJI,39056.19140625,39056.19140625,38499.26953125,38703.26953125,661280000
20240805,^VIX,23.389999389648438,65.7300033569336,23.389999389648438,38.56999969482422,0
20240805,KRW=X,1357.1700439453125,1374.3299560546875,1353.97998046875,1357.1700439453125,0
20240805,^SOX,4330.259765625,4635.1298828125,4290.35009765625,4519.4501953125,0
20240805,^TNX,3.697000026702881,3.8320000171661377,3.6689999103546143,3.7850000858306885,0
20240806,^GSPC,5206.419921875,5312.33984375,5193.56005859375,5240.02978515625,4690190000
20240806,^IXIC,16261.3603515625,16620.310546875,16137.650390625,16366.849609375,5908930000
20240806,^DJI,38736.21875,39449.53125,38638.30078125,38997.66015625,462650000
20240806,^VIX,33.709999084472656,34.77000045776367,24.020000457763672,27.709999084472656,0
20240806,KRW=X,1367.4000244140625,1379.6600341796875,1364.0799560546875,1367.4000244140625,0
20240806,^SOX,4558.7001953125,4683.06005859375,4493.669921875,4567.56982421875,0
20240806,^TNX,3.8350000381469727,3.9089999198913574,3.805000066757202,3.888000011444092,0
20240807,^GSPC,5293.1298828125,5330.64013671875,5195.5400390625,5199.5,4558260000
20240807,^IXIC,16622.310546875,16709.810546875,16179.5302734375,16195.8095703125,5913620000
20240807,^DJI,39230.08984375,39477.9609375,38731.51171875,38763.44921875,428250000
20240807,^VIX,24.770000457763672,29.760000228881836,21.969999313354492,27.850000381469727,0
20240807,KRW=X,1370.31005859375,1378.949951171875,1372.1800537109375,1370.31005859375,0
20240807,^SOX,4709.6201171875,4738.93994140625,4418.56982421875,4426.27001953125,0
20240807,^TNX,3.937000036239624,3.9769999980926514,3.927999973297119,3.9679999351501465,0
20240808,^GSPC,5252.56982421875,5328.02978515625,5233.85009765625,5319.31005859375,4016830000
20240808,^IXIC,16408.26953125,16694.25,16262.9296875,16660.01953125,5815880000
20240808,^DJI,38940.37890625,39508.3984375,38922.7890625,39446.48828125,376440000
20240808,^VIX,28.34000015258789,29.469999313354492,23.360000610351562,23.790000915527344,0
20240808,KRW=X,1375.3299560546875,1379.530029296875,1372.1300048828125,1375.3299560546875,0
20240808,^SOX,4552.16015625,4736.72021484375,4472.35009765625,4730.009765625,0
20240808,^TNX,3.931999921798706,4.021999835968018,3.9260001182556152,3.996999979019165,0
20240809,^GSPC,5314.66015625,5358.669921875,5300.83984375,5344.16015625,3516400000
20240809,^IXIC,16636.51953125,16789.220703125,16574.5703125,16745.30078125,5783410000
20240809,^DJI,39408.05859375,39628.66015625,39230.4296875,39497.5390625,316320000
20240809,^VIX,23.780000686645508,24.520000457763672,20.260000228881836,20.3700008392334,0
20240809,KRW=X,1373.760009765625,1377.06005859375,1360.6500244140625,1373.760009765625,0
20240809,^SOX,4702.97021484375,4746.27001953125,4643.85009765625,4709.4501953125,0
20240809,^TNX,3.947000026702881,3.947000026702881,3.9210000038146973,3.941999912261963,0
20240812,^GSPC,5351.8798828125,5371.2001953125,5324.3701171875,5344.39013671875,3360160000
20240812,^IXIC,16793.640625,16895.7890625,16699.390625,16780.609375,4890850000
20240812,^DJI,39556.01171875,39587.05859375,39251.71875,39357.01171875,312380000
20240812,^VIX,20.790000915527344,21.190000534057617,18.889999389648438,20.709999084472656,0
20240812,KRW=X,1363.8399658203125,1372.0899658203125,1362.97998046875,1363.8399658203125,0
20240812,^SOX,4729.27001953125,4800.169921875,4690.2099609375,4743.81982421875,0
20240812,^TNX,3.940000057220459,3.9670000076293945,3.8959999084472656,3.9089999198913574,0
20240813,^GSPC,5376.97998046875,5436.5,5376.97998046875,5434.43017578125,3648980000
20240813,^IXIC,16944.740234375,17192.7890625,16943.94921875,17187.609375,5469160000
20240813,^DJI,39445.26953125,39792.80078125,39392.41015625,39765.640625,365560000
20240813,^VIX,20.059999465942383,20.790000915527344,17.950000762939453,18.1200008392334,0
20240813,KRW=X,1369.5400390625,1372.18994140625,1360.0999755859375,1369.5400390625,0
20240813,^SOX,4807.68017578125,4945.7900390625,4788.27978515625,4942.31005859375,0
20240813,^TNX,3.8959999084472656,3.8980000019073486,3.8480000495910645,3.8519999980926514,0
20240814,^GSPC,5442.35986328125,5463.22021484375,5415.91015625,5455.2099609375,3380050000
20240814,^IXIC,17227.640625,17260.73046875,17032.169921875,17192.599609375,4985480000
20240814,^DJI,39800.58984375,40068.75,39737.19921875,40008.390625,317800000
20240814,^VIX,18.40999984741211,18.489999771118164,16.1200008392334,16.190000534057617,0
20240814,KRW=X,1362.1700439453125,1364.31005859375,1334.56005859375,1362.1700439453125,0
20240814,^SOX,4981.77978515625,5000.10986328125,4852.35986328125,4933.35009765625,0
20240814,^TNX,3.8310000896453857,3.871000051498413,3.811000108718872,3.819999933242798,0
20240815,^GSPC,5501.1298828125,5546.22998046875,5501.1298828125,5543.22021484375,3723310000
20240815,^IXIC,17394.5390625,17602.720703125,17375.41015625,17594.5,5478170000
20240815,^DJI,40295.73828125,40590.51171875,40295.73828125,40563.05859375,446850000
20240815,^VIX,16.270000457763672,16.68000030517578,14.770000457763672,15.229999542236328,0
20240815,KRW=X,1355.7099609375,1366.1400146484375,1341.449951171875,1355.7099609375,0
20240815,^SOX,5035.580078125,5190.169921875,5022.02978515625,5173.3798828125,0
20240815,^TNX,3.8469998836517334,3.953000068664551,3.8450000286102295,3.9260001182556152,0
20240816,^GSPC,5530.5,5561.97998046875,5525.169921875,5554.25,3357690000
20240816,^IXIC,17516.400390625,17674.650390625,17502.830078125,17631.720703125,5138150000
20240816,^DJI,40528.859375,40726.03125,40453.578125,40659.76171875,323210000
20240816,^VIX,15.289999961853027,15.760000228881836,14.649999618530273,14.800000190734863,0
20240816,KRW=X,1363.510009765625,1363.8800048828125,1353.5400390625,1363.510009765625,0
20240816,^SOX,5108.72021484375,5186.1201171875,5100.14013671875,5170.25,0
20240816,^TNX,3.878999948501587,3.924999952316284,3.86899995803833,3.8919999599456787,0
20240819,^GSPC,5557.22998046875,5608.2998046875,5550.740234375,5608.25,3222050000
20240819,^IXIC,17649.740234375,17877.439453125,17585.580078125,17876.76953125,5564300000
20240819,^DJI,40670.828125,40907.3203125,40670.828125,40896.53125,283890000
20240819,^VIX,15.9399995803833,16.06999969482422,14.460000038146973,14.649999618530273,0
20240819,KRW=X,1348.97998046875,1349.510009765625,1330.0899658203125,1348.97998046875,0
20240819,^SOX,5159.5400390625,5266.97998046875,5096.35009765625,5266.56982421875,0
20240819,^TNX,3.859999895095825,3.9000000953674316,3.8519999980926514,3.867000102996826,0
20240820,^GSPC,5602.8798828125,5620.509765625,5585.5,5597.1201171875,2994420000
20240820,^IXIC,17849.08984375,17932.529296875,17758.19921875,17816.939453125,5305260000
20240820,^DJI,40874.51953125,40909.37890625,40756.6484375,40834.96875,299380000
20240820,^VIX,14.890000343322754,15.930000305175781,14.779999732971191,15.880000114440918,0
20240820,KRW=X,1330.8800048828125,1335.6199951171875,1313.4100341796875,1330.8800048828125,0
20240820,^SOX,5237.2900390625,5273.27001953125,5159.10009765625,5196.2998046875,0
20240820,^TNX,3.864000082015991,3.865000009536743,3.813999891281128,3.818000078201294,0
20240821,^GSPC,5603.08984375,5632.68017578125,5591.56982421875,5620.85009765625,3119670000
20240821,^IXIC,17840.509765625,17963.0703125,17790.98046875,17918.990234375,4765150000
20240821,^DJI,40881.03125,40974.3984375,40738.4296875,40890.48828125,281460000
20240821,^VIX,16.25,17.170000076293945,15.920000076293945,16.270000457763672,0
20240821,KRW=X,1327.5799560546875,1339.6400146484375,1324.4000244140625,1327.5799560546875,0
20240821,^SOX,5232.2998046875,5288.5400390625,5205.08984375,5267.93017578125,0
20240821,^TNX,3.809999942779541,3.8310000896453857,3.763000011444092,3.7780001163482666,0
20240822,^GSPC,5637.77001953125,5643.22021484375,5560.9501953125,5570.64013671875,2981530000
20240822,^IXIC,17993.720703125,18017.689453125,17589.150390625,17619.349609375,5065360000
20240822,^DJI,40932.23046875,41026.640625,40584.46875,40712.78125,310470000
20240822,^VIX,16.270000457763672,18.059999465942383,15.760000228881836,17.549999237060547,0
20240822,KRW=X,1333.6600341796875,1343.699951171875,1330.27001953125,1333.6600341796875,0
20240822,^SOX,5303.830078125,5315.72021484375,5072.43017578125,5086.89990234375,0
20240822,^TNX,3.8369998931884766,3.877000093460083,3.822000026702881,3.861999988555908,0
20240823,^GSPC,5602.490234375,5641.81982421875,5585.16015625,5634.60986328125,3291940000
20240823,^IXIC,17772.73046875,17941.26953125,17700.26953125,17877.7890625,5380810000
20240823,^DJI,40879.12109375,41207.921875,40842.9609375,41175.078125,300080000
20240823,^VIX,17.1200008392334,17.209999084472656,15.609999656677246,15.859999656677246,0
20240823,KRW=X,1339.5400390625,1342.5999755859375,1323.27001953125,1339.5400390625,0
20240823,^SOX,5163.06005859375,5259.27978515625,5149.009765625,5228.64990234375,0
20240823,^TNX,3.8459999561309814,3.8559999465942383,3.7909998893737793,3.806999921798706,0
20240826,^GSPC,5639.66015625,5651.6201171875,5602.33984375,5616.83984375,2938570000
20240826,^IXIC,17867.849609375,17909.08984375,17645.689453125,17725.76953125,5110940000
20240826,^DJI,41200.83984375,41420.05078125,41140.23046875,41240.51953125,249300000
20240826,^VIX,16.270000457763672,16.670000076293945,15.8100004196167,16.149999618530273,0
20240826,KRW=X,1323.8800048828125,1328.699951171875,1317.0999755859375,1323.8800048828125,0
20240826,^SOX,5199.02001953125,5229.10009765625,5079.97021484375,5097.35009765625,0
20240826,^TNX,3.809999942779541,3.822000026702881,3.7739999294281006,3.818000078201294,0
20240827,^GSPC,5602.89013671875,5631.18017578125,5593.47998046875,5625.7998046875,2798990000
20240827,^IXIC,17655.51953125,17789.720703125,17573.369140625,17754.8203125,4362380000
20240827,^DJI,41186.28125,41271.75,41109.421875,41250.5,256160000
20240827,^VIX,16.209999084472656,16.809999465942383,15.369999885559082,15.430000305175781,0
20240827,KRW=X,1326.6400146484375,1334.8499755859375,1326.6400146484375,1326.6400146484375,0
20240827,^SOX,5063.47021484375,5171.10009765625,5018.830078125,5153.6298828125,0
20240827,^TNX,3.8499999046325684,3.867000102996826,3.822000026702881,3.8329999446868896,0
20240828,^GSPC,5624.509765625,5627.02978515625,5560.9501953125,5592.18017578125,3053450000
20240828,^IXIC,17738.80078125,17759.939453125,17439.400390625,17556.029296875,5211920000
20240828,^DJI,41250.171875,41351.109375,40842.2890625,41091.421875,272170000
20240828,^VIX,15.510000228881836,17.889999389648438,15.460000038146973,17.110000610351562,0
20240828,KRW=X,1326.3599853515625,1339.47998046875,1326.3599853515625,1326.3599853515625,0
20240828,^SOX,5138.60009765625,5163.7099609375,5005.5,5059.56005859375,0
20240828,^TNX,3.8239998817443848,3.8440001010894775,3.819999933242798,3.8410000801086426,0
20240829,^GSPC,5607.2998046875,5646.9501953125,5583.7099609375,5591.9599609375,3065640000
20240829,^IXIC,17610.5703125,17789.2109375,17482.599609375,17516.4296875,5727780000
20240829,^DJI,41345.5,41577.96875,41086.80859375,41335.05078125,309820000
20240829,^VIX,16.540000915527344,16.56999969482422,15.1899995803833,15.649999618530273,0
20240829,KRW=X,1336.68994140625,1338.1600341796875,1326.7099609375,1336.68994140625,0
20240829,^SOX,5068.7099609375,5157.68994140625,5010.0498046875,5029.25,0
20240829,^TNX,3.8310000896453857,3.888000011444092,3.8310000896453857,3.867000102996826,0
20240830,^GSPC,5612.740234375,5651.3701171875,5581.7900390625,5648.39990234375,4185850000
20240830,^IXIC,17650.490234375,17720.380859375,17498.7890625,17713.619140625,5531150000
20240830,^DJI,41366.16015625,41585.2109375,41145.8515625,41563.078125,494900000
20240830,^VIX,15.670000076293945,16.040000915527344,14.779999732971191,15.0,0
20240830,KRW=X,1332.8800048828125,1336.1300048828125,1316.68994140625,1332.8800048828125,0
20240830,^SOX,5154.56982421875,5176.830078125,5075.3798828125,5158.81982421875,0
20240830,^TNX,3.8610000610351562,3.9149999618530273,3.8519999980926514,3.9110000133514404,0
20240902,KRW=X,1336.5799560546875,1341.1400146484375,1335.52001953125,1336.5799560546875,0
20240903,^GSPC,5623.89013671875,5623.89013671875,5504.330078125,5528.93017578125,3866350000
20240903,^IXIC,17585.44921875,17585.44921875,17057.7890625,17136.30078125,5813970000
20240903,^DJI,41489.671875,41489.671875,40778.08984375,40936.9296875,420530000
20240903,^VIX,15.760000228881836,21.989999771118164,15.710000038146973,20.719999313354492,0
20240903,KRW=X,1337.550048828125,1344.1800537109375,1336.81005859375,1337.550048828125,0
20240903,^SOX,5058.7099609375,5058.7099609375,4735.89990234375,4759.0,0
20240903,^TNX,3.9149999618530273,3.9230000972747803,3.825000047683716,3.8440001010894775,0
20240904,^GSPC,5506.68017578125,5552.990234375,5503.66015625,5520.06982421875,3478140000
20240904,^IXIC,17015.7109375,17232.650390625,16984.669921875,17084.30078125,5011820000
20240904,^DJI,40872.05859375,41172.58984375,40840.890625,40974.96875,359380000
20240904,^VIX,23.200000762939453,23.309999465942383,19.34000015258789,21.31999969482422,0
20240904,KRW=X,1340.4100341796875,1343.7099609375,1332.52001953125,1340.4100341796875,0
20240904,^SOX,4707.02001953125,4844.259765625,4695.169921875,4770.85009765625,0
20240904,^TNX,3.822999954223633,3.8420000076293945,3.7669999599456787,3.7679998874664307,0
20240905,^GSPC,5520.080078125,5546.2998046875,5480.5400390625,5503.41015625,3521650000
20240905,^IXIC,17063.240234375,17295.580078125,17035.0703125,17127.66015625,4983030000
20240905,^DJI,41056.328125,41084.78125,40519.078125,40755.75,331250000
20240905,^VIX,20.75,21.530000686645508,19.209999084472656,19.899999618530273,0
20240905,KRW=X,1331.010009765625,1337.9000244140625,1331.1500244140625,1331.010009765625,0
20240905,^SOX,4708.58984375,4821.64013671875,4698.0498046875,4742.419921875,0
20240905,^TNX,3.740000009536743,3.7720000743865967,3.7209999561309814,3.7309999465942383,0
20240906,^GSPC,5507.330078125,5522.47021484375,5402.6201171875,5408.419921875,3822800000
20240906,^IXIC,17137.619140625,17166.5390625,16668.5703125,16690.830078125,5549030000
20240906,^DJI,40756.80859375,41009.390625,40297.328125,40345.41015625,370440000
20240906,^VIX,21.979999542236328,23.760000228881836,18.829999923706055,22.3799991607666,0
20240906,KRW=X,1332.7900390625,1336.219970703125,1322.9100341796875,1332.7900390625,0
20240906,^SOX,4698.77978515625,4701.08984375,4507.68017578125,4528.22021484375,0
20240906,^TNX,3.7079999446868896,3.760999917984009,3.6480000019073486,3.7100000381469727,0
20240909,^GSPC,5442.06982421875,5484.2001953125,5434.490234375,5471.0498046875,3825940000
20240909,^IXIC,16835.669921875,16923.279296875,16732.83984375,16884.599609375,5132150000
20240909,^DJI,40555.109375,41000.23828125,40518.05859375,40829.58984375,376720000
20240909,^VIX,21.31999969482422,21.40999984741211,19.290000915527344,19.450000762939453,0
20240909,KRW=X,1337.77001953125,1347.5999755859375,1336.8499755859375,1337.77001953125,0
20240909,^SOX,4598.27978515625,4636.6201171875,4547.18017578125,4625.77978515625,0
20240909,^TNX,3.747999906539917,3.747999906539917,3.690999984741211,3.697000026702881,0
20240910,^GSPC,5490.509765625,5497.91015625,5441.72021484375,5495.52001953125,3848180000
20240910,^IXIC,16949.640625,17036.0703125,16801.130859375,17025.880859375,4963740000
20240910,^DJI,40916.5,40916.5,40417.48046875,40736.9609375,360950000
20240910,^VIX,19.860000610351562,20.739999771118164,18.899999618530273,19.079999923706055,0
20240910,KRW=X,1341.27001953125,1345.469970703125,1339.8199462890625,1341.27001953125,0
20240910,^SOX,4624.990234375,4684.58984375,4561.93017578125,4680.669921875,0
20240910,^TNX,3.7149999141693115,3.7149999141693115,3.6389999389648438,3.6459999084472656,0
20240911,^GSPC,5496.419921875,5560.41015625,5406.9599609375,5554.1298828125,3839450000
20240911,^IXIC,17061.41015625,17420.23046875,16787.83984375,17395.529296875,6086930000
20240911,^DJI,40638.76171875,40903.6796875,39993.0703125,40861.7109375,356040000
20240911,^VIX,19.40999984741211,21.40999984741211,17.549999237060547,17.690000534057617,0
20240911,KRW=X,1343.3399658203125,1344.5699462890625,1335.449951171875,1343.3399658203125,0
20240911,^SOX,4712.1298828125,4918.919921875,4616.58984375,4910.169921875,0
20240911,^TNX,3.614000082015991,3.688999891281128,3.614000082015991,3.6530001163482666,0
20240912,^GSPC,5557.47998046875,5600.7099609375,5535.5,5595.759765625,3655070000
20240912,^IXIC,17413.890625,17605.720703125,17338.3203125,17569.6796875,4983120000
20240912,^DJI,40862.109375,41107.3515625,40665.53125,41096.76953125,289300000
20240912,^VIX,17.6200008392334,18.59000015258789,16.889999389648438,17.06999969482422,0
20240912,KRW=X,1339.1800537109375,1342.550048828125,1337.2900390625,1339.1800537109375,0
20240912,^SOX,4878.18017578125,4944.3798828125,4824.2900390625,4898.43994140625,0
20240912,^TNX,3.6610000133514404,3.7039999961853027,3.640000104904175,3.680000066757202,0
20240913,^GSPC,5603.33984375,5636.27001953125,5601.64990234375,5626.02001953125,3500790000
20240913,^IXIC,17575.259765625,17719.140625,17564.609375,17683.98046875,4802880000
20240913,^DJI,41153.69921875,41533.83984375,41128.69921875,41393.78125,276800000
20240913,^VIX,17.030000686645508,17.18000030517578,16.229999542236328,16.559999465942383,0
20240913,KRW=X,1335.68994140625,1336.300048828125,1324.0899658203125,1335.68994140625,0
20240913,^SOX,4940.22021484375,4991.33984375,4929.5498046875,4980.490234375,0
20240913,^TNX,3.6589999198913574,3.6760001182556152,3.6440000534057617,3.6500000953674316,0
20240916,^GSPC,5615.2099609375,5636.0498046875,5604.52978515625,5633.08984375,3437070000
20240916,^IXIC,17573.69921875,17618.400390625,17480.66015625,17592.130859375,4675530000
20240916,^DJI,41435.171875,41733.96875,41435.171875,41622.078125,408670000
20240916,^VIX,17.15999984741211,17.690000534057617,16.90999984741211,17.139999389648438,0
20240916,KRW=X,1329.510009765625,1329.6099853515625,1315.3399658203125,1329.510009765625,0
20240916,^SOX,4905.68994140625,4935.77978515625,4850.35986328125,4910.43994140625,0
20240916,^TNX,3.638000011444092,3.6630001068115234,3.618000030517578,3.621000051498413,0
20240917,^GSPC,5655.509765625,5670.81005859375,5614.0498046875,5634.580078125,3443600000
20240917,^IXIC,17707.01953125,17781.740234375,17544.640625,17628.060546875,4959520000
20240917,^DJI,41723.78125,41835.28125,41470.69140625,41606.1796875,448610000
20240917,^VIX,17.15999984741211,18.079999923706055,16.670000076293945,17.610000610351562,0
20240917,KRW=X,1319.1099853515625,1324.8800048828125,1313.9300537109375,1319.1099853515625,0
20240917,^SOX,4971.39013671875,4980.85986328125,4874.33984375,4912.10009765625,0
20240917,^TNX,3.614000082015991,3.6549999713897705,3.6029999256134033,3.6419999599456787,0
20240918,^GSPC,5641.68017578125,5689.75,5615.080078125,5618.259765625,3691390000
20240918,^IXIC,17663.380859375,17832.69921875,17556.4296875,17573.30078125,5611630000
20240918,^DJI,41628.91015625,41981.96875,41449.0,41503.1015625,383600000
20240918,^VIX,17.579999923706055,19.389999389648438,17.110000610351562,18.229999542236328,0
20240918,KRW=X,1322.9300537109375,1327.27001953125,1320.27001953125,1322.9300537109375,0
20240918,^SOX,4935.4501953125,5006.43017578125,4854.8701171875,4859.2900390625,0
20240918,^TNX,3.680999994277954,3.696000099182129,3.638000011444092,3.684999942779541,0
20240919,^GSPC,5702.6298828125,5733.56982421875,5686.419921875,5713.64013671875,4024530000
20240919,^IXIC,17980.890625,18099.9296875,17909.75,18013.98046875,5574650000
20240919,^DJI,41972.55859375,42160.91015625,41832.08984375,42025.19140625,429760000
20240919,^VIX,17.209999084472656,17.270000457763672,16.209999084472656,16.329999923706055,0
20240919,KRW=X,1322.260009765625,1335.949951171875,1321.3900146484375,1322.260009765625,0
20240919,^SOX,5049.77978515625,5135.89013671875,5005.02001953125,5066.64990234375,0
20240919,^TNX,3.7190001010894775,3.7679998874664307,3.7109999656677246,3.740000009536743,0
20240920,^GSPC,5709.64013671875,5715.14013671875,5674.490234375,5702.5498046875,7867260000
20240920,^IXIC,17999.349609375,18024.33984375,17835.640625,17948.3203125,9914480000
20240920,^DJI,41959.4296875,42138.41015625,41865.94921875,42063.359375,1207660000
20240920,^VIX,16.350000381469727,16.68000030517578,15.8100004196167,16.149999618530273,0
20240920,KRW=X,1327.6099853515625,1337.22998046875,1327.0,1327.6099853515625,0
20240920,^SOX,5016.39990234375,5034.580078125,4928.85009765625,5000.06005859375,0
20240920,^TNX,3.7339999675750732,3.7639999389648438,3.7149999141693115,3.7279999256134033,0
20240923,^GSPC,5711.89990234375,5725.35986328125,5704.22021484375,5718.56982421875,3529550000
20240923,^IXIC,17994.91015625,18021.580078125,17936.369140625,17974.26953125,5237310000
20240923,^DJI,42060.3984375,42190.05078125,42012.21875,42124.6484375,455200000
20240923,^VIX,16.709999084472656,16.950000762939453,15.75,15.890000343322754,0
20240923,KRW=X,1331.5,1339.6600341796875,1331.489990234375,1331.5,0
20240923,^SOX,5027.3798828125,5043.97021484375,4984.68017578125,5025.81005859375,0
20240923,^TNX,3.757999897003174,3.7939999103546143,3.7300000190734863,3.739000082015991,0
20240924,^GSPC,5727.66015625,5735.31982421875,5698.990234375,5732.93017578125,3872710000
20240924,^IXIC,18046.439453125,18091.9609375,17863.380859375,18074.51953125,5347580000
20240924,^DJI,42234.98828125,42281.05859375,42056.8203125,42208.21875,401020000
20240924,^VIX,15.869999885559082,16.670000076293945,15.270000457763672,15.390000343322754,0
20240924,KRW=X,1333.6199951171875,1336.6099853515625,1328.9599609375,1333.6199951171875,0
20240924,^SOX,5071.47998046875,5119.7900390625,5009.7001953125,5091.77978515625,0
20240924,^TNX,3.7939999103546143,3.809999942779541,3.7279999256134033,3.7360000610351562,0
20240925,^GSPC,5733.64990234375,5741.02978515625,5712.06005859375,5722.259765625,3624910000
20240925,^IXIC,18050.359375,18155.0390625,18040.619140625,18082.2109375,4858060000
20240925,^DJI,42236.08984375,42299.640625,41859.73046875,41914.75,374960000
20240925,^VIX,15.819999694824219,15.819999694824219,15.170000076293945,15.40999984741211,0
20240925,KRW=X,1324.8900146484375,1335.8399658203125,1323.5,1324.8900146484375,0
20240925,^SOX,5078.25,5167.83984375,5078.25,5132.52001953125,0
20240925,^TNX,3.7750000953674316,3.7829999923706055,3.75600004196167,3.7809998989105225,0
20240926,^GSPC,5762.22021484375,5767.3701171875,5721.009765625,5745.3701171875,4391180000
20240926,^IXIC,18327.33984375,18327.33984375,18071.740234375,18190.2890625,5669210000
20240926,^DJI,42113.421875,42224.1484375,42036.28125,42175.109375,353600000
20240926,^VIX,15.0600004196167,15.829999923706055,14.899999618530273,15.369999885559082,0
20240926,KRW=X,1335.050048828125,1335.5699462890625,1313.1500244140625,1335.050048828125,0
20240926,^SOX,5352.35009765625,5355.97021484375,5182.509765625,5310.5,0
20240926,^TNX,3.757999897003174,3.821000099182129,3.755000114440918,3.7909998893737793,0
20240927,^GSPC,5755.35986328125,5763.77978515625,5727.33984375,5738.169921875,3898530000
20240927,^IXIC,18228.779296875,18238.279296875,18069.1796875,18119.58984375,5367890000
20240927,^DJI,42227.94921875,42628.3203125,42227.94921875,42313.0,329840000
20240927,^VIX,15.640000343322754,16.969999313354492,15.199999809265137,16.959999084472656,0
20240927,KRW=X,1313.300048828125,1322.219970703125,1305.8699951171875,1313.300048828125,0
20240927,^SOX,5318.0400390625,5318.06005859375,5190.72021484375,5217.22998046875,0
20240927,^TNX,3.7769999504089355,3.7829999923706055,3.740999937057495,3.749000072479248,0
20240930,^GSPC,5726.52001953125,5765.14013671875,5703.52978515625,5762.47998046875,4425730000
20240930,^IXIC,18069.830078125,18198.16015625,17997.560546875,18189.169921875,5846150000
20240930,^DJI,42289.75,42347.66015625,41929.0703125,42330.1484375,354430000
20240930,^VIX,17.010000228881836,17.790000915527344,16.469999313354492,16.729999542236328,0
20240930,KRW=X,1309.300048828125,1315.0999755859375,1302.800048828125,1309.300048828125,0
20240930,^SOX,5154.47021484375,5201.830078125,5101.85986328125,5173.06005859375,0
20240930,^TNX,3.7899999618530273,3.805999994277954,3.753999948501587,3.802000045776367,0
20241001,^GSPC,5757.72998046875,5757.72998046875,5681.27978515625,5708.75,4025180000
20241001,^IXIC,18154.939453125,18162.720703125,17779.76953125,17910.359375,5879980000
20241001,^DJI,42262.96875,42322.359375,41945.62890625,42156.96875,380240000
20241001,^VIX,16.959999084472656,20.729999542236328,16.610000610351562,19.260000228881836,0
20241001,KRW=X,1315.3299560546875,1326.530029296875,1314.239990234375,1315.3299560546875,0
20241001,^SOX,5178.47998046875,5188.39990234375,4987.669921875,5024.93994140625,0
20241001,^TNX,3.744999885559082,3.752000093460083,3.696000099182129,3.743000030517578,0
20241002,^GSPC,5698.14013671875,5719.6298828125,5674.0,5709.5400390625,3829050000
20241002,^IXIC,17867.119140625,17978.580078125,17767.7890625,17925.119140625,5489040000
20241002,^DJI,42125.140625,42259.51953125,41968.7890625,42196.51953125,301760000
20241002,^VIX,19.649999618530273,20.360000610351562,18.579999923706055,18.899999618530273,0
20241002,KRW=X,1324.8399658203125,1325.449951171875,1317.18994140625,1324.8399658203125,0
20241002,^SOX,5031.93994140625,5151.02978515625,5008.10986328125,5099.2001953125,0
20241002,^TNX,3.7829999923706055,3.816999912261963,3.7750000953674316,3.7850000858306885,0
20241003,^GSPC,5698.18994140625,5718.77978515625,5677.3701171875,5699.93994140625,3597450000
20241003,^IXIC,17859.490234375,18011.25,17826.419921875,17918.48046875,5208990000
20241003,^DJI,42099.53125,42125.83984375,41847.80859375,42011.58984375,267260000
20241003,^VIX,19.6299991607666,20.75,19.15999984741211,20.489999771118164,0
20241003,KRW=X,1324.030029296875,1337.6300048828125,1322.3199462890625,1324.030029296875,0
20241003,^SOX,5071.5400390625,5188.97998046875,5070.58984375,5125.2099609375,0
20241003,^TNX,3.806999921798706,3.8499999046325684,3.802000045776367,3.8499999046325684,0
20241004,^GSPC,5737.47998046875,5753.2099609375,5702.830078125,5751.06982421875,3479400000
20241004,^IXIC,18130.419921875,18145.279296875,17952.30078125,18137.849609375,5136070000
20241004,^DJI,42248.26171875,42361.37890625,41972.109375,42352.75,296550000
20241004,^VIX,20.479999542236328,20.479999542236328,18.479999542236328,19.209999084472656,0
20241004,KRW=X,1334.4100341796875,1350.4100341796875,1320.1600341796875,1334.4100341796875,0
20241004,^SOX,5237.0400390625,5237.0400390625,5141.1201171875,5206.83984375,0
20241004,^TNX,3.867000102996826,3.9809999465942383,3.867000102996826,3.9809999465942383,0
20241007,^GSPC,5737.7998046875,5739.33984375,5686.85009765625,5695.93994140625,3637790000
20241007,^IXIC,18080.119140625,18096.330078125,17900.0390625,17923.900390625,5240320000
20241007,^DJI,42289.51171875,42293.640625,41831.73828125,41954.23828125,307230000
20241007,^VIX,20.760000228881836,23.030000686645508,20.649999618530273,22.639999389648438,0
20241007,KRW=X,1345.8800048828125,1349.6300048828125,1342.68994140625,1345.8800048828125,0
20241007,^SOX,5169.5,5243.3701171875,5162.72021484375,5196.7998046875,0
20241007,^TNX,4.00600004196167,4.0329999923706055,4.004000186920166,4.026000022888184,0
20241008,^GSPC,5719.14013671875,5757.60009765625,5714.56005859375,5751.1298828125,3393400000
20241008,^IXIC,18017.9296875,18203.0390625,17989.69921875,18182.919921875,5566510000
20241008,^DJI,42022.6484375,42128.55859375,41874.71875,42080.37109375,284500000
20241008,^VIX,22.920000076293945,23.139999389648438,21.139999389648438,21.420000076293945,0
20241008,KRW=X,1342.3699951171875,1351.0999755859375,1341.449951171875,1342.3699951171875,0
20241008,^SOX,5208.830078125,5282.56005859375,5177.27001953125,5266.10009765625,0
20241008,^TNX,4.0329999923706055,4.057000160217285,4.021999835968018,4.0329999923706055,0
20241009,^GSPC,5751.7998046875,5796.7998046875,5745.02001953125,5792.0400390625,3650340000
20241009,^IXIC,18179.220703125,18302.05078125,18133.01953125,18291.619140625,5228670000
20241009,^DJI,42070.3203125,42562.01171875,41993.3515625,42512.0,267400000
20241009,^VIX,21.979999542236328,22.010000228881836,20.709999084472656,20.860000610351562,0
20241009,KRW=X,1341.31005859375,1347.280029296875,1337.280029296875,1341.31005859375,0
20241009,^SOX,5267.64990234375,5327.2001953125,5219.52001953125,5321.89990234375,0
20241009,^TNX,4.043000221252441,4.078000068664551,4.0320000648498535,4.066999912261963,0
20241010,^GSPC,5778.35986328125,5795.02978515625,5764.759765625,5780.0498046875,3208790000
20241010,^IXIC,18200.619140625,18333.390625,18154.1796875,18282.05078125,5855390000
20241010,^DJI,42511.37109375,42511.37109375,42308.0390625,42454.12109375,245570000
20241010,^VIX,20.90999984741211,21.389999389648438,20.639999389648438,20.93000030517578,0
20241010,KRW=X,1343.02001953125,1353.6300048828125,1341.9100341796875,1343.02001953125,0
20241010,^SOX,5252.669921875,5322.06005859375,5224.52978515625,5293.93994140625,0
20241010,^TNX,4.078999996185303,4.119999885559082,4.052999973297119,4.0960001945495605,0
20241011,^GSPC,5775.08984375,5822.1298828125,5775.08984375,5815.02978515625,3208720000
20241011,^IXIC,18217.73046875,18375.529296875,18208.439453125,18342.939453125,5140440000
20241011,^DJI,42507.53125,42899.75,42507.53125,42863.859375,265330000
20241011,^VIX,20.8700008392334,21.15999984741211,20.139999389648438,20.459999084472656,0
20241011,KRW=X,1349.739990234375,1351.77001953125,1344.8499755859375,1349.739990234375,0
20241011,^SOX,5261.419921875,5351.7099609375,5261.22998046875,5335.93994140625,0
20241011,^TNX,4.0920000076293945,4.116000175476074,4.066999912261963,4.072999954223633,0
20241014,^GSPC,5829.81005859375,5871.41015625,5829.56982421875,5859.85009765625,3005250000
20241014,^IXIC,18426.66015625,18547.919921875,18423.599609375,18502.689453125,4894710000
20241014,^DJI,42800.890625,43139.0,42707.140625,43065.21875,240050000
20241014,^VIX,20.860000610351562,20.860000610351562,19.690000534057617,19.700000762939453,0
20241014,KRW=X,1348.3299560546875,1360.4000244140625,1348.3299560546875,1348.3299560546875,0
20241014,^SOX,5377.8798828125,5445.080078125,5376.16015625,5432.2099609375,0
20241014,^TNX,4.0980000495910645,4.0980000495910645,4.0980000495910645,4.0980000495910645,0
20241015,^GSPC,5866.740234375,5870.35986328125,5804.47998046875,5815.259765625,3882120000
20241015,^IXIC,18515.970703125,18564.25,18252.51953125,18315.58984375,6522700000
20241015,^DJI,43240.171875,43277.78125,42703.171875,42740.421875,360880000
20241015,^VIX,19.610000610351562,20.889999389648438,19.440000534057617,20.639999389648438,0
20241015,KRW=X,1357.27001953125,1365.1700439453125,1356.5400390625,1357.27001953125,0
20241015,^SOX,5421.7099609375,5441.9599609375,5112.27978515625,5145.2099609375,0
20241015,^TNX,4.068999767303467,4.074999809265137,4.0320000648498535,4.038000106811523,0
20241016,^GSPC,5816.580078125,5846.52001953125,5808.33984375,5842.47021484375,3467230000
20241016,^IXIC,18333.2890625,18383.109375,18214.9609375,18367.080078125,5257570000
20241016,^DJI,42706.48828125,43100.83984375,42692.37109375,43077.69921875,297510000
20241016,^VIX,20.770000457763672,21.010000228881836,19.450000762939453,19.579999923706055,0
20241016,KRW=X,1363.1800537109375,1366.8900146484375,1359.0699462890625,1363.1800537109375,0
20241016,^SOX,5193.06005859375,5206.740234375,5125.9501953125,5155.85986328125,0
20241016,^TNX,4.010000228881836,4.0279998779296875,3.994999885559082,4.015999794006348,0
20241017,^GSPC,5875.6201171875,5878.4599609375,5840.25,5841.47021484375,3480010000
20241017,^IXIC,18537.2109375,18541.4609375,18368.7890625,18373.609375,5806860000
20241017,^DJI,43119.80859375,43289.76171875,43119.80859375,43239.05078125,267370000
20241017,^VIX,19.549999237060547,19.649999618530273,18.8799991607666,19.110000610351562,0
20241017,KRW=X,1364.199951171875,1372.989990234375,1363.4300537109375,1364.199951171875,0
20241017,^SOX,5292.72021484375,5302.18017578125,5204.2998046875,5204.81005859375,0
20241017,^TNX,4.0320000648498535,4.099999904632568,4.0320000648498535,4.0960001945495605,0
20241018,^GSPC,5859.43017578125,5872.169921875,5846.10986328125,5864.669921875,3374490000
20241018,^IXIC,18466.009765625,18524.330078125,18452.580078125,18489.55078125,5090190000
20241018,^DJI,43187.12109375,43325.08984375,43036.3515625,43275.91015625,295500000
20241018,^VIX,19.299999237060547,19.31999969482422,17.989999771118164,18.030000686645508,0
20241018,KRW=X,1370.050048828125,1372.8900146484375,1367.4000244140625,1370.050048828125,0
20241018,^SOX,5238.259765625,5244.1298828125,5190.22021484375,5208.6201171875,0
20241018,^TNX,4.107999801635742,4.110000133514404,4.065000057220459,4.072999954223633,0
20241021,^GSPC,5857.81982421875,5866.919921875,5824.7900390625,5853.97998046875,3407010000
20241021,^IXIC,18456.48046875,18543.580078125,18377.630859375,18540.009765625,6092180000
20241021,^DJI,43222.2109375,43310.87109375,42877.5703125,42931.6015625,273590000
20241021,^VIX,18.780000686645508,19.34000015258789,18.360000610351562,18.3700008392334,0
20241021,KRW=X,1369.010009765625,1381.1600341796875,1366.0699462890625,1369.010009765625,0
20241021,^SOX,5195.18017578125,5222.93017578125,5145.1298828125,5215.2099609375,0
20241021,^TNX,4.138000011444092,4.185999870300293,4.124000072479248,4.182000160217285,0
20241022,^GSPC,5832.7001953125,5863.0400390625,5821.169921875,5851.2001953125,3342080000
20241022,^IXIC,18451.859375,18620.7109375,18413.470703125,18579.76953125,6407180000
20241022,^DJI,42876.83984375,43041.05078125,42718.26171875,42924.890625,335200000
20241022,^VIX,18.790000915527344,19.440000534057617,18.049999237060547,18.200000762939453,0
20241022,KRW=X,1376.5,1382.6800537109375,1376.449951171875,1376.5,0
20241022,^SOX,5182.2998046875,5207.72021484375,5152.02001953125,5190.7099609375,0
20241022,^TNX,4.185999870300293,4.216000080108643,4.165999889373779,4.203999996185303,0
20241023,^GSPC,5834.5,5834.85009765625,5762.41015625,5797.419921875,3532650000
20241023,^IXIC,18502.060546875,18509.189453125,18146.609375,18276.650390625,6245610000
20241023,^DJI,42834.3984375,42834.3984375,42293.171875,42514.94921875,356610000
20241023,^VIX,18.209999084472656,20.469999313354492,18.18000030517578,19.239999771118164,0
20241023,KRW=X,1376.6300048828125,1385.56005859375,1376.68994140625,1376.6300048828125,0
20241023,^SOX,5174.83984375,5190.64990234375,5061.39990234375,5131.3701171875,0
20241023,^TNX,4.236000061035156,4.257999897003174,4.21999979019165,4.242000102996826,0
20241024,^GSPC,5817.7998046875,5817.7998046875,5784.919921875,5809.85986328125,3543030000
20241024,^IXIC,18384.16015625,18435.369140625,18305.419921875,18415.490234375,5761280000
20241024,^DJI,42522.55078125,42522.55078125,42191.828125,42374.359375,282680000
20241024,^VIX,18.8700008392334,20.239999771118164,18.6299991607666,19.079999923706055,0
20241024,KRW=X,1377.3399658203125,1382.1099853515625,1377.0,1377.3399658203125,0
20241024,^SOX,5170.27001953125,5175.0,5116.41015625,5157.60986328125,0
20241024,^TNX,4.197999954223633,4.239999771118164,4.182000160217285,4.199999809265137,0
20241025,^GSPC,5826.75,5862.81982421875,5799.97998046875,5808.1201171875,3501280000
20241025,^IXIC,18512.580078125,18690.009765625,18487.060546875,18518.609375,6100040000
20241025,^DJI,42477.51171875,42594.640625,42051.390625,42114.3984375,314000000
20241025,^VIX,19.219999313354492,20.510000228881836,18.229999542236328,20.329999923706055,0
20241025,KRW=X,1376.3199462890625,1390.489990234375,1376.3599853515625,1376.3199462890625,0
20241025,^SOX,5212.3798828125,5287.77001953125,5210.7998046875,5212.830078125,0
20241025,^TNX,4.203999996185303,4.234000205993652,4.177999973297119,4.23199987411499,0
20241028,^GSPC,5833.93017578125,5842.919921875,5823.080078125,5823.52001953125,3691280000
20241028,^IXIC,18648.25,18671.009765625,18563.01953125,18567.189453125,5641660000
20241028,^DJI,42264.5390625,42476.4609375,42264.5390625,42387.5703125,284770000
20241028,^VIX,19.110000610351562,19.8799991607666,18.90999984741211,19.799999237060547,0
20241028,KRW=X,1387.6600341796875,1388.7099609375,1382.1400146484375,1387.6600341796875,0
20241028,^SOX,5199.58984375,5246.8798828125,5190.02001953125,5211.669921875,0
20241028,^TNX,4.248000144958496,4.300000190734863,4.230000019073486,4.2779998779296875,0
20241029,^GSPC,5819.68017578125,5847.18994140625,5802.169921875,5832.919921875,3879100000
20241029,^IXIC,18576.08984375,18753.189453125,18509.58984375,18712.75,6881170000
20241029,^DJI,42323.48046875,42491.859375,42171.6484375,42233.05078125,373550000
20241029,^VIX,19.75,20.530000686645508,19.059999465942383,19.34000015258789,0
20241029,KRW=X,1381.969970703125,1389.3499755859375,1376.56005859375,1381.969970703125,0
20241029,^SOX,5211.1201171875,5358.0400390625,5187.81005859375,5332.169921875,0
20241029,^TNX,4.306000232696533,4.339000225067139,4.271999835968018,4.27400016784668,0
20241030,^GSPC,5832.64990234375,5850.93994140625,5811.27978515625,5813.669921875,3851120000
20241030,^IXIC,18731.689453125,18785.5,18598.240234375,18607.9296875,6514690000
20241030,^DJI,42249.80859375,42457.921875,42141.5390625,42141.5390625,377420000
20241030,^VIX,19.329999923706055,20.440000534057617,19.299999237060547,20.350000381469727,0
20241030,KRW=X,1383.1800537109375,1384.4200439453125,1373.4000244140625,1383.1800537109375,0
20241030,^SOX,5192.64013671875,5228.52978515625,5151.85009765625,5153.490234375,0
20241030,^TNX,4.260000228881836,4.2779998779296875,4.197999954223633,4.265999794006348,0
20241031,^GSPC,5775.33984375,5775.33984375,5702.85986328125,5705.4501953125,4425660000
20241031,^IXIC,18427.310546875,18427.310546875,18083.94921875,18095.150390625,6411940000
20241031,^DJI,41956.33984375,41991.91015625,41704.62890625,41763.4609375,497370000
20241031,^VIX,21.440000534057617,23.420000076293945,21.1200008392334,23.15999984741211,0
20241031,KRW=X,1378.5699462890625,1381.3900146484375,1371.969970703125,1378.5699462890625,0
20241031,^SOX,5085.56005859375,5085.56005859375,4911.60986328125,4946.75,0
20241031,^TNX,4.288000106811523,4.333000183105469,4.260000228881836,4.283999919891357,0
20241101,^GSPC,5723.22021484375,5772.52001953125,5723.22021484375,5728.7998046875,3796450000
20241101,^IXIC,18189.669921875,18363.939453125,18181.529296875,18239.919921875,5896470000
20241101,^DJI,41869.8203125,42326.30859375,41869.8203125,42052.19140625,531350000
20241101,^VIX,22.959999084472656,23.09000015258789,21.15999984741211,21.8799991607666,0
20241101,KRW=X,1372.9300537109375,1380.22998046875,1372.52001953125,1372.9300537109375,0
20241101,^SOX,4984.990234375,5054.06005859375,4975.72998046875,5001.43017578125,0
20241101,^TNX,4.307000160217285,4.364999771118164,4.2230000495910645,4.361000061035156,0
20241104,^GSPC,5725.14990234375,5741.43017578125,5696.509765625,5712.68994140625,3602060000
20241104,^IXIC,18220.4296875,18308.30078125,18112.830078125,18179.98046875,5762320000
20241104,^DJI,42004.66015625,42035.87109375,41647.30078125,41794.6015625,341500000
20241104,^VIX,22.5,23.06999969482422,21.729999542236328,21.979999542236328,0
20241104,KRW=X,1379.3399658203125,1376.02001953125,1367.780029296875,1379.3399658203125,0
20241104,^SOX,4996.9599609375,5051.77001953125,4960.64013671875,4974.0,0
20241104,^TNX,4.281000137329102,4.328999996185303,4.263000011444092,4.309000015258789,0
20241105,^GSPC,5722.43017578125,5783.43994140625,5722.10009765625,5782.759765625,3768310000
20241105,^IXIC,18250.7109375,18449.6796875,18250.7109375,18439.169921875,7060340000
20241105,^DJI,41835.48828125,42258.83984375,41766.9609375,42221.87890625,283990000
20241105,^VIX,21.979999542236328,22.059999465942383,20.200000762939453,20.489999771118164,0
20241105,KRW=X,1372.8599853515625,1380.5699462890625,1372.6400146484375,1372.8599853515625,0
20241105,^SOX,4999.3798828125,5059.259765625,4999.16015625,5057.830078125,0
20241105,^TNX,4.330999851226807,4.366000175476074,4.284999847412109,4.289000034332275,0
20241106,^GSPC,5864.89013671875,5936.14013671875,5864.89013671875,5929.0400390625,6329530000
20241106,^IXIC,18772.759765625,19000.5,18730.2109375,18983.470703125,8138050000
20241106,^DJI,42850.3984375,43778.78125,42850.3984375,43729.9296875,550400000
20241106,^VIX,16.059999465942383,16.81999969482422,15.4399995803833,16.270000457763672,0
20241106,KRW=X,1378.0,1403.969970703125,1345.760009765625,1378.0,0
20241106,^SOX,5163.580078125,5233.75,5118.72998046875,5215.56982421875,0
20241106,^TNX,4.432000160217285,4.4770002365112305,4.4019999504089355,4.426000118255615,0
20241107,^GSPC,5947.2099609375,5983.83984375,5947.2099609375,5973.10009765625,4925740000
20241107,^IXIC,19084.4296875,19301.69921875,19084.4296875,19269.4609375,9232670000
20241107,^DJI,43718.921875,43823.1015625,43641.921875,43729.33984375,437510000
20241107,^VIX,15.859999656677246,15.859999656677246,15.130000114440918,15.199999809265137,0
20241107,KRW=X,1399.800048828125,1404.030029296875,1381.02001953125,1399.800048828125,0
20241107,^SOX,5294.64990234375,5337.91015625,5280.31005859375,5333.990234375,0
20241107,^TNX,4.415999889373779,4.433000087738037,4.339000225067139,4.341000080108643,0
20241108,^GSPC,5976.759765625,6012.4501953125,5976.759765625,5995.5400390625,4666740000
20241108,^IXIC,19255.140625,19318.560546875,19224.4296875,19286.779296875,7316010000
20241108,^DJI,43768.53125,44157.2890625,43733.859375,43988.98828125,454570000
20241108,^VIX,15.130000114440918,15.329999923706055,14.65999984741211,14.9399995803833,0
20241108,KRW=X,1372.0799560546875,1397.3699951171875,1372.0799560546875,1372.0799560546875,0
20241108,^SOX,5311.85986328125,5333.2900390625,5262.02978515625,5290.52001953125,0
20241108,^TNX,4.314000129699707,4.329999923706055,4.263999938964844,4.306000232696533,0
20241111,^GSPC,6008.85986328125,6017.31005859375,5986.68994140625,6001.35009765625,4333000000
20241111,^IXIC,19355.33984375,19366.0703125,19193.2890625,19298.759765625,8087930000
20241111,^DJI,44057.6484375,44486.69921875,44057.6484375,44293.12890625,451940000
20241111,^VIX,15.329999923706055,15.5600004196167,14.890000343322754,14.970000267028809,0
20241111,KRW=X,1397.199951171875,1402.0,1391.9300537109375,1397.199951171875,0
20241111,^SOX,5240.6298828125,5242.6298828125,5097.7900390625,5156.39013671875,0
20241111,^TNX,4.308000087738037,4.308000087738037,4.308000087738037,4.308000087738037,0
20241112,^GSPC,6003.60009765625,6009.919921875,5960.080078125,5983.990234375,4243400000
20241112,^IXIC,19289.810546875,19343.05078125,19168.51953125,19281.400390625,7816410000
20241112,^DJI,44359.2109375,44405.73046875,43887.26953125,43910.98046875,482720000
20241112,^VIX,15.09000015258789,15.369999885559082,14.6899995803833,14.710000038146973,0
20241112,KRW=X,1400.550048828125,1409.550048828125,1398.56005859375,1400.550048828125,0
20241112,^SOX,5145.68017578125,5153.33984375,5043.77001953125,5108.64013671875,0
20241112,^TNX,4.370999813079834,4.442999839782715,4.361000061035156,4.432000160217285,0
20241113,^GSPC,5985.75,6008.18994140625,5965.91015625,5985.3798828125,4220180000
20241113,^IXIC,19286.4609375,19358.48046875,19191.130859375,19230.720703125,9623670000
20241113,^DJI,43880.4609375,44141.328125,43829.98046875,43958.19140625,500190000
20241113,^VIX,15.09000015258789,15.260000228881836,13.770000457763672,14.020000457763672,0
20241113,KRW=X,1406.6500244140625,1410.5400390625,1391.4100341796875,1406.6500244140625,0
20241113,^SOX,5077.27978515625,5086.419921875,4999.64990234375,5006.2900390625,0
20241113,^TNX,4.433000087738037,4.460999965667725,4.359000205993652,4.451000213623047,0
20241114,^GSPC,5989.68017578125,5993.8798828125,5942.27978515625,5949.169921875,4184570000
20241114,^IXIC,19256.08984375,19275.80078125,19073.390625,19107.650390625,8680480000
20241114,^DJI,44032.37890625,44080.78125,43704.8203125,43750.859375,545090000
20241114,^VIX,14.170000076293945,14.319999694824219,13.59000015258789,14.3100004196167,0
20241114,KRW=X,1399.0,1411.27001953125,1386.1600341796875,1399.0,0
20241114,^SOX,5062.7998046875,5075.81982421875,4992.5400390625,5004.58984375,0
20241114,^TNX,4.445000171661377,4.482999801635742,4.386000156402588,4.418000221252441,0
20241115,^GSPC,5912.7900390625,5915.31982421875,5853.009765625,5870.6201171875,4590960000
20241115,^IXIC,18929.919921875,18936.75,18598.869140625,18680.119140625,8002270000
20241115,^DJI,43587.9296875,43647.53125,43350.4296875,43444.98828125,664320000
20241115,^VIX,15.020000457763672,17.549999237060547,14.5600004196167,16.139999389648438,0
20241115,KRW=X,1400.8299560546875,1408.3800048828125,1389.239990234375,1400.8299560546875,0
20241115,^SOX,4914.080078125,4936.18994140625,4816.52978515625,4833.58984375,0
20241115,^TNX,4.429999828338623,4.505000114440918,4.400000095367432,4.427999973297119,0
20241118,^GSPC,5874.169921875,5908.1201171875,5865.9501953125,5893.6201171875,3983860000
20241118,^IXIC,18717.9296875,18865.279296875,18672.30078125,18791.810546875,8455360000
20241118,^DJI,43431.890625,43505.66015625,43297.5703125,43389.6015625,527180000
20241118,^VIX,16.600000381469727,17.0,15.350000381469727,15.579999923706055,0
20241118,KRW=X,1394.3499755859375,1400.3299560546875,1389.260009765625,1394.3499755859375,0
20241118,^SOX,4833.4599609375,4896.77001953125,4806.0,4888.77001953125,0
20241118,^TNX,4.480999946594238,4.491000175476074,4.4079999923706055,4.414000034332275,0
20241119,^GSPC,5870.0498046875,5923.509765625,5855.2900390625,5916.97998046875,4036940000
20241119,^IXIC,18699.7109375,18992.080078125,18689.830078125,18987.470703125,7246610000
20241119,^DJI,43243.26953125,43380.96875,42938.87109375,43268.94140625,497970000
20241119,^VIX,15.4399995803833,17.93000030517578,15.369999885559082,16.350000381469727,0
20241119,KRW=X,1389.5,1397.1500244140625,1388.25,1389.5,0
20241119,^SOX,4874.18017578125,4925.06005859375,4860.72998046875,4919.16015625,0
20241119,^TNX,4.36299991607666,4.392000198364258,4.336999893188477,4.379000186920166,0
20241120,^GSPC,5914.33984375,5920.669921875,5860.56005859375,5917.10986328125,3772620000
20241120,^IXIC,18971.310546875,18974.91015625,18724.390625,18966.140625,7121670000
20241120,^DJI,43296.05078125,43465.76953125,43074.859375,43408.46875,559010000
20241120,^VIX,16.190000534057617,18.790000915527344,16.040000915527344,17.15999984741211,0
20241120,KRW=X,1392.1600341796875,1400.9100341796875,1388.0,1392.1600341796875,0
20241120,^SOX,4902.41015625,4902.83984375,4813.2998046875,4884.25,0
20241120,^TNX,4.421999931335449,4.438000202178955,4.388000011444092,4.406000137329102,0
20241121,^GSPC,5940.580078125,5963.31982421875,5887.259765625,5948.7099609375,4230120000
20241121,^IXIC,19072.779296875,19110.890625,18714.060546875,18972.419921875,7492540000
20241121,^DJI,43538.69921875,44020.30859375,43345.578125,43870.3515625,712120000
20241121,^VIX,17.100000381469727,17.989999771118164,15.729999542236328,16.8700008392334,0
20241121,KRW=X,1397.6199951171875,1402.1300048828125,1393.8299560546875,1397.6199951171875,0
20241121,^SOX,4949.39013671875,4989.91015625,4842.16015625,4963.0498046875,0
20241121,^TNX,4.4039998054504395,4.438000202178955,4.376999855041504,4.432000160217285,0
20241122,^GSPC,5944.35986328125,5972.89990234375,5944.35986328125,5969.33984375,4141420000
20241122,^IXIC,18966.3203125,19025.76953125,18899.48046875,19003.650390625,6575820000
20241122,^DJI,43871.62890625,44323.94921875,43871.62890625,44296.51171875,533010000
20241122,^VIX,16.670000076293945,17.559999465942383,15.239999771118164,15.239999771118164,0
20241122,KRW=X,1399.5999755859375,1408.18994140625,1398.300048828125,1399.5999755859375,0
20241122,^SOX,4956.2998046875,4973.6298828125,4921.56005859375,4955.7998046875,0
20241122,^TNX,4.389999866485596,4.429999828338623,4.382999897003174,4.409999847412109,0
20241125,^GSPC,5992.27978515625,6020.75,5963.91015625,5987.3701171875,5633150000
20241125,^IXIC,19140.58984375,19208.6796875,18969.349609375,19054.83984375,7932980000
20241125,^DJI,44385.48828125,44815.671875,44385.48828125,44736.5703125,826660000
20241125,^VIX,15.229999542236328,15.720000267028809,14.539999961853027,14.600000381469727,0
20241125,KRW=X,1403.510009765625,1404.3299560546875,1395.0899658203125,1403.510009765625,0
20241125,^SOX,5001.14990234375,5031.240234375,4955.10986328125,4987.919921875,0
20241125,^TNX,4.317999839782715,4.331999778747559,4.261000156402588,4.264999866485596,0
20241126,^GSPC,6000.02978515625,6025.419921875,5992.27001953125,6021.6298828125,3835170000
20241126,^IXIC,19109.080078125,19184.400390625,19100.73046875,19174.30078125,6411770000
20241126,^DJI,44614.890625,44903.01171875,44426.66015625,44860.30859375,476170000
20241126,^VIX,14.949999809265137,15.029999732971191,13.880000114440918,14.100000381469727,0
20241126,KRW=X,1395.56005859375,1407.5699462890625,1393.47998046875,1395.56005859375,0
20241126,^SOX,5027.72021484375,5036.27978515625,4892.0498046875,4927.56005859375,0
20241126,^TNX,4.289000034332275,4.323999881744385,4.281000137329102,4.302000045776367,0
20241127,^GSPC,6014.10986328125,6020.16015625,5984.8701171875,5998.740234375,3363340000
20241127,^IXIC,19132.990234375,19133.109375,18937.19921875,19060.48046875,5619090000
20241127,^DJI,44837.75,45003.05859375,44690.23046875,44722.05859375,451360000
20241127,^VIX,14.279999732971191,15.130000114440918,13.960000038146973,14.100000381469727,0
20241127,KRW=X,1395.27001953125,1398.449951171875,1389.3699951171875,1395.27001953125,0
20241127,^SOX,4897.35009765625,4899.47998046875,4770.2998046875,4853.009765625,0
20241127,^TNX,4.25,4.275000095367432,4.2270002365112305,4.242000102996826,0
20241128,KRW=X,1388.469970703125,1397.5699462890625,1388.469970703125,1388.469970703125,0
20241129,^GSPC,6003.97998046875,6044.169921875,6003.97998046875,6032.3798828125,2444420000
20241129,^IXIC,19087.470703125,19245.490234375,19066.51953125,19218.169921875,4042550000
20241129,^DJI,44760.05078125,45071.2890625,44760.05078125,44910.6484375,319210000
20241129,^VIX,14.0,14.149999618530273,13.489999771118164,13.510000228881836,0
20241129,KRW=X,1393.300048828125,1398.5,1389.6500244140625,1393.300048828125,0
20241129,^SOX,4894.97021484375,4975.60986328125,4887.85986328125,4926.56005859375,0
20241129,^TNX,4.224999904632568,4.224999904632568,4.171999931335449,4.177999973297119,0
20241202,^GSPC,6040.10986328125,6053.580078125,6035.330078125,6047.14990234375,4412470000
20241202,^IXIC,19255.4296875,19436.919921875,19255.4296875,19403.94921875,6370530000
20241202,^DJI,44925.859375,45001.66015625,44710.16015625,44782.0,439740000
20241202,^VIX,14.079999923706055,14.100000381469727,13.300000190734863,13.34000015258789,0
20241202,KRW=X,1399.8599853515625,1407.050048828125,1397.949951171875,1399.8599853515625,0
20241202,^SOX,4957.02001953125,5084.31005859375,4956.41015625,5055.31982421875,0
20241202,^TNX,4.206999778747559,4.248000144958496,4.173999786376953,4.196000099182129,0
20241203,^GSPC,6042.97021484375,6052.06982421875,6033.39013671875,6049.8798828125,4095000000
20241203,^IXIC,19364.33984375,19486.150390625,19340.41015625,19480.91015625,6005160000
20241203,^DJI,44769.578125,44914.6796875,44574.78125,44705.53125,429130000
20241203,^VIX,13.380000114440918,13.770000457763672,13.1899995803833,13.300000190734863,0
20241203,KRW=X,1401.06005859375,1442.2099609375,1375.0400390625,1401.06005859375,0
20241203,^SOX,5027.740234375,5059.83984375,5014.81982421875,5035.85986328125,0
20241203,^TNX,4.210999965667725,4.2270002365112305,4.164999961853027,4.2230000495910645,0
20241204,^GSPC,6069.39013671875,6089.83984375,6061.06005859375,6086.490234375,4003390000
20241204,^IXIC,19587.48046875,19741.759765625,19575.400390625,19735.119140625,7870030000
20241204,^DJI,44941.05078125,45073.62890625,44799.73828125,45014.0390625,554420000
20241204,^VIX,13.15999984741211,13.609999656677246,12.890000343322754,13.449999809265137,0
20241204,KRW=X,1411.6700439453125,1418.280029296875,1403.510009765625,1411.6700439453125,0
20241204,^SOX,5140.77001953125,5143.8798828125,5076.259765625,5121.77978515625,0
20241204,^TNX,4.270999908447266,4.281000137329102,4.176000118255615,4.179999828338623,0
20241205,^GSPC,6089.02978515625,6094.5498046875,6072.89990234375,6075.10986328125,4212020000
20241205,^IXIC,19756.400390625,19790.029296875,19688.58984375,19700.259765625,7229510000
20241205,^DJI,45038.44140625,45059.94140625,44747.140625,44765.7109375,457340000
20241205,^VIX,13.460000038146973,13.699999809265137,13.260000228881836,13.539999961853027,0
20241205,KRW=X,1410.800048828125,1419.0699462890625,1410.9300537109375,1410.800048828125,0
20241205,^SOX,5104.2001953125,5114.16015625,5015.169921875,5026.3701171875,0
20241205,^TNX,4.206999778747559,4.224999904632568,4.173999786376953,4.179999828338623,0
20241206,^GSPC,6081.3798828125,6099.97021484375,6079.97998046875,6090.27001953125,3924830000
20241206,^IXIC,19743.9609375,19863.150390625,19734.419921875,19859.76953125,6787610000
20241206,^DJI,44824.2890625,44923.73828125,44596.4609375,44642.51953125,466910000
20241206,^VIX,13.619999885559082,13.739999771118164,12.699999809265137,12.770000457763672,0
20241206,KRW=X,1399.989990234375,1427.969970703125,1411.3599853515625,1399.989990234375,0
20241206,^SOX,5029.60986328125,5073.10009765625,5018.97021484375,5061.2998046875,0
20241206,^TNX,4.184000015258789,4.215000152587891,4.125999927520752,4.151000022888184,0
20241209,^GSPC,6083.009765625,6088.509765625,6048.6298828125,6052.85009765625,4556460000
20241209,^IXIC,19824.08984375,19872.7890625,19698.05078125,19736.689453125,7884620000
20241209,^DJI,44637.96875,44728.51171875,44382.828125,44401.9296875,503920000
20241209,^VIX,13.359999656677246,14.229999542236328,13.350000381469727,14.1899995803833,0
20241209,KRW=X,1424.219970703125,1438.239990234375,1424.260009765625,1424.219970703125,0
20241209,^SOX,5023.7099609375,5085.47998046875,4998.56982421875,5018.83984375,0
20241209,^TNX,4.182000160217285,4.198999881744385,4.164000034332275,4.198999881744385,0
20241210,^GSPC,6057.58984375,6065.39990234375,6029.89013671875,6034.91015625,4048410000
20241210,^IXIC,19796.390625,19887.080078125,19641.33984375,19687.240234375,6843850000
20241210,^DJI,44291.5703125,44470.83984375,44186.66015625,44247.828125,482660000
20241210,^VIX,14.300000190734863,14.539999961853027,13.859999656677246,14.180000305175781,0
20241210,KRW=X,1426.5999755859375,1433.1700439453125,1425.2900390625,1426.5999755859375,0
20241210,^SOX,5032.64990234375,5032.669921875,4863.39990234375,4894.7001953125,0
20241210,^TNX,4.234000205993652,4.24399995803833,4.2170000076293945,4.2210001945495605,0
20241211,^GSPC,6060.14990234375,6092.58984375,6060.14990234375,6084.18994140625,4269950000
20241211,^IXIC,19832.9609375,20055.9296875,19830.640625,20034.890625,6639720000
20241211,^DJI,44300.41015625,44376.1796875,44135.73828125,44148.55859375,512650000
20241211,^VIX,14.420000076293945,14.430000305175781,13.520000457763672,13.579999923706055,0
20241211,KRW=X,1433.949951171875,1435.949951171875,1418.6199951171875,1433.949951171875,0
20241211,^SOX,4968.83984375,5055.25,4940.06005859375,5027.7998046875,0
20241211,^TNX,4.25,4.2769999504089355,4.201000213623047,4.270999908447266,0
20241212,^GSPC,6074.2900390625,6079.68017578125,6051.25,6051.25,3678010000
20241212,^IXIC,19947.33984375,20018.240234375,19897.380859375,19902.83984375,7047550000
20241212,^DJI,44168.66015625,44208.6015625,43903.26953125,43914.12109375,396050000
20241212,^VIX,13.729999542236328,13.949999809265137,13.390000343322754,13.920000076293945,0
20241212,KRW=X,1429.1500244140625,1434.5899658203125,1427.81005859375,1429.1500244140625,0
20241212,^SOX,4979.080078125,5005.81005859375,4946.64990234375,4982.18994140625,0
20241212,^TNX,4.300000190734863,4.331999778747559,4.269000053405762,4.323999881744385,0
20241213,^GSPC,6068.169921875,6078.580078125,6035.77001953125,6051.08984375,3584960000
20241213,^IXIC,19995.1796875,20061.650390625,19817.470703125,19926.720703125,6028250000
20241213,^DJI,43929.1484375,44054.23046875,43790.48046875,43828.05859375,455380000
20241213,^VIX,13.569999694824219,14.25,13.239999771118164,13.8100004196167,0
20241213,KRW=X,1427.8599853515625,1436.0,1428.760009765625,1427.8599853515625,0
20241213,^SOX,5126.60009765625,5184.83984375,5070.759765625,5149.77978515625,0
20241213,^TNX,4.343999862670898,4.4029998779296875,4.3420000076293945,4.39900016784668,0
20241216,^GSPC,6063.7900390625,6085.18994140625,6059.14013671875,6074.080078125,4391100000
20241216,^IXIC,20016.119140625,20204.580078125,19988.119140625,20173.890625,8855040000
20241216,^DJI,43825.76171875,43951.578125,43686.8515625,43717.48046875,579350000
20241216,^VIX,14.369999885559082,14.6899995803833,13.989999771118164,14.6899995803833,0
20241216,KRW=X,1434.449951171875,1438.8599853515625,1432.969970703125,1434.449951171875,0
20241216,^SOX,5175.85009765625,5280.7900390625,5135.18994140625,5256.06005859375,0
20241216,^TNX,4.36899995803833,4.410999774932861,4.361000061035156,4.396999835968018,0
20241217,^GSPC,6052.5498046875,6057.68017578125,6035.18994140625,6050.60986328125,4544500000
20241217,^IXIC,20095.619140625,20148.830078125,20004.73046875,20109.060546875,9534350000
20241217,^DJI,43656.46875,43656.46875,43336.21875,43449.8984375,593670000
20241217,^VIX,14.979999542236328,15.9399995803833,14.779999732971191,15.869999885559082,0
20241217,KRW=X,1431.3499755859375,1439.5,1433.969970703125,1431.3499755859375,0
20241217,^SOX,5193.02978515625,5213.22998046875,5135.669921875,5169.7900390625,0
20241217,^TNX,4.429999828338623,4.434000015258789,4.373000144958496,4.385000228881836,0
20241218,^GSPC,6047.64990234375,6070.669921875,5867.7900390625,5872.16015625,5246960000
20241218,^IXIC,20114.98046875,20179.76953125,19336.58984375,19392.689453125,9996120000
20241218,^DJI,43459.71875,43688.96875,42300.0390625,42326.87109375,627570000
20241218,^VIX,15.569999694824219,28.31999969482422,14.819999694824219,27.6200008392334,0
20241218,KRW=X,1436.4200439453125,1438.6400146484375,1433.7900390625,1436.4200439453125,0
20241218,^SOX,5207.2001953125,5247.7001953125,4935.5400390625,4970.97998046875,0
20241218,^TNX,4.418000221252441,4.498000144958496,4.382999897003174,4.49399995803833,0
20241219,^GSPC,5912.7099609375,5935.52001953125,5866.06982421875,5867.080078125,4896880000
20241219,^IXIC,19565.66015625,19623.01953125,19357.759765625,19372.76953125,8029590000
20241219,^DJI,42464.12890625,42787.8515625,42334.12890625,42342.23828125,560200000
20241219,^VIX,21.610000610351562,24.1200008392334,20.15999984741211,24.09000015258789,0
20241219,KRW=X,1451.5,1453.06005859375,1436.219970703125,1451.5,0
20241219,^SOX,4984.009765625,4996.919921875,4881.580078125,4893.47021484375,0
20241219,^TNX,4.5320000648498535,4.593999862670898,4.5279998779296875,4.570000171661377,0
20241220,^GSPC,5842.0,5982.06005859375,5832.2998046875,5930.85009765625,8223220000
20241220,^IXIC,19190.0390625,19758.609375,19168.380859375,19572.599609375,10962450000
20241220,^DJI,42296.26171875,43216.03125,42146.328125,42840.26171875,1121300000
20241220,^VIX,24.139999389648438,26.510000228881836,17.81999969482422,18.360000610351562,0
20241220,KRW=X,1437.449951171875,1452.0,1440.1099853515625,1437.449951171875,0
20241220,^SOX,4862.4599609375,5032.97998046875,4853.2001953125,4964.91015625,0
20241220,^TNX,4.541999816894531,4.546000003814697,4.484000205993652,4.52400016784668,0
20241223,^GSPC,5940.25,5978.25,5902.56982421875,5974.06982421875,3593280000
20241223,^IXIC,19641.05078125,19772.099609375,19504.6796875,19764.880859375,6820720000
20241223,^DJI,42800.48828125,42957.7890625,42516.87109375,42906.94921875,449390000
20241223,^VIX,18.09000015258789,20.020000457763672,16.739999771118164,16.780000686645508,0
20241223,KRW=X,1445.4200439453125,1453.52001953125,1445.4300537109375,1445.4200439453125,0
20241223,^SOX,5013.75,5124.18994140625,5013.75,5118.75,0
20241223,^TNX,4.550000190734863,4.598999977111816,4.533999919891357,4.598999977111816,0
20241224,^GSPC,5984.6298828125,6040.10009765625,5981.43994140625,6040.0400390625,1757720000
20241224,^IXIC,19818.48046875,20031.130859375,19813.759765625,20031.130859375,4739190000
20241224,^DJI,42916.48046875,43297.6484375,42871.76171875,43297.03125,230410000
20241224,^VIX,16.969999313354492,17.040000915527344,14.270000457763672,14.270000457763672,0
20241224,KRW=X,1442.699951171875,1459.9200439453125,1449.3299560546875,1442.699951171875,0
20241224,^SOX,5151.02001953125,5173.7998046875,5123.31982421875,5173.56005859375,0
20241224,^TNX,4.609000205993652,4.629000186920166,4.583000183105469,4.591000080108643,0
20241225,KRW=X,1453.4200439453125,1458.0799560546875,1448.449951171875,1453.4200439453125,0
20241226,^GSPC,6024.97021484375,6049.75,6007.3701171875,6037.58984375,2904530000
20241226,^IXIC,19979.25,20070.080078125,19888.109375,20020.359375,6467910000
20241226,^DJI,43201.8515625,43373.98046875,43115.08984375,43325.80078125,270350000
20241226,^VIX,14.989999771118164,15.930000305175781,14.550000190734863,14.729999542236328,0
20241226,KRW=X,1457.6099853515625,1470.2900390625,1454.77001953125,1457.6099853515625,0
20241226,^SOX,5140.6201171875,5207.3701171875,5128.759765625,5175.31005859375,0
20241226,^TNX,4.63100004196167,4.640999794006348,4.572999954223633,4.578999996185303,0
20241227,^GSPC,6006.169921875,6006.169921875,5932.9501953125,5970.83984375,3159610000
20241227,^IXIC,19896.76953125,19904.76953125,19553.400390625,19722.029296875,7765120000
20241227,^DJI,43142.37109375,43238.8515625,42761.55859375,42992.2109375,376960000
20241227,^VIX,15.380000114440918,18.450000762939453,15.289999961853027,15.949999809265137,0
20241227,KRW=X,1466.989990234375,1487.0400390625,1462.800048828125,1466.989990234375,0
20241227,^SOX,5149.5498046875,5153.7900390625,5058.81005859375,5122.97021484375,0
20241227,^TNX,4.603000164031982,4.623000144958496,4.574999809265137,4.61899995803833,0
20241230,^GSPC,5920.669921875,5940.7900390625,5869.16015625,5906.93994140625,3433250000
20241230,^IXIC,19460.41015625,19622.9296875,19342.509765625,19486.7890625,8384090000
20241230,^DJI,42863.859375,42863.859375,42263.51171875,42573.73046875,383300000
20241230,^VIX,17.209999084472656,19.219999313354492,16.440000534057617,17.399999618530273,0
20241230,KRW=X,1472.800048828125,1475.25,1466.3599853515625,1472.800048828125,0
20241230,^SOX,5032.4501953125,5075.60986328125,4988.5498046875,5026.509765625,0
20241230,^TNX,4.577000141143799,4.577000141143799,4.5370001792907715,4.545000076293945,0
20241231,^GSPC,5919.740234375,5929.740234375,5868.85986328125,5881.6298828125,3128350000
20241231,^IXIC,19551.359375,19563.720703125,19283.41015625,19310.7890625,8873030000
20241231,^DJI,42636.69921875,42779.69140625,42421.2890625,42544.21875,359210000
20241231,^VIX,17.389999389648438,17.809999465942383,16.68000030517578,17.350000381469727,0
20241231,KRW=X,1467.3900146484375,1478.06005859375,1464.8900146484375,1467.3900146484375,0
20241231,^SOX,5041.080078125,5059.5,4962.419921875,4979.93017578125,0
20241231,^TNX,4.5289998054504395,4.586999893188477,4.520999908447266,4.572999954223633,0
