date,ticker,open,high,low,close,volume
20220103,^GSPC,4778.14013671875,4796.64013671875,4758.169921875,4796.56005859375,3831020000
20220103,^IXIC,15732.5,15832.7998046875,15644.08984375,15832.7998046875,4429960000
20220103,^DJI,36321.58984375,36595.8203125,36246.44921875,36585.05859375,347930000
20220103,^VIX,17.600000381469727,18.540000915527344,16.559999465942383,16.600000381469727,0
20220103,KRW=X,1187.1300048828125,1195.3399658203125,1187.0,1187.780029296875,0
20220103,^SOX,3974.31005859375,4027.89990234375,3961.2900390625,4027.219970703125,0
20220103,^TNX,1.534000039100647,1.6349999904632568,1.5329999923706055,1.628000020980835,0
20220104,^GSPC,4804.509765625,4818.6201171875,4774.27001953125,4793.5400390625,4683170000
20220104,^IXIC,15852.1396484375,15852.1396484375,15512.41015625,15622.7197265625,5131110000
20220104,^DJI,36636.0,36934.83984375,36636.0,36799.6484375,435080000
20220104,^VIX,16.56999969482422,17.809999465942383,16.34000015258789,16.90999984741211,0
20220104,KRW=X,1195.6300048828125,1199.72998046875,1191.5,1194.6800537109375,0
20220104,^SOX,4045.3701171875,4068.14990234375,3918.409912109375,4009.0,0
20220104,^TNX,1.6629999876022339,1.6859999895095825,1.6540000438690186,1.6679999828338623,0
20220105,^GSPC,4787.990234375,4797.7001953125,4699.43994140625,4700.580078125,4887960000
20220105,^IXIC,15547.16015625,15586.2998046875,15095.1796875,15100.169921875,5031850000
20220105,^DJI,36722.6015625,36952.6484375,36400.390625,36407.109375,462040000
20220105,^VIX,17.06999969482422,20.170000076293945,16.579999923706055,19.729999542236328,0
20220105,KRW=X,1196.6700439453125,1199.68994140625,1193.280029296875,1196.5,0
20220105,^SOX,3988.60009765625,4020.5,3876.840087890625,3879.8701171875,0
20220105,^TNX,1.659999966621399,1.7100000381469727,1.6469999551773071,1.7050000429153442,0
20220106,^GSPC,4693.39013671875,4725.009765625,4671.259765625,4696.0498046875,4295280000
20220106,^IXIC,15024.150390625,15198.4501953125,14914.8701171875,15080.8603515625,4790820000
20220106,^DJI,36409.05078125,36464.19140625,36200.6796875,36236.46875,385890000
20220106,^VIX,20.290000915527344,21.059999465942383,19.079999923706055,19.610000610351562,0
20220106,KRW=X,1199.25,1206.260009765625,1196.5899658203125,1199.25,0
20220106,^SOX,3872.39990234375,3926.989990234375,3839.080078125,3909.0400390625,0
20220106,^TNX,1.7330000400543213,1.74399995803833,1.7209999561309814,1.7330000400543213,0
20220107,^GSPC,4697.66015625,4707.9501953125,4662.740234375,4677.02978515625,4181510000
20220107,^IXIC,15095.7197265625,15171.01953125,14877.6298828125,14935.900390625,4238070000
20220107,^DJI,36249.58984375,36382.83984375,36111.53125,36231.66015625,356110000
20220107,^VIX,19.850000381469727,20.799999237060547,18.56999969482422,18.760000228881836,0
20220107,KRW=X,1204.6700439453125,1204.760009765625,1199.5799560546875,1205.780029296875,0
20220107,^SOX,3912.18994140625,3917.820068359375,3786.429931640625,3796.320068359375,0
20220107,^TNX,1.7389999628067017,1.8009999990463257,1.7269999980926514,1.7710000276565552,0
20220110,^GSPC,4655.33984375,4673.02001953125,4582.240234375,4670.2900390625,4511810000
20220110,^IXIC,14751.7802734375,14953.849609375,14530.23046875,14942.830078125,5317180000
20220110,^DJI,36175.2109375,36175.2109375,35639.91015625,36068.87109375,430680000
20220110,^VIX,19.579999923706055,23.329999923706055,19.290000915527344,19.399999618530273,0
20220110,KRW=X,1198.3499755859375,1201.3800048828125,1194.780029296875,1196.8800048828125,0
20220110,^SOX,3738.18994140625,3810.300048828125,3676.77001953125,3805.389892578125,0
20220110,^TNX,1.774999976158142,1.8079999685287476,1.7669999599456787,1.7799999713897705,0
20220111,^GSPC,4669.14013671875,4714.1298828125,4638.27001953125,4713.06982421875,4101590000
20220111,^IXIC,14919.259765625,15158.7099609375,14837.6298828125,15153.4501953125,4390710000
20220111,^DJI,36058.8515625,36271.46875,35769.37890625,36252.01953125,356850000
20220111,^VIX,19.6200008392334,21.0,18.200000762939453,18.40999984741211,0
20220111,KRW=X,1197.1600341796875,1197.1600341796875,1190.4200439453125,1198.0899658203125,0
20220111,^SOX,3785.580078125,3879.0,3767.820068359375,3875.43994140625,0
20220111,^TNX,1.7599999904632568,1.784999966621399,1.7450000047683716,1.746000051498413,0
20220112,^GSPC,4728.58984375,4748.830078125,4706.7099609375,4726.35009765625,4048220000
20220112,^IXIC,15263.099609375,15319.0302734375,15117.2900390625,15188.3896484375,4338530000
20220112,^DJI,36336.16015625,36453.48828125,36168.1484375,36290.3203125,310180000
20220112,^VIX,18.170000076293945,18.690000534057617,17.360000610351562,17.6200008392334,0
20220112,KRW=X,1189.4300537109375,1192.6800537109375,1185.68994140625,1189.4300537109375,0
20220112,^SOX,3915.610107421875,3937.9599609375,3866.14990234375,3901.2099609375,0
20220112,^TNX,1.7319999933242798,1.746000051498413,1.7109999656677246,1.725000023841858,0
20220113,^GSPC,4733.56005859375,4744.1298828125,4650.2900390625,4659.02978515625,4251730000
20220113,^IXIC,15245.0400390625,15259.7099609375,14782.240234375,14806.8095703125,4302020000
20220113,^DJI,36312.48828125,36513.87890625,36044.21875,36113.62109375,343640000
20220113,^VIX,18.059999465942383,20.610000610351562,17.450000762939453,20.309999465942383,0
20220113,KRW=X,1185.8800048828125,1189.5799560546875,1182.199951171875,1185.8800048828125,0
20220113,^SOX,3971.169921875,3992.22998046875,3801.429931640625,3811.840087890625,0
20220113,^TNX,1.7380000352859497,1.746000051498413,1.7079999446868896,1.7109999656677246,0
20220114,^GSPC,4637.990234375,4665.1298828125,4614.75,4662.85009765625,4338490000
20220114,^IXIC,14708.01953125,14897.6796875,14689.4296875,14893.75,4374020000
20220114,^DJI,35996.4296875,35996.4296875,35641.48828125,35911.80859375,389200000
20220114,^VIX,20.110000610351562,22.06999969482422,19.049999237060547,19.190000534057617,0
20220114,KRW=X,1186.3800048828125,1190.6700439453125,1184.8299560546875,1186.6099853515625,0
20220114,^SOX,3783.10009765625,3903.050048828125,3783.10009765625,3900.610107421875,0
20220114,^TNX,1.7259999513626099,1.774999976158142,1.7059999704360962,1.7719999551773071,0
20220117,KRW=X,1189.3199462890625,1193.5999755859375,1189.0400390625,1188.9599609375,0
20220118,^GSPC,4632.240234375,4632.240234375,4568.7001953125,4577.10986328125,4748700000
20220118,^IXIC,14681.830078125,14740.5400390625,14482.9404296875,14506.900390625,5060790000
20220118,^DJI,35661.76171875,35661.76171875,35262.01953125,35368.46875,427260000
20220118,^VIX,21.18000030517578,23.200000762939453,21.18000030517578,22.790000915527344,0
20220118,KRW=X,1190.0699462890625,1192.9200439453125,1185.81005859375,1190.06005859375,0
20220118,^SOX,3840.780029296875,3840.949951171875,3720.159912109375,3727.239990234375,0
20220118,^TNX,1.8270000219345093,1.8660000562667847,1.812999963760376,1.8650000095367432,0
20220119,^GSPC,4588.02978515625,4611.5498046875,4530.2001953125,4532.759765625,4465740000
20220119,^IXIC,14582.2197265625,14658.8896484375,14331.650390625,14340.259765625,4665340000
20220119,^DJI,35412.30078125,35547.828125,35015.48828125,35028.6484375,393080000
20220119,^VIX,23.1200008392334,23.989999771118164,21.850000381469727,23.850000381469727,0
20220119,KRW=X,1192.97998046875,1193.6099853515625,1185.47998046875,1192.97998046875,0
20220119,^SOX,3763.25,3777.89990234375,3610.47998046875,3612.18994140625,0
20220119,^TNX,1.8580000400543213,1.8739999532699585,1.8220000267028809,1.8270000219345093,0
20220120,^GSPC,4547.35009765625,4602.10986328125,4477.9501953125,4482.72998046875,4640870000
20220120,^IXIC,14462.849609375,14642.0302734375,14140.7802734375,14154.01953125,5102050000
20220120,^DJI,35102.66015625,35490.19921875,34670.12109375,34715.390625,369070000
20220120,^VIX,23.459999084472656,25.889999389648438,21.68000030517578,25.59000015258789,0
20220120,KRW=X,1187.239990234375,1192.4000244140625,1186.56005859375,1188.1600341796875,0
20220120,^SOX,3638.14990234375,3666.6201171875,3493.10009765625,3494.75,0
20220120,^TNX,1.8289999961853027,1.8450000286102295,1.8200000524520874,1.8329999446868896,0
20220121,^GSPC,4471.3798828125,4494.52001953125,4395.33984375,4397.93994140625,5589100000
20220121,^IXIC,14046.2197265625,14171.7197265625,13764.240234375,13768.919921875,5870830000
20220121,^DJI,34701.69140625,34896.671875,34229.55078125,34265.37109375,523880000
20220121,^VIX,25.3799991607666,29.790000915527344,25.309999465942383,28.850000381469727,0
20220121,KRW=X,1192.4300537109375,1194.949951171875,1189.1300048828125,1192.4300537109375,0
20220121,^SOX,3466.18994140625,3567.10009765625,3429.8798828125,3434.7900390625,0
20220121,^TNX,1.7719999551773071,1.784999966621399,1.7330000400543213,1.746999979019165,0
20220124,^GSPC,4356.31982421875,4417.35009765625,4222.6201171875,4410.1298828125,6928110000
20220124,^IXIC,13481.5,13876.6103515625,13094.650390625,13855.1298828125,6998770000
20220124,^DJI,34070.609375,34420.98828125,33150.328125,34364.5,664010000
20220124,^VIX,28.200000762939453,38.939998626708984,28.020000457763672,29.899999618530273,0
20220124,KRW=X,1192.9000244140625,1199.489990234375,1192.1199951171875,1191.5,0
20220124,^SOX,3363.39990234375,3483.489990234375,3257.4599609375,3479.949951171875,0
20220124,^TNX,1.7319999933242798,1.7369999885559082,1.7070000171661377,1.7350000143051147,0
20220125,^GSPC,4366.64013671875,4411.009765625,4287.10986328125,4356.4501953125,5145050000
20220125,^IXIC,13610.8701171875,13781.6201171875,13414.1396484375,13539.2900390625,5019380000
20220125,^DJI,34186.640625,34591.0390625,33545.51953125,34297.73046875,506430000
20220125,^VIX,32.290000915527344,35.849998474121094,29.1299991607666,31.15999984741211,0
20220125,KRW=X,1195.050048828125,1199.699951171875,1193.989990234375,1195.6600341796875,0
20220125,^SOX,3387.93994140625,3432.2099609375,3335.699951171875,3350.85009765625,0
20220125,^TNX,1.7740000486373901,1.7869999408721924,1.7300000190734863,1.7829999923706055,0
20220126,^GSPC,4408.43017578125,4453.22998046875,4304.7998046875,4349.93017578125,5570640000
20220126,^IXIC,13871.76953125,14002.650390625,13392.1904296875,13542.1201171875,5771140000
20220126,^DJI,34520.8203125,34815.671875,33876.48046875,34168.08984375,546330000
20220126,^VIX,29.350000381469727,33.040000915527344,26.899999618530273,31.959999084472656,0
20220126,KRW=X,1196.0999755859375,1198.199951171875,1194.530029296875,1196.0999755859375,0
20220126,^SOX,3447.31005859375,3540.52001953125,3357.110107421875,3407.0,0
20220126,^TNX,1.784999966621399,1.8569999933242798,1.7710000276565552,1.8480000495910645,0
20220127,^GSPC,4380.580078125,4428.740234375,4309.5,4326.509765625,5214200000
20220127,^IXIC,13710.990234375,13765.91015625,13322.66015625,13352.7802734375,5177380000
20220127,^DJI,34261.75,34773.3203125,34007.78125,34160.78125,527780000
20220127,^VIX,32.189998626708984,33.0,28.420000076293945,30.489999771118164,0
20220127,KRW=X,1200.6300048828125,1205.8800048828125,1193.8499755859375,1200.6300048828125,0
20220127,^SOX,3422.909912109375,3422.909912109375,3236.199951171875,3244.0,0
20220127,^TNX,1.8300000429153442,1.8420000076293945,1.781999945640564,1.8070000410079956,0
20220128,^GSPC,4336.18994140625,4432.72021484375,4292.4599609375,4431.85009765625,5031090000
20220128,^IXIC,13436.7099609375,13771.91015625,13236.5595703125,13770.5703125,4971930000
20220128,^DJI,34135.23828125,34731.76953125,33807.51171875,34725.46875,568440000
20220128,^VIX,30.270000457763672,32.81999969482422,27.280000686645508,27.65999984741211,0
20220128,KRW=X,1203.5999755859375,1213.260009765625,1202.75,1203.4599609375,0
20220128,^SOX,3237.489990234375,3304.169921875,3147.47998046875,3303.39990234375,0
20220128,^TNX,1.8339999914169312,1.8480000495910645,1.7769999504089355,1.781999945640564,0
20220131,^GSPC,4431.7900390625,4516.89013671875,4414.02001953125,4515.5498046875,5098610000
20220131,^IXIC,13812.1904296875,14242.900390625,13767.7099609375,14239.8798828125,5124940000
20220131,^DJI,34691.171875,35148.140625,34496.1015625,35131.859375,468070000
20220131,^VIX,28.360000610351562,29.40999984741211,24.709999084472656,24.829999923706055,0
20220131,KRW=X,1208.7099609375,1212.3699951171875,1204.6800537109375,1207.7099609375,0
20220131,^SOX,3332.1298828125,3484.7099609375,3304.8798828125,3483.2099609375,0
20220131,^TNX,1.8029999732971191,1.815999984741211,1.7730000019073486,1.781999945640564,0
20220201,^GSPC,4519.56982421875,4550.490234375,4483.52978515625,4546.5400390625,4816830000
20220201,^IXIC,14277.4296875,14358.6904296875,14070.76953125,14346.0,4671850000
20220201,^DJI,35151.46875,35441.08984375,34977.94921875,35405.23828125,386080000
20220201,^VIX,24.56999969482422,25.329999923706055,21.959999084472656,21.959999084472656,0
20220201,KRW=X,1205.1099853515625,1207.3399658203125,1200.9100341796875,1205.1199951171875,0
20220201,^SOX,3504.659912109375,3515.47998046875,3422.360107421875,3510.860107421875,0
20220201,^TNX,1.75,1.8200000524520874,1.75,1.7999999523162842,0
20220202,^GSPC,4566.39013671875,4595.31005859375,4544.31982421875,4589.3798828125,4481580000
20220202,^IXIC,14494.4697265625,14504.8203125,14264.650390625,14417.5498046875,4673140000
20220202,^DJI,35378.19140625,35679.19921875,35290.12109375,35629.328125,359540000
20220202,^VIX,21.559999465942383,22.729999542236328,20.459999084472656,22.09000015258789,0
20220202,KRW=X,1202.5,1203.780029296875,1198.4100341796875,1202.5,0
20220202,^SOX,3578.419921875,3601.219970703125,3526.9599609375,3597.169921875,0
20220202,^TNX,1.7769999504089355,1.8109999895095825,1.7430000305175781,1.7660000324249268,0
20220203,^GSPC,4535.41015625,4542.8798828125,4470.39013671875,4477.43994140625,4401970000
20220203,^IXIC,14045.830078125,14207.8896484375,13851.740234375,13878.8203125,4326300000
20220203,^DJI,35520.078125,35535.94140625,35071.05859375,35111.16015625,381020000
20220203,^VIX,22.6299991607666,25.809999465942383,22.299999237060547,24.350000381469727,0
20220203,KRW=X,1199.0999755859375,1206.6800537109375,1196.9200439453125,1199.9599609375,0
20220203,^SOX,3510.25,3559.199951171875,3425.18994140625,3432.550048828125,0
20220203,^TNX,1.7979999780654907,1.847000002861023,1.7970000505447388,1.8270000219345093,0
20220204,^GSPC,4482.7900390625,4539.66015625,4451.5,4500.52978515625,4706290000
20220204,^IXIC,13958.48046875,14222.759765625,13850.3896484375,14098.009765625,4121340000
20220204,^DJI,35095.73828125,35333.55078125,34799.078125,35089.73828125,349880000
20220204,^VIX,23.770000457763672,26.260000228881836,22.06999969482422,23.219999313354492,0
20220204,KRW=X,1199.6400146484375,1201.77001953125,1195.22998046875,1200.3299560546875,0
20220204,^SOX,3420.429931640625,3481.659912109375,3374.5,3453.070068359375,0
20220204,^TNX,1.812999963760376,1.9359999895095825,1.809999942779541,1.9299999475479126,0
20220207,^GSPC,4505.75,4521.85986328125,4471.47021484375,4483.8701171875,4228480000
20220207,^IXIC,14118.7900390625,14236.3095703125,13974.099609375,14015.669921875,4268730000
20220207,^DJI,35108.37890625,35325.01171875,34993.98046875,35091.12890625,328910000
20220207,^VIX,24.09000015258789,24.81999969482422,22.020000457763672,22.860000610351562,0
20220207,KRW=X,1197.9200439453125,1200.7099609375,1196.530029296875,1197.0899658203125,0
20220207,^SOX,3470.489990234375,3507.530029296875,3440.25,3452.330078125,0
20220207,^TNX,1.9210000038146973,1.9390000104904175,1.909999966621399,1.9160000085830688,0
20220208,^GSPC,4480.02001953125,4531.31982421875,4465.39990234375,4521.5400390625,4459620000
20220208,^IXIC,13984.4296875,14226.48046875,13934.7802734375,14194.4501953125,4293770000
20220208,^DJI,35160.6796875,35544.890625,35090.421875,35462.78125,319190000
20220208,^VIX,23.09000015258789,23.479999542236328,21.31999969482422,21.440000534057617,0
20220208,KRW=X,1196.6500244140625,1199.949951171875,1195.300048828125,1196.8499755859375,0
20220208,^SOX,3443.199951171875,3545.1298828125,3433.85009765625,3535.1298828125,0
20220208,^TNX,1.9429999589920044,1.9709999561309814,1.9429999589920044,1.9539999961853027,0
20220209,^GSPC,4547.0,4590.02978515625,4547.0,4587.18017578125,4524350000
20220209,^IXIC,14368.16015625,14490.7197265625,14330.8701171875,14490.3701171875,4729730000
20220209,^DJI,35614.8984375,35824.28125,35614.8984375,35768.05859375,333610000
20220209,^VIX,21.270000457763672,21.299999237060547,19.93000030517578,19.959999084472656,0
20220209,KRW=X,1196.030029296875,1196.9300537109375,1192.3699951171875,1196.3599853515625,0
20220209,^SOX,3590.699951171875,3655.280029296875,3543.719970703125,3653.719970703125,0
20220209,^TNX,1.9359999895095825,1.9470000267028809,1.909000039100647,1.9290000200271606,0
20220210,^GSPC,4553.240234375,4588.919921875,4484.31005859375,4504.080078125,5314860000
20220210,^IXIC,14228.6796875,14509.5595703125,14118.2001953125,14185.6396484375,5212510000
20220210,^DJI,35630.80859375,35800.23828125,35100.71875,35241.58984375,411620000
20220210,^VIX,20.3700008392334,24.770000457763672,20.18000030517578,23.90999984741211,0
20220210,KRW=X,1193.18994140625,1198.5999755859375,1192.7900390625,1194.030029296875,0
20220210,^SOX,3569.14990234375,3674.3701171875,3520.52001953125,3536.10009765625,0
20220210,^TNX,1.9290000200271606,2.049999952316284,1.9270000457763672,2.0309998989105225,0
20220211,^GSPC,4506.27001953125,4526.330078125,4401.41015625,4418.64013671875,5251500000
20220211,^IXIC,14213.6201171875,14246.7001953125,13733.16015625,13791.150390625,5237320000
20220211,^DJI,35267.890625,35431.1484375,34620.51953125,34738.05859375,398860000
20220211,^VIX,24.389999389648438,30.989999771118164,23.329999923706055,27.360000610351562,0
20220211,KRW=X,1199.3499755859375,1201.5799560546875,1192.8699951171875,1199.3499755859375,0
20220211,^SOX,3552.72998046875,3568.830078125,3341.780029296875,3365.25,0
20220211,^TNX,2.006999969482422,2.062999963760376,1.934000015258789,1.9550000429153442,0
20220214,^GSPC,4412.60986328125,4426.22021484375,4364.83984375,4401.669921875,4600390000
20220214,^IXIC,13768.9697265625,13921.7099609375,13664.759765625,13790.919921875,4347350000
20220214,^DJI,34694.5,34744.55859375,34304.28125,34566.171875,370320000
20220214,^VIX,29.170000076293945,32.040000915527344,28.329999923706055,28.329999923706055,0
20220214,KRW=X,1198.739990234375,1200.050048828125,1192.4599609375,1199.239990234375,0
20220214,^SOX,3376.1201171875,3433.080078125,3324.550048828125,3370.199951171875,0
20220214,^TNX,1.9630000591278076,2.0260000228881836,1.9550000429153442,1.996000051498413,0
20220215,^GSPC,4429.27978515625,4472.77001953125,4429.27978515625,4471.06982421875,4430830000
20220215,^IXIC,13997.1796875,14142.490234375,13976.2900390625,14139.759765625,4416840000
20220215,^DJI,34686.19140625,35047.7890625,34686.19140625,34988.83984375,305670000
20220215,^VIX,28.09000015258789,28.09000015258789,25.329999923706055,25.700000762939453,0
20220215,KRW=X,1196.5,1200.22998046875,1194.2900390625,1197.3599853515625,0
20220215,^SOX,3439.10009765625,3559.77001953125,3433.0,3554.449951171875,0
20220215,^TNX,2.0329999923706055,2.055999994277954,2.0239999294281006,2.0450000762939453,0
20220216,^GSPC,4455.75,4489.5498046875,4429.68017578125,4475.009765625,4283640000
20220216,^IXIC,14038.919921875,14163.73046875,13931.990234375,14124.08984375,4238560000
20220216,^DJI,34951.828125,35042.08984375,34642.640625,34934.26953125,294410000
20220216,^VIX,25.190000534057617,27.09000015258789,23.8799991607666,24.290000915527344,0
20220216,KRW=X,1196.8299560546875,1198.8399658203125,1194.9100341796875,1196.8299560546875,0
20220216,^SOX,3511.2099609375,3567.0,3480.8701171875,3555.68994140625,0
20220216,^TNX,2.0350000858306885,2.065000057220459,2.006999969482422,2.046999931335449,0
20220217,^GSPC,4456.06005859375,4456.06005859375,4373.81005859375,4380.259765625,4539420000
20220217,^IXIC,14004.1904296875,14020.8203125,13704.7001953125,13716.7197265625,4278370000
20220217,^DJI,34858.46875,34858.46875,34246.23046875,34312.03125,348720000
20220217,^VIX,24.829999923706055,28.3700008392334,24.760000228881836,28.110000610351562,0
20220217,KRW=X,1196.75,1201.199951171875,1193.6300048828125,1196.75,0
20220217,^SOX,3509.090087890625,3512.0400390625,3420.85009765625,3422.60009765625,0
20220217,^TNX,2.002000093460083,2.0139999389648438,1.9529999494552612,1.972000002861023,0
20220218,^GSPC,4384.56982421875,4394.60009765625,4327.22021484375,4348.8701171875,4708060000
20220218,^IXIC,13735.400390625,13762.400390625,13465.5595703125,13548.0703125,4501940000
20220218,^DJI,34310.44921875,34423.578125,33976.1796875,34079.1796875,414080000
20220218,^VIX,26.65999984741211,29.709999084472656,26.3799991607666,27.75,0
20220218,KRW=X,1197.8499755859375,1198.93994140625,1191.989990234375,1198.6600341796875,0
20220218,^SOX,3429.419921875,3432.3798828125,3336.0,3384.300048828125,0
20220218,^TNX,1.9600000381469727,1.9600000381469727,1.9179999828338623,1.9320000410079956,0
20220221,KRW=X,1198.199951171875,1198.300048828125,1189.1500244140625,1195.0699462890625,0
20220222,^GSPC,4332.740234375,4362.1201171875,4267.10986328125,4304.759765625,5121900000
20220222,^IXIC,13424.3603515625,13618.7197265625,13249.650390625,13381.51953125,4849170000
20220222,^DJI,33974.08984375,34024.73828125,33364.2890625,33596.609375,432090000
20220222,^VIX,31.799999237060547,32.040000915527344,28.399999618530273,28.809999465942383,0
20220222,KRW=X,1193.75,1195.9599609375,1190.6500244140625,1194.6800537109375,0
20220222,^SOX,3347.219970703125,3436.280029296875,3307.31005859375,3356.070068359375,0
20220222,^TNX,1.944000005722046,1.9600000381469727,1.9199999570846558,1.9479999542236328,0
20220223,^GSPC,4324.93017578125,4341.509765625,4221.509765625,4225.5,4797430000
20220223,^IXIC,13511.75,13533.7802734375,13032.169921875,13037.490234375,4639330000
20220223,^DJI,33680.96875,33832.58984375,33084.8984375,33131.76171875,370600000
20220223,^VIX,28.040000915527344,31.06999969482422,27.200000762939453,31.020000457763672,0
20220223,KRW=X,1191.9100341796875,1193.8299560546875,1188.949951171875,1192.6800537109375,0
20220223,^SOX,3402.830078125,3430.090087890625,3273.06005859375,3277.800048828125,0
20220223,^TNX,1.9809999465942383,2.0,1.9550000429153442,1.9769999980926514,0
20220224,^GSPC,4155.77001953125,4294.72998046875,4114.64990234375,4288.7001953125,6752130000
20220224,^IXIC,12587.8798828125,13486.1103515625,12587.8798828125,13473.58984375,6180200000
20220224,^DJI,32830.328125,33269.33984375,32272.640625,33223.828125,590850000
20220224,^VIX,37.5,37.790000915527344,29.450000762939453,30.31999969482422,0
20220224,KRW=X,1191.530029296875,1210.97998046875,1191.530029296875,1192.4000244140625,0
20220224,^SOX,3156.840087890625,3404.2099609375,3152.679931640625,3399.159912109375,0
20220224,^TNX,1.8819999694824219,1.968999981880188,1.8559999465942383,1.968999981880188,0
20220225,^GSPC,4298.3798828125,4385.33984375,4286.830078125,4384.64990234375,5177060000
20220225,^IXIC,13485.259765625,13696.8603515625,13358.2900390625,13694.6201171875,4628720000
20220225,^DJI,33277.21875,34095.73828125,33277.21875,34058.75,417630000
20220225,^VIX,31.68000030517578,32.0,26.93000030517578,27.59000015258789,0
20220225,KRW=X,1206.0,1206.0,1197.3900146484375,1206.0,0
20220225,^SOX,3390.9599609375,3454.919921875,3351.929931640625,3452.669921875,0
20220225,^TNX,1.9980000257492065,2.010999917984009,1.9630000591278076,1.9859999418258667,0
20220228,^GSPC,4354.169921875,4388.83984375,4315.1201171875,4373.93994140625,6071370000
20220228,^IXIC,13570.830078125,13810.6396484375,13549.900390625,13751.400390625,5928130000
20220228,^DJI,33870.62109375,33963.62890625,33469.30859375,33892.6015625,443460000
20220228,^VIX,32.439998626708984,33.5099983215332,28.43000030517578,30.149999618530273,0
20220228,KRW=X,1205.4000244140625,1208.72998046875,1199.0,1197.5899658203125,0
20220228,^SOX,3415.39990234375,3460.800048828125,3364.080078125,3429.530029296875,0
20220228,^TNX,1.9170000553131104,1.9199999570846558,1.8389999866485596,1.8389999866485596,0
20220301,^GSPC,4363.14013671875,4378.4501953125,4279.5400390625,4306.259765625,5846230000
20220301,^IXIC,13716.7001953125,13777.0400390625,13441.3203125,13532.4599609375,6131350000
20220301,^DJI,33813.48046875,33870.140625,33107.671875,33294.94921875,438730000
20220301,^VIX,29.450000762939453,35.189998626708984,29.440000534057617,33.31999969482422,0
20220301,KRW=X,1200.9300537109375,1204.7099609375,1196.6500244140625,1200.9300537109375,0
20220301,^SOX,3419.52001953125,3435.080078125,3274.31005859375,3304.85009765625,0
20220301,^TNX,1.7339999675750732,1.7940000295639038,1.6820000410079956,1.7070000171661377,0
20220302,^GSPC,4322.56005859375,4401.47998046875,4322.56005859375,4386.5400390625,5337870000
20220302,^IXIC,13597.5302734375,13796.5498046875,13493.91015625,13752.01953125,5246390000
20220302,^DJI,33379.51171875,34013.671875,33379.51171875,33891.3515625,400920000
20220302,^VIX,34.20000076293945,34.40999984741211,30.1200008392334,30.739999771118164,0
20220302,KRW=X,1204.4000244140625,1208.7099609375,1201.469970703125,1205.3699951171875,0
20220302,^SOX,3335.580078125,3436.070068359375,3330.6201171875,3416.159912109375,0
20220302,^TNX,1.7769999504089355,1.8680000305175781,1.7599999904632568,1.8650000095367432,0
20220303,^GSPC,4401.31005859375,4416.77978515625,4345.56005859375,4363.490234375,5039890000
20220303,^IXIC,13837.58984375,13837.58984375,13472.6396484375,13537.9404296875,5092580000
20220303,^DJI,33972.87109375,34179.0703125,33641.53125,33794.66015625,369740000
20220303,^VIX,30.520000457763672,32.0099983215332,29.309999465942383,30.479999542236328,0
20220303,KRW=X,1202.300048828125,1208.7099609375,1201.5699462890625,1203.1500244140625,0
20220303,^SOX,3424.02001953125,3425.590087890625,3322.699951171875,3339.760009765625,0
20220303,^TNX,1.847000002861023,1.8969999551773071,1.8300000429153442,1.843999981880188,0
20220304,^GSPC,4342.1201171875,4342.1201171875,4284.97998046875,4328.8701171875,5797380000
20220304,^IXIC,13455.23046875,13486.7099609375,13224.98046875,13313.4404296875,5343900000
20220304,^DJI,33655.4296875,33655.4296875,33254.12109375,33614.80078125,408390000
20220304,^VIX,31.899999618530273,34.650001525878906,31.469999313354492,31.979999542236328,0
20220304,KRW=X,1205.989990234375,1219.780029296875,1205.989990234375,1205.989990234375,0
20220304,^SOX,3314.93994140625,3337.739990234375,3220.409912109375,3258.919921875,0
20220304,^TNX,1.7940000295639038,1.815999984741211,1.7000000476837158,1.7239999771118164,0
20220307,^GSPC,4327.009765625,4327.009765625,4199.85009765625,4201.08984375,6940470000
20220307,^IXIC,13328.3603515625,13353.2802734375,12828.01953125,12830.9599609375,6195370000
20220307,^DJI,33579.75,33579.75,32806.1484375,32817.37890625,488400000
20220307,^VIX,35.880001068115234,36.54999923706055,32.59000015258789,36.45000076293945,0
20220307,KRW=X,1222.800048828125,1233.06005859375,1222.1800537109375,1216.7099609375,0
20220307,^SOX,3273.070068359375,3285.679931640625,3097.760009765625,3098.929931640625,0
20220307,^TNX,1.7730000019073486,1.805999994277954,1.718999981880188,1.7510000467300415,0
20220308,^GSPC,4202.66015625,4276.93994140625,4157.8701171875,4170.7001953125,7243120000
20220308,^IXIC,12800.0400390625,13159.4404296875,12670.080078125,12795.5498046875,6683960000
20220308,^DJI,32885.171875,33402.98046875,32578.73046875,32632.640625,553750000
20220308,^VIX,36.189998626708984,37.52000045776367,32.779998779296875,35.130001068115234,0
20220308,KRW=X,1232.300048828125,1238.7900390625,1230.3399658203125,1232.300048828125,0
20220308,^SOX,3110.169921875,3268.47998046875,3067.52001953125,3156.8701171875,0
20220308,^TNX,1.8509999513626099,1.8769999742507935,1.8350000381469727,1.871999979019165,0
20220309,^GSPC,4223.10009765625,4299.39990234375,4223.10009765625,4277.8798828125,5662670000
20220309,^IXIC,13113.7001953125,13301.16015625,13039.7900390625,13255.5498046875,5396550000
20220309,^DJI,32860.421875,33457.28125,32860.421875,33286.25,418670000
20220309,^VIX,33.7400016784668,34.119998931884766,31.389999389648438,32.45000076293945,0
20220309,KRW=X,1233.0999755859375,1235.52001953125,1222.8599853515625,1233.1099853515625,0
20220309,^SOX,3261.219970703125,3303.6298828125,3223.39990234375,3282.179931640625,0
20220309,^TNX,1.9110000133514404,1.9500000476837158,1.8919999599456787,1.9479999542236328,0
20220310,^GSPC,4252.5498046875,4268.27978515625,4209.7998046875,4259.52001953125,4980830000
20220310,^IXIC,13098.349609375,13163.5,12946.2802734375,13129.9599609375,5071250000
20220310,^DJI,33106.76953125,33236.58984375,32819.76171875,33174.0703125,399480000
20220310,^VIX,33.029998779296875,34.029998779296875,30.229999542236328,30.229999542236328,0
20220310,KRW=X,1221.280029296875,1231.1099853515625,1221.280029296875,1223.22998046875,0
20220310,^SOX,3222.330078125,3223.330078125,3151.6201171875,3211.070068359375,0
20220310,^TNX,1.9739999771118164,2.0209999084472656,1.9459999799728394,2.010999917984009,0
20220311,^GSPC,4279.5,4291.009765625,4200.490234375,4204.31005859375,4938640000
20220311,^IXIC,13229.76953125,13239.349609375,12830.3701171875,12843.8095703125,5288210000
20220311,^DJI,33279.71875,33515.609375,32911.890625,32944.19140625,369480000
20220311,^VIX,30.43000030517578,31.040000915527344,28.84000015258789,30.75,0
20220311,KRW=X,1227.75,1236.3800048828125,1219.1600341796875,1228.5999755859375,0
20220311,^SOX,3259.72998046875,3266.340087890625,3139.610107421875,3144.14990234375,0
20220311,^TNX,2.010999917984009,2.0199999809265137,1.9759999513626099,2.003999948501587,0
20220314,^GSPC,4202.75,4247.56982421875,4161.72021484375,4173.10986328125,5574920000
20220314,^IXIC,12795.1201171875,12918.009765625,12555.349609375,12581.2197265625,5876710000
20220314,^DJI,33000.37109375,33395.58984375,32818.16015625,32945.23828125,394940000
20220314,^VIX,31.030000686645508,33.18000030517578,30.059999465942383,31.770000457763672,0
20220314,KRW=X,1235.22998046875,1242.1500244140625,1234.8800048828125,1236.8900146484375,0
20220314,^SOX,3140.22998046875,3150.030029296875,3030.070068359375,3047.5,0
20220314,^TNX,2.078000068664551,2.140000104904175,2.069000005722046,2.140000104904175,0
20220315,^GSPC,4188.81982421875,4271.0498046875,4187.89990234375,4262.4501953125,5392470000
20220315,^IXIC,12685.23046875,12973.8798828125,12616.58984375,12948.6201171875,5440100000
20220315,^DJI,32989.26953125,33620.83984375,32989.26953125,33544.33984375,388810000
20220315,^VIX,33.130001068115234,33.83000183105469,29.56999969482422,29.829999923706055,0
20220315,KRW=X,1240.77001953125,1247.1800537109375,1238.8800048828125,1242.050048828125,0
20220315,^SOX,3073.77001953125,3186.60009765625,3057.77001953125,3180.239990234375,0
20220315,^TNX,2.11899995803833,2.1619999408721924,2.078000068664551,2.1600000858306885,0
20220316,^GSPC,4288.14013671875,4358.89990234375,4251.990234375,4357.85986328125,6309750000
20220316,^IXIC,13119.3701171875,13440.1201171875,12992.2001953125,13436.5498046875,6552210000
20220316,^DJI,33653.9296875,34075.94140625,33391.23828125,34063.1015625,427400000
20220316,^VIX,29.020000457763672,29.799999237060547,26.290000915527344,26.670000076293945,0
20220316,KRW=X,1241.6800537109375,1243.800048828125,1226.239990234375,1241.6800537109375,0
20220316,^SOX,3232.97998046875,3340.85009765625,3202.3701171875,3340.070068359375,0
20220316,^TNX,2.1689999103546143,2.246000051498413,2.1489999294281006,2.187999963760376,0
20220317,^GSPC,4345.10986328125,4412.669921875,4335.64990234375,4411.669921875,4985090000
20220317,^IXIC,13360.7197265625,13620.7998046875,13317.1396484375,13614.7802734375,5612090000
20220317,^DJI,33995.390625,34483.921875,33896.05859375,34480.76171875,339470000
20220317,^VIX,26.510000228881836,27.469999313354492,25.25,25.670000076293945,0
20220317,KRW=X,1222.1600341796875,1227.1300048828125,1207.4599609375,1223.0,0
20220317,^SOX,3298.469970703125,3365.1298828125,3280.659912109375,3364.550048828125,0
20220317,^TNX,2.1419999599456787,2.194000005722046,2.134999990463257,2.191999912261963,0
20220318,^GSPC,4407.33984375,4465.39990234375,4390.56982421875,4463.1201171875,8278430000
20220318,^IXIC,13564.6298828125,13899.2802734375,13528.0595703125,13893.83984375,8149290000
20220318,^DJI,34466.71875,34755.19921875,34279.828125,34754.9296875,615420000
20220318,^VIX,26.360000610351562,26.81999969482422,23.850000381469727,23.8700008392334,0
20220318,KRW=X,1209.739990234375,1216.8599853515625,1206.3399658203125,1210.3299560546875,0
20220318,^SOX,3338.0,3443.679931640625,3324.719970703125,3432.300048828125,0
20220318,^TNX,2.1510000228881836,2.177999973297119,2.13700008392334,2.1480000019073486,0
20220321,^GSPC,4462.39990234375,4481.75,4424.2998046875,4461.18017578125,4869820000
20220321,^IXIC,13860.3896484375,13945.8095703125,13682.5498046875,13838.4599609375,5673940000
20220321,^DJI,34669.8515625,34808.28125,34341.80859375,34552.98828125,408490000
20220321,^VIX,25.139999389648438,25.360000610351562,22.989999771118164,23.530000686645508,0
20220321,KRW=X,1211.699951171875,1217.1099853515625,1210.1400146484375,1210.3699951171875,0
20220321,^SOX,3413.659912109375,3450.4599609375,3365.25,3423.239990234375,0
20220321,^TNX,2.2070000171661377,2.315000057220459,2.2070000171661377,2.315000057220459,0
20220322,^GSPC,4469.10009765625,4522.0,4469.10009765625,4511.60986328125,4754840000
20220322,^IXIC,13866.4296875,14141.0703125,13857.2900390625,14108.8203125,5445100000
20220322,^DJI,34583.23828125,34882.03125,34583.23828125,34807.4609375,368550000
20220322,^VIX,24.020000457763672,24.020000457763672,22.700000762939453,22.940000534057617,0
20220322,KRW=X,1218.1300048828125,1223.6099853515625,1213.81005859375,1219.780029296875,0
20220322,^SOX,3421.93994140625,3485.22998046875,3417.110107421875,3445.85009765625,0
20220322,^TNX,2.3550000190734863,2.390000104904175,2.3329999446868896,2.372999906539917,0
20220323,^GSPC,4493.10009765625,4501.06982421875,4455.81005859375,4456.240234375,4550670000
20220323,^IXIC,13990.349609375,14152.1396484375,13921.650390625,13922.599609375,5024230000
20220323,^DJI,34748.83984375,34748.83984375,34352.9609375,34358.5,347880000
20220323,^VIX,23.040000915527344,24.030000686645508,22.639999389648438,23.56999969482422,0
20220323,KRW=X,1214.030029296875,1219.1400146484375,1210.449951171875,1214.949951171875,0
20220323,^SOX,3411.679931640625,3457.25,3359.3798828125,3360.320068359375,0
20220323,^TNX,2.374000072479248,2.3949999809265137,2.2990000247955322,2.321000099182129,0
20220324,^GSPC,4469.97998046875,4520.580078125,4465.169921875,4520.16015625,4131390000
20220324,^IXIC,14001.3203125,14193.5498046875,13897.2001953125,14191.83984375,5149520000
20220324,^DJI,34406.80859375,34713.55859375,34355.421875,34707.94140625,324870000
20220324,^VIX,23.610000610351562,23.790000915527344,21.489999771118164,21.670000076293945,0
20220324,KRW=X,1217.300048828125,1224.93994140625,1216.7900390625,1218.010009765625,0
20220324,^SOX,3398.010009765625,3533.580078125,3384.300048828125,3532.719970703125,0
20220324,^TNX,2.368000030517578,2.385999917984009,2.3259999752044678,2.3410000801086426,0
20220325,^GSPC,4522.91015625,4546.02978515625,4501.06982421875,4543.06005859375,4305020000
20220325,^IXIC,14194.7197265625,14218.759765625,14010.7900390625,14169.2998046875,5585100000
20220325,^DJI,34702.390625,34942.69921875,34631.51953125,34861.23828125,285440000
20220325,^VIX,21.8700008392334,22.860000610351562,20.799999237060547,20.809999465942383,0
20220325,KRW=X,1217.550048828125,1224.81005859375,1215.6300048828125,1217.550048828125,0
20220325,^SOX,3525.9599609375,3535.409912109375,3466.989990234375,3525.340087890625,0
20220325,^TNX,2.3589999675750732,2.503000020980835,2.3540000915527344,2.492000102996826,0
20220328,^GSPC,4541.08984375,4575.64990234375,4517.68994140625,4575.52001953125,4312260000
20220328,^IXIC,14177.2099609375,14356.0,14101.33984375,14354.900390625,5129500000
20220328,^DJI,34833.03125,34957.9296875,34552.23046875,34955.890625,299790000
20220328,^VIX,22.139999389648438,23.329999923706055,19.540000915527344,19.6299991607666,0
20220328,KRW=X,1224.3800048828125,1227.6099853515625,1221.4200439453125,1224.3800048828125,0
20220328,^SOX,3501.7900390625,3548.5400390625,3450.93994140625,3547.169921875,0
20220328,^TNX,2.4639999866485596,2.4809999465942383,2.4140000343322754,2.4769999980926514,0
20220329,^GSPC,4602.85986328125,4637.2998046875,4589.66015625,4631.60009765625,5085910000
20220329,^IXIC,14500.3896484375,14646.900390625,14419.400390625,14619.6396484375,6060890000
20220329,^DJI,35114.3515625,35372.26171875,35030.0703125,35294.19140625,355050000
20220329,^VIX,19.700000762939453,19.729999542236328,18.670000076293945,18.899999618530273,0
20220329,KRW=X,1223.6600341796875,1223.6600341796875,1207.72998046875,1223.6600341796875,0
20220329,^SOX,3601.3701171875,3633.139892578125,3557.659912109375,3625.580078125,0
20220329,^TNX,2.496000051498413,2.496000051498413,2.380000114440918,2.4000000953674316,0
20220330,^GSPC,4624.2001953125,4627.77001953125,4581.31982421875,4602.4501953125,4385570000
20220330,^IXIC,14558.58984375,14609.25,14383.4501953125,14442.26953125,5479200000
20220330,^DJI,35273.62890625,35361.359375,35058.578125,35228.80859375,317320000
20220330,^VIX,19.3799991607666,20.510000228881836,18.719999313354492,19.329999923706055,0
20220330,KRW=X,1209.1300048828125,1212.75,1206.4200439453125,1209.1300048828125,0
20220330,^SOX,3605.260009765625,3611.199951171875,3493.68994140625,3508.6201171875,0
20220330,^TNX,2.4019999504089355,2.434999942779541,2.3450000286102295,2.3580000400543213,0
20220331,^GSPC,4599.02001953125,4603.06982421875,4530.41015625,4530.41015625,4823020000
20220331,^IXIC,14444.7802734375,14456.740234375,14217.7197265625,14220.51953125,5453890000
20220331,^DJI,35201.51953125,35201.51953125,34677.98828125,34678.3515625,433400000
20220331,^VIX,19.68000030517578,21.479999542236328,19.540000915527344,20.559999465942383,0
20220331,KRW=X,1210.43994140625,1214.8499755859375,1204.6500244140625,1210.43994140625,0
20220331,^SOX,3503.739990234375,3523.699951171875,3427.469970703125,3429.0,0
20220331,^TNX,2.322000026702881,2.3510000705718994,2.311000108718872,2.3269999027252197,0
20220401,^GSPC,4540.31982421875,4548.7001953125,4507.56982421875,4545.85986328125,4562940000
20220401,^IXIC,14269.5302734375,14306.9404296875,14131.8095703125,14261.5,5002790000
20220401,^DJI,34740.890625,34847.91015625,34538.25,34818.26953125,340400000
20220401,^VIX,20.6200008392334,20.860000610351562,19.40999984741211,19.6299991607666,0
20220401,KRW=X,1214.5,1219.800048828125,1213.449951171875,1214.5,0
20220401,^SOX,3454.070068359375,3455.800048828125,3317.8798828125,3366.639892578125,0
20220401,^TNX,2.4040000438690186,2.4560000896453857,2.3570001125335693,2.377000093460083,0
20220404,^GSPC,4547.97021484375,4583.5,4539.2099609375,4582.64013671875,4547350000
20220404,^IXIC,14304.349609375,14534.3798828125,14286.4501953125,14532.5498046875,4630100000
20220404,^DJI,34799.98046875,34940.78125,34615.37890625,34921.87890625,316570000
20220404,^VIX,20.75,20.780000686645508,18.450000762939453,18.56999969482422,0
20220404,KRW=X,1218.780029296875,1218.949951171875,1211.969970703125,1218.780029296875,0
20220404,^SOX,3380.610107421875,3428.659912109375,3368.35009765625,3424.949951171875,0
20220404,^TNX,2.4040000438690186,2.434000015258789,2.371000051498413,2.4119999408721924,0
20220405,^GSPC,4572.4501953125,4593.4501953125,4514.169921875,4525.1201171875,4800620000
20220405,^IXIC,14490.259765625,14500.2900390625,14169.1201171875,14204.169921875,4727710000
20220405,^DJI,34876.328125,35112.2109375,34566.0390625,34641.1796875,304010000
20220405,^VIX,18.790000915527344,21.56999969482422,18.549999237060547,21.030000686645508,0
20220405,KRW=X,1213.9000244140625,1217.5899658203125,1209.4599609375,1213.9000244140625,0
20220405,^SOX,3396.449951171875,3400.590087890625,3264.3798828125,3269.820068359375,0
20220405,^TNX,2.4800000190734863,2.566999912261963,2.447000026702881,2.555999994277954,0
20220406,^GSPC,4494.169921875,4503.93994140625,4450.0400390625,4481.14990234375,4986830000
20220406,^IXIC,14002.580078125,14032.83984375,13788.900390625,13888.8203125,5360420000
20220406,^DJI,34520.33984375,34609.83984375,34277.171875,34496.51171875,386250000
20220406,^VIX,21.270000457763672,24.780000686645508,21.239999771118164,22.100000381469727,0
20220406,KRW=X,1218.75,1221.81005859375,1215.489990234375,1218.75,0
20220406,^SOX,3197.989990234375,3246.8798828125,3164.989990234375,3193.9599609375,0
20220406,^TNX,2.628000020980835,2.6410000324249268,2.568000078201294,2.6089999675750732,0
20220407,^GSPC,4474.64990234375,4521.16015625,4450.2998046875,4500.2099609375,4821490000
20220407,^IXIC,13861.490234375,13978.25,13689.23046875,13897.2998046875,4856090000
20220407,^DJI,34439.23828125,34705.828125,34190.94921875,34583.5703125,319870000
20220407,^VIX,21.969999313354492,23.81999969482422,21.1200008392334,21.549999237060547,0
20220407,KRW=X,1217.5999755859375,1222.47998046875,1215.8299560546875,1217.5999755859375,0
20220407,^SOX,3188.89990234375,3226.7900390625,3134.3701171875,3197.43994140625,0
20220407,^TNX,2.630000114440918,2.6730000972747803,2.6089999675750732,2.6519999504089355,0
20220408,^GSPC,4494.14990234375,4520.41015625,4474.60009765625,4488.27978515625,4083200000
20220408,^IXIC,13830.4697265625,13866.0595703125,13693.6904296875,13711.0,4574080000
20220408,^DJI,34569.23828125,34908.4609375,34470.19140625,34721.12109375,301750000
20220408,^VIX,21.25,22.34000015258789,20.280000686645508,21.15999984741211,0
20220408,KRW=X,1222.6600341796875,1231.1300048828125,1220.6500244140625,1222.6600341796875,0
20220408,^SOX,3164.93994140625,3173.530029296875,3116.669921875,3120.159912109375,0
20220408,^TNX,2.688999891281128,2.7279999256134033,2.6679999828338623,2.7130000591278076,0
20220411,^GSPC,4462.64013671875,4464.35009765625,4408.3798828125,4412.52978515625,4266290000
20220411,^IXIC,13547.2900390625,13585.080078125,13401.3896484375,13411.9599609375,4946680000
20220411,^DJI,34630.26953125,34701.33984375,34272.2890625,34308.078125,333290000
20220411,^VIX,23.09000015258789,24.420000076293945,22.09000015258789,24.3700008392334,0
20220411,KRW=X,1228.239990234375,1234.93994140625,1228.199951171875,1228.239990234375,0
20220411,^SOX,3067.97998046875,3099.419921875,3052.139892578125,3055.090087890625,0
20220411,^TNX,2.7690000534057617,2.7920000553131104,2.7339999675750732,2.7799999713897705,0
20220412,^GSPC,4437.58984375,4471.0,4381.33984375,4397.4501953125,4152090000
20220412,^IXIC,13584.6904296875,13685.9501953125,13317.740234375,13371.5703125,4991720000
20220412,^DJI,34412.51171875,34669.96875,34102.80859375,34220.359375,333510000
20220412,^VIX,24.940000534057617,25.3799991607666,22.270000457763672,24.260000228881836,0
20220412,KRW=X,1235.050048828125,1238.1800537109375,1223.68994140625,1235.050048828125,0
20220412,^SOX,3124.320068359375,3145.75,3035.93994140625,3047.469970703125,0
20220412,^TNX,2.760999917984009,2.7709999084472656,2.6740000247955322,2.7249999046325684,0
20220413,^GSPC,4394.2998046875,4453.919921875,4392.7001953125,4446.58984375,3828150000
20220413,^IXIC,13373.1201171875,13679.4296875,13353.66015625,13643.58984375,4909720000
20220413,^DJI,34166.640625,34598.359375,34140.640625,34564.58984375,313630000
20220413,^VIX,23.520000457763672,24.450000762939453,21.3700008392334,21.81999969482422,0
20220413,KRW=X,1228.5999755859375,1231.010009765625,1222.6099853515625,1228.5999755859375,0
20220413,^SOX,3065.25,3136.639892578125,3053.639892578125,3119.320068359375,0
20220413,^TNX,2.746000051498413,2.760999917984009,2.6459999084472656,2.687000036239624,0
20220414,^GSPC,4449.1201171875,4460.4599609375,4390.77001953125,4392.58984375,4083090000
20220414,^IXIC,13647.4296875,13662.9296875,13345.2197265625,13351.080078125,4642240000
20220414,^DJI,34628.4609375,34889.171875,34437.5,34451.23046875,353680000
20220414,^VIX,21.719999313354492,22.700000762939453,20.850000381469727,22.700000762939453,0
20220414,KRW=X,1223.1199951171875,1230.43994140625,1221.699951171875,1223.1199951171875,0
20220414,^SOX,3131.419921875,3132.610107421875,3026.77001953125,3028.219970703125,0
20220414,^TNX,2.6670000553131104,2.8350000381469727,2.6670000553131104,2.828000068664551,0
20220415,KRW=X,1230.0999755859375,1231.9000244140625,1226.75,1230.0999755859375,0
20220418,^GSPC,4385.6298828125,4410.31005859375,4370.2998046875,4391.68994140625,3910490000
20220418,^IXIC,13319.3896484375,13414.26953125,13222.0302734375,13332.3603515625,4365230000
20220418,^DJI,34411.48828125,34618.2890625,34279.078125,34411.69140625,264110000
20220418,^VIX,24.520000457763672,24.600000381469727,21.979999542236328,22.170000076293945,0
20220418,KRW=X,1228.0899658203125,1235.5,1228.0899658203125,1228.0899658203125,0
20220418,^SOX,3017.9599609375,3110.030029296875,3017.9599609375,3085.18994140625,0
20220418,^TNX,2.861999988555908,2.868000030517578,2.809999942779541,2.861999988555908,0
20220419,^GSPC,4390.6298828125,4471.02978515625,4390.6298828125,4462.2099609375,4108120000
20220419,^IXIC,13312.4404296875,13643.9697265625,13281.2197265625,13619.66015625,4562840000
20220419,^DJI,34394.62109375,34983.109375,34394.62109375,34911.19921875,296350000
20220419,^VIX,22.549999237060547,22.920000076293945,20.360000610351562,21.3700008392334,0
20220419,KRW=X,1235.3499755859375,1242.1800537109375,1232.4000244140625,1235.3499755859375,0
20220419,^SOX,3073.320068359375,3157.52001953125,3057.429931640625,3153.22998046875,0
20220419,^TNX,2.880000114440918,2.930000066757202,2.880000114440918,2.9130001068115234,0
20220420,^GSPC,4472.259765625,4488.2900390625,4448.759765625,4459.4501953125,4290450000
20220420,^IXIC,13665.3798828125,13678.5498046875,13426.1298828125,13453.0703125,4678930000
20220420,^DJI,34962.671875,35315.3984375,34962.671875,35160.7890625,337620000
20220420,^VIX,21.1299991607666,21.31999969482422,19.75,20.31999969482422,0
20220420,KRW=X,1239.5999755859375,1241.06005859375,1231.6300048828125,1239.5999755859375,0
20220420,^SOX,3205.679931640625,3227.179931640625,3135.449951171875,3142.199951171875,0
20220420,^TNX,2.880000114440918,2.9030001163482666,2.819000005722046,2.8399999141693115,0
20220421,^GSPC,4489.169921875,4512.93994140625,4384.47021484375,4393.66015625,4636890000
20220421,^IXIC,13623.7001953125,13710.7001953125,13140.830078125,13174.650390625,5233110000
20220421,^DJI,35258.80078125,35492.21875,34723.8203125,34792.76171875,366390000
20220421,^VIX,20.239999771118164,23.280000686645508,19.809999465942383,22.68000030517578,0
20220421,KRW=X,1234.0899658203125,1242.77001953125,1232.8399658203125,1234.0899658203125,0
20220421,^SOX,3185.820068359375,3216.7900390625,3046.68994140625,3058.739990234375,0
20220421,^TNX,2.8540000915527344,2.9539999961853027,2.8459999561309814,2.9170000553131104,0
20220422,^GSPC,4385.830078125,4385.830078125,4267.6201171875,4271.77978515625,4651940000
20220422,^IXIC,13168.7998046875,13212.599609375,12828.01953125,12839.2900390625,4475090000
20220422,^DJI,34727.37890625,34727.37890625,33773.390625,33811.3984375,373280000
20220422,^VIX,22.709999084472656,28.270000457763672,22.6200008392334,28.209999084472656,0
20220422,KRW=X,1242.489990234375,1246.530029296875,1238.0799560546875,1242.489990234375,0
20220422,^SOX,3054.6201171875,3069.52001953125,2988.419921875,2989.830078125,0
20220422,^TNX,2.934000015258789,2.937999963760376,2.864000082015991,2.9059998989105225,0
20220425,^GSPC,4255.33984375,4299.02001953125,4200.81982421875,4296.1201171875,5240040000
20220425,^IXIC,12749.169921875,13011.4501953125,12722.58984375,13004.849609375,4845160000
20220425,^DJI,33731.6484375,34106.01171875,33323.37109375,34049.4609375,416900000
20220425,^VIX,30.040000915527344,31.600000381469727,26.799999237060547,27.020000457763672,0
20220425,KRW=X,1243.1600341796875,1253.5999755859375,1242.6199951171875,1243.1600341796875,0
20220425,^SOX,2964.60009765625,3045.679931640625,2964.570068359375,3042.389892578125,0
20220425,^TNX,2.8369998931884766,2.8429999351501465,2.759999990463257,2.8259999752044678,0
20220426,^GSPC,4278.14013671875,4278.14013671875,4175.0400390625,4175.2001953125,4689970000
20220426,^IXIC,12918.0400390625,12918.0400390625,12490.740234375,12490.740234375,5168160000
20220426,^DJI,33907.48828125,33909.51171875,33230.94921875,33240.1796875,400020000
20220426,^VIX,27.3799991607666,33.810001373291016,27.059999465942383,33.52000045776367,0
20220426,KRW=X,1249.2099609375,1260.3399658203125,1236.22998046875,1249.2099609375,0
20220426,^SOX,3006.909912109375,3006.909912109375,2908.1298828125,2909.1201171875,0
20220426,^TNX,2.760999917984009,2.7820000648498535,2.7239999771118164,2.7720000743865967,0
20220427,^GSPC,4186.52001953125,4240.7099609375,4162.89990234375,4183.9599609375,4769680000
20220427,^IXIC,12500.8798828125,12703.7900390625,12430.900390625,12488.9296875,4810720000
20220427,^DJI,33450.921875,33697.1796875,33108.890625,33301.9296875,447230000
20220427,^VIX,31.110000610351562,32.77000045776367,29.81999969482422,31.600000381469727,0
20220427,KRW=X,1260.7099609375,1270.25,1259.699951171875,1260.7099609375,0
20220427,^SOX,2879.760009765625,2964.469970703125,2875.3701171875,2894.909912109375,0
20220427,^TNX,2.753000020980835,2.819999933242798,2.7300000190734863,2.818000078201294,0
20220428,^GSPC,4222.580078125,4308.4501953125,4188.6298828125,4287.5,4854180000
20220428,^IXIC,12712.8603515625,12948.51953125,12487.8603515625,12871.5302734375,5067150000
20220428,^DJI,33425.9609375,34054.7890625,33248.4609375,33916.390625,440380000
20220428,^VIX,29.90999984741211,32.0,28.0,29.989999771118164,0
20220428,KRW=X,1266.280029296875,1276.81005859375,1263.8199462890625,1266.280029296875,0
20220428,^SOX,2968.449951171875,3087.0400390625,2919.5,3056.360107421875,0
20220428,^TNX,2.867000102996826,2.888000011444092,2.8359999656677246,2.86299991607666,0
20220429,^GSPC,4253.75,4269.68017578125,4124.27978515625,4131.93017578125,5084030000
20220429,^IXIC,12710.419921875,12861.830078125,12315.740234375,12334.6396484375,4733070000
20220429,^DJI,33787.01171875,33919.58984375,32913.1484375,32977.2109375,501560000
20220429,^VIX,28.969999313354492,34.34000015258789,28.540000915527344,33.400001525878906,0
20220429,KRW=X,1272.2900390625,1271.530029296875,1254.6700439453125,1272.2900390625,0
20220429,^SOX,3006.489990234375,3065.719970703125,2916.1201171875,2919.739990234375,0
20220429,^TNX,2.8540000915527344,2.934000015258789,2.8540000915527344,2.88700008392334,0
20220502,^GSPC,4130.60986328125,4169.81005859375,4062.510009765625,4155.3798828125,5163790000
20220502,^IXIC,12331.6904296875,12542.5400390625,12202.41015625,12536.01953125,4918240000
20220502,^DJI,32978.48828125,33224.94921875,32449.869140625,33061.5,453390000
20220502,^VIX,33.349998474121094,36.63999938964844,31.739999771118164,32.34000015258789,0
20220502,KRW=X,1262.530029296875,1268.7099609375,1262.25,1262.530029296875,0
20220502,^SOX,2935.9599609375,3024.7900390625,2905.43994140625,3022.239990234375,0
20220502,^TNX,2.921999931335449,3.002000093460083,2.9070000648498535,2.996000051498413,0
20220503,^GSPC,4159.77978515625,4200.10009765625,4147.080078125,4175.47998046875,4582050000
20220503,^IXIC,12511.4599609375,12645.830078125,12460.990234375,12563.759765625,4547280000
20220503,^DJI,33086.08984375,33341.578125,32914.75,33128.7890625,364420000
20220503,^VIX,31.760000228881836,32.81999969482422,29.059999465942383,29.25,0
20220503,KRW=X,1266.75,1268.22998046875,1259.0400390625,1266.75,0
20220503,^SOX,3012.219970703125,3067.409912109375,2994.949951171875,3044.889892578125,0
20220503,^TNX,2.9579999446868896,2.9690001010894775,2.9130001068115234,2.9600000381469727,0
20220504,^GSPC,4181.18017578125,4307.66015625,4148.91015625,4300.169921875,5136360000
20220504,^IXIC,12574.73046875,12985.009765625,12367.01953125,12964.8603515625,5498050000
20220504,^DJI,33171.80078125,34117.73828125,33021.83984375,34061.05859375,411060000
20220504,^VIX,29.1200008392334,29.420000076293945,24.940000534057617,25.420000076293945,0
20220504,KRW=X,1261.06005859375,1266.8800048828125,1258.0699462890625,1261.06005859375,0
20220504,^SOX,3071.169921875,3166.699951171875,2974.7099609375,3163.7900390625,0
20220504,^TNX,2.9619998931884766,3.010999917984009,2.9110000133514404,2.9170000553131104,0
20220505,^GSPC,4270.43017578125,4270.43017578125,4106.009765625,4146.8701171875,5077030000
20220505,^IXIC,12787.51953125,12787.51953125,12183.5595703125,12317.6904296875,5308920000
20220505,^DJI,33854.171875,33854.171875,32685.099609375,32997.96875,448420000
20220505,^VIX,25.969999313354492,33.20000076293945,25.780000686645508,31.200000762939453,0
20220505,KRW=X,1251.5,1273.8499755859375,1249.8900146484375,1251.5,0
20220505,^SOX,3103.590087890625,3105.5,2965.72998046875,3005.530029296875,0
20220505,^TNX,2.934999942779541,3.1080000400543213,2.927000045776367,3.065999984741211,0
20220506,^GSPC,4128.169921875,4157.68994140625,4067.909912109375,4123.33984375,5116940000
20220506,^IXIC,12246.830078125,12358.419921875,11990.150390625,12144.66015625,5324480000
20220506,^DJI,32773.87890625,33055.83984375,32474.689453125,32899.37109375,416520000
20220506,^VIX,32.22999954223633,35.34000015258789,29.829999923706055,30.190000534057617,0
20220506,KRW=X,1268.699951171875,1275.8599853515625,1257.47998046875,1268.699951171875,0
20220506,^SOX,2990.4599609375,3044.820068359375,2926.090087890625,2982.06005859375,0
20220506,^TNX,3.0789999961853027,3.13100004196167,3.0429999828338623,3.122999906539917,0
20220509,^GSPC,4081.27001953125,4081.27001953125,3975.47998046875,3991.239990234375,5954520000
20220509,^IXIC,11923.0302734375,11990.6103515625,11574.9404296875,11623.25,5939140000
20220509,^DJI,32685.169921875,32685.169921875,32121.98046875,32245.69921875,470770000
20220509,^VIX,31.899999618530273,35.47999954223633,31.899999618530273,34.75,0
20220509,KRW=X,1270.1300048828125,1277.800048828125,1270.1199951171875,1270.1300048828125,0
20220509,^SOX,2918.419921875,2949.919921875,2817.2099609375,2829.10009765625,0
20220509,^TNX,3.1630001068115234,3.1670000553131104,3.069000005722046,3.0789999961853027,0
20220510,^GSPC,4035.179931640625,4068.820068359375,3958.169921875,4001.050048828125,5885820000
20220510,^IXIC,11900.33984375,11944.9404296875,11566.2802734375,11737.669921875,6218260000
20220510,^DJI,32504.08984375,32752.169921875,31887.890625,32160.740234375,439290000
20220510,^VIX,33.65999984741211,34.84000015258789,32.2400016784668,32.9900016784668,0
20220510,KRW=X,1274.8599853515625,1278.4599609375,1270.949951171875,1274.8599853515625,0
20220510,^SOX,2918.60009765625,2948.639892578125,2834.860107421875,2900.1298828125,0
20220510,^TNX,2.990999937057495,3.005000114440918,2.941999912261963,2.993000030517578,0
20220511,^GSPC,3990.080078125,4049.090087890625,3928.820068359375,3935.179931640625,5816140000
20220511,^IXIC,11645.5703125,11844.509765625,11339.1796875,11364.240234375,6152370000
20220511,^DJI,32123.240234375,32584.01953125,31798.859375,31834.109375,458460000
20220511,^VIX,32.869998931884766,34.38999938964844,30.690000534057617,32.560001373291016,0
20220511,KRW=X,1276.550048828125,1280.1300048828125,1271.27001953125,1276.550048828125,0
20220511,^SOX,2872.909912109375,2937.389892578125,2806.989990234375,2811.93994140625,0
20220511,^TNX,2.9539999961853027,3.0759999752044678,2.9070000648498535,2.9210000038146973,0
20220512,^GSPC,3903.949951171875,3964.800048828125,3858.8701171875,3930.080078125,6286450000
20220512,^IXIC,11199.25,11547.330078125,11108.759765625,11370.9599609375,6679470000
20220512,^DJI,31699.0390625,31914.4609375,31228.220703125,31730.30078125,544240000
20220512,^VIX,33.7400016784668,34.7599983215332,31.700000762939453,31.770000457763672,0
20220512,KRW=X,1278.1500244140625,1291.5,1278.1500244140625,1278.1500244140625,0
20220512,^SOX,2781.840087890625,2851.75,2754.699951171875,2827.2099609375,0
20220512,^TNX,2.8410000801086426,2.880000114440918,2.816999912261963,2.816999912261963,0
20220513,^GSPC,3963.89990234375,4038.8798828125,3963.89990234375,4023.889892578125,5183340000
20220513,^IXIC,11555.9697265625,11856.7099609375,11510.259765625,11805.0,5894020000
20220513,^DJI,31963.859375,32276.05078125,31862.7890625,32196.66015625,388520000
20220513,^VIX,31.09000015258789,31.200000762939453,28.780000686645508,28.8700008392334,0
20220513,KRW=X,1290.75,1290.0899658203125,1279.260009765625,1290.75,0
20220513,^SOX,2880.0,2988.330078125,2863.409912109375,2970.3701171875,0
20220513,^TNX,2.9110000133514404,2.941999912261963,2.888000011444092,2.934999942779541,0
20220516,^GSPC,4013.02001953125,4046.4599609375,3983.989990234375,4008.010009765625,4415030000
20220516,^IXIC,11727.1396484375,11804.58984375,11627.5302734375,11662.7900390625,4930250000
20220516,^DJI,32152.150390625,32514.01953125,31928.1796875,32223.419921875,330030000
20220516,^VIX,30.010000228881836,30.229999542236328,27.360000610351562,27.469999313354492,0
20220516,KRW=X,1277.5699462890625,1286.1099853515625,1271.97998046875,1277.5699462890625,0
20220516,^SOX,2929.860107421875,2967.77001953125,2912.239990234375,2920.06005859375,0
20220516,^TNX,2.928999900817871,2.933000087738037,2.8529999256134033,2.877000093460083,0
20220517,^GSPC,4052.0,4090.719970703125,4033.929931640625,4088.85009765625,4841410000
20220517,^IXIC,11905.5703125,11988.4296875,11754.2802734375,11984.51953125,5093960000
20220517,^DJI,32427.0,32689.140625,32308.150390625,32654.58984375,389310000
20220517,^VIX,27.06999969482422,27.170000076293945,25.510000228881836,26.100000381469727,0
20220517,KRW=X,1279.8499755859375,1279.5699462890625,1263.02001953125,1279.8499755859375,0
20220517,^SOX,3007.47998046875,3071.56005859375,2990.31005859375,3066.5,0
20220517,^TNX,2.9089999198913574,2.9839999675750732,2.9089999198913574,2.9679999351501465,0
20220518,^GSPC,4051.97998046875,4051.97998046875,3911.909912109375,3923.679931640625,5103220000
20220518,^IXIC,11790.6796875,11826.2197265625,11381.6904296875,11418.150390625,5064120000
20220518,^DJI,32468.669921875,32468.669921875,31393.94921875,31490.0703125,465060000
20220518,^VIX,26.739999771118164,31.489999771118164,26.209999084472656,30.959999084472656,0
20220518,KRW=X,1266.6600341796875,1272.9300537109375,1263.3599853515625,1266.6600341796875,0
20220518,^SOX,3012.02001953125,3054.81005859375,2897.93994140625,2907.9599609375,0
20220518,^TNX,2.994999885559082,3.0139999389648438,2.878999948501587,2.885999917984009,0
20220519,^GSPC,3899.0,3945.9599609375,3876.580078125,3900.7900390625,5113550000
20220519,^IXIC,11364.400390625,11562.8203125,11313.3095703125,11388.5,5154410000
20220519,^DJI,31262.619140625,31569.130859375,31016.41015625,31253.130859375,517190000
20220519,^VIX,31.239999771118164,33.11000061035156,29.059999465942383,29.350000381469727,0
20220519,KRW=X,1275.5799560546875,1280.02001953125,1263.9599609375,1275.5799560546875,0
20220519,^SOX,2901.050048828125,2960.1298828125,2867.1298828125,2890.330078125,0
20220519,^TNX,2.8259999752044678,2.8589999675750732,2.7720000743865967,2.8550000190734863,0
20220520,^GSPC,3927.760009765625,3943.419921875,3810.320068359375,3901.360107421875,5130730000
20220520,^IXIC,11542.669921875,11552.2099609375,11035.6904296875,11354.6201171875,5434370000
20220520,^DJI,31426.939453125,31515.779296875,30635.759765625,31261.900390625,495510000
20220520,^VIX,28.780000686645508,32.90999984741211,28.059999465942383,29.43000030517578,0
20220520,KRW=X,1263.550048828125,1273.31005859375,1260.3299560546875,1263.550048828125,0
20220520,^SOX,2937.699951171875,2939.469970703125,2758.75,2882.64990234375,0
20220520,^TNX,2.8510000705718994,2.8610000610351562,2.7739999294281006,2.7869999408721924,0
20220523,^GSPC,3919.419921875,3981.8798828125,3909.0400390625,3973.75,4420030000
20220523,^IXIC,11396.2802734375,11552.0703125,11304.5595703125,11535.26953125,4552200000
20220523,^DJI,31395.890625,31968.419921875,31395.890625,31880.240234375,402010000
20220523,^VIX,28.979999542236328,30.389999389648438,28.290000915527344,28.479999542236328,0
20220523,KRW=X,1273.2099609375,1273.2099609375,1258.4100341796875,1273.2099609375,0
20220523,^SOX,2861.340087890625,2904.169921875,2844.090087890625,2898.429931640625,0
20220523,^TNX,2.8320000171661377,2.868000030517578,2.8010001182556152,2.8589999675750732,0
20220524,^GSPC,3942.93994140625,3955.679931640625,3875.1298828125,3941.47998046875,4923190000
20220524,^IXIC,11326.4404296875,11351.6103515625,11092.48046875,11264.4501953125,4724430000
20220524,^DJI,31717.609375,32014.859375,31365.58984375,31928.619140625,382950000
20220524,^VIX,29.43000030517578,31.06999969482422,29.040000915527344,29.450000762939453,0
20220524,KRW=X,1258.8199462890625,1266.1300048828125,1258.8199462890625,1258.8199462890625,0
20220524,^SOX,2853.7099609375,2863.510009765625,2797.89990234375,2827.050048828125,0
20220524,^TNX,2.813999891281128,2.828000068664551,2.7179999351501465,2.759999990463257,0
20220525,^GSPC,3929.590087890625,3999.330078125,3925.030029296875,3978.72998046875,4802560000
20220525,^IXIC,11225.0302734375,11511.900390625,11211.849609375,11434.740234375,4519690000
20220525,^DJI,31816.310546875,32254.439453125,31754.330078125,32120.279296875,343460000
20220525,^VIX,29.329999923706055,30.229999542236328,28.15999984741211,28.3700008392334,0
20220525,KRW=X,1260.989990234375,1271.489990234375,1260.0400390625,1260.989990234375,0
20220525,^SOX,2812.06005859375,2905.93994140625,2809.739990234375,2882.929931640625,0
20220525,^TNX,2.7360000610351562,2.7699999809265137,2.7079999446868896,2.749000072479248,0
20220526,^GSPC,3984.60009765625,4075.139892578125,3984.60009765625,4057.840087890625,4709970000
20220526,^IXIC,11409.83984375,11796.9697265625,11406.16015625,11740.650390625,4672620000
20220526,^DJI,32248.169921875,32774.140625,32248.169921875,32637.189453125,351220000
20220526,^VIX,28.420000076293945,28.459999084472656,27.110000610351562,27.5,0
20220526,KRW=X,1266.5999755859375,1269.1400146484375,1260.9599609375,1266.5999755859375,0
20220526,^SOX,2849.969970703125,3006.22998046875,2848.489990234375,2994.610107421875,0
20220526,^TNX,2.743000030517578,2.7950000762939453,2.7290000915527344,2.75600004196167,0
20220527,^GSPC,4077.429931640625,4158.490234375,4077.429931640625,4158.240234375,4375620000
20220527,^IXIC,11869.6904296875,12131.66015625,11856.8203125,12131.1298828125,4793900000
20220527,^DJI,32735.08984375,33213.62109375,32682.009765625,33212.9609375,328770000
20220527,^VIX,27.5,27.540000915527344,25.56999969482422,25.719999313354492,0
20220527,KRW=X,1258.8900146484375,1261.6099853515625,1248.219970703125,1258.8900146484375,0
20220527,^SOX,3048.110107421875,3120.889892578125,3046.699951171875,3115.35009765625,0
20220527,^TNX,2.7239999771118164,2.752000093460083,2.7090001106262207,2.743000030517578,0
20220530,KRW=X,1251.5899658203125,1252.760009765625,1234.8499755859375,1251.5899658203125,0
20220531,^GSPC,4151.08984375,4168.33984375,4104.8798828125,4132.14990234375,6822640000
20220531,^IXIC,12137.5400390625,12190.080078125,11942.5,12081.3896484375,6045500000
20220531,^DJI,33160.58984375,33240.21875,32752.33984375,32990.12109375,533560000
20220531,^VIX,27.469999313354492,28.350000381469727,25.940000534057617,26.190000534057617,0
20220531,KRW=X,1236.1700439453125,1243.030029296875,1233.0,1236.1700439453125,0
20220531,^SOX,3110.090087890625,3126.860107421875,3052.659912109375,3098.68994140625,0
20220531,^TNX,2.8299999237060547,2.877000093460083,2.828000068664551,2.8440001010894775,0
20220601,^GSPC,4149.77978515625,4166.5400390625,4073.85009765625,4101.22998046875,4531800000
20220601,^IXIC,12176.8896484375,12237.9404296875,11901.4296875,11994.4599609375,4719900000
20220601,^DJI,33156.30859375,33272.33984375,32584.759765625,32813.23046875,338210000
20220601,^VIX,26.049999237060547,27.729999542236328,25.3799991607666,25.690000534057617,0
20220601,KRW=X,1241.739990234375,1247.27001953125,1239.010009765625,1241.739990234375,0
20220601,^SOX,3117.300048828125,3130.10009765625,3011.179931640625,3049.030029296875,0
20220601,^TNX,2.871000051498413,2.9519999027252197,2.8329999446868896,2.930999994277954,0
20220602,^GSPC,4095.409912109375,4177.509765625,4074.3701171875,4176.81982421875,4405790000
20220602,^IXIC,11945.5703125,12320.1201171875,11901.4501953125,12316.900390625,4445840000
20220602,^DJI,32809.01171875,33248.609375,32509.4296875,33248.28125,333210000
20220602,^VIX,25.729999542236328,26.5,24.329999923706055,24.719999313354492,0
20220602,KRW=X,1246.949951171875,1254.4300537109375,1238.22998046875,1246.949951171875,0
20220602,^SOX,3041.97998046875,3158.6201171875,3036.97998046875,3157.97998046875,0
20220602,^TNX,2.9100000858306885,2.941999912261963,2.8889999389648438,2.9130001068115234,0
20220603,^GSPC,4137.56982421875,4142.669921875,4098.669921875,4108.5400390625,3711110000
20220603,^IXIC,12097.1201171875,12167.4404296875,11966.6201171875,12012.73046875,4130040000
20220603,^DJI,32986.3203125,33135.609375,32839.2109375,32899.69921875,298570000
20220603,^VIX,24.90999984741211,25.959999084472656,24.760000228881836,24.790000915527344,0
20220603,KRW=X,1240.8399658203125,1251.030029296875,1238.260009765625,1240.8399658203125,0
20220603,^SOX,3080.5400390625,3103.360107421875,3047.89990234375,3062.590087890625,0
20220603,^TNX,2.9200000762939453,2.9860000610351562,2.9189999103546143,2.9570000171661377,0
20220606,^GSPC,4134.72021484375,4168.77978515625,4109.18017578125,4121.43017578125,4332700000
20220606,^IXIC,12200.330078125,12245.400390625,12004.2001953125,12061.3701171875,4647010000
20220606,^DJI,33032.0390625,33235.37109375,32819.5,32915.78125,253010000
20220606,^VIX,25.3700008392334,25.809999465942383,24.81999969482422,25.06999969482422,0
20220606,KRW=X,1250.530029296875,1253.8900146484375,1247.3199462890625,1250.530029296875,0
20220606,^SOX,3121.93994140625,3132.419921875,3047.179931640625,3062.739990234375,0
20220606,^TNX,2.9700000286102295,3.0399999618530273,2.9609999656677246,3.0380001068115234,0
20220607,^GSPC,4096.47021484375,4164.85986328125,4080.18994140625,4160.68017578125,4248210000
20220607,^IXIC,11925.8095703125,12194.8603515625,11888.6103515625,12175.23046875,4411240000
20220607,^DJI,32783.03125,33207.44921875,32641.849609375,33180.140625,270750000
20220607,^VIX,25.540000915527344,26.239999771118164,23.8799991607666,24.020000457763672,0
20220607,KRW=X,1254.47998046875,1259.75,1252.8399658203125,1254.47998046875,0
20220607,^SOX,3025.919921875,3098.75,3007.969970703125,3092.969970703125,0
20220607,^TNX,3.0290000438690186,3.0290000438690186,2.9570000171661377,2.9719998836517334,0
20220608,^GSPC,4147.1201171875,4160.14013671875,4107.2001953125,4115.77001953125,4159470000
20220608,^IXIC,12147.2802734375,12235.7802734375,12052.7001953125,12086.26953125,4708980000
20220608,^DJI,33087.0703125,33156.5,32824.37109375,32910.8984375,270470000
20220608,^VIX,24.3700008392334,24.780000686645508,23.739999771118164,23.959999084472656,0
20220608,KRW=X,1254.5799560546875,1257.5999755859375,1252.47998046875,1254.5799560546875,0
20220608,^SOX,3069.760009765625,3082.3798828125,3000.4599609375,3019.10009765625,0
20220608,^TNX,3.009000062942505,3.0399999618530273,2.98799991607666,3.0290000438690186,0
20220609,^GSPC,4101.64990234375,4119.10009765625,4017.169921875,4017.820068359375,4134170000
20220609,^IXIC,12016.4697265625,12115.0595703125,11751.98046875,11754.23046875,5408460000
20220609,^DJI,32828.62109375,32956.73046875,32267.779296875,32272.7890625,289710000
20220609,^VIX,24.290000915527344,26.239999771118164,23.81999969482422,26.09000015258789,0
20220609,KRW=X,1256.739990234375,1262.2099609375,1252.5999755859375,1256.739990234375,0
20220609,^SOX,2995.780029296875,3047.719970703125,2937.39990234375,2937.7900390625,0
20220609,^TNX,3.052999973297119,3.072999954223633,3.0199999809265137,3.0439999103546143,0
20220610,^GSPC,3974.389892578125,3974.389892578125,3900.159912109375,3900.860107421875,4889640000
20220610,^IXIC,11543.8798828125,11569.150390625,11328.26953125,11340.01953125,5152020000
20220610,^DJI,32053.51953125,32053.51953125,31387.83984375,31392.7890625,362300000
20220610,^VIX,26.260000228881836,29.6299991607666,26.049999237060547,27.75,0
20220610,KRW=X,1264.02001953125,1282.47998046875,1263.1300048828125,1264.02001953125,0
20220610,^SOX,2894.7099609375,2911.760009765625,2828.4599609375,2831.97998046875,0
20220610,^TNX,3.0399999618530273,3.177999973297119,2.99399995803833,3.1559998989105225,0
20220613,^GSPC,3838.14990234375,3838.14990234375,3734.300048828125,3749.6298828125,5636890000
20220613,^IXIC,10986.849609375,11071.48046875,10775.1396484375,10809.23046875,5937320000
20220613,^DJI,31144.91015625,31144.91015625,30373.720703125,30516.740234375,472290000
20220613,^VIX,31.3700008392334,35.04999923706055,31.290000915527344,34.02000045776367,0
20220613,KRW=X,1278.280029296875,1293.6099853515625,1278.3399658203125,1278.280029296875,0
20220613,^SOX,2742.14990234375,2765.429931640625,2665.639892578125,2673.0,0
20220613,^TNX,3.2820000648498535,3.365999937057495,3.246000051498413,3.365999937057495,0
20220614,^GSPC,3763.52001953125,3778.179931640625,3705.679931640625,3735.47998046875,5153890000
20220614,^IXIC,10897.4296875,10926.8095703125,10733.0400390625,10828.349609375,4819890000
20220614,^DJI,30592.33984375,30690.80078125,30144.23046875,30364.830078125,366800000
20220614,^VIX,33.0099983215332,34.0,32.060001373291016,32.689998626708984,0
20220614,KRW=X,1291.800048828125,1292.1500244140625,1284.0799560546875,1291.800048828125,0
20220614,^SOX,2707.27001953125,2713.5,2658.409912109375,2689.889892578125,0
20220614,^TNX,3.3489999771118164,3.4830000400543213,3.302999973297119,3.4830000400543213,0
20220615,^GSPC,3764.050048828125,3837.56005859375,3722.300048828125,3789.989990234375,5530480000
20220615,^IXIC,10968.400390625,11244.259765625,10866.3896484375,11099.150390625,5368500000
20220615,^DJI,30570.5,31011.970703125,30185.080078125,30668.529296875,392670000
20220615,^VIX,32.38999938964844,32.77000045776367,27.760000228881836,29.6200008392334,0
20220615,KRW=X,1289.47998046875,1293.239990234375,1280.969970703125,1289.47998046875,0
20220615,^SOX,2726.070068359375,2780.639892578125,2674.02001953125,2737.550048828125,0
20220615,^TNX,3.382999897003174,3.447999954223633,3.3540000915527344,3.3949999809265137,0
20220616,^GSPC,3728.179931640625,3728.179931640625,3639.77001953125,3666.77001953125,5644930000
20220616,^IXIC,10806.01953125,10831.0703125,10565.1396484375,10646.099609375,5696630000
20220616,^DJI,30305.740234375,30305.740234375,29740.349609375,29927.0703125,442910000
20220616,^VIX,30.350000381469727,34.81999969482422,30.350000381469727,32.95000076293945,0
20220616,KRW=X,1278.1600341796875,1296.030029296875,1274.949951171875,1278.1600341796875,0
20220616,^SOX,2648.22998046875,2655.090087890625,2537.68994140625,2566.860107421875,0
20220616,^TNX,3.438999891281128,3.450000047683716,3.306999921798706,3.306999921798706,0
20220617,^GSPC,3665.89990234375,3707.7099609375,3636.8701171875,3674.840087890625,8520740000
20220617,^IXIC,10697.5498046875,10884.7099609375,10638.7197265625,10798.349609375,7452830000
20220617,^DJI,29912.69921875,30167.51953125,29653.2890625,29888.779296875,692830000
20220617,^VIX,32.84000015258789,33.310001373291016,30.469999313354492,31.1299991607666,0
20220617,KRW=X,1288.1800537109375,1295.97998046875,1282.1099853515625,1288.1800537109375,0
20220617,^SOX,2581.719970703125,2598.56005859375,2523.199951171875,2578.5400390625,0
20220617,^TNX,3.2119998931884766,3.312999963760376,3.197000026702881,3.239000082015991,0
20220620,KRW=X,1290.5,1295.239990234375,1287.780029296875,1290.5,0
20220621,^GSPC,3715.31005859375,3779.64990234375,3715.31005859375,3764.7900390625,5292260000
20220621,^IXIC,10974.0498046875,11164.990234375,10974.0498046875,11069.2998046875,5226260000
20220621,^DJI,30074.689453125,30653.98046875,30074.689453125,30530.25,376900000
20220621,^VIX,30.6299991607666,30.649999618530273,29.329999923706055,30.190000534057617,0
20220621,KRW=X,1292.3800048828125,1293.93994140625,1287.5400390625,1292.3800048828125,0
20220621,^SOX,2638.469970703125,2685.010009765625,2633.56005859375,2649.3701171875,0
20220621,^TNX,3.2829999923706055,3.316999912261963,3.257999897003174,3.306999921798706,0
20220622,^GSPC,3733.889892578125,3801.7900390625,3717.68994140625,3759.889892578125,5058990000
20220622,^IXIC,10941.9501953125,11216.76953125,10938.0595703125,11053.080078125,5238180000
20220622,^DJI,30352.5703125,30777.919921875,30166.009765625,30483.130859375,343490000
20220622,^VIX,31.450000762939453,31.56999969482422,28.780000686645508,28.950000762939453,0
20220622,KRW=X,1291.5999755859375,1305.0999755859375,1290.81005859375,1291.5999755859375,0
20220622,^SOX,2603.60009765625,2658.760009765625,2602.89990234375,2619.7099609375,0
20220622,^TNX,3.2009999752044678,3.2049999237060547,3.125999927520752,3.1559998989105225,0
20220623,^GSPC,3774.7099609375,3802.580078125,3743.52001953125,3795.72998046875,5098640000
20220623,^IXIC,11137.6796875,11260.26953125,11046.2802734375,11232.1904296875,5258200000
20220623,^DJI,30570.330078125,30715.630859375,30293.400390625,30677.359375,361420000
20220623,^VIX,29.290000915527344,29.770000457763672,28.739999771118164,29.049999237060547,0
20220623,KRW=X,1297.6800537109375,1307.8399658203125,1296.72998046875,1297.6800537109375,0
20220623,^SOX,2633.010009765625,2636.820068359375,2563.679931640625,2602.739990234375,0
20220623,^TNX,3.117000102996826,3.124000072479248,3.005000114440918,3.068000078201294,0
20220624,^GSPC,3821.75,3913.64990234375,3821.75,3911.739990234375,8120260000
20220624,^IXIC,11351.3095703125,11613.23046875,11337.7802734375,11607.6201171875,9468130000
20220624,^DJI,30846.939453125,31517.2890625,30846.939453125,31500.6796875,465480000
20220624,^VIX,29.06999969482422,29.719999313354492,26.829999923706055,27.229999542236328,0
20220624,KRW=X,1299.81005859375,1301.9200439453125,1288.510009765625,1299.81005859375,0
20220624,^SOX,2639.77001953125,2719.530029296875,2639.43994140625,2718.469970703125,0
20220624,^TNX,3.117000102996826,3.1410000324249268,3.056999921798706,3.125,0
20220627,^GSPC,3920.760009765625,3927.719970703125,3889.659912109375,3900.110107421875,4325310000
20220627,^IXIC,11661.01953125,11677.490234375,11487.0703125,11524.5498046875,5047860000
20220627,^DJI,31533.599609375,31598.58984375,31351.369140625,31438.259765625,309910000
20220627,^VIX,28.299999237060547,28.65999984741211,26.93000030517578,26.950000762939453,0
20220627,KRW=X,1288.2900390625,1292.97998046875,1279.7900390625,1288.2900390625,0
20220627,^SOX,2745.760009765625,2749.659912109375,2692.780029296875,2713.47998046875,0
20220627,^TNX,3.183000087738037,3.2190001010894775,3.1530001163482666,3.194000005722046,0
20220628,^GSPC,3913.0,3945.860107421875,3820.139892578125,3821.550048828125,4270120000
20220628,^IXIC,11542.240234375,11635.849609375,11177.6796875,11181.5400390625,5433220000
20220628,^DJI,31549.05078125,31885.08984375,30934.330078125,30946.990234375,350780000
20220628,^VIX,26.899999618530273,28.68000030517578,26.469999313354492,28.360000610351562,0
20220628,KRW=X,1286.199951171875,1291.0899658203125,1280.06005859375,1286.199951171875,0
20220628,^SOX,2724.47998046875,2758.52001953125,2640.800048828125,2642.070068359375,0
20220628,^TNX,3.240000009536743,3.253000020980835,3.184999942779541,3.2060000896453857,0
20220629,^GSPC,3825.090087890625,3836.5,3799.02001953125,3818.830078125,4211240000
20220629,^IXIC,11160.2197265625,11226.330078125,11072.1904296875,11177.8896484375,5650860000
20220629,^DJI,31067.41015625,31152.9609375,30894.529296875,31029.310546875,269390000
20220629,^VIX,28.799999237060547,29.360000610351562,27.850000381469727,28.15999984741211,0
20220629,KRW=X,1292.030029296875,1299.4200439453125,1288.9100341796875,1292.030029296875,0
20220629,^SOX,2604.97998046875,2610.679931640625,2553.530029296875,2583.97998046875,0
20220629,^TNX,3.1489999294281006,3.187000036239624,3.0929999351501465,3.0929999351501465,0
20220630,^GSPC,3785.989990234375,3818.989990234375,3738.669921875,3785.3798828125,4840070000
20220630,^IXIC,11048.25,11160.919921875,10850.009765625,11028.740234375,5654520000
20220630,^DJI,30790.0,30979.849609375,30431.869140625,30775.4296875,394070000
20220630,^VIX,29.420000076293945,30.219999313354492,28.280000686645508,28.709999084472656,0
20220630,KRW=X,1301.72998046875,1303.7900390625,1291.489990234375,1301.72998046875,0
20220630,^SOX,2548.639892578125,2602.550048828125,2514.419921875,2556.25,0
20220630,^TNX,3.0350000858306885,3.0409998893737793,2.9719998836517334,2.9719998836517334,0
20220701,^GSPC,3781.0,3829.820068359375,3752.10009765625,3825.330078125,4046950000
20220701,^IXIC,11006.830078125,11132.5498046875,10922.7099609375,11127.849609375,4865730000
20220701,^DJI,30737.76953125,31139.349609375,30487.7890625,31097.259765625,310440000
20220701,^VIX,29.530000686645508,29.59000015258789,26.690000534057617,26.700000762939453,0
20220701,KRW=X,1287.7099609375,1303.4300537109375,1288.050048828125,1287.7099609375,0
20220701,^SOX,2512.10009765625,2524.030029296875,2429.89990234375,2458.4599609375,0
20220701,^TNX,2.931999921798706,2.931999921798706,2.7909998893737793,2.8889999389648438,0
20220704,KRW=X,1297.8900146484375,1299.7900390625,1292.6700439453125,1297.8900146484375,0
20220705,^GSPC,3792.610107421875,3832.18994140625,3742.06005859375,3831.389892578125,5076590000
20220705,^IXIC,10964.1796875,11323.8896484375,10911.4501953125,11322.240234375,5053570000
20220705,^DJI,30903.119140625,30971.740234375,30355.119140625,30967.8203125,323080000
20220705,^VIX,27.3700008392334,29.81999969482422,27.299999237060547,27.540000915527344,0
20220705,KRW=X,1295.6800537109375,1315.469970703125,1293.300048828125,1295.6800537109375,0
20220705,^SOX,2391.81005859375,2478.260009765625,2386.669921875,2477.639892578125,0
20220705,^TNX,2.871000051498413,2.871000051498413,2.7799999713897705,2.809000015258789,0
20220706,^GSPC,3831.97998046875,3870.909912109375,3809.3701171875,3845.080078125,4417720000
20220706,^IXIC,11337.900390625,11443.150390625,11250.3203125,11361.849609375,4851170000
20220706,^DJI,30957.30078125,31224.689453125,30794.83984375,31037.6796875,289800000
20220706,^VIX,27.84000015258789,28.06999969482422,26.43000030517578,26.729999542236328,0
20220706,KRW=X,1308.6600341796875,1310.5699462890625,1301.68994140625,1308.6600341796875,0
20220706,^SOX,2477.320068359375,2520.830078125,2456.22998046875,2494.110107421875,0
20220706,^TNX,2.7839999198913574,2.9240000247955322,2.746000051498413,2.9130001068115234,0
20220707,^GSPC,3858.85009765625,3910.6298828125,3858.85009765625,3902.6201171875,4057770000
20220707,^IXIC,11422.599609375,11644.4697265625,11412.8798828125,11621.349609375,4685050000
20220707,^DJI,31190.650390625,31421.83984375,31154.640625,31384.55078125,296620000
20220707,^VIX,26.729999542236328,26.790000915527344,25.65999984741211,26.079999923706055,0
20220707,KRW=X,1304.8499755859375,1308.1400146484375,1296.0899658203125,1304.8499755859375,0
20220707,^SOX,2560.199951171875,2616.43994140625,2555.3798828125,2605.889892578125,0
20220707,^TNX,2.937000036239624,3.0169999599456787,2.927999973297119,3.007999897003174,0
20220708,^GSPC,3888.260009765625,3918.5,3869.340087890625,3899.3798828125,3521620000
20220708,^IXIC,11503.6103515625,11689.7001953125,11479.76953125,11635.3095703125,4526570000
20220708,^DJI,31348.4296875,31511.4609375,31212.44921875,31338.150390625,238120000
20220708,^VIX,26.40999984741211,26.610000610351562,24.43000030517578,24.639999389648438,0
20220708,KRW=X,1297.6500244140625,1304.6500244140625,1291.8399658203125,1297.6500244140625,0
20220708,^SOX,2567.179931640625,2632.340087890625,2561.280029296875,2618.02001953125,0
20220708,^TNX,2.9839999675750732,3.1010000705718994,2.9760000705718994,3.1010000705718994,0
20220711,^GSPC,3880.93994140625,3880.93994140625,3847.219970703125,3854.429931640625,3423480000
20220711,^IXIC,11524.490234375,11541.099609375,11348.0595703125,11372.599609375,4362910000
20220711,^DJI,31277.98046875,31367.55078125,31114.400390625,31173.83984375,245020000
20220711,^VIX,26.420000076293945,26.739999771118164,25.790000915527344,26.170000076293945,0
20220711,KRW=X,1293.7900390625,1314.550048828125,1293.7900390625,1293.7900390625,0
20220711,^SOX,2575.739990234375,2588.02001953125,2538.97998046875,2553.68994140625,0
20220711,^TNX,3.0490000247955322,3.0490000247955322,2.9690001010894775,2.990999937057495,0
20220712,^GSPC,3851.949951171875,3873.409912109375,3802.360107421875,3818.800048828125,3817210000
20220712,^IXIC,11420.8896484375,11483.169921875,11207.080078125,11264.73046875,4317860000
20220712,^DJI,31113.310546875,31346.099609375,30860.509765625,30981.330078125,324190000
20220712,^VIX,27.139999389648438,27.75,25.81999969482422,27.290000915527344,0
20220712,KRW=X,1310.8599853515625,1316.219970703125,1302.0899658203125,1310.8599853515625,0
20220712,^SOX,2583.219970703125,2588.3798828125,2542.5400390625,2558.169921875,0
20220712,^TNX,2.9230000972747803,2.9709999561309814,2.8989999294281006,2.9579999446868896,0
20220713,^GSPC,3779.669921875,3829.43994140625,3759.070068359375,3801.780029296875,4109390000
20220713,^IXIC,11056.5498046875,11325.669921875,11031.26953125,11247.580078125,4433060000
20220713,^DJI,30743.630859375,30979.169921875,30514.609375,30772.7890625,291830000
20220713,^VIX,27.350000381469727,29.059999465942383,26.229999542236328,26.81999969482422,0
20220713,KRW=X,1305.8299560546875,1311.010009765625,1299.3800048828125,1305.8299560546875,0
20220713,^SOX,2507.85009765625,2594.969970703125,2504.989990234375,2577.360107421875,0
20220713,^TNX,2.9560000896453857,3.071000099182129,2.9000000953674316,2.9040000438690186,0
20220714,^GSPC,3763.989990234375,3796.409912109375,3721.56005859375,3790.3798828125,4199690000
20220714,^IXIC,11151.2099609375,11279.9697265625,11005.9296875,11251.1904296875,4481070000
20220714,^DJI,30451.80078125,30680.119140625,30143.9296875,30630.169921875,325130000
20220714,^VIX,27.469999313354492,28.450000762939453,26.200000762939453,26.399999618530273,0
20220714,KRW=X,1304.8499755859375,1327.010009765625,1304.1800537109375,1304.8499755859375,0
20220714,^SOX,2566.739990234375,2636.6298828125,2529.550048828125,2626.919921875,0
20220714,^TNX,2.943000078201294,3.0280001163482666,2.943000078201294,2.9600000381469727,0
20220715,^GSPC,3818.0,3863.6201171875,3817.179931640625,3863.159912109375,4143800000
20220715,^IXIC,11379.3603515625,11454.6904296875,11295.330078125,11452.419921875,4369060000
20220715,^DJI,30775.369140625,31288.259765625,30775.369140625,31288.259765625,321570000
20220715,^VIX,26.719999313354492,26.719999313354492,24.1299991607666,24.229999542236328,0
20220715,KRW=X,1316.1800537109375,1329.1500244140625,1315.800048828125,1316.1800537109375,0
20220715,^SOX,2658.219970703125,2694.969970703125,2626.0,2693.77001953125,0
20220715,^TNX,2.937000036239624,2.9709999561309814,2.9010000228881836,2.930000066757202,0
20220718,^GSPC,3883.7900390625,3902.43994140625,3818.6298828125,3830.85009765625,4046870000
20220718,^IXIC,11561.6396484375,11629.0302734375,11322.83984375,11360.0498046875,5057920000
20220718,^DJI,31475.98046875,31644.6796875,30982.970703125,31072.609375,309960000
20220718,^VIX,24.829999923706055,25.90999984741211,24.3799991607666,25.299999237060547,0
20220718,KRW=X,1318.1199951171875,1321.469970703125,1311.0699462890625,1318.1199951171875,0
20220718,^SOX,2731.56005859375,2754.9599609375,2665.179931640625,2679.570068359375,0
20220718,^TNX,2.9600000381469727,3.0190000534057617,2.9560000896453857,2.9600000381469727,0
20220719,^GSPC,3860.72998046875,3939.81005859375,3860.72998046875,3936.68994140625,4041070000
20220719,^IXIC,11515.0,11721.2197265625,11448.9697265625,11713.150390625,5302740000
20220719,^DJI,31165.91015625,31842.25,31165.91015625,31827.05078125,378720000
20220719,^VIX,25.1200008392334,25.40999984741211,24.229999542236328,24.5,0
20220719,KRW=X,1318.9100341796875,1319.25,1303.6800537109375,1318.9100341796875,0
20220719,^SOX,2724.340087890625,2813.77001953125,2717.81005859375,2803.139892578125,0
20220719,^TNX,2.9860000610351562,3.0380001068115234,2.9709999561309814,3.0190000534057617,0
20220720,^GSPC,3935.320068359375,3974.1298828125,3922.030029296875,3959.89990234375,4185300000
20220720,^IXIC,11726.08984375,11939.9599609375,11703.3603515625,11897.650390625,5467080000
20220720,^DJI,31829.990234375,31944.44921875,31646.94921875,31874.83984375,313520000
20220720,^VIX,24.229999542236328,24.729999542236328,23.399999618530273,23.8799991607666,0
20220720,KRW=X,1305.5,1313.43994140625,1302.5,1305.5,0
20220720,^SOX,2792.780029296875,2883.52001953125,2777.340087890625,2872.9599609375,0
20220720,^TNX,2.9730000495910645,3.0420000553131104,2.943000078201294,3.0360000133514404,0
20220721,^GSPC,3955.469970703125,3999.2900390625,3927.639892578125,3998.949951171875,4132790000
20220721,^IXIC,11914.150390625,12060.58984375,11812.7197265625,12059.6103515625,4680930000
20220721,^DJI,31826.490234375,32040.630859375,31534.080078125,32036.900390625,302320000
20220721,^VIX,24.06999969482422,24.670000076293945,22.920000076293945,23.110000610351562,0
20220721,KRW=X,1312.8699951171875,1316.4300537109375,1306.030029296875,1312.8699951171875,0
20220721,^SOX,2884.18994140625,2918.22998046875,2845.639892578125,2916.81005859375,0
20220721,^TNX,3.0769999027252197,3.0810000896453857,2.9100000858306885,2.9100000858306885,0
20220722,^GSPC,3998.429931640625,4012.43994140625,3938.860107421875,3961.6298828125,3979240000
20220722,^IXIC,12025.3701171875,12093.01953125,11767.1904296875,11834.1103515625,4721880000
20220722,^DJI,32167.919921875,32219.25,31731.470703125,31899.2890625,319880000
20220722,^VIX,23.299999237060547,23.809999465942383,22.40999984741211,23.030000686645508,0
20220722,KRW=X,1306.8499755859375,1316.510009765625,1304.22998046875,1306.8499755859375,0
20220722,^SOX,2904.949951171875,2906.52001953125,2820.22998046875,2842.409912109375,0
20220722,^TNX,2.809000015258789,2.822999954223633,2.7320001125335693,2.7829999923706055,0
20220725,^GSPC,3965.719970703125,3975.300048828125,3943.4599609375,3966.840087890625,3568340000
20220725,^IXIC,11837.9599609375,11855.1103515625,11707.5302734375,11782.669921875,4346520000
20220725,^DJI,31950.9296875,32029.029296875,31821.669921875,31990.0390625,255450000
20220725,^VIX,24.329999923706055,24.56999969482422,23.190000534057617,23.360000610351562,0
20220725,KRW=X,1309.3199462890625,1313.5799560546875,1306.989990234375,1309.3199462890625,0
20220725,^SOX,2822.22998046875,2827.949951171875,2781.669921875,2825.030029296875,0
20220725,^TNX,2.813999891281128,2.8450000286102295,2.8010001182556152,2.819999933242798,0
20220726,^GSPC,3953.219970703125,3953.219970703125,3910.739990234375,3921.050048828125,3778950000
20220726,^IXIC,11701.5302734375,11711.3095703125,11533.3701171875,11562.5703125,4349760000
20220726,^DJI,31950.0390625,31950.0390625,31705.359375,31761.5390625,324930000
20220726,^VIX,23.950000762939453,25.309999465942383,23.81999969482422,24.690000534057617,0
20220726,KRW=X,1310.4000244140625,1312.6099853515625,1305.949951171875,1310.4000244140625,0
20220726,^SOX,2808.0,2822.760009765625,2771.739990234375,2778.9599609375,0
20220726,^TNX,2.7360000610351562,2.7960000038146973,2.7070000171661377,2.7869999408721924,0
20220727,^GSPC,3951.429931640625,4039.56005859375,3951.429931640625,4023.610107421875,4112180000
20220727,^IXIC,11756.1904296875,12081.73046875,11718.3798828125,12032.419921875,4588480000
20220727,^DJI,31865.05078125,32336.23046875,31799.4296875,32197.58984375,365480000
20220727,^VIX,24.270000457763672,24.40999984741211,23.020000457763672,23.239999771118164,0
20220727,KRW=X,1310.9000244140625,1315.530029296875,1308.56005859375,1310.9000244140625,0
20220727,^SOX,2835.139892578125,2930.6298828125,2822.97998046875,2911.0,0
20220727,^TNX,2.7829999923706055,2.802999973297119,2.7230000495910645,2.7339999675750732,0
20220728,^GSPC,4026.1298828125,4078.949951171875,3992.969970703125,4072.429931640625,4413000000
20220728,^IXIC,12036.48046875,12179.08984375,11886.669921875,12162.58984375,4924950000
20220728,^DJI,32197.619140625,32609.5390625,31982.609375,32529.630859375,331110000
20220728,^VIX,23.329999923706055,23.540000915527344,22.219999313354492,22.329999923706055,0
20220728,KRW=X,1305.949951171875,1309.050048828125,1297.5799560546875,1305.949951171875,0
20220728,^SOX,2912.760009765625,2950.25,2853.39990234375,2944.5,0
20220728,^TNX,2.7690000534057617,2.7899999618530273,2.6489999294281006,2.680999994277954,0
20220729,^GSPC,4087.330078125,4140.14990234375,4079.219970703125,4130.2900390625,4616360000
20220729,^IXIC,12239.6904296875,12426.259765625,12181.1298828125,12390.6904296875,4907410000
20220729,^DJI,32515.619140625,32910.1796875,32493.01953125,32845.12890625,487360000
20220729,^VIX,22.1299991607666,22.15999984741211,21.209999084472656,21.329999923706055,0
20220729,KRW=X,1295.1500244140625,1307.0699462890625,1295.06005859375,1295.1500244140625,0
20220729,^SOX,2895.320068359375,2975.330078125,2892.510009765625,2967.139892578125,0
20220729,^TNX,2.7070000171661377,2.7279999256134033,2.618000030517578,2.6419999599456787,0
20220801,^GSPC,4112.3798828125,4144.9501953125,4096.02001953125,4118.6298828125,4202810000
20220801,^IXIC,12317.9599609375,12499.7197265625,12271.98046875,12368.98046875,4396390000
20220801,^DJI,32755.7109375,32972.03125,32640.7890625,32798.3984375,321180000
20220801,^VIX,22.40999984741211,23.270000457763672,22.260000228881836,22.84000015258789,0
20220801,KRW=X,1302.280029296875,1309.1400146484375,1299.1500244140625,1302.280029296875,0
20220801,^SOX,2942.760009765625,3006.739990234375,2929.39990234375,2978.320068359375,0
20220801,^TNX,2.6579999923706055,2.696000099182129,2.5840001106262207,2.6059999465942383,0
20220802,^GSPC,4104.2099609375,4140.47021484375,4079.81005859375,4091.18994140625,4727710000
20220802,^IXIC,12287.669921875,12503.33984375,12260.48046875,12348.759765625,4792140000
20220802,^DJI,32691.2890625,32772.9296875,32387.119140625,32396.169921875,316740000
20220802,^VIX,24.079999923706055,24.68000030517578,22.670000076293945,23.93000030517578,0
20220802,KRW=X,1306.75,1312.739990234375,1304.4000244140625,1306.75,0
20220802,^SOX,2951.080078125,3021.570068359375,2936.429931640625,2974.75,0
20220802,^TNX,2.556999921798706,2.753999948501587,2.5250000953674316,2.740999937057495,0
20220803,^GSPC,4107.9599609375,4167.66015625,4107.9599609375,4155.169921875,4351760000
20220803,^IXIC,12433.8701171875,12699.6396484375,12425.2099609375,12668.16015625,5667990000
20220803,^DJI,32514.2109375,32912.73828125,32514.2109375,32812.5,342160000
20220803,^VIX,23.860000610351562,23.920000076293945,21.68000030517578,21.950000762939453,0
20220803,KRW=X,1314.6300048828125,1313.9100341796875,1306.7099609375,1314.6300048828125,0
20220803,^SOX,2972.590087890625,3060.47998046875,2970.510009765625,3053.4599609375,0
20220803,^TNX,2.7829999923706055,2.8489999771118164,2.746000051498413,2.747999906539917,0
20220804,^GSPC,4154.85009765625,4161.2900390625,4135.419921875,4151.93994140625,4283320000
20220804,^IXIC,12675.0400390625,12736.1904296875,12600.7802734375,12720.580078125,5451470000
20220804,^DJI,32805.69140625,32829.21875,32652.630859375,32726.8203125,315590000
20220804,^VIX,22.059999465942383,22.65999984741211,21.440000534057617,21.440000534057617,0
20220804,KRW=X,1307.3800048828125,1312.06005859375,1303.77001953125,1307.3800048828125,0
20220804,^SOX,3041.010009765625,3087.449951171875,3037.9599609375,3081.409912109375,0
20220804,^TNX,2.683000087738037,2.7209999561309814,2.6559998989105225,2.6760001182556152,0
20220805,^GSPC,4115.8701171875,4151.580078125,4107.31005859375,4145.18994140625,4085940000
20220805,^IXIC,12538.7998046875,12720.4404296875,12525.76953125,12657.5498046875,4911300000
20220805,^DJI,32593.900390625,32814.609375,32489.619140625,32803.46875,273010000
20220805,^VIX,21.5,22.579999923706055,20.760000228881836,21.149999618530273,0
20220805,KRW=X,1302.0799560546875,1304.4599609375,1292.68994140625,1302.0799560546875,0
20220805,^SOX,3027.8701171875,3077.449951171875,3010.06005859375,3053.389892578125,0
20220805,^TNX,2.697000026702881,2.86899995803833,2.687999963760376,2.8399999141693115,0
20220808,^GSPC,4155.93017578125,4186.6201171875,4128.97021484375,4140.06005859375,4221090000
20220808,^IXIC,12703.7197265625,12855.150390625,12597.75,12644.4599609375,5238600000
20220808,^DJI,32877.359375,33109.9609375,32769.1015625,32832.5390625,275350000
20220808,^VIX,21.739999771118164,22.010000228881836,20.829999923706055,21.290000915527344,0
20220808,KRW=X,1302.739990234375,1306.760009765625,1298.3900146484375,1302.739990234375,0
20220808,^SOX,3002.52001953125,3041.159912109375,2961.320068359375,3004.340087890625,0
20220808,^TNX,2.7920000553131104,2.806999921798706,2.760999917984009,2.765000104904175,0
20220809,^GSPC,4133.10986328125,4137.2998046875,4112.08984375,4122.47021484375,3913090000
20220809,^IXIC,12557.490234375,12582.91015625,12438.8603515625,12493.9296875,5307340000
20220809,^DJI,32807.359375,32877.53125,32702.66015625,32774.41015625,281080000
20220809,^VIX,21.40999984741211,22.229999542236328,21.40999984741211,21.770000457763672,0
20220809,KRW=X,1299.030029296875,1307.4100341796875,1298.760009765625,1299.030029296875,0
20220809,^SOX,2928.179931640625,2937.6201171875,2832.610107421875,2866.89990234375,0
20220809,^TNX,2.812000036239624,2.813999891281128,2.7739999294281006,2.796999931335449,0
20220810,^GSPC,4181.02001953125,4211.02978515625,4177.259765625,4210.240234375,4546010000
20220810,^IXIC,12793.4404296875,12861.4404296875,12698.6103515625,12854.7998046875,5196210000
20220810,^DJI,33130.62890625,33364.41015625,33130.62890625,33309.51171875,311740000
20220810,^VIX,22.280000686645508,22.34000015258789,19.540000915527344,19.739999771118164,0
20220810,KRW=X,1307.56005859375,1312.8499755859375,1295.8800048828125,1307.56005859375,0
20220810,^SOX,2942.820068359375,2990.64990234375,2905.43994140625,2988.7099609375,0
20220810,^TNX,2.812000036239624,2.818000078201294,2.6740000247955322,2.7860000133514404,0
20220811,^GSPC,4227.39990234375,4257.91015625,4201.41015625,4207.27001953125,4630200000
20220811,^IXIC,12944.8203125,13026.240234375,12760.08984375,12779.91015625,5815960000
20220811,^DJI,33451.51171875,33651.80078125,33289.828125,33336.671875,308030000
20220811,^VIX,19.84000015258789,20.850000381469727,19.709999084472656,20.200000762939453,0
20220811,KRW=X,1296.699951171875,1304.8900146484375,1295.949951171875,1296.699951171875,0
20220811,^SOX,3008.489990234375,3067.030029296875,2975.080078125,2978.699951171875,0
20220811,^TNX,2.739000082015991,2.9019999504089355,2.7300000190734863,2.888000011444092,0
20220812,^GSPC,4225.02001953125,4280.47021484375,4219.77978515625,4280.14990234375,3788010000
20220812,^IXIC,12866.3095703125,13047.1904296875,12821.2197265625,13047.1904296875,4782610000
20220812,^DJI,33430.71875,33767.08984375,33398.3203125,33761.05078125,299140000
20220812,^VIX,20.34000015258789,20.350000381469727,19.1200008392334,19.530000686645508,0
20220812,KRW=X,1306.8299560546875,1306.8299560546875,1298.4100341796875,1306.8299560546875,0
20220812,^SOX,2998.760009765625,3072.320068359375,2992.5,3067.840087890625,0
20220812,^TNX,2.8480000495910645,2.878999948501587,2.8369998931884766,2.8489999771118164,0
20220815,^GSPC,4269.3701171875,4301.7900390625,4256.89990234375,4297.14013671875,3696830000
20220815,^IXIC,12996.6298828125,13146.0595703125,12993.7802734375,13128.0498046875,4476040000
20220815,^DJI,33710.69921875,33954.7109375,33582.9609375,33912.44140625,262670000
20220815,^VIX,20.739999771118164,21.15999984741211,19.809999465942383,19.950000762939453,0
20220815,KRW=X,1301.3800048828125,1313.4000244140625,1301.3800048828125,1301.3800048828125,0
20220815,^SOX,3052.860107421875,3084.860107421875,3032.530029296875,3077.330078125,0
20220815,^TNX,2.803999900817871,2.803999900817871,2.759000062942505,2.7909998893737793,0
20220816,^GSPC,4290.4599609375,4325.27978515625,4277.77001953125,4305.2001953125,4329820000
20220816,^IXIC,13082.6396484375,13181.08984375,12979.240234375,13102.5498046875,5028410000
20220816,^DJI,33924.3515625,34281.359375,33852.5703125,34152.01171875,288670000
20220816,^VIX,20.229999542236328,20.389999389648438,19.5,19.690000534057617,0
20220816,KRW=X,1313.1800537109375,1312.8599853515625,1307.510009765625,1313.1800537109375,0
20220816,^SOX,3059.27001953125,3074.610107421875,3013.2900390625,3045.639892578125,0
20220816,^TNX,2.805999994277954,2.871000051498413,2.803999900817871,2.8239998817443848,0
20220817,^GSPC,4280.39990234375,4302.18017578125,4253.080078125,4274.0400390625,3885030000
20220817,^IXIC,12968.6298828125,13053.509765625,12863.009765625,12938.1201171875,5229520000
20220817,^DJI,34029.55078125,34161.01171875,33828.41015625,33980.3203125,281390000
20220817,^VIX,19.739999771118164,20.6299991607666,19.40999984741211,19.899999618530273,0
20220817,KRW=X,1311.0,1317.3199462890625,1307.77001953125,1311.0,0
20220817,^SOX,2999.8701171875,3000.409912109375,2931.860107421875,2970.1201171875,0
20220817,^TNX,2.8949999809265137,2.9189999103546143,2.859999895095825,2.8929998874664307,0
20220818,^GSPC,4273.1298828125,4292.52978515625,4261.97998046875,4283.740234375,3340330000
20220818,^IXIC,12937.7900390625,13002.66015625,12873.490234375,12965.33984375,4724350000
20220818,^DJI,33981.859375,34043.828125,33844.4609375,33999.0390625,282550000
20220818,^VIX,20.510000228881836,20.610000610351562,19.43000030517578,19.559999465942383,0
20220818,KRW=X,1314.8299560546875,1327.219970703125,1312.2900390625,1314.8299560546875,0
20220818,^SOX,2974.199951171875,3058.56005859375,2967.14990234375,3037.840087890625,0
20220818,^TNX,2.865999937057495,2.8910000324249268,2.8350000381469727,2.880000114440918,0
20220819,^GSPC,4266.31005859375,4266.31005859375,4218.7001953125,4228.47998046875,3761340000
20220819,^IXIC,12832.26953125,12859.009765625,12674.8701171875,12705.2197265625,4628170000
20220819,^DJI,33904.69140625,33904.69140625,33627.08984375,33706.73828125,293990000
20220819,^VIX,20.15999984741211,21.270000457763672,20.079999923706055,20.600000381469727,0
20220819,KRW=X,1326.9100341796875,1338.5899658203125,1323.5699462890625,1326.9100341796875,0
20220819,^SOX,2991.8701171875,3008.64990234375,2941.6298828125,2953.340087890625,0
20220819,^TNX,2.9609999656677246,2.997999906539917,2.9519999027252197,2.989000082015991,0
20220822,^GSPC,4195.080078125,4195.080078125,4129.85986328125,4137.990234375,3907430000
20220822,^IXIC,12523.16015625,12538.5498046875,12353.73046875,12381.5703125,4270980000
20220822,^DJI,33586.58984375,33586.58984375,33007.62890625,33063.609375,308900000
20220822,^VIX,22.40999984741211,24.6200008392334,22.389999389648438,23.799999237060547,0
20220822,KRW=X,1334.8599853515625,1346.1500244140625,1334.0,1334.8599853515625,0
20220822,^SOX,2891.659912109375,2903.0400390625,2833.6201171875,2843.3701171875,0
20220822,^TNX,2.9809999465942383,3.0409998893737793,2.9649999141693115,3.0369999408721924,0
20220823,^GSPC,4133.08984375,4159.77001953125,4124.02978515625,4128.72998046875,3823520000
20220823,^IXIC,12380.3701171875,12490.849609375,12352.0302734375,12381.2998046875,3836180000
20220823,^DJI,33033.51953125,33138.26171875,32858.890625,32909.58984375,251870000
20220823,^VIX,24.1299991607666,24.209999084472656,23.06999969482422,24.110000610351562,0
20220823,KRW=X,1343.3599853515625,1346.1300048828125,1334.1700439453125,1343.3599853515625,0
20220823,^SOX,2852.2099609375,2901.889892578125,2849.919921875,2864.31005859375,0
20220823,^TNX,3.0329999923706055,3.078000068664551,2.9830000400543213,3.053999900817871,0
20220824,^GSPC,4126.5498046875,4156.56005859375,4119.97021484375,4140.77001953125,3583630000
20220824,^IXIC,12375.150390625,12504.330078125,12350.16015625,12431.5302734375,3917170000
20220824,^DJI,32899.01171875,33095.5,32828.55859375,32969.23046875,256900000
20220824,^VIX,24.3700008392334,24.860000610351562,22.729999542236328,22.81999969482422,0
20220824,KRW=X,1339.0799560546875,1344.25,1337.1800537109375,1339.0799560546875,0
20220824,^SOX,2855.3701171875,2875.300048828125,2833.60009765625,2866.179931640625,0
20220824,^TNX,3.0480000972747803,3.125999927520752,3.0480000972747803,3.1059999465942383,0
20220825,^GSPC,4153.259765625,4200.5400390625,4147.58984375,4199.1201171875,3566870000
20220825,^IXIC,12506.3701171875,12641.259765625,12471.98046875,12639.26953125,4323470000
20220825,^DJI,33029.26953125,33306.08984375,32889.8515625,33291.78125,308530000
20220825,^VIX,22.40999984741211,23.1299991607666,21.770000457763672,21.780000686645508,0
20220825,KRW=X,1340.0,1340.949951171875,1332.8699951171875,1340.0,0
20220825,^SOX,2873.429931640625,2973.1298828125,2873.010009765625,2971.070068359375,0
20220825,^TNX,3.1080000400543213,3.128000020980835,3.0199999809265137,3.0260000228881836,0
20220826,^GSPC,4198.740234375,4203.0400390625,4057.659912109375,4057.659912109375,3832750000
20220826,^IXIC,12630.580078125,12655.83984375,12141.51953125,12141.7099609375,4530000000
20220826,^DJI,33293.4296875,33364.69921875,32278.220703125,32283.400390625,352850000
20220826,^VIX,22.06999969482422,25.899999618530273,21.670000076293945,25.559999465942383,0
20220826,KRW=X,1334.43994140625,1337.8199462890625,1327.3499755859375,1334.43994140625,0
20220826,^SOX,2958.47998046875,2966.52001953125,2797.590087890625,2798.43994140625,0
20220826,^TNX,3.071000099182129,3.0869998931884766,3.007999897003174,3.0350000858306885,0
20220829,^GSPC,4034.580078125,4062.989990234375,4017.419921875,4030.610107421875,3396510000
20220829,^IXIC,12021.0498046875,12124.8701171875,11981.419921875,12017.669921875,4209850000
20220829,^DJI,32188.0,32325.16015625,31972.7890625,32098.990234375,317820000
20220829,^VIX,26.860000610351562,27.670000076293945,25.469999313354492,26.209999084472656,0
20220829,KRW=X,1341.1800537109375,1351.9599609375,1341.1800537109375,1341.1800537109375,0
20220829,^SOX,2776.5400390625,2801.590087890625,2741.199951171875,2744.5,0
20220829,^TNX,3.0989999771118164,3.125,3.0859999656677246,3.109999895095825,0
20220830,^GSPC,4041.25,4044.97998046875,3965.2099609375,3986.159912109375,3835860000
20220830,^IXIC,12093.0595703125,12101.849609375,11790.01953125,11883.1396484375,4681520000
20220830,^DJI,32163.83984375,32205.66015625,31647.220703125,31790.869140625,317150000
20220830,^VIX,25.75,27.690000534057617,25.1299991607666,26.209999084472656,0
20220830,KRW=X,1345.72998046875,1352.6400146484375,1342.8900146484375,1345.72998046875,0
20220830,^SOX,2770.0400390625,2770.0400390625,2678.77001953125,2708.6298828125,0
20220830,^TNX,3.072999954223633,3.1510000228881836,3.066999912261963,3.109999895095825,0
20220831,^GSPC,4000.669921875,4015.3701171875,3954.530029296875,3955.0,4542490000
20220831,^IXIC,11972.5595703125,12027.4296875,11814.169921875,11816.2001953125,4952010000
20220831,^DJI,31827.150390625,31966.0390625,31509.58984375,31510.4296875,392780000
20220831,^VIX,25.860000610351562,26.6200008392334,25.309999465942383,25.8700008392334,0
20220831,KRW=X,1350.18994140625,1351.699951171875,1337.4000244140625,1350.18994140625,0
20220831,^SOX,2711.840087890625,2718.1298828125,2656.969970703125,2677.389892578125,0
20220831,^TNX,3.127000093460083,3.1440000534057617,3.1029999256134033,3.132999897003174,0
20220901,^GSPC,3936.72998046875,3970.22998046875,3903.64990234375,3966.85009765625,4152250000
20220901,^IXIC,11707.4404296875,11798.3701171875,11546.51953125,11785.1298828125,4792890000
20220901,^DJI,31454.580078125,31677.509765625,31219.75,31656.419921875,339360000
20220901,^VIX,26.8799991607666,27.450000762939453,25.25,25.559999465942383,0
20220901,KRW=X,1342.260009765625,1358.5799560546875,1340.550048828125,1342.260009765625,0
20220901,^SOX,2608.22998046875,2629.22998046875,2548.169921875,2625.949951171875,0
20220901,^TNX,3.2170000076293945,3.2950000762939453,3.2170000076293945,3.265000104904175,0
20220902,^GSPC,3994.659912109375,4018.429931640625,3906.2099609375,3924.260009765625,3665850000
20220902,^IXIC,11899.1396484375,11945.91015625,11573.509765625,11630.8603515625,4257410000
20220902,^DJI,31848.5,32026.900390625,31182.08984375,31318.439453125,306180000
20220902,^VIX,25.510000228881836,26.280000686645508,23.190000534057617,25.469999313354492,0
20220902,KRW=X,1355.0999755859375,1364.780029296875,1351.81005859375,1355.0999755859375,0
20220902,^SOX,2670.330078125,2686.02001953125,2587.89990234375,2599.260009765625,0
20220902,^TNX,3.257999897003174,3.2880001068115234,3.1760001182556152,3.193000078201294,0
20220905,KRW=X,1361.510009765625,1374.780029296875,1361.300048828125,1361.510009765625,0
20220906,^GSPC,3930.889892578125,3942.550048828125,3886.75,3908.18994140625,4127340000
20220906,^IXIC,11643.0302734375,11679.4296875,11471.5,11544.91015625,4622940000
20220906,^DJI,31343.7890625,31463.890625,31048.4609375,31145.30078125,347320000
20220906,^VIX,25.459999084472656,27.799999237060547,25.329999923706055,26.90999984741211,0
20220906,KRW=X,1361.81005859375,1381.0899658203125,1363.6400146484375,1361.81005859375,0
20220906,^SOX,2596.1201171875,2612.27001953125,2550.989990234375,2571.469970703125,0
20220906,^TNX,3.25,3.3529999256134033,3.24399995803833,3.3399999141693115,0
20220907,^GSPC,3909.429931640625,3987.889892578125,3906.030029296875,3979.8701171875,3890320000
20220907,^IXIC,11559.3798828125,11819.0703125,11555.080078125,11791.900390625,4445640000
20220907,^DJI,31145.630859375,31644.33984375,31095.2109375,31581.279296875,345080000
20220907,^VIX,26.93000030517578,27.149999618530273,24.540000915527344,24.639999389648438,0
20220907,KRW=X,1378.1099853515625,1390.5400390625,1377.510009765625,1378.1099853515625,0
20220907,^SOX,2578.75,2631.409912109375,2560.449951171875,2611.5,0
20220907,^TNX,3.322999954223633,3.3320000171661377,3.25,3.265000104904175,0
20220908,^GSPC,3959.93994140625,4010.5,3944.81005859375,4006.179931640625,3966850000
20220908,^IXIC,11679.8603515625,11896.73046875,11660.5302734375,11862.1298828125,4329910000
20220908,^DJI,31481.94921875,31783.369140625,31321.5,31774.51953125,344340000
20220908,^VIX,24.700000762939453,25.899999618530273,23.559999465942383,23.610000610351562,0
20220908,KRW=X,1374.31005859375,1386.6400146484375,1373.7900390625,1374.31005859375,0
20220908,^SOX,2579.780029296875,2664.2099609375,2571.1298828125,2658.179931640625,0
20220908,^TNX,3.2309999465942383,3.303999900817871,3.2090001106262207,3.2920000553131104,0
20220909,^GSPC,4022.93994140625,4076.81005859375,4022.93994140625,4067.360107421875,3901940000
20220909,^IXIC,11958.6103515625,12132.669921875,11958.6103515625,12112.3095703125,4401590000
20220909,^DJI,31876.220703125,32227.740234375,31876.220703125,32151.7109375,310980000
20220909,^VIX,23.489999771118164,23.56999969482422,22.639999389648438,22.790000915527344,0
20220909,KRW=X,1383.0,1385.0,1372.780029296875,1383.0,0
20220909,^SOX,2693.280029296875,2732.52001953125,2693.070068359375,2721.77001953125,0
20220909,^TNX,3.2730000019073486,3.325000047683716,3.250999927520752,3.321000099182129,0
20220912,^GSPC,4083.669921875,4119.27978515625,4083.669921875,4110.41015625,3814200000
20220912,^IXIC,12174.9404296875,12270.1904296875,12169.2802734375,12266.41015625,4146680000
20220912,^DJI,32159.490234375,32504.0390625,32159.490234375,32381.33984375,339250000
20220912,^VIX,23.579999923706055,24.229999542236328,23.15999984741211,23.8700008392334,0
20220912,KRW=X,1379.06005859375,1383.550048828125,1372.72998046875,1379.06005859375,0
20220912,^SOX,2725.449951171875,2745.489990234375,2701.530029296875,2731.090087890625,0
20220912,^TNX,3.2679998874664307,3.365000009536743,3.26200008392334,3.361999988555908,0
20220913,^GSPC,4037.1201171875,4037.1201171875,3921.280029296875,3932.68994140625,4224550000
20220913,^IXIC,11908.8095703125,11957.9697265625,11604.4296875,11633.5703125,5188380000
20220913,^DJI,32006.5,32006.5,31018.5390625,31104.970703125,428930000
20220913,^VIX,23.670000076293945,28.149999618530273,23.530000686645508,27.270000457763672,0
20220913,KRW=X,1375.81005859375,1392.9300537109375,1370.3499755859375,1375.81005859375,0
20220913,^SOX,2626.2900390625,2647.97998046875,2555.969970703125,2562.27001953125,0
20220913,^TNX,3.302000045776367,3.4579999446868896,3.2929999828338623,3.421999931335449,0
20220914,^GSPC,3940.72998046875,3961.93994140625,3912.179931640625,3946.010009765625,4293240000
20220914,^IXIC,11680.41015625,11746.830078125,11602.759765625,11719.6796875,4861530000
20220914,^DJI,31141.01953125,31276.8203125,30885.01953125,31135.08984375,348670000
20220914,^VIX,26.729999542236328,27.559999465942383,26.15999984741211,26.15999984741211,0
20220914,KRW=X,1393.469970703125,1396.1400146484375,1387.31005859375,1393.469970703125,0
20220914,^SOX,2583.090087890625,2607.389892578125,2554.0,2591.510009765625,0
20220914,^TNX,3.4600000381469727,3.4760000705718994,3.382999897003174,3.4119999408721924,0
20220915,^GSPC,3932.409912109375,3959.139892578125,3888.280029296875,3901.35009765625,4441830000
20220915,^IXIC,11633.240234375,11760.73046875,11497.1103515625,11552.3603515625,4805910000
20220915,^DJI,31124.6796875,31277.689453125,30882.080078125,30961.8203125,345500000
20220915,^VIX,26.100000381469727,26.93000030517578,25.420000076293945,26.270000457763672,0
20220915,KRW=X,1391.1800537109375,1399.489990234375,1390.22998046875,1391.1800537109375,0
20220915,^SOX,2570.3798828125,2601.1201171875,2530.530029296875,2549.5400390625,0
20220915,^TNX,3.4649999141693115,3.4679999351501465,3.4100000858306885,3.4590001106262207,0
20220916,^GSPC,3880.949951171875,3880.949951171875,3837.080078125,3873.330078125,7954650000
20220916,^IXIC,11401.2099609375,11460.4296875,11316.919921875,11448.400390625,7451840000
20220916,^DJI,30866.609375,30866.609375,30550.080078125,30822.419921875,627920000
20220916,^VIX,27.469999313354492,28.450000762939453,26.139999389648438,26.299999237060547,0
20220916,KRW=X,1398.6300048828125,1398.800048828125,1381.010009765625,1398.6300048828125,0
20220916,^SOX,2524.7099609375,2565.419921875,2504.8701171875,2563.139892578125,0
20220916,^TNX,3.453000068664551,3.490000009536743,3.4149999618530273,3.447999954223633,0
20220919,^GSPC,3849.909912109375,3900.449951171875,3838.5,3899.889892578125,3766850000
20220919,^IXIC,11338.5703125,11538.1298828125,11337.830078125,11535.01953125,4168670000
20220919,^DJI,30722.859375,31026.890625,30559.369140625,31019.6796875,291200000
20220919,^VIX,27.690000534057617,27.950000762939453,25.559999465942383,25.760000228881836,0
20220919,KRW=X,1385.22998046875,1395.6700439453125,1383.75,1385.22998046875,0
20220919,^SOX,2533.60009765625,2586.89990234375,2533.3701171875,2577.93994140625,0
20220919,^TNX,3.509999990463257,3.509999990463257,3.4630000591278076,3.490000009536743,0
20220920,^GSPC,3875.22998046875,3876.010009765625,3827.5400390625,3855.929931640625,4058050000
20220920,^IXIC,11440.1396484375,11520.990234375,11343.7197265625,11425.0498046875,4028100000
20220920,^DJI,30888.529296875,30888.529296875,30465.91015625,30706.23046875,317970000
20220920,^VIX,25.649999618530273,27.809999465942383,25.610000610351562,27.15999984741211,0
20220920,KRW=X,1390.1099853515625,1394.219970703125,1387.0899658203125,1390.1099853515625,0
20220920,^SOX,2557.010009765625,2563.489990234375,2522.989990234375,2539.5,0
20220920,^TNX,3.552999973297119,3.6019999980926514,3.5339999198913574,3.571000099182129,0
20220921,^GSPC,3871.39990234375,3907.070068359375,3789.489990234375,3789.929931640625,4078330000
20220921,^IXIC,11466.2099609375,11613.5703125,11218.990234375,11220.1904296875,4471000000
20220921,^DJI,30819.390625,31020.7890625,30181.990234375,30183.779296875,354960000
20220921,^VIX,28.030000686645508,30.18000030517578,25.549999237060547,27.989999771118164,0
20220921,KRW=X,1392.510009765625,1398.02001953125,1387.6500244140625,1392.510009765625,0
20220921,^SOX,2545.010009765625,2625.4599609375,2514.4599609375,2514.9599609375,0
20220921,^TNX,3.5299999713897705,3.619999885559082,3.503000020980835,3.509999990463257,0
20220922,^GSPC,3782.360107421875,3790.89990234375,3749.449951171875,3757.989990234375,4284600000
20220922,^IXIC,11167.3798828125,11203.76953125,11024.6396484375,11066.8095703125,4916470000
20220922,^DJI,30204.51953125,30302.279296875,29994.529296875,30076.6796875,335270000
20220922,^VIX,28.15999984741211,28.3799991607666,26.709999084472656,27.350000381469727,0
20220922,KRW=X,1397.56005859375,1414.4000244140625,1396.75,1397.56005859375,0
20220922,^SOX,2500.1201171875,2507.97998046875,2431.7900390625,2444.25,0
20220922,^TNX,3.5480000972747803,3.7160000801086426,3.5460000038146973,3.7079999446868896,0
20220923,^GSPC,3727.139892578125,3727.139892578125,3647.469970703125,3693.22998046875,5144270000
20220923,^IXIC,10952.6904296875,10958.2900390625,10732.7197265625,10867.9296875,5134350000
20220923,^DJI,29955.650390625,29955.650390625,29250.470703125,29590.41015625,388200000
20220923,^VIX,27.68000030517578,32.310001373291016,27.579999923706055,29.920000076293945,0
20220923,KRW=X,1403.6600341796875,1418.72998046875,1401.6099853515625,1403.6600341796875,0
20220923,^SOX,2417.719970703125,2423.1201171875,2369.4599609375,2408.89990234375,0
20220923,^TNX,3.7690000534057617,3.7730000019073486,3.6589999198913574,3.697000026702881,0
20220926,^GSPC,3682.719970703125,3715.669921875,3644.760009765625,3655.0400390625,4886140000
20220926,^IXIC,10833.3798828125,11024.0,10789.0498046875,10802.919921875,4697730000
20220926,^DJI,29536.83984375,29630.76953125,29161.119140625,29260.810546875,369450000
20220926,^VIX,31.739999771118164,32.880001068115234,29.829999923706055,32.2599983215332,0
20220926,KRW=X,1421.81005859375,1434.6500244140625,1418.550048828125,1421.81005859375,0
20220926,^SOX,2407.7099609375,2439.929931640625,2372.18994140625,2373.469970703125,0
20220926,^TNX,3.7829999923706055,3.9040000438690186,3.734999895095825,3.878000020980835,0
20220927,^GSPC,3686.43994140625,3717.530029296875,3623.2900390625,3647.2900390625,4577740000
20220927,^IXIC,10955.2900390625,11040.98046875,10741.01953125,10829.5,4445050000
20220927,^DJI,29419.880859375,29659.119140625,28958.220703125,29134.990234375,355460000
20220927,^VIX,31.200000762939453,34.13999938964844,30.299999237060547,32.599998474121094,0
20220927,KRW=X,1429.77001953125,1430.0999755859375,1418.260009765625,1429.77001953125,0
20220927,^SOX,2422.77001953125,2435.31005859375,2362.580078125,2398.0400390625,0
20220927,^TNX,3.809000015258789,3.992000102996826,3.809000015258789,3.9639999866485596,0
20220928,^GSPC,3651.93994140625,3736.739990234375,3640.610107421875,3719.0400390625,4684850000
20220928,^IXIC,10817.51953125,11101.5,10776.33984375,11051.6396484375,4556100000
20220928,^DJI,29198.919921875,29811.779296875,29114.970703125,29683.740234375,436040000
20220928,^VIX,34.5,34.880001068115234,30.030000686645508,30.18000030517578,0
20220928,KRW=X,1426.260009765625,1446.4100341796875,1425.4599609375,1426.260009765625,0
20220928,^SOX,2376.199951171875,2437.360107421875,2369.22998046875,2427.260009765625,0
20220928,^TNX,3.9110000133514404,3.9130001068115234,3.703000068664551,3.7049999237060547,0
20220929,^GSPC,3687.010009765625,3687.010009765625,3610.39990234375,3640.469970703125,4681810000
20220929,^IXIC,10894.4404296875,10899.4697265625,10623.2197265625,10737.509765625,4516630000
20220929,^DJI,29513.73046875,29513.73046875,28997.33984375,29225.609375,388820000
20220929,^VIX,31.670000076293945,33.459999084472656,31.15999984741211,31.84000015258789,0
20220929,KRW=X,1421.949951171875,1442.3299560546875,1420.9599609375,1421.949951171875,0
20220929,^SOX,2385.5400390625,2386.1201171875,2313.080078125,2347.360107421875,0
20220929,^TNX,3.818000078201294,3.8259999752044678,3.7209999561309814,3.746999979019165,0
20220930,^GSPC,3633.47998046875,3671.43994140625,3584.1298828125,3585.6201171875,5645360000
20220930,^IXIC,10697.7099609375,10883.0400390625,10572.330078125,10575.6201171875,4649710000
20220930,^DJI,29123.029296875,29355.779296875,28715.849609375,28725.509765625,464260000
20220930,^VIX,31.610000610351562,33.25,29.389999389648438,31.6200008392334,0
20220930,KRW=X,1430.1700439453125,1437.4000244140625,1428.300048828125,1430.1700439453125,0
20220930,^SOX,2324.610107421875,2380.68994140625,2306.64990234375,2306.699951171875,0
20220930,^TNX,3.7139999866485596,3.803999900817871,3.686000108718872,3.803999900817871,0
20221003,^GSPC,3609.780029296875,3698.35009765625,3604.929931640625,3678.429931640625,4806680000
20221003,^IXIC,10659.009765625,10875.4599609375,10577.8896484375,10815.4296875,4415440000
20221003,^DJI,28855.25,29647.7890625,28855.25,29490.890625,397830000
20221003,^VIX,33.0,33.060001373291016,29.6299991607666,30.100000381469727,0
20221003,KRW=X,1439.22998046875,1444.719970703125,1431.719970703125,1439.22998046875,0
20221003,^SOX,2343.080078125,2415.639892578125,2321.18994140625,2393.320068359375,0
20221003,^TNX,3.7119998931884766,3.7119998931884766,3.568000078201294,3.6510000228881836,0
20221004,^GSPC,3726.4599609375,3791.919921875,3726.4599609375,3790.929931640625,5146580000
20221004,^IXIC,11054.7197265625,11189.9599609375,11044.0400390625,11176.41015625,5004780000
20221004,^DJI,29826.669921875,30325.05078125,29826.669921875,30316.3203125,375640000
20221004,^VIX,29.520000457763672,29.6200008392334,28.559999465942383,29.06999969482422,0
20221004,KRW=X,1433.3399658203125,1436.1500244140625,1417.2900390625,1433.3399658203125,0
20221004,^SOX,2472.2099609375,2503.68994140625,2460.489990234375,2500.110107421875,0
20221004,^TNX,3.5929999351501465,3.6589999198913574,3.563999891281128,3.617000102996826,0
20221005,^GSPC,3753.25,3806.909912109375,3722.659912109375,3783.280029296875,4293180000
20221005,^IXIC,11022.669921875,11210.3203125,10910.759765625,11148.6396484375,4091860000
20221005,^DJI,30078.359375,30454.4609375,29886.439453125,30273.869140625,290610000
20221005,^VIX,29.360000610351562,30.110000610351562,28.5,28.549999237060547,0
20221005,KRW=X,1416.530029296875,1423.489990234375,1409.2099609375,1416.530029296875,0
20221005,^SOX,2458.010009765625,2543.89990234375,2435.159912109375,2523.610107421875,0
20221005,^TNX,3.703000068664551,3.7890000343322754,3.697000026702881,3.759000062942505,0
20221006,^GSPC,3771.969970703125,3797.929931640625,3739.219970703125,3744.52001953125,4252100000
20221006,^IXIC,11129.0400390625,11230.4404296875,11051.26953125,11073.3095703125,4423320000
20221006,^DJI,30206.130859375,30329.609375,29859.33984375,29926.939453125,306840000
20221006,^VIX,28.600000381469727,30.739999771118164,28.559999465942383,30.520000457763672,0
20221006,KRW=X,1416.760009765625,1416.760009765625,1396.4000244140625,1416.760009765625,0
20221006,^SOX,2520.199951171875,2563.280029296875,2502.89990234375,2508.840087890625,0
20221006,^TNX,3.763000011444092,3.8440001010894775,3.740999937057495,3.8259999752044678,0
20221007,^GSPC,3706.739990234375,3706.739990234375,3620.72998046875,3639.659912109375,4449660000
20221007,^IXIC,10877.2802734375,10891.9296875,10608.51953125,10652.400390625,4634190000
20221007,^DJI,29685.26953125,29685.26953125,29142.66015625,29296.7890625,367950000
20221007,^VIX,30.3700008392334,32.02000045776367,29.8799991607666,31.360000610351562,0
20221007,KRW=X,1408.449951171875,1419.199951171875,1401.199951171875,1408.449951171875,0
20221007,^SOX,2428.2099609375,2440.090087890625,2344.919921875,2356.75,0
20221007,^TNX,3.8329999446868896,3.9100000858306885,3.8329999446868896,3.882999897003174,0
20221010,^GSPC,3647.510009765625,3652.169921875,3588.10009765625,3612.389892578125,3834320000
20221010,^IXIC,10659.9501953125,10669.9296875,10449.0400390625,10542.099609375,3989640000
20221010,^DJI,29419.08984375,29485.8203125,29010.41015625,29202.880859375,315410000
20221010,^VIX,32.93000030517578,33.9900016784668,32.04999923706055,32.45000076293945,0
20221010,KRW=X,1415.97998046875,1430.0699462890625,1415.97998046875,1415.97998046875,0
20221010,^SOX,2346.7900390625,2347.219970703125,2247.56005859375,2275.340087890625,0
20221010,^TNX,3.888000011444092,3.888000011444092,3.888000011444092,3.888000011444092,0
20221011,^GSPC,3595.860107421875,3640.659912109375,3568.449951171875,3588.840087890625,4759030000
20221011,^IXIC,10484.3701171875,10608.83984375,10351.98046875,10426.1904296875,4738840000
20221011,^DJI,29085.19921875,29608.419921875,29074.23046875,29239.189453125,352920000
20221011,^VIX,33.560001373291016,34.43000030517578,32.45000076293945,33.630001068115234,0
20221011,KRW=X,1428.3499755859375,1438.1500244140625,1427.72998046875,1428.3499755859375,0
20221011,^SOX,2233.0400390625,2262.260009765625,2188.93994140625,2218.489990234375,0
20221011,^TNX,3.9000000953674316,3.9700000286102295,3.869999885559082,3.938999891281128,0
20221012,^GSPC,3590.830078125,3608.340087890625,3573.860107421875,3577.030029296875,4006830000
20221012,^IXIC,10437.0,10494.5302734375,10372.2099609375,10417.099609375,4091030000
20221012,^DJI,29233.060546875,29455.119140625,29136.029296875,29210.849609375,304420000
20221012,^VIX,33.540000915527344,34.529998779296875,33.11000061035156,33.56999969482422,0
20221012,KRW=X,1430.800048828125,1435.5400390625,1422.489990234375,1430.800048828125,0
20221012,^SOX,2218.43994140625,2224.7900390625,2190.110107421875,2198.60009765625,0
20221012,^TNX,3.953000068664551,3.9779999256134033,3.884000062942505,3.9019999504089355,0
20221013,^GSPC,3520.3701171875,3685.409912109375,3491.580078125,3669.909912109375,5021680000
20221013,^IXIC,10131.8203125,10697.7099609375,10088.830078125,10649.150390625,5300080000
20221013,^DJI,28755.830078125,30168.5390625,28660.939453125,30038.720703125,470260000
20221013,^VIX,33.599998474121094,33.869998931884766,31.6299991607666,31.940000534057617,0
20221013,KRW=X,1423.9000244140625,1445.739990234375,1423.1199951171875,1423.9000244140625,0
20221013,^SOX,2103.699951171875,2299.669921875,2089.820068359375,2263.239990234375,0
20221013,^TNX,3.859999895095825,4.079999923706055,3.8440001010894775,3.9519999027252197,0
20221014,^GSPC,3690.409912109375,3712.0,3579.679931640625,3583.070068359375,4243030000
20221014,^IXIC,10742.8095703125,10766.6904296875,10308.8095703125,10321.3896484375,4393000000
20221014,^DJI,30192.2109375,30428.8203125,29614.30078125,29634.830078125,379090000
20221014,^VIX,31.889999389648438,32.97999954223633,31.139999389648438,32.02000045776367,0
20221014,KRW=X,1430.300048828125,1439.6600341796875,1424.510009765625,1430.300048828125,0
20221014,^SOX,2281.679931640625,2286.949951171875,2158.800048828125,2162.320068359375,0
20221014,^TNX,3.88700008392334,4.031000137329102,3.8510000705718994,4.010000228881836,0
20221017,^GSPC,3638.64990234375,3689.72998046875,3638.64990234375,3677.949951171875,4352780000
20221017,^IXIC,10575.650390625,10696.58984375,10569.6904296875,10675.7998046875,4439190000
20221017,^DJI,30059.580078125,30311.94921875,29997.619140625,30185.8203125,369820000
20221017,^VIX,32.27000045776367,32.59000015258789,30.700000762939453,31.3700008392334,0
20221017,KRW=X,1440.760009765625,1441.02001953125,1429.280029296875,1440.760009765625,0
20221017,^SOX,2232.550048828125,2241.590087890625,2194.39990234375,2211.659912109375,0
20221017,^TNX,3.938999891281128,4.014999866485596,3.9100000858306885,4.014999866485596,0
20221018,^GSPC,3746.260009765625,3762.7900390625,3686.530029296875,3719.97998046875,4483740000
20221018,^IXIC,10963.990234375,10972.9697265625,10670.1201171875,10772.400390625,5047360000
20221018,^DJI,30697.51953125,30837.900390625,30301.830078125,30523.80078125,387130000
20221018,^VIX,31.100000381469727,31.93000030517578,30.420000076293945,30.5,0
20221018,KRW=X,1430.1500244140625,1431.68994140625,1418.5,1430.1500244140625,0
20221018,^SOX,2288.77001953125,2296.469970703125,2183.169921875,2220.9599609375,0
20221018,^TNX,3.9839999675750732,4.066999912261963,3.9649999141693115,3.997999906539917,0
20221019,^GSPC,3703.110107421875,3728.580078125,3666.510009765625,3695.159912109375,4223800000
20221019,^IXIC,10689.3095703125,10808.0400390625,10592.8798828125,10680.509765625,4955090000
20221019,^DJI,30439.0390625,30662.109375,30226.900390625,30423.810546875,314030000
20221019,^VIX,30.940000534057617,31.899999618530273,30.760000228881836,30.760000228881836,0
20221019,KRW=X,1425.02001953125,1435.5999755859375,1413.06005859375,1425.02001953125,0
20221019,^SOX,2209.6298828125,2258.75,2200.89990234375,2237.739990234375,0
20221019,^TNX,4.093999862670898,4.136000156402588,4.066999912261963,4.126999855041504,0
20221020,^GSPC,3689.050048828125,3736.0,3656.43994140625,3665.780029296875,4496620000
20221020,^IXIC,10657.41015625,10837.2998046875,10574.5498046875,10614.83984375,4628010000
20221020,^DJI,30411.919921875,30822.9609375,30265.19921875,30333.58984375,333190000
20221020,^VIX,31.299999237060547,31.31999969482422,29.760000228881836,29.979999542236328,0
20221020,KRW=X,1435.010009765625,1436.43994140625,1420.93994140625,1435.010009765625,0
20221020,^SOX,2251.1298828125,2320.909912109375,2240.909912109375,2253.219970703125,0
20221020,^TNX,4.123000144958496,4.228000164031982,4.10099983215332,4.22599983215332,0
20221021,^GSPC,3657.10009765625,3757.889892578125,3647.419921875,3752.75,5078020000
20221021,^IXIC,10576.0400390625,10875.7197265625,10542.4296875,10859.7197265625,4706440000
20221021,^DJI,30291.1796875,31119.26953125,30206.279296875,31082.560546875,418190000
20221021,^VIX,30.209999084472656,30.440000534057617,29.239999771118164,29.690000534057617,0
20221021,KRW=X,1430.31005859375,1444.8299560546875,1428.0,1430.31005859375,0
20221021,^SOX,2253.3701171875,2339.89990234375,2238.1201171875,2336.68994140625,0
20221021,^TNX,4.330999851226807,4.333000183105469,4.199999809265137,4.2129998207092285,0
20221024,^GSPC,3762.010009765625,3810.739990234375,3741.64990234375,3797.340087890625,4747930000
20221024,^IXIC,10867.0703125,10983.51953125,10713.330078125,10952.6103515625,4808710000
20221024,^DJI,31187.3203125,31603.630859375,31161.41015625,31499.619140625,345040000
20221024,^VIX,30.649999618530273,30.950000762939453,29.780000686645508,29.850000381469727,0
20221024,KRW=X,1428.1099853515625,1445.699951171875,1427.9000244140625,1428.1099853515625,0
20221024,^SOX,2343.5,2360.4599609375,2294.31005859375,2351.550048828125,0
20221024,^TNX,4.191999912261963,4.290999889373779,4.171000003814697,4.234000205993652,0
20221025,^GSPC,3799.43994140625,3862.85009765625,3799.43994140625,3859.110107421875,4843120000
20221025,^IXIC,10996.9697265625,11210.3798828125,10996.9697265625,11199.1201171875,5141760000
20221025,^DJI,31463.650390625,31876.150390625,31423.529296875,31836.740234375,336930000
20221025,^VIX,29.799999237060547,30.0,28.219999313354492,28.459999084472656,0
20221025,KRW=X,1443.9599609375,1443.9300537109375,1422.9200439453125,1443.9599609375,0
20221025,^SOX,2359.43994140625,2420.47998046875,2359.43994140625,2404.68994140625,0
20221025,^TNX,4.163000106811523,4.171000003814697,4.052000045776367,4.107999801635742,0
20221026,^GSPC,3825.969970703125,3886.14990234375,3824.070068359375,3830.60009765625,4817310000
20221026,^IXIC,10969.01953125,11205.83984375,10948.3798828125,10970.990234375,5224440000
20221026,^DJI,31738.439453125,32172.419921875,31738.439453125,31839.109375,430400000
20221026,^VIX,28.440000534057617,28.520000457763672,27.270000457763672,27.280000686645508,0
20221026,KRW=X,1426.9300537109375,1432.2099609375,1409.9300537109375,1426.9300537109375,0
20221026,^SOX,2351.14990234375,2433.64990234375,2343.68994140625,2376.330078125,0
20221026,^TNX,4.059000015258789,4.081999778747559,3.996999979019165,4.014999866485596,0
20221027,^GSPC,3834.68994140625,3859.949951171875,3803.7900390625,3807.300048828125,4687320000
20221027,^IXIC,10971.9501953125,10998.73046875,10780.5,10792.669921875,4773520000
20221027,^DJI,32062.140625,32388.419921875,31993.2109375,32033.279296875,375720000
20221027,^VIX,27.510000228881836,27.670000076293945,26.940000534057617,27.389999389648438,0
20221027,KRW=X,1412.68994140625,1424.510009765625,1412.030029296875,1412.68994140625,0
20221027,^SOX,2419.080078125,2430.780029296875,2338.3798828125,2340.60009765625,0
20221027,^TNX,4.060999870300293,4.066999912261963,3.9110000133514404,3.937000036239624,0
20221028,^GSPC,3808.260009765625,3905.419921875,3808.260009765625,3901.06005859375,4459410000
20221028,^IXIC,10766.2001953125,11117.0400390625,10766.2001953125,11102.4501953125,4731940000
20221028,^DJI,32204.310546875,32889.80859375,32158.380859375,32861.80078125,495830000
20221028,^VIX,27.43000030517578,27.59000015258789,25.75,25.75,0
20221028,KRW=X,1420.6500244140625,1428.1199951171875,1412.3199462890625,1420.6500244140625,0
20221028,^SOX,2347.3701171875,2436.64990234375,2338.030029296875,2433.659912109375,0
20221028,^TNX,3.99399995803833,4.047999858856201,3.950000047683716,4.010000228881836,0
20221031,^GSPC,3881.85009765625,3893.72998046875,3863.179931640625,3871.97998046875,4820620000
20221031,^IXIC,11028.4296875,11047.9404296875,10914.009765625,10988.150390625,4753740000
20221031,^DJI,32754.26953125,32883.859375,32586.9296875,32732.94921875,390890000
20221031,^VIX,26.90999984741211,27.06999969482422,25.84000015258789,25.8799991607666,0
20221031,KRW=X,1421.6500244140625,1429.0699462890625,1418.4200439453125,1421.6500244140625,0
20221031,^SOX,2409.43994140625,2415.969970703125,2371.580078125,2384.449951171875,0
20221031,^TNX,4.031000137329102,4.083000183105469,4.031000137329102,4.077000141143799,0
20221101,^GSPC,3901.7900390625,3911.7900390625,3843.800048828125,3856.10009765625,4481210000
20221101,^IXIC,11154.740234375,11156.349609375,10881.1904296875,10890.849609375,4677520000
20221101,^DJI,32862.7890625,32975.48046875,32485.23046875,32653.19921875,323210000
20221101,^VIX,25.959999084472656,26.350000381469727,25.65999984741211,25.809999465942383,0
20221101,KRW=X,1424.6700439453125,1428.510009765625,1410.47998046875,1424.6700439453125,0
20221101,^SOX,2436.659912109375,2439.43994140625,2390.27001953125,2402.75,0
20221101,^TNX,3.937000036239624,4.078999996185303,3.9200000762939453,4.052000045776367,0
20221102,^GSPC,3852.89990234375,3894.43994140625,3758.679931640625,3759.68994140625,4899000000
20221102,^IXIC,10885.009765625,10993.240234375,10522.900390625,10524.7998046875,5436420000
20221102,^DJI,32576.279296875,33071.9296875,32139.76953125,32147.759765625,398430000
20221102,^VIX,26.040000915527344,26.6200008392334,25.389999389648438,25.860000610351562,0
20221102,KRW=X,1416.5999755859375,1420.4000244140625,1412.3599853515625,1416.5999755859375,0
20221102,^SOX,2420.580078125,2462.139892578125,2327.739990234375,2328.469970703125,0
20221102,^TNX,4.044000148773193,4.078000068664551,3.9760000705718994,4.059000015258789,0
20221103,^GSPC,3733.25,3750.590087890625,3698.14990234375,3719.889892578125,4625290000
20221103,^IXIC,10399.4501953125,10486.009765625,10319.5400390625,10342.9404296875,5102190000
20221103,^DJI,31985.05078125,32185.7109375,31727.05078125,32001.25,354440000
20221103,^VIX,25.979999542236328,26.8700008392334,25.100000381469727,25.299999237060547,0
20221103,KRW=X,1423.0999755859375,1427.949951171875,1417.0899658203125,1423.0999755859375,0
20221103,^SOX,2283.330078125,2330.949951171875,2259.8701171875,2292.85009765625,0
20221103,^TNX,4.183000087738037,4.2230000495910645,4.111000061035156,4.124000072479248,0
20221104,^GSPC,3766.97998046875,3796.340087890625,3708.840087890625,3770.550048828125,5400180000
20221104,^IXIC,10548.1396484375,10553.6298828125,10262.9296875,10475.25,5453750000
20221104,^DJI,32265.009765625,32611.51953125,31938.919921875,32403.220703125,422370000
20221104,^VIX,25.6299991607666,25.709999084472656,24.0,24.549999237060547,0
20221104,KRW=X,1423.6500244140625,1428.93994140625,1404.010009765625,1423.6500244140625,0
20221104,^SOX,2383.7099609375,2401.22998046875,2339.889892578125,2398.239990234375,0
20221104,^TNX,4.164999961853027,4.209000110626221,4.104000091552734,4.156000137329102,0
20221107,^GSPC,3780.7099609375,3813.949951171875,3764.699951171875,3806.800048828125,4341620000
20221107,^IXIC,10516.9404296875,10587.9599609375,10428.91015625,10564.51953125,4456690000
20221107,^DJI,32454.099609375,32895.58984375,32424.990234375,32827.0,336300000
20221107,^VIX,25.670000076293945,25.670000076293945,24.34000015258789,24.350000381469727,0
20221107,KRW=X,1402.1099853515625,1412.0699462890625,1389.4100341796875,1402.1099853515625,0
20221107,^SOX,2413.169921875,2457.77001953125,2386.64990234375,2450.6201171875,0
20221107,^TNX,4.142000198364258,4.2179999351501465,4.142000198364258,4.214000225067139,0
20221108,^GSPC,3817.02001953125,3859.39990234375,3786.280029296875,3828.110107421875,4607640000
20221108,^IXIC,10611.5302734375,10745.6396484375,10472.73046875,10616.2001953125,5134500000
20221108,^DJI,32934.55859375,33355.390625,32831.4609375,33160.828125,335340000
20221108,^VIX,24.709999084472656,26.15999984741211,24.239999771118164,25.540000915527344,0
20221108,KRW=X,1392.699951171875,1393.800048828125,1369.8900146484375,1392.699951171875,0
20221108,^SOX,2501.2099609375,2535.550048828125,2454.239990234375,2503.389892578125,0
20221108,^TNX,4.197000026702881,4.203000068664551,4.120999813079834,4.125999927520752,0
20221109,^GSPC,3810.93994140625,3818.199951171875,3744.219970703125,3748.570068359375,4645010000
20221109,^IXIC,10528.4501953125,10564.9697265625,10344.009765625,10353.169921875,4977460000
20221109,^DJI,33004.46875,33065.109375,32478.869140625,32513.939453125,355200000
20221109,^VIX,25.34000015258789,26.350000381469727,25.020000457763672,26.09000015258789,0
20221109,KRW=X,1374.1500244140625,1380.1500244140625,1351.47998046875,1374.1500244140625,0
20221109,^SOX,2466.0,2472.610107421875,2423.9599609375,2424.820068359375,0
20221109,^TNX,4.151000022888184,4.173999786376953,4.0970001220703125,4.151000022888184,0
20221110,^GSPC,3859.889892578125,3958.330078125,3859.889892578125,3956.3701171875,5781260000
20221110,^IXIC,10869.169921875,11119.1201171875,10779.9501953125,11114.150390625,6433000000
20221110,^DJI,33263.91015625,33727.73046875,33167.8203125,33715.37109375,480130000
20221110,^VIX,26.510000228881836,26.59000015258789,22.84000015258789,23.530000686645508,0
20221110,KRW=X,1370.550048828125,1383.4599609375,1350.0999755859375,1370.550048828125,0
20221110,^SOX,2568.219970703125,2675.830078125,2539.72998046875,2672.5,0
20221110,^TNX,4.074999809265137,4.090000152587891,3.8239998817443848,3.8289999961853027,0
20221111,^GSPC,3963.719970703125,4001.47998046875,3944.820068359375,3992.929931640625,5593310000
20221111,^IXIC,11124.75,11352.4296875,11069.830078125,11323.330078125,5867750000
20221111,^DJI,33797.75,33817.9609375,33394.4296875,33747.859375,427790000
20221111,^VIX,23.889999389648438,23.90999984741211,22.3700008392334,22.520000457763672,0
20221111,KRW=X,1349.3699951171875,1349.81005859375,1314.1099853515625,1349.3699951171875,0
20221111,^SOX,2677.590087890625,2769.43994140625,2655.18994140625,2754.89990234375,0
20221111,^TNX,3.812999963760376,3.812999963760376,3.812999963760376,3.812999963760376,0
20221114,^GSPC,3977.969970703125,4008.969970703125,3956.39990234375,3957.25,4561930000
20221114,^IXIC,11233.900390625,11350.1201171875,11167.169921875,11196.2197265625,5004060000
20221114,^DJI,33662.05078125,33964.30078125,33533.9609375,33536.69921875,354340000
20221114,^VIX,23.989999771118164,24.329999923706055,22.860000610351562,23.729999542236328,0
20221114,KRW=X,1313.030029296875,1331.8599853515625,1310.0400390625,1313.030029296875,0
20221114,^SOX,2742.159912109375,2779.489990234375,2725.77001953125,2728.050048828125,0
20221114,^TNX,3.884000062942505,3.9010000228881836,3.8540000915527344,3.865000009536743,0
20221115,^GSPC,4006.409912109375,4028.840087890625,3953.169921875,3991.72998046875,5015310000
20221115,^IXIC,11474.8203125,11492.6201171875,11241.150390625,11358.41015625,5617310000
20221115,^DJI,33755.94140625,33987.05859375,33320.19921875,33592.921875,390610000
20221115,^VIX,23.770000457763672,26.219999313354492,23.18000030517578,24.540000915527344,0
20221115,KRW=X,1324.0799560546875,1326.72998046875,1306.06005859375,1324.0799560546875,0
20221115,^SOX,2833.47998046875,2848.679931640625,2771.7099609375,2810.610107421875,0
20221115,^TNX,3.815999984741211,3.8440001010894775,3.759999990463257,3.7990000247955322,0
20221116,^GSPC,3976.820068359375,3983.090087890625,3954.340087890625,3958.7900390625,4165320000
20221116,^IXIC,11260.099609375,11286.099609375,11162.919921875,11183.66015625,4585190000
20221116,^DJI,33554.9296875,33682.828125,33516.98828125,33553.828125,301560000
20221116,^VIX,24.290000915527344,24.719999313354492,23.989999771118164,24.110000610351562,0
20221116,KRW=X,1316.260009765625,1333.81005859375,1314.4200439453125,1316.260009765625,0
20221116,^SOX,2735.4599609375,2747.840087890625,2677.320068359375,2690.820068359375,0
20221116,^TNX,3.7679998874664307,3.796999931335449,3.691999912261963,3.691999912261963,0
20221117,^GSPC,3919.260009765625,3954.330078125,3906.5400390625,3946.56005859375,4051780000
20221117,^IXIC,11008.669921875,11198.83984375,11006.2099609375,11144.9599609375,4354360000
20221117,^DJI,33329.26953125,33616.01953125,33239.75,33546.3203125,319210000
20221117,^VIX,24.049999237060547,25.18000030517578,23.809999465942383,23.93000030517578,0
20221117,KRW=X,1336.4300537109375,1351.1400146484375,1329.3499755859375,1336.4300537109375,0
20221117,^SOX,2633.85009765625,2728.0,2633.85009765625,2719.10009765625,0
20221117,^TNX,3.76200008392334,3.802999973297119,3.743000030517578,3.7750000953674316,0
20221118,^GSPC,3966.389892578125,3979.889892578125,3935.97998046875,3965.340087890625,4037360000
20221118,^IXIC,11257.009765625,11259.4404296875,11059.16015625,11146.0595703125,4175420000
20221118,^DJI,33606.58984375,33827.94140625,33540.640625,33745.69140625,312950000
20221118,^VIX,24.030000686645508,24.1200008392334,22.979999542236328,23.1200008392334,0
20221118,KRW=X,1342.75,1343.3599853515625,1334.52001953125,1342.75,0
20221118,^SOX,2759.840087890625,2760.0,2693.3701171875,2724.030029296875,0
20221118,^TNX,3.805000066757202,3.8269999027252197,3.76200008392334,3.818000078201294,0
20221121,^GSPC,3956.22998046875,3962.0,3933.340087890625,3949.93994140625,3850690000
20221121,^IXIC,11091.009765625,11128.7802734375,10999.75,11024.509765625,3977130000
20221121,^DJI,33760.30078125,33864.58984375,33559.1796875,33700.28125,352960000
20221121,^VIX,24.049999237060547,24.1200008392334,22.299999237060547,22.360000610351562,0
20221121,KRW=X,1339.030029296875,1362.0,1344.9000244140625,1339.030029296875,0
20221121,^SOX,2684.280029296875,2696.699951171875,2669.35009765625,2675.830078125,0
20221121,^TNX,3.813999891281128,3.8359999656677246,3.76200008392334,3.825000047683716,0
20221122,^GSPC,3965.510009765625,4005.8798828125,3956.8798828125,4003.580078125,3887990000
20221122,^IXIC,11058.5595703125,11179.8701171875,10975.66015625,11174.41015625,4186360000
20221122,^DJI,33810.05078125,34115.69921875,33810.05078125,34098.1015625,277070000
20221122,^VIX,22.59000015258789,22.709999084472656,21.280000686645508,21.290000915527344,0
20221122,KRW=X,1359.75,1360.9599609375,1350.449951171875,1359.75,0
20221122,^SOX,2702.030029296875,2757.7099609375,2677.31005859375,2756.820068359375,0
20221122,^TNX,3.802999973297119,3.816999912261963,3.749000072479248,3.757999897003174,0
20221123,^GSPC,4000.300048828125,4033.780029296875,3998.659912109375,4027.260009765625,3279720000
20221123,^IXIC,11174.6103515625,11310.8203125,11174.6103515625,11285.3203125,4431530000
20221123,^DJI,34091.5703125,34262.0703125,34004.640625,34194.05859375,236820000
20221123,^VIX,21.489999771118164,21.780000686645508,20.31999969482422,20.350000381469727,0
20221123,KRW=X,1352.68994140625,1355.43994140625,1339.530029296875,1352.68994140625,0
20221123,^SOX,2756.64990234375,2814.8701171875,2756.360107421875,2786.419921875,0
20221123,^TNX,3.7760000228881836,3.796999931335449,3.694999933242798,3.7060000896453857,0
20221124,KRW=X,1336.81005859375,1339.3399658203125,1323.5699462890625,1336.81005859375,0
20221125,^GSPC,4023.340087890625,4034.02001953125,4020.760009765625,4026.1201171875,1706460000
20221125,^IXIC,11231.0,11261.5703125,11206.3798828125,11226.3603515625,2184080000
20221125,^DJI,34213.0390625,34386.51171875,34199.5703125,34347.03125,131660000
20221125,^VIX,20.610000610351562,21.110000610351562,20.459999084472656,20.5,0
20221125,KRW=X,1317.8900146484375,1335.300048828125,1318.7099609375,1317.8900146484375,0
20221125,^SOX,2766.60009765625,2780.5,2751.27001953125,2751.27001953125,0
20221125,^TNX,3.7260000705718994,3.75600004196167,3.680999994277954,3.690999984741211,0
20221128,^GSPC,4005.360107421875,4012.27001953125,3955.77001953125,3963.93994140625,3615430000
20221128,^IXIC,11147.5703125,11217.75,11020.6904296875,11049.5,4271360000
20221128,^DJI,34275.91015625,34303.87890625,33799.3515625,33849.4609375,300330000
20221128,^VIX,22.09000015258789,22.5,21.649999618530273,22.209999084472656,0
20221128,KRW=X,1334.56005859375,1342.1500244140625,1323.4100341796875,1334.56005859375,0
20221128,^SOX,2714.360107421875,2744.639892578125,2664.570068359375,2678.780029296875,0
20221128,^TNX,3.683000087738037,3.7179999351501465,3.6679999828338623,3.703000068664551,0
20221129,^GSPC,3964.18994140625,3976.77001953125,3937.64990234375,3957.6298828125,3546040000
20221129,^IXIC,11060.01953125,11086.01953125,10944.3701171875,10983.7802734375,4592830000
20221129,^DJI,33847.80078125,33933.91015625,33662.44921875,33852.53125,279750000
20221129,^VIX,22.09000015258789,22.56999969482422,21.829999923706055,21.889999389648438,0
20221129,KRW=X,1340.1199951171875,1340.8699951171875,1323.1099853515625,1340.1199951171875,0
20221129,^SOX,2685.030029296875,2704.699951171875,2656.6298828125,2670.64990234375,0
20221129,^TNX,3.694000005722046,3.759000062942505,3.678999900817871,3.747999906539917,0
20221130,^GSPC,3957.179931640625,4080.110107421875,3938.580078125,4080.110107421875,6579360000
20221130,^IXIC,10995.2001953125,11468.4697265625,10966.5302734375,11468.0,6653460000
20221130,^DJI,33795.4296875,34589.76953125,33583.76953125,34589.76953125,524440000
20221130,^VIX,21.700000762939453,22.6299991607666,20.309999465942383,20.579999923706055,0
20221130,KRW=X,1325.3699951171875,1329.219970703125,1311.5799560546875,1325.3699951171875,0
20221130,^SOX,2678.56005859375,2827.699951171875,2655.06005859375,2826.85009765625,0
20221130,^TNX,3.7269999980926514,3.7980000972747803,3.690000057220459,3.703000068664551,0
20221201,^GSPC,4087.139892578125,4100.509765625,4050.8701171875,4076.570068359375,4527130000
20221201,^IXIC,11475.169921875,11546.76953125,11378.75,11482.4501953125,5158120000
20221201,^DJI,34533.58984375,34595.51171875,34129.3515625,34395.01171875,348720000
20221201,^VIX,20.829999923706055,21.059999465942383,19.799999237060547,19.84000015258789,0
20221201,KRW=X,1279.800048828125,1308.02001953125,1281.199951171875,1279.800048828125,0
20221201,^SOX,2833.449951171875,2841.860107421875,2770.97998046875,2804.699951171875,0
20221201,^TNX,3.5940001010894775,3.63100004196167,3.5269999504089355,3.5290000438690186,0
20221202,^GSPC,4040.169921875,4080.47998046875,4026.6298828125,4071.699951171875,4012620000
20221202,^IXIC,11308.3798828125,11492.3203125,11296.7197265625,11461.5,4523010000
20221202,^DJI,34265.44921875,34483.2109375,34039.73046875,34429.87890625,290580000
20221202,^VIX,20.420000076293945,20.959999084472656,18.950000762939453,19.059999465942383,0
20221202,KRW=X,1303.25,1307.93994140625,1294.9100341796875,1303.25,0
20221202,^SOX,2729.75,2777.489990234375,2723.35009765625,2771.239990234375,0
20221202,^TNX,3.5190000534057617,3.638000011444092,3.503999948501587,3.50600004196167,0
20221205,^GSPC,4052.02001953125,4052.449951171875,3984.489990234375,3998.840087890625,4280820000
20221205,^IXIC,11380.990234375,11425.509765625,11193.01953125,11239.9404296875,4510030000
20221205,^DJI,34335.73046875,34335.73046875,33846.80859375,33947.1015625,312960000
20221205,^VIX,20.299999237060547,21.290000915527344,19.780000686645508,20.75,0
20221205,KRW=X,1299.1700439453125,1304.0999755859375,1288.7099609375,1299.1700439453125,0
20221205,^SOX,2756.409912109375,2777.239990234375,2713.10009765625,2738.050048828125,0
20221205,^TNX,3.5299999713897705,3.611999988555908,3.513000011444092,3.5989999771118164,0
20221206,^GSPC,3996.6298828125,4001.510009765625,3918.389892578125,3941.260009765625,4368380000
20221206,^IXIC,11228.419921875,11241.419921875,10956.2001953125,11014.8896484375,4713330000
20221206,^DJI,33936.87109375,34006.62890625,33418.58984375,33596.33984375,306220000
20221206,^VIX,20.690000534057617,22.600000381469727,20.3799991607666,22.170000076293945,0
20221206,KRW=X,1304.3699951171875,1322.43994140625,1301.0699462890625,1304.3699951171875,0
20221206,^SOX,2732.860107421875,2736.56005859375,2650.60009765625,2673.530029296875,0
20221206,^TNX,3.561000108718872,3.5829999446868896,3.507999897003174,3.513000011444092,0
20221207,^GSPC,3933.280029296875,3957.570068359375,3922.679931640625,3933.919921875,4118050000
20221207,^IXIC,10963.9501953125,11039.8095703125,10910.6201171875,10958.5498046875,4343860000
20221207,^DJI,33556.3984375,33774.26953125,33503.671875,33597.921875,359980000
20221207,^VIX,22.31999969482422,23.010000228881836,22.18000030517578,22.68000030517578,0
20221207,KRW=X,1319.7099609375,1325.8199462890625,1308.0899658203125,1319.7099609375,0
20221207,^SOX,2645.469970703125,2689.0,2645.469970703125,2673.25,0
20221207,^TNX,3.552999973297119,3.552999973297119,3.4019999504089355,3.4079999923706055,0
20221208,^GSPC,3947.7900390625,3974.18994140625,3935.830078125,3963.510009765625,4006900000
20221208,^IXIC,11011.330078125,11119.16015625,10939.4697265625,11082.0,4281800000
20221208,^DJI,33695.96875,33899.171875,33642.4609375,33781.48046875,271830000
20221208,^VIX,22.809999465942383,23.280000686645508,22.059999465942383,22.290000915527344,0
20221208,KRW=X,1314.0999755859375,1322.800048828125,1313.8399658203125,1314.0999755859375,0
20221208,^SOX,2684.93994140625,2749.1201171875,2668.27001953125,2744.72998046875,0
20221208,^TNX,3.4670000076293945,3.50600004196167,3.447999954223633,3.490999937057495,0
20221209,^GSPC,3954.169921875,3977.02001953125,3933.0400390625,3934.3798828125,3888260000
20221209,^IXIC,11038.169921875,11138.7001953125,10999.259765625,11004.6201171875,4337440000
20221209,^DJI,33746.7109375,33844.62890625,33462.6484375,33476.4609375,287630000
20221209,^VIX,22.549999237060547,23.209999084472656,22.18000030517578,22.829999923706055,0
20221209,KRW=X,1316.6300048828125,1316.6700439453125,1295.300048828125,1316.6300048828125,0
20221209,^SOX,2735.090087890625,2771.8798828125,2715.919921875,2721.02001953125,0
20221209,^TNX,3.4760000705718994,3.569000005722046,3.4630000591278076,3.566999912261963,0
20221212,^GSPC,3939.2900390625,3990.7099609375,3935.300048828125,3990.56005859375,3904130000
20221212,^IXIC,11015.48046875,11144.669921875,10984.8203125,11143.740234375,4829990000
20221212,^DJI,33519.5,34005.0390625,33519.5,34005.0390625,313440000
20221212,^VIX,24.399999618530273,25.049999237060547,24.18000030517578,25.0,0
20221212,KRW=X,1303.1700439453125,1312.9599609375,1301.699951171875,1303.1700439453125,0
20221212,^SOX,2710.10009765625,2779.47998046875,2699.47998046875,2779.2099609375,0
20221212,^TNX,3.5429999828338623,3.630000114440918,3.5209999084472656,3.6110000610351562,0
20221213,^GSPC,4069.3798828125,4100.9599609375,3993.030029296875,4019.64990234375,5079360000
20221213,^IXIC,11542.83984375,11571.6396484375,11160.5400390625,11256.8095703125,6126890000
20221213,^DJI,34268.44140625,34712.28125,33890.87890625,34108.640625,442650000
20221213,^VIX,25.239999771118164,25.84000015258789,21.459999084472656,22.549999237060547,0
20221213,KRW=X,1305.9200439453125,1309.06005859375,1285.6500244140625,1305.9200439453125,0
20221213,^SOX,2899.0,2913.1201171875,2788.93994140625,2821.530029296875,0
20221213,^TNX,3.5850000381469727,3.5910000801086426,3.4230000972747803,3.500999927520752,0
20221214,^GSPC,4015.5400390625,4053.760009765625,3965.64990234375,3995.320068359375,4472340000
20221214,^IXIC,11248.08984375,11352.08984375,11065.240234375,11170.8896484375,5485150000
20221214,^DJI,34086.0703125,34395.6484375,33704.171875,33966.3515625,339090000
20221214,^VIX,22.829999923706055,23.469999313354492,21.06999969482422,21.139999389648438,0
20221214,KRW=X,1288.97998046875,1300.3199462890625,1288.97998046875,1288.97998046875,0
20221214,^SOX,2818.6298828125,2849.43994140625,2751.239990234375,2777.27001953125,0
20221214,^TNX,3.507999897003174,3.559999942779541,3.4790000915527344,3.503000020980835,0
20221215,^GSPC,3958.3701171875,3958.3701171875,3879.449951171875,3895.75,4493900000
20221215,^IXIC,11012.6201171875,11029.5703125,10775.6103515625,10810.5302734375,5536070000
20221215,^DJI,33773.0,33773.0,33016.16015625,33202.21875,394290000
20221215,^VIX,21.520000457763672,23.670000076293945,21.25,22.829999923706055,0
20221215,KRW=X,1295.6800537109375,1319.5400390625,1295.010009765625,1295.6800537109375,0
20221215,^SOX,2728.68994140625,2731.909912109375,2657.780029296875,2661.409912109375,0
20221215,^TNX,3.505000114440918,3.5209999084472656,3.430000066757202,3.450000047683716,0
20221216,^GSPC,3890.909912109375,3890.909912109375,3827.909912109375,3852.360107421875,7493660000
20221216,^IXIC,10767.6298828125,10833.240234375,10642.099609375,10705.41015625,7968170000
20221216,^DJI,33166.4609375,33166.4609375,32654.58984375,32920.4609375,756310000
20221216,^VIX,23.260000228881836,23.829999923706055,22.09000015258789,22.6200008392334,0
20221216,KRW=X,1317.0999755859375,1317.699951171875,1303.8800048828125,1317.0999755859375,0
20221216,^SOX,2646.280029296875,2670.110107421875,2612.43994140625,2636.10009765625,0
20221216,^TNX,3.50600004196167,3.556999921798706,3.4619998931884766,3.4820001125335693,0
20221219,^GSPC,3853.7900390625,3854.860107421875,3800.0400390625,3817.659912109375,3969610000
20221219,^IXIC,10707.4404296875,10713.9697265625,10497.5498046875,10546.0302734375,4631820000
20221219,^DJI,32921.44921875,33038.94140625,32581.970703125,32757.5390625,326430000
20221219,^VIX,22.6299991607666,22.860000610351562,21.610000610351562,22.420000076293945,0
20221219,KRW=X,1308.8599853515625,1304.4599609375,1296.5400390625,1308.8599853515625,0
20221219,^SOX,2634.510009765625,2638.3701171875,2576.3701171875,2599.860107421875,0
20221219,^TNX,3.559000015258789,3.6010000705718994,3.552000045776367,3.5810000896453857,0
20221220,^GSPC,3810.469970703125,3838.239990234375,3795.6201171875,3821.6201171875,3985370000
20221220,^IXIC,10490.8896484375,10609.4599609375,10446.8203125,10547.1103515625,4707190000
20221220,^DJI,32735.240234375,32992.23046875,32649.44921875,32849.73828125,303970000
20221220,^VIX,23.170000076293945,23.389999389648438,21.350000381469727,21.479999542236328,0
20221220,KRW=X,1301.3299560546875,1303.8199462890625,1280.260009765625,1301.3299560546875,0
20221220,^SOX,2568.2900390625,2607.8701171875,2565.510009765625,2583.639892578125,0
20221220,^TNX,3.6619999408721924,3.7009999752044678,3.6530001163482666,3.684000015258789,0
20221221,^GSPC,3839.489990234375,3889.820068359375,3839.489990234375,3878.43994140625,3775200000
20221221,^IXIC,10592.0,10753.5703125,10569.2001953125,10709.3701171875,4401420000
20221221,^DJI,33028.08984375,33437.83984375,33028.08984375,33376.48046875,328020000
20221221,^VIX,21.25,21.290000915527344,19.940000534057617,20.06999969482422,0
20221221,KRW=X,1283.6400146484375,1289.2900390625,1281.1600341796875,1283.6400146484375,0
20221221,^SOX,2601.7900390625,2652.18994140625,2600.239990234375,2644.5,0
20221221,^TNX,3.6470000743865967,3.697000026702881,3.621000051498413,3.684000015258789,0
20221222,^GSPC,3853.260009765625,3853.260009765625,3764.489990234375,3822.389892578125,3956950000
20221222,^IXIC,10586.4599609375,10599.33984375,10313.3203125,10476.1201171875,5125070000
20221222,^DJI,33233.3515625,33233.3515625,32573.4296875,33027.48828125,340640000
20221222,^VIX,20.079999923706055,24.299999237060547,20.010000228881836,21.969999313354492,0
20221222,KRW=X,1280.77001953125,1287.06005859375,1271.989990234375,1280.77001953125,0
20221222,^SOX,2589.10009765625,2589.10009765625,2482.449951171875,2533.330078125,0
20221222,^TNX,3.6540000438690186,3.691999912261963,3.6470000743865967,3.6689999103546143,0
20221223,^GSPC,3815.110107421875,3845.800048828125,3797.010009765625,3844.820068359375,2819280000
20221223,^IXIC,10437.75,10514.759765625,10361.8203125,10497.8603515625,3544680000
20221223,^DJI,32961.05859375,33226.140625,32814.01953125,33203.9296875,221050000
20221223,^VIX,22.170000076293945,22.639999389648438,20.780000686645508,20.8700008392334,0
20221223,KRW=X,1290.199951171875,1291.8299560546875,1277.43994140625,1290.199951171875,0
20221223,^SOX,2513.389892578125,2536.820068359375,2490.760009765625,2535.489990234375,0
20221223,^TNX,3.7009999752044678,3.753000020980835,3.694999933242798,3.750999927520752,0
20221226,KRW=X,1279.239990234375,1281.5400390625,1272.8699951171875,1279.239990234375,0
20221227,^GSPC,3843.340087890625,3846.64990234375,3813.219970703125,3829.25,3030300000
20221227,^IXIC,10462.1904296875,10472.3203125,10340.73046875,10353.23046875,3827290000
20221227,^DJI,33224.23046875,33387.71875,33069.578125,33241.55859375,246010000
20221227,^VIX,21.670000076293945,22.799999237060547,21.59000015258789,21.649999618530273,0
20221227,KRW=X,1275.1300048828125,1275.1300048828125,1255.780029296875,1275.1300048828125,0
20221227,^SOX,2515.820068359375,2518.840087890625,2482.239990234375,2490.169921875,0
20221227,^TNX,3.7869999408721924,3.861999988555908,3.7869999408721924,3.859999895095825,0
20221228,^GSPC,3829.56005859375,3848.320068359375,3780.780029296875,3783.219970703125,3083520000
20221228,^IXIC,10339.2001953125,10414.8203125,10207.4697265625,10213.2900390625,3842970000
20221228,^DJI,33264.76171875,33379.55078125,32869.1484375,32875.7109375,252260000
20221228,^VIX,21.469999313354492,22.260000228881836,20.959999084472656,22.139999389648438,0
20221228,KRW=X,1272.280029296875,1273.47998046875,1265.1500244140625,1272.280029296875,0
20221228,^SOX,2474.639892578125,2504.43994140625,2445.199951171875,2453.489990234375,0
20221228,^TNX,3.818000078201294,3.890000104904175,3.815000057220459,3.88700008392334,0
20221229,^GSPC,3805.449951171875,3858.18994140625,3805.449951171875,3849.280029296875,3003680000
20221229,^IXIC,10321.4599609375,10502.080078125,10301.0595703125,10478.08984375,4154100000
20221229,^DJI,33021.4296875,33293.421875,33020.3515625,33220.80078125,243060000
20221229,^VIX,22.25,22.309999465942383,21.360000610351562,21.440000534057617,0
20221229,KRW=X,1274.3199462890625,1274.3199462890625,1259.3399658203125,1274.3199462890625,0
20221229,^SOX,2493.510009765625,2543.22998046875,2485.02001953125,2534.949951171875,0
20221229,^TNX,3.868000030517578,3.885999917984009,3.818000078201294,3.8350000381469727,0
20221230,^GSPC,3829.06005859375,3839.85009765625,3800.340087890625,3839.5,2979870000
20221230,^IXIC,10368.3701171875,10468.3095703125,10324.7001953125,10466.48046875,3959030000
20221230,^DJI,33121.609375,33152.55078125,32847.8203125,33147.25,295500000
20221230,^VIX,21.829999923706055,22.399999618530273,21.59000015258789,21.670000076293945,0
20221230,KRW=X,1260.260009765625,1264.3499755859375,1250.52001953125,1260.260009765625,0
20221230,^SOX,2492.72998046875,2533.97998046875,2479.02001953125,2532.110107421875,0
20221230,^TNX,3.86899995803833,3.9049999713897705,3.8310000896453857,3.878999948501587,0
