date,ticker,open,high,low,close,volume
20210101,KRW=X,1083.5,1088.5,1083.5,1084.6500244140625,0
20210104,^GSPC,3764.610107421875,3769.989990234375,3662.7099609375,3700.64990234375,5015000000
20210104,^IXIC,12958.51953125,12958.7197265625,12543.240234375,12698.4501953125,6636170000
20210104,^DJI,30627.470703125,30674.279296875,29881.8203125,30223.890625,475080000
20210104,^VIX,23.040000915527344,29.190000534057617,22.559999465942383,26.969999313354492,0
20210104,KRW=X,1084.72998046875,1086.469970703125,1079.219970703125,1084.72998046875,0
20210104,^SOX,2821.989990234375,2872.199951171875,2763.090087890625,2783.2099609375,0
20210104,^TNX,0.9350000023841858,0.953000009059906,0.9070000052452087,0.9169999957084656,0
20210105,^GSPC,3698.02001953125,3737.830078125,3695.070068359375,3726.860107421875,4591020000
20210105,^IXIC,12665.650390625,12828.26953125,12665.650390625,12818.9599609375,6971860000
20210105,^DJI,30204.25,30504.890625,30141.779296875,30391.599609375,350910000
20210105,^VIX,26.940000534057617,28.600000381469727,24.799999237060547,25.34000015258789,0
20210105,KRW=X,1085.6099853515625,1089.72998046875,1081.6700439453125,1086.6199951171875,0
20210105,^SOX,2783.179931640625,2838.18994140625,2782.6201171875,2837.169921875,0
20210105,^TNX,0.9369999766349792,0.9629999995231628,0.9269999861717224,0.9549999833106995,0
20210106,^GSPC,3712.199951171875,3783.0400390625,3705.340087890625,3748.139892578125,6064110000
20210106,^IXIC,12666.150390625,12909.6298828125,12649.990234375,12740.7900390625,7689880000
20210106,^DJI,30362.779296875,31022.650390625,30313.0703125,30829.400390625,500430000
20210106,^VIX,25.479999542236328,26.770000457763672,22.139999389648438,25.06999969482422,0
20210106,KRW=X,1085.6500244140625,1088.5899658203125,1083.25,1086.449951171875,0
20210106,^SOX,2820.860107421875,2884.610107421875,2803.52001953125,2827.9599609375,0
20210106,^TNX,1.0,1.0540000200271606,1.0,1.0420000553131104,0
20210107,^GSPC,3764.7099609375,3811.550048828125,3764.7099609375,3803.7900390625,5099160000
20210107,^IXIC,12867.33984375,13090.91015625,12867.33984375,13067.48046875,6841480000
20210107,^DJI,30901.1796875,31193.400390625,30897.859375,31041.130859375,427810000
20210107,^VIX,23.670000076293945,23.90999984741211,22.25,22.3700008392334,0
20210107,KRW=X,1085.25,1096.0,1084.8299560546875,1086.949951171875,0
20210107,^SOX,2873.659912109375,2943.8798828125,2873.169921875,2937.0,0
20210107,^TNX,1.055999994277954,1.0880000591278076,1.0540000200271606,1.0709999799728394,0
20210108,^GSPC,3815.050048828125,3826.68994140625,3783.60009765625,3824.679931640625,4773040000
20210108,^IXIC,13160.2197265625,13208.08984375,13036.5498046875,13201.98046875,7289390000
20210108,^DJI,31069.580078125,31140.669921875,30793.26953125,31097.970703125,381150000
20210108,^VIX,22.43000030517578,23.34000015258789,21.420000076293945,21.559999465942383,0
20210108,KRW=X,1092.68994140625,1098.68994140625,1088.3599853515625,1093.0699462890625,0
20210108,^SOX,2982.330078125,2994.070068359375,2904.5400390625,2936.469970703125,0
20210108,^TNX,1.0880000591278076,1.1260000467300415,1.0750000476837158,1.1050000190734863,0
20210111,^GSPC,3803.139892578125,3817.860107421875,3789.02001953125,3799.610107421875,4465430000
20210111,^IXIC,13048.7802734375,13138.26953125,12999.509765625,13036.4296875,6960470000
20210111,^DJI,31015.369140625,31096.98046875,30832.060546875,31008.689453125,356540000
20210111,^VIX,23.309999465942383,24.809999465942383,23.229999542236328,24.079999923706055,0
20210111,KRW=X,1092.8199462890625,1100.4100341796875,1092.1600341796875,1092.8199462890625,0
20210111,^SOX,2915.139892578125,2991.60009765625,2914.080078125,2969.919921875,0
20210111,^TNX,1.1150000095367432,1.1380000114440918,1.100000023841858,1.1319999694824219,0
20210112,^GSPC,3801.6201171875,3810.780029296875,3776.510009765625,3801.18994140625,4994950000
20210112,^IXIC,13062.0595703125,13105.0400390625,12963.919921875,13072.4296875,7264070000
20210112,^DJI,31015.009765625,31114.560546875,30888.759765625,31068.689453125,362620000
20210112,^VIX,23.489999771118164,25.149999618530273,22.829999923706055,23.329999923706055,0
20210112,KRW=X,1096.239990234375,1102.9000244140625,1095.3800048828125,1096.449951171875,0
20210112,^SOX,2989.10009765625,3014.360107421875,2959.919921875,2988.02001953125,0
20210112,^TNX,1.1649999618530273,1.187000036239624,1.13100004196167,1.1380000114440918,0
20210113,^GSPC,3802.22998046875,3820.9599609375,3791.5,3809.840087890625,4602510000
20210113,^IXIC,13088.009765625,13171.150390625,13051.0595703125,13128.9501953125,7104810000
20210113,^DJI,31084.880859375,31153.369140625,30992.05078125,31060.470703125,413250000
20210113,^VIX,23.06999969482422,24.18000030517578,21.920000076293945,22.209999084472656,0
20210113,KRW=X,1093.3399658203125,1098.4100341796875,1092.25,1093.5400390625,0
20210113,^SOX,3019.739990234375,3020.72998046875,2980.14990234375,2991.949951171875,0
20210113,^TNX,1.128999948501587,1.1330000162124634,1.0729999542236328,1.0880000591278076,0
20210114,^GSPC,3814.97998046875,3823.60009765625,3792.860107421875,3795.5400390625,5198480000
20210114,^IXIC,13174.75,13220.16015625,13098.41015625,13112.6396484375,6734100000
20210114,^DJI,31085.669921875,31223.779296875,30982.240234375,30991.51953125,427810000
20210114,^VIX,22.219999313354492,23.469999313354492,21.65999984741211,23.25,0
20210114,KRW=X,1097.0899658203125,1102.8699951171875,1093.699951171875,1097.1099853515625,0
20210114,^SOX,3037.419921875,3089.7099609375,3029.72998046875,3055.639892578125,0
20210114,^TNX,1.1050000190734863,1.1330000162124634,1.0870000123977661,1.128999948501587,0
20210115,^GSPC,3788.72998046875,3788.72998046875,3749.6201171875,3768.25,5369820000
20210115,^IXIC,13099.900390625,13139.830078125,12949.759765625,12998.5,6458360000
20210115,^DJI,30926.76953125,30941.98046875,30612.669921875,30814.259765625,433000000
20210115,^VIX,23.520000457763672,25.799999237060547,23.079999923706055,24.34000015258789,0
20210115,KRW=X,1095.25,1104.5699462890625,1095.199951171875,1094.9000244140625,0
20210115,^SOX,3043.449951171875,3043.449951171875,2975.9599609375,2992.77001953125,0
20210115,^TNX,1.1039999723434448,1.11899995803833,1.0850000381469727,1.097000002861023,0
20210118,KRW=X,1102.9599609375,1107.6199951171875,1102.0799560546875,1102.9599609375,0
20210119,^GSPC,3781.8798828125,3804.530029296875,3780.3701171875,3798.909912109375,5014440000
20210119,^IXIC,13132.73046875,13206.8603515625,13078.7001953125,13197.1796875,6297860000
20210119,^DJI,30887.419921875,31086.619140625,30865.029296875,30930.51953125,386400000
20210119,^VIX,23.030000686645508,23.559999465942383,22.530000686645508,23.239999771118164,0
20210119,KRW=X,1103.3900146484375,1105.4599609375,1099.6500244140625,1103.0999755859375,0
20210119,^SOX,3041.8798828125,3097.530029296875,3034.989990234375,3093.320068359375,0
20210119,^TNX,1.1130000352859497,1.1180000305175781,1.0889999866485596,1.0920000076293945,0
20210120,^GSPC,3816.219970703125,3859.75,3816.219970703125,3851.85009765625,4566190000
20210120,^IXIC,13342.5498046875,13486.1298828125,13329.76953125,13457.25,6820990000
20210120,^DJI,31017.5390625,31235.98046875,30997.7890625,31188.380859375,384980000
20210120,^VIX,22.81999969482422,22.860000610351562,21.3700008392334,21.579999923706055,0
20210120,KRW=X,1100.8199462890625,1102.239990234375,1097.0799560546875,1100.989990234375,0
20210120,^SOX,3124.030029296875,3138.56005859375,3077.260009765625,3085.0400390625,0
20210120,^TNX,1.1059999465942383,1.1059999465942383,1.0870000123977661,1.090000033378601,0
20210121,^GSPC,3857.4599609375,3861.449951171875,3845.050048828125,3853.070068359375,4501760000
20210121,^IXIC,13521.48046875,13560.349609375,13454.0703125,13530.91015625,7258640000
20210121,^DJI,31198.009765625,31272.220703125,31120.919921875,31176.009765625,418780000
20210121,^VIX,21.34000015258789,22.219999313354492,21.09000015258789,21.31999969482422,0
20210121,KRW=X,1097.699951171875,1101.300048828125,1097.1500244140625,1096.25,0
20210121,^SOX,3110.780029296875,3141.02001953125,3081.89990234375,3132.169921875,0
20210121,^TNX,1.1019999980926514,1.1230000257492065,1.0959999561309814,1.1089999675750732,0
20210122,^GSPC,3844.239990234375,3852.31005859375,3830.409912109375,3841.469970703125,5110890000
20210122,^IXIC,13474.8095703125,13567.1396484375,13463.66015625,13543.0595703125,5972750000
20210122,^DJI,31141.560546875,31141.560546875,30908.470703125,30996.98046875,436040000
20210122,^VIX,22.239999771118164,23.729999542236328,21.270000457763672,21.90999984741211,0
20210122,KRW=X,1099.1800537109375,1106.3299560546875,1099.1800537109375,1099.9000244140625,0
20210122,^SOX,3098.360107421875,3116.239990234375,3073.93994140625,3074.39990234375,0
20210122,^TNX,1.0870000123977661,1.1009999513626099,1.0820000171661377,1.090999960899353,0
20210125,^GSPC,3851.679931640625,3859.22998046875,3797.159912109375,3855.360107421875,7000840000
20210125,^IXIC,13681.2099609375,13728.98046875,13368.6796875,13635.990234375,7193710000
20210125,^DJI,30989.849609375,30989.849609375,30564.060546875,30960.0,472890000
20210125,^VIX,22.309999465942383,26.6299991607666,22.200000762939453,23.190000534057617,0
20210125,KRW=X,1104.6400146484375,1105.2900390625,1099.56005859375,1104.6400146484375,0
20210125,^SOX,3102.929931640625,3107.820068359375,3023.6201171875,3079.2099609375,0
20210125,^TNX,1.0670000314712524,1.0700000524520874,1.034999966621399,1.0399999618530273,0
20210126,^GSPC,3862.9599609375,3870.89990234375,3847.780029296875,3849.6201171875,6137500000
20210126,^IXIC,13681.7197265625,13702.6904296875,13603.1904296875,13626.0595703125,6849600000
20210126,^DJI,30968.55078125,31121.419921875,30921.7109375,30937.0390625,373150000
20210126,^VIX,23.90999984741211,23.940000534057617,22.549999237060547,23.020000457763672,0
20210126,KRW=X,1101.1800537109375,1107.6800537109375,1099.97998046875,1101.72998046875,0
20210126,^SOX,3078.080078125,3079.39990234375,3030.0,3031.77001953125,0
20210126,^TNX,1.0479999780654907,1.0499999523162842,1.0329999923706055,1.0399999618530273,0
20210127,^GSPC,3836.830078125,3836.830078125,3732.47998046875,3750.77001953125,9976520000
20210127,^IXIC,13486.580078125,13538.419921875,13192.91015625,13270.599609375,11621190000
20210127,^DJI,30893.779296875,30893.779296875,30206.91015625,30303.169921875,566470000
20210127,^VIX,23.81999969482422,37.209999084472656,23.709999084472656,37.209999084472656,0
20210127,KRW=X,1101.9100341796875,1108.9100341796875,1100.1099853515625,1101.0,0
20210127,^SOX,2941.590087890625,2961.56005859375,2862.239990234375,2875.1298828125,0
20210127,^TNX,1.0230000019073486,1.0230000019073486,1.0010000467300415,1.0140000581741333,0
20210128,^GSPC,3755.75,3830.5,3755.75,3787.3798828125,6992770000
20210128,^IXIC,13323.2900390625,13507.6396484375,13316.51953125,13337.16015625,9959270000
20210128,^DJI,30377.189453125,30951.41015625,30377.189453125,30603.359375,465140000
20210128,^VIX,33.25,36.290000915527344,27.389999389648438,30.209999084472656,0
20210128,KRW=X,1107.52001953125,1120.93994140625,1107.52001953125,1107.5,0
20210128,^SOX,2933.1201171875,2977.530029296875,2909.1201171875,2935.1201171875,0
20210128,^TNX,1.0080000162124634,1.0700000524520874,1.0080000162124634,1.0570000410079956,0
20210129,^GSPC,3778.050048828125,3778.050048828125,3694.1201171875,3714.239990234375,6643370000
20210129,^IXIC,13284.7197265625,13322.0,12985.0498046875,13070.6904296875,7872250000
20210129,^DJI,30553.91015625,30553.91015625,29856.30078125,29982.619140625,536320000
20210129,^VIX,35.15999984741211,37.5099983215332,29.239999771118164,33.09000015258789,0
20210129,KRW=X,1112.31005859375,1121.3299560546875,1112.31005859375,1112.2900390625,0
20210129,^SOX,2940.780029296875,2954.7099609375,2875.1201171875,2887.080078125,0
20210129,^TNX,1.0839999914169312,1.1050000190734863,1.065999984741211,1.093000054359436,0
20210201,^GSPC,3731.169921875,3784.320068359375,3725.6201171875,3773.860107421875,5436230000
20210201,^IXIC,13226.1796875,13431.4599609375,13132.4697265625,13403.3896484375,7092520000
20210201,^DJI,30054.73046875,30335.91015625,30014.970703125,30211.91015625,347060000
20210201,^VIX,31.450000762939453,33.959999084472656,29.030000686645508,30.239999771118164,0
20210201,KRW=X,1118.1800537109375,1119.8199462890625,1115.25,1117.4300537109375,0
20210201,^SOX,2938.699951171875,3006.699951171875,2924.669921875,2999.989990234375,0
20210201,^TNX,1.0789999961853027,1.0880000591278076,1.059999942779541,1.0770000219345093,0
20210202,^GSPC,3791.840087890625,3843.090087890625,3791.840087890625,3826.31005859375,5514090000
20210202,^IXIC,13543.099609375,13652.7001953125,13535.8603515625,13612.7802734375,7325270000
20210202,^DJI,30276.880859375,30840.5390625,30276.880859375,30687.48046875,333160000
20210202,^VIX,28.010000228881836,28.079999923706055,25.309999465942383,25.559999465942383,0
20210202,KRW=X,1116.25,1119.06005859375,1113.300048828125,1116.8800048828125,0
20210202,^SOX,3047.3798828125,3049.300048828125,3005.1201171875,3047.330078125,0
20210202,^TNX,1.1100000143051147,1.1169999837875366,1.0959999561309814,1.1050000190734863,0
20210203,^GSPC,3840.27001953125,3847.510009765625,3816.679931640625,3830.169921875,4864870000
20210203,^IXIC,13718.3095703125,13723.830078125,13585.33984375,13610.5400390625,7546940000
20210203,^DJI,30689.650390625,30793.41015625,30521.310546875,30723.599609375,305590000
20210203,^VIX,24.59000015258789,25.43000030517578,22.90999984741211,22.90999984741211,0
20210203,KRW=X,1113.0899658203125,1116.2099609375,1110.949951171875,1113.6099853515625,0
20210203,^SOX,3057.6298828125,3063.280029296875,2982.47998046875,2982.8701171875,0
20210203,^TNX,1.1239999532699585,1.1319999694824219,1.1130000352859497,1.13100004196167,0
20210204,^GSPC,3836.659912109375,3872.419921875,3836.659912109375,3871.739990234375,4879240000
20210204,^IXIC,13674.0595703125,13778.419921875,13631.6201171875,13777.740234375,7295370000
20210204,^DJI,30737.779296875,31065.9609375,30737.779296875,31055.859375,338330000
20210204,^VIX,23.440000534057617,23.440000534057617,21.68000030517578,21.770000457763672,0
20210204,KRW=X,1112.699951171875,1120.6099853515625,1112.3299560546875,1113.1500244140625,0
20210204,^SOX,2966.530029296875,3010.530029296875,2951.949951171875,3008.419921875,0
20210204,^TNX,1.1460000276565552,1.1619999408721924,1.1360000371932983,1.1390000581741333,0
20210205,^GSPC,3878.300048828125,3894.56005859375,3874.929931640625,3886.830078125,4879470000
20210205,^IXIC,13824.8798828125,13878.16015625,13761.66015625,13856.2998046875,6792910000
20210205,^DJI,31093.810546875,31252.1796875,31083.220703125,31148.240234375,293550000
20210205,^VIX,21.989999771118164,22.15999984741211,20.860000610351562,20.8700008392334,0
20210205,KRW=X,1119.27001953125,1127.3499755859375,1115.9300537109375,1119.1300048828125,0
20210205,^SOX,3028.02001953125,3029.47998046875,2982.699951171875,2985.010009765625,0
20210205,^TNX,1.1720000505447388,1.187999963760376,1.1360000371932983,1.1699999570846558,0
20210208,^GSPC,3892.590087890625,3915.77001953125,3892.590087890625,3915.590087890625,4648360000
20210208,^IXIC,13937.0595703125,13987.740234375,13894.150390625,13987.6396484375,8564530000
20210208,^DJI,31191.19921875,31386.099609375,31191.19921875,31385.759765625,322250000
20210208,^VIX,21.889999389648438,22.06999969482422,21.229999542236328,21.239999771118164,0
20210208,KRW=X,1116.8499755859375,1121.0699462890625,1116.050048828125,1116.8499755859375,0
20210208,^SOX,3013.090087890625,3079.280029296875,3010.7099609375,3078.47998046875,0
20210208,^TNX,1.190999984741211,1.1929999589920044,1.149999976158142,1.159999966621399,0
20210209,^GSPC,3910.489990234375,3918.35009765625,3902.639892578125,3911.22998046875,4568320000
20210209,^IXIC,13966.8203125,14044.9501953125,13966.5498046875,14007.7001953125,8766770000
20210209,^DJI,31359.880859375,31439.470703125,31245.859375,31375.830078125,308210000
20210209,^VIX,21.56999969482422,22.260000228881836,20.649999618530273,21.6299991607666,0
20210209,KRW=X,1115.8499755859375,1118.1300048828125,1110.0400390625,1116.3299560546875,0
20210209,^SOX,3070.7900390625,3089.389892578125,3053.570068359375,3064.949951171875,0
20210209,^TNX,1.149999976158142,1.159000039100647,1.1399999856948853,1.156999945640564,0
20210210,^GSPC,3920.780029296875,3931.5,3884.93994140625,3909.8798828125,4837070000
20210210,^IXIC,14093.349609375,14109.1201171875,13845.4697265625,13972.5302734375,10785930000
20210210,^DJI,31428.01953125,31511.439453125,31221.3203125,31437.80078125,326450000
20210210,^VIX,21.639999389648438,23.850000381469727,19.690000534057617,21.989999771118164,0
20210210,KRW=X,1110.25,1113.5699462890625,1102.7099609375,1110.0,0
20210210,^SOX,3096.010009765625,3108.919921875,3035.0400390625,3074.860107421875,0
20210210,^TNX,1.1740000247955322,1.1759999990463257,1.13100004196167,1.1330000162124634,0
20210211,^GSPC,3916.39990234375,3925.989990234375,3890.389892578125,3916.3798828125,4590960000
20210211,^IXIC,14045.2099609375,14058.91015625,13916.849609375,14025.76953125,10916780000
20210211,^DJI,31466.490234375,31543.8203125,31244.359375,31430.69921875,280320000
20210211,^VIX,22.09000015258789,23.25,21.110000610351562,21.25,0
20210211,KRW=X,1105.9000244140625,1107.050048828125,1100.81005859375,1103.97998046875,0
20210211,^SOX,3107.169921875,3182.6201171875,3106.14990234375,3180.840087890625,0
20210211,^TNX,1.1519999504089355,1.1649999618530273,1.1380000114440918,1.1579999923706055,0
20210212,^GSPC,3911.64990234375,3937.22998046875,3905.780029296875,3934.830078125,4135060000
20210212,^IXIC,13979.2099609375,14102.0400390625,13937.7099609375,14095.4697265625,7416940000
20210212,^DJI,31420.80078125,31475.310546875,31347.80078125,31458.400390625,263090000
20210212,^VIX,21.600000381469727,22.450000762939453,19.950000762939453,19.969999313354492,0
20210212,KRW=X,1102.2099609375,1106.3599853515625,1101.2099609375,1102.219970703125,0
20210212,^SOX,3172.22998046875,3226.080078125,3155.590087890625,3219.8701171875,0
20210212,^TNX,1.1829999685287476,1.2020000219345093,1.1779999732971191,1.2000000476837158,0
20210215,KRW=X,1103.5,1105.3499755859375,1100.25,1103.3699951171875,0
20210216,^GSPC,3939.610107421875,3950.429931640625,3923.85009765625,3932.590087890625,5058990000
20210216,^IXIC,14152.2099609375,14175.1201171875,13995.4501953125,14047.5,7722100000
20210216,^DJI,31472.080078125,31608.630859375,31443.48046875,31522.75,329210000
20210216,^VIX,21.1299991607666,22.459999084472656,20.8799991607666,21.459999084472656,0
20210216,KRW=X,1100.949951171875,1107.5999755859375,1096.0,1102.239990234375,0
20210216,^SOX,3250.56005859375,3269.02001953125,3222.43994140625,3238.919921875,0
20210216,^TNX,1.2450000047683716,1.3009999990463257,1.2450000047683716,1.2990000247955322,0
20210217,^GSPC,3918.5,3933.610107421875,3900.429931640625,3931.330078125,4730650000
20210217,^IXIC,13911.650390625,13976.4296875,13804.259765625,13965.490234375,7280500000
20210217,^DJI,31485.609375,31643.69921875,31338.759765625,31613.01953125,343510000
20210217,^VIX,22.020000457763672,23.440000534057617,21.09000015258789,21.5,0
20210217,KRW=X,1107.300048828125,1110.22998046875,1104.030029296875,1106.4599609375,0
20210217,^SOX,3197.27001953125,3216.389892578125,3138.050048828125,3178.239990234375,0
20210217,^TNX,1.3140000104904175,1.3309999704360962,1.2690000534057617,1.3009999990463257,0
20210218,^GSPC,3915.860107421875,3921.97998046875,3885.030029296875,3913.969970703125,4793650000
20210218,^IXIC,13814.669921875,13905.9599609375,13714.349609375,13865.3603515625,6499420000
20210218,^DJI,31558.599609375,31558.599609375,31285.3203125,31493.33984375,325990000
20210218,^VIX,21.979999542236328,24.229999542236328,21.799999237060547,22.489999771118164,0
20210218,KRW=X,1105.0699462890625,1109.1700439453125,1101.6800537109375,1104.550048828125,0
20210218,^SOX,3142.239990234375,3160.02001953125,3108.469970703125,3146.7900390625,0
20210218,^TNX,1.3009999990463257,1.3179999589920044,1.2769999504089355,1.2869999408721924,0
20210219,^GSPC,3921.159912109375,3930.409912109375,3903.070068359375,3906.7099609375,4845320000
20210219,^IXIC,13929.2001953125,13985.580078125,13842.599609375,13874.4599609375,6737820000
20210219,^DJI,31504.130859375,31647.529296875,31469.33984375,31494.3203125,353070000
20210219,^VIX,23.100000381469727,23.190000534057617,20.84000015258789,22.049999237060547,0
20210219,KRW=X,1106.6800537109375,1110.7099609375,1101.719970703125,1106.219970703125,0
20210219,^SOX,3195.06005859375,3241.7099609375,3188.1201171875,3223.4599609375,0
20210219,^TNX,1.312999963760376,1.3619999885559082,1.3079999685287476,1.3450000286102295,0
20210222,^GSPC,3885.550048828125,3902.919921875,3874.7099609375,3876.5,5917100000
20210222,^IXIC,13714.2001953125,13757.0595703125,13530.9599609375,13533.0498046875,6483740000
20210222,^DJI,31381.119140625,31653.48046875,31286.5703125,31521.689453125,387210000
20210222,^VIX,24.459999084472656,25.09000015258789,21.959999084472656,23.450000762939453,0
20210222,KRW=X,1103.93994140625,1115.0999755859375,1102.530029296875,1103.93994140625,0
20210222,^SOX,3181.320068359375,3202.550048828125,3093.580078125,3102.010009765625,0
20210222,^TNX,1.3589999675750732,1.3700000047683716,1.3259999752044678,1.3700000047683716,0
20210223,^GSPC,3857.070068359375,3895.97998046875,3805.590087890625,3881.3701171875,6296610000
20210223,^IXIC,13262.6103515625,13526.08984375,13003.98046875,13465.2001953125,7516510000
20210223,^DJI,31501.890625,31653.380859375,31158.759765625,31537.349609375,460410000
20210223,^VIX,22.81999969482422,27.010000228881836,22.5,23.110000610351562,0
20210223,KRW=X,1111.6600341796875,1114.199951171875,1107.760009765625,1110.6700439453125,0
20210223,^SOX,3041.8701171875,3105.0400390625,2960.360107421875,3083.8798828125,0
20210223,^TNX,1.3589999675750732,1.3890000581741333,1.3420000076293945,1.3619999885559082,0
20210224,^GSPC,3873.7099609375,3928.64990234375,3859.60009765625,3925.429931640625,6012790000
20210224,^IXIC,13400.25,13607.3603515625,13286.58984375,13597.9697265625,5886230000
20210224,^DJI,31499.75,32009.640625,31421.2890625,31961.859375,410150000
20210224,^VIX,23.760000228881836,25.040000915527344,21.309999465942383,21.34000015258789,0
20210224,KRW=X,1109.02001953125,1113.2099609375,1105.4100341796875,1109.31005859375,0
20210224,^SOX,3063.169921875,3186.1201171875,3037.070068359375,3183.739990234375,0
20210224,^TNX,1.3960000276565552,1.434999942779541,1.36899995803833,1.3890000581741333,0
20210225,^GSPC,3915.800048828125,3925.02001953125,3814.0400390625,3829.340087890625,6547470000
20210225,^IXIC,13512.6396484375,13602.8603515625,13066.3798828125,13119.4296875,6390380000
20210225,^DJI,31955.939453125,31984.76953125,31293.3203125,31402.009765625,454110000
20210225,^VIX,21.729999542236328,31.15999984741211,21.520000457763672,28.889999389648438,0
20210225,KRW=X,1105.25,1114.3900146484375,1105.25,1107.2099609375,0
20210225,^SOX,3142.89990234375,3163.530029296875,2988.429931640625,2999.159912109375,0
20210225,^TNX,1.4559999704360962,1.6139999628067017,1.4320000410079956,1.5180000066757202,0
20210226,^GSPC,3839.659912109375,3861.080078125,3789.5400390625,3811.14990234375,6526070000
20210226,^IXIC,13232.900390625,13368.0595703125,13024.5302734375,13192.349609375,5906110000
20210226,^DJI,31401.2890625,31450.890625,30911.369140625,30932.369140625,532250000
20210226,^VIX,28.729999542236328,30.81999969482422,25.229999542236328,27.950000762939453,0
20210226,KRW=X,1119.1500244140625,1129.1600341796875,1117.3399658203125,1119.1300048828125,0
20210226,^SOX,3041.800048828125,3096.949951171875,2991.080078125,3067.6201171875,0
20210226,^TNX,1.4700000286102295,1.5190000534057617,1.4390000104904175,1.4600000381469727,0
20210301,^GSPC,3842.510009765625,3914.5,3842.510009765625,3901.820068359375,5114820000
20210301,^IXIC,13406.16015625,13596.58984375,13362.66015625,13588.830078125,5079530000
20210301,^DJI,31065.900390625,31668.33984375,31065.900390625,31535.509765625,385670000
20210301,^VIX,25.200000762939453,25.389999389648438,23.170000076293945,23.350000381469727,0
20210301,KRW=X,1123.3699951171875,1123.8699951171875,1116.2900390625,1123.3699951171875,0
20210301,^SOX,3118.429931640625,3172.419921875,3093.590087890625,3169.110107421875,0
20210301,^TNX,1.4509999752044678,1.4600000381469727,1.406999945640564,1.4459999799728394,0
20210302,^GSPC,3903.639892578125,3906.409912109375,3868.570068359375,3870.2900390625,5536010000
20210302,^IXIC,13599.4501953125,13601.330078125,13352.0,13358.7900390625,4948140000
20210302,^DJI,31535.369140625,31623.26953125,31377.16015625,31391.51953125,337270000
20210302,^VIX,23.579999923706055,24.600000381469727,22.799999237060547,24.100000381469727,0
20210302,KRW=X,1101.4000244140625,1127.75,1101.4000244140625,1101.8299560546875,0
20210302,^SOX,3165.389892578125,3166.570068359375,3068.25,3070.93994140625,0
20210302,^TNX,1.4459999799728394,1.4509999752044678,1.402999997138977,1.4149999618530273,0
20210303,^GSPC,3863.989990234375,3874.469970703125,3818.860107421875,3819.719970703125,6173660000
20210303,^IXIC,13336.25,13372.51953125,12995.0703125,12997.75,5529980000
20210303,^DJI,31352.9609375,31563.310546875,31260.140625,31270.08984375,409660000
20210303,^VIX,22.799999237060547,26.790000915527344,22.450000762939453,26.670000076293945,0
20210303,KRW=X,1124.2900390625,1125.8900146484375,1116.8399658203125,1124.3299560546875,0
20210303,^SOX,3068.199951171875,3079.93994140625,2972.85009765625,2975.580078125,0
20210303,^TNX,1.465000033378601,1.4980000257492065,1.4550000429153442,1.4700000286102295,0
20210304,^GSPC,3818.530029296875,3843.669921875,3723.340087890625,3768.469970703125,7195400000
20210304,^IXIC,12953.990234375,13068.7099609375,12553.9599609375,12723.4697265625,7864380000
20210304,^DJI,31289.009765625,31461.970703125,30547.529296875,30924.140625,537850000
20210304,^VIX,26.520000457763672,31.899999618530273,24.93000030517578,28.56999969482422,0
20210304,KRW=X,1126.5999755859375,1128.8599853515625,1122.550048828125,1129.5,0
20210304,^SOX,2947.909912109375,2980.080078125,2793.820068359375,2831.6298828125,0
20210304,^TNX,1.468999981880188,1.5549999475479126,1.4579999446868896,1.5499999523162842,0
20210305,^GSPC,3793.580078125,3851.68994140625,3730.18994140625,3841.93994140625,6851070000
20210305,^IXIC,12860.0400390625,12941.2099609375,12397.0498046875,12920.150390625,7725200000
20210305,^DJI,31029.1796875,31580.330078125,30766.810546875,31496.30078125,501810000
20210305,^VIX,29.479999542236328,30.030000686645508,24.329999923706055,24.65999984741211,0
20210305,KRW=X,1133.0799560546875,1133.0799560546875,1123.56005859375,1133.3499755859375,0
20210305,^SOX,2897.97998046875,2928.1201171875,2764.820068359375,2920.75,0
20210305,^TNX,1.5770000219345093,1.6260000467300415,1.5399999618530273,1.5540000200271606,0
20210308,^GSPC,3844.389892578125,3881.06005859375,3819.25,3821.35009765625,5871710000
20210308,^IXIC,12904.259765625,13001.0,12599.23046875,12609.16015625,6010230000
20210308,^DJI,31512.150390625,32148.0390625,31512.150390625,31802.439453125,496980000
20210308,^VIX,27.610000610351562,28.389999389648438,24.06999969482422,25.469999313354492,0
20210308,KRW=X,1127.489990234375,1140.3199462890625,1126.199951171875,1127.489990234375,0
20210308,^SOX,2905.780029296875,2923.639892578125,2759.199951171875,2762.75,0
20210308,^TNX,1.5920000076293945,1.6059999465942383,1.5770000219345093,1.5959999561309814,0
20210309,^GSPC,3851.929931640625,3903.760009765625,3851.929931640625,3875.43994140625,5513560000
20210309,^IXIC,12923.0703125,13151.5400390625,12882.490234375,13073.8203125,6345560000
20210309,^DJI,31892.349609375,32150.3203125,31822.640625,31832.740234375,458690000
20210309,^VIX,25.110000610351562,25.25,22.899999618530273,24.030000686645508,0
20210309,KRW=X,1140.0999755859375,1143.4000244140625,1134.489990234375,1140.22998046875,0
20210309,^SOX,2861.050048828125,2952.1201171875,2853.64990234375,2932.2099609375,0
20210309,^TNX,1.5440000295639038,1.562999963760376,1.527999997138977,1.5460000038146973,0
20210310,^GSPC,3891.989990234375,3917.35009765625,3885.72998046875,3898.81005859375,5847380000
20210310,^IXIC,13234.73046875,13277.1103515625,13035.4404296875,13068.830078125,6023880000
20210310,^DJI,31906.9609375,32389.5,31906.9609375,32297.01953125,409110000
20210310,^VIX,23.760000228881836,23.8700008392334,22.3799991607666,22.559999465942383,0
20210310,KRW=X,1134.5,1143.719970703125,1134.3499755859375,1134.9100341796875,0
20210310,^SOX,2969.93994140625,2976.06005859375,2876.179931640625,2879.320068359375,0
20210310,^TNX,1.5609999895095825,1.562999963760376,1.50600004196167,1.5199999809265137,0
20210311,^GSPC,3915.5400390625,3960.27001953125,3915.5400390625,3939.340087890625,5312880000
20210311,^IXIC,13273.3095703125,13433.6201171875,13246.330078125,13398.669921875,6008850000
20210311,^DJI,32354.5,32661.58984375,32345.69921875,32485.58984375,400020000
20210311,^VIX,22.5,22.5,21.450000762939453,21.90999984741211,0
20210311,KRW=X,1135.969970703125,1140.47998046875,1128.5,1136.010009765625,0
20210311,^SOX,2965.2099609375,3015.0400390625,2948.3798828125,2997.1298828125,0
20210311,^TNX,1.496999979019165,1.5470000505447388,1.496999979019165,1.5269999504089355,0
20210312,^GSPC,3924.52001953125,3944.989990234375,3915.2099609375,3943.340087890625,4476280000
20210312,^IXIC,13222.8095703125,13324.6904296875,13158.7197265625,13319.8603515625,5497210000
20210312,^DJI,32462.400390625,32793.3203125,32462.400390625,32778.640625,346400000
20210312,^VIX,22.56999969482422,22.989999771118164,20.6299991607666,20.690000534057617,0
20210312,KRW=X,1129.550048828125,1138.5400390625,1127.3499755859375,1129.6400146484375,0
20210312,^SOX,2933.800048828125,2970.110107421875,2924.340087890625,2965.090087890625,0
20210312,^TNX,1.590999960899353,1.6419999599456787,1.5839999914169312,1.6349999904632568,0
20210315,^GSPC,3942.9599609375,3970.080078125,3923.5400390625,3968.93994140625,4900100000
20210315,^IXIC,13323.4697265625,13460.349609375,13272.5,13459.7099609375,5972370000
20210315,^DJI,32798.83984375,32973.3984375,32629.75,32953.4609375,360080000
20210315,^VIX,21.84000015258789,21.860000610351562,19.8700008392334,20.030000686645508,0
20210315,KRW=X,1134.5,1138.0799560546875,1130.050048828125,1134.5,0
20210315,^SOX,2983.52001953125,3034.050048828125,2963.68994140625,3032.050048828125,0
20210315,^TNX,1.6269999742507935,1.6269999742507935,1.5950000286102295,1.6069999933242798,0
20210316,^GSPC,3973.590087890625,3981.0400390625,3953.43994140625,3962.7099609375,4613080000
20210316,^IXIC,13523.169921875,13620.7099609375,13397.080078125,13471.5703125,5493890000
20210316,^DJI,32966.75,32966.75,32778.23046875,32825.94921875,386370000
20210316,^VIX,20.139999389648438,20.309999465942383,19.329999923706055,19.790000915527344,0
20210316,KRW=X,1131.530029296875,1135.3599853515625,1127.050048828125,1131.3900146484375,0
20210316,^SOX,3058.330078125,3116.110107421875,3051.64990234375,3070.320068359375,0
20210316,^TNX,1.593000054359436,1.628999948501587,1.5850000381469727,1.621000051498413,0
20210317,^GSPC,3949.570068359375,3983.8701171875,3935.739990234375,3974.1201171875,4561660000
20210317,^IXIC,13336.91015625,13595.0,13272.6904296875,13525.2001953125,5536110000
20210317,^DJI,32825.51953125,33047.578125,32782.1796875,33015.37109375,391200000
20210317,^VIX,20.100000381469727,20.950000762939453,19.18000030517578,19.229999542236328,0
20210317,KRW=X,1129.47998046875,1133.8399658203125,1126.25,1129.8399658203125,0
20210317,^SOX,3024.820068359375,3130.02001953125,3004.070068359375,3107.919921875,0
20210317,^TNX,1.6619999408721924,1.6890000104904175,1.6319999694824219,1.6410000324249268,0
20210318,^GSPC,3953.5,3969.6201171875,3910.860107421875,3915.4599609375,5118590000
20210318,^IXIC,13349.2001953125,13384.4599609375,13101.919921875,13116.169921875,5739720000
20210318,^DJI,32928.16015625,33227.78125,32831.25,32862.30078125,418480000
20210318,^VIX,18.950000762939453,22.600000381469727,18.950000762939453,21.579999923706055,0
20210318,KRW=X,1121.030029296875,1128.1600341796875,1119.5999755859375,1121.1300048828125,0
20210318,^SOX,3058.610107421875,3069.31005859375,2974.72998046875,2976.219970703125,0
20210318,^TNX,1.7300000190734863,1.753999948501587,1.7239999771118164,1.7300000190734863,0
20210319,^GSPC,3913.139892578125,3930.1201171875,3886.75,3913.10009765625,7757420000
20210319,^IXIC,13119.900390625,13252.3701171875,13039.4501953125,13215.240234375,7630590000
20210319,^DJI,32858.359375,32858.359375,32505.0703125,32627.970703125,811890000
20210319,^VIX,21.43000030517578,23.170000076293945,19.899999618530273,20.950000762939453,0
20210319,KRW=X,1127.050048828125,1134.3800048828125,1126.6700439453125,1126.1099853515625,0
20210319,^SOX,2976.639892578125,3039.389892578125,2945.4599609375,3011.3701171875,0
20210319,^TNX,1.6890000104904175,1.75,1.6820000410079956,1.7319999933242798,0
20210322,^GSPC,3916.47998046875,3955.31005859375,3914.159912109375,3940.590087890625,4316260000
20210322,^IXIC,13278.7802734375,13455.6396484375,13278.7802734375,13377.5400390625,5321760000
20210322,^DJI,32601.8203125,32810.3515625,32512.529296875,32731.19921875,383500000
20210322,^VIX,21.90999984741211,22.290000915527344,18.8700008392334,18.8799991607666,0
20210322,KRW=X,1127.47998046875,1133.5899658203125,1125.199951171875,1127.47998046875,0
20210322,^SOX,3055.409912109375,3112.43994140625,3040.669921875,3077.550048828125,0
20210322,^TNX,1.6979999542236328,1.7020000219345093,1.6749999523162842,1.684000015258789,0
20210323,^GSPC,3937.60009765625,3949.1298828125,3901.570068359375,3910.52001953125,4669010000
20210323,^IXIC,13381.4296875,13405.150390625,13202.4296875,13227.7001953125,5675010000
20210323,^DJI,32691.5,32753.76953125,32356.279296875,32423.150390625,385840000
20210323,^VIX,19.459999084472656,21.579999923706055,18.799999237060547,20.299999237060547,0
20210323,KRW=X,1125.219970703125,1130.800048828125,1124.8499755859375,1125.1199951171875,0
20210323,^SOX,3082.02001953125,3082.22998046875,2982.2099609375,2994.2099609375,0
20210323,^TNX,1.6490000486373901,1.6649999618530273,1.6380000114440918,1.6380000114440918,0
20210324,^GSPC,3919.929931640625,3942.080078125,3889.070068359375,3889.139892578125,4783020000
20210324,^IXIC,13289.240234375,13292.919921875,12961.349609375,12961.8896484375,6248650000
20210324,^DJI,32470.880859375,32787.98828125,32418.150390625,32420.060546875,399390000
20210324,^VIX,20.639999389648438,21.489999771118164,19.299999237060547,21.200000762939453,0
20210324,KRW=X,1132.050048828125,1134.97998046875,1129.2099609375,1133.199951171875,0
20210324,^SOX,3049.7900390625,3057.39990234375,2952.260009765625,2953.969970703125,0
20210324,^TNX,1.628000020980835,1.6510000228881836,1.6119999885559082,1.6139999628067017,0
20210325,^GSPC,3879.340087890625,3919.5400390625,3853.5,3909.52001953125,4948340000
20210325,^IXIC,12844.580078125,13021.8603515625,12786.8095703125,12977.6796875,5634290000
20210325,^DJI,32346.810546875,32672.689453125,32071.41015625,32619.48046875,411990000
20210325,^VIX,20.799999237060547,23.549999237060547,19.809999465942383,19.809999465942383,0
20210325,KRW=X,1135.030029296875,1137.4100341796875,1131.5,1134.47998046875,0
20210325,^SOX,2902.429931640625,2971.760009765625,2881.010009765625,2959.8798828125,0
20210325,^TNX,1.6019999980926514,1.6419999599456787,1.590999960899353,1.6139999628067017,0
20210326,^GSPC,3917.1201171875,3978.18994140625,3917.1201171875,3974.5400390625,5483160000
20210326,^IXIC,12996.0302734375,13149.5498046875,12878.7197265625,13138.73046875,5224360000
20210326,^DJI,32681.0703125,33098.828125,32681.0703125,33072.87890625,382170000
20210326,^VIX,19.31999969482422,21.489999771118164,18.68000030517578,18.860000610351562,0
20210326,KRW=X,1133.5799560546875,1134.2099609375,1127.7900390625,1134.2099609375,0
20210326,^SOX,2961.22998046875,3110.7099609375,2958.800048828125,3106.280029296875,0
20210326,^TNX,1.6720000505447388,1.6759999990463257,1.6339999437332153,1.659999966621399,0
20210329,^GSPC,3969.31005859375,3981.830078125,3943.25,3971.090087890625,4628180000
20210329,^IXIC,13103.9697265625,13143.41015625,12968.16015625,13059.650390625,4965090000
20210329,^DJI,33087.55078125,33259.0,32905.12890625,33171.37109375,351610000
20210329,^VIX,20.399999618530273,21.600000381469727,19.420000076293945,20.739999771118164,0
20210329,KRW=X,1127.97998046875,1135.3800048828125,1127.97998046875,1127.9599609375,0
20210329,^SOX,3077.14990234375,3085.6298828125,3021.97998046875,3054.6298828125,0
20210329,^TNX,1.6460000276565552,1.7280000448226929,1.6410000324249268,1.7209999561309814,0
20210330,^GSPC,3963.340087890625,3968.010009765625,3944.35009765625,3958.550048828125,4121510000
20210330,^IXIC,13008.7998046875,13075.75,12922.5703125,13045.3896484375,4721950000
20210330,^DJI,33127.87890625,33170.9296875,32988.921875,33066.9609375,307510000
20210330,^VIX,20.760000228881836,21.75,19.469999313354492,19.610000610351562,0
20210330,KRW=X,1131.0899658203125,1135.0,1131.010009765625,1131.6500244140625,0
20210330,^SOX,3034.800048828125,3055.75,3013.27001953125,3044.550048828125,0
20210330,^TNX,1.7510000467300415,1.7649999856948853,1.7170000076293945,1.7259999513626099,0
20210331,^GSPC,3967.25,3994.409912109375,3966.97998046875,3972.889892578125,4578050000
20210331,^IXIC,13122.5703125,13325.5400390625,13118.3798828125,13246.8701171875,5004720000
20210331,^DJI,33116.0390625,33173.76953125,32980.5703125,32981.55078125,414140000
20210331,^VIX,19.799999237060547,20.110000610351562,18.850000381469727,19.399999618530273,0
20210331,KRW=X,1132.3699951171875,1133.68994140625,1125.0400390625,1132.3199462890625,0
20210331,^SOX,3073.469970703125,3147.050048828125,3072.5400390625,3124.93994140625,0
20210331,^TNX,1.718999981880188,1.7510000467300415,1.7079999446868896,1.746000051498413,0
20210401,^GSPC,3992.780029296875,4020.6298828125,3992.780029296875,4019.8701171875,4162130000
20210401,^IXIC,13414.3203125,13487.080078125,13404.1796875,13480.1103515625,4576480000
20210401,^DJI,33054.578125,33167.171875,32985.3515625,33153.2109375,311880000
20210401,^VIX,18.600000381469727,18.639999389648438,17.290000915527344,17.329999923706055,0
20210401,KRW=X,1126.9100341796875,1132.8699951171875,1125.02001953125,1127.199951171875,0
20210401,^SOX,3187.2900390625,3242.330078125,3180.47998046875,3240.169921875,0
20210401,^TNX,1.7050000429153442,1.7070000171661377,1.6720000505447388,1.6790000200271606,0
20210402,KRW=X,1127.8299560546875,1128.47998046875,1125.7900390625,1128.06005859375,0
20210405,^GSPC,4034.43994140625,4083.419921875,4034.43994140625,4077.909912109375,4005030000
20210405,^IXIC,13594.900390625,13720.580078125,13582.759765625,13705.58984375,4459000000
20210405,^DJI,33222.37890625,33617.94921875,33222.37890625,33527.19140625,344270000
20210405,^VIX,18.15999984741211,18.399999618530273,17.350000381469727,17.90999984741211,0
20210405,KRW=X,1128.6500244140625,1129.219970703125,1121.8900146484375,1128.7900390625,0
20210405,^SOX,3282.909912109375,3314.159912109375,3255.280029296875,3305.429931640625,0
20210405,^TNX,1.7430000305175781,1.7450000047683716,1.7039999961853027,1.7200000286102295,0
20210406,^GSPC,4075.570068359375,4086.22998046875,4068.139892578125,4073.93994140625,4081270000
20210406,^IXIC,13681.669921875,13776.7099609375,13674.2802734375,13698.3798828125,4073710000
20210406,^DJI,33500.01953125,33544.7890625,33380.4296875,33430.23828125,297940000
20210406,^VIX,18.06999969482422,18.299999237060547,17.3700008392334,18.1200008392334,0
20210406,KRW=X,1124.4000244140625,1125.06005859375,1116.0699462890625,1124.1099853515625,0
20210406,^SOX,3283.4599609375,3304.47998046875,3236.860107421875,3266.10009765625,0
20210406,^TNX,1.6950000524520874,1.6950000524520874,1.652999997138977,1.656000018119812,0
20210407,^GSPC,4074.2900390625,4083.1298828125,4068.31005859375,4079.949951171875,4120810000
20210407,^IXIC,13675.2998046875,13733.0302734375,13653.58984375,13688.83984375,4098740000
20210407,^DJI,33444.98046875,33521.76171875,33347.9609375,33446.26171875,273440000
20210407,^VIX,17.989999771118164,18.170000076293945,16.8700008392334,17.15999984741211,0
20210407,KRW=X,1117.4100341796875,1118.81005859375,1114.1099853515625,1117.5,0
20210407,^SOX,3259.260009765625,3281.39990234375,3241.06005859375,3266.4599609375,0
20210407,^TNX,1.659999966621399,1.6699999570846558,1.6349999904632568,1.652999997138977,0
20210408,^GSPC,4089.949951171875,4098.18994140625,4082.5400390625,4097.169921875,3907100000
20210408,^IXIC,13796.8896484375,13830.1396484375,13758.7099609375,13829.3095703125,4153600000
20210408,^DJI,33469.890625,33506.80078125,33342.640625,33503.5703125,304040000
20210408,^VIX,16.920000076293945,17.360000610351562,16.549999237060547,16.950000762939453,0
20210408,KRW=X,1118.02001953125,1120.93994140625,1113.8399658203125,1117.8599853515625,0
20210408,^SOX,3301.419921875,3304.5400390625,3274.0400390625,3301.260009765625,0
20210408,^TNX,1.6619999408721924,1.6619999408721924,1.628000020980835,1.6319999694824219,0
20210409,^GSPC,4096.10986328125,4129.47998046875,4095.510009765625,4128.7998046875,3640390000
20210409,^IXIC,13787.01953125,13905.41015625,13748.349609375,13900.1904296875,3926110000
20210409,^DJI,33526.19140625,33810.87109375,33526.19140625,33800.6015625,316410000
20210409,^VIX,17.049999237060547,17.34000015258789,16.200000762939453,16.690000534057617,0
20210409,KRW=X,1115.6600341796875,1121.72998046875,1112.9599609375,1115.8399658203125,0
20210409,^SOX,3272.389892578125,3295.760009765625,3262.929931640625,3294.530029296875,0
20210409,^TNX,1.6690000295639038,1.687000036239624,1.6369999647140503,1.6660000085830688,0
20210412,^GSPC,4124.7099609375,4131.759765625,4114.81982421875,4127.990234375,3588900000
20210412,^IXIC,13854.4404296875,13877.0,13783.9501953125,13850.0,4250900000
20210412,^DJI,33775.05859375,33786.19140625,33665.5390625,33745.3984375,327370000
20210412,^VIX,17.43000030517578,17.90999984741211,16.809999465942383,16.90999984741211,0
20210412,KRW=X,1122.02001953125,1126.699951171875,1120.25,1122.06005859375,0
20210412,^SOX,3273.60009765625,3274.610107421875,3231.1298828125,3258.330078125,0
20210412,^TNX,1.6749999523162842,1.684999942779541,1.6640000343322754,1.6749999523162842,0
20210413,^GSPC,4130.10009765625,4148.0,4124.43017578125,4141.58984375,3734720000
20210413,^IXIC,13902.4501953125,14011.509765625,13902.4501953125,13996.099609375,4219360000
20210413,^DJI,33721.16015625,33741.640625,33545.83984375,33677.26953125,324480000
20210413,^VIX,16.989999771118164,17.860000610351562,16.43000030517578,16.649999618530273,0
20210413,KRW=X,1124.449951171875,1127.8599853515625,1120.1700439453125,1124.449951171875,0
20210413,^SOX,3275.52001953125,3284.85009765625,3223.4599609375,3252.699951171875,0
20210413,^TNX,1.6799999475479126,1.6959999799728394,1.621999979019165,1.6230000257492065,0
20210414,^GSPC,4141.580078125,4151.68994140625,4120.8701171875,4124.66015625,3985350000
20210414,^IXIC,14004.080078125,14033.6298828125,13839.0400390625,13857.83984375,4120770000
20210414,^DJI,33668.94921875,33911.25,33668.94921875,33730.890625,315330000
20210414,^VIX,16.709999084472656,17.690000534057617,15.380000114440918,16.989999771118164,0
20210414,KRW=X,1120.719970703125,1123.4300537109375,1111.5799560546875,1120.68994140625,0
20210414,^SOX,3244.56005859375,3268.8701171875,3200.4599609375,3213.8798828125,0
20210414,^TNX,1.63100004196167,1.649999976158142,1.628999948501587,1.6380000114440918,0
20210415,^GSPC,4139.759765625,4173.490234375,4139.759765625,4170.419921875,4033420000
20210415,^IXIC,13983.23046875,14049.1298828125,13970.419921875,14038.759765625,4406880000
20210415,^DJI,33788.53125,34068.73046875,33788.53125,34035.98828125,319680000
20210415,^VIX,16.780000686645508,16.920000076293945,15.9399995803833,16.56999969482422,0
20210415,KRW=X,1116.1099853515625,1119.0400390625,1112.469970703125,1116.1099853515625,0
20210415,^SOX,3250.31005859375,3276.56005859375,3226.10009765625,3271.330078125,0
20210415,^TNX,1.6109999418258667,1.6180000305175781,1.5290000438690186,1.5299999713897705,0
20210416,^GSPC,4174.14013671875,4191.31005859375,4170.75,4185.47021484375,4163820000
20210416,^IXIC,14059.1103515625,14062.5,13977.0498046875,14052.33984375,4427780000
20210416,^DJI,34058.16015625,34256.75,34058.16015625,34200.671875,343760000
20210416,^VIX,16.649999618530273,16.8799991607666,16.049999237060547,16.25,0
20210416,KRW=X,1115.7900390625,1120.77001953125,1112.2099609375,1115.6700439453125,0
20210416,^SOX,3274.14990234375,3275.590087890625,3248.4599609375,3253.080078125,0
20210416,^TNX,1.5640000104904175,1.5980000495910645,1.5640000104904175,1.5729999542236328,0
20210419,^GSPC,4179.7998046875,4180.81005859375,4150.47021484375,4163.259765625,3810290000
20210419,^IXIC,13984.580078125,14041.7900390625,13842.5703125,13914.76953125,4379610000
20210419,^DJI,34182.37890625,34182.37890625,33980.55859375,34077.62890625,312540000
20210419,^VIX,17.040000915527344,18.610000610351562,16.780000686645508,17.290000915527344,0
20210419,KRW=X,1116.6500244140625,1119.6600341796875,1112.1600341796875,1115.6500244140625,0
20210419,^SOX,3228.010009765625,3240.949951171875,3141.199951171875,3171.0,0
20210419,^TNX,1.5870000123977661,1.6150000095367432,1.5800000429153442,1.6009999513626099,0
20210420,^GSPC,4159.18017578125,4159.18017578125,4118.3798828125,4134.93994140625,4342650000
20210420,^IXIC,13894.4599609375,13927.669921875,13698.669921875,13786.26953125,4245120000
20210420,^DJI,34034.1796875,34034.1796875,33687.01171875,33821.30078125,350960000
20210420,^VIX,17.360000610351562,19.700000762939453,17.239999771118164,18.68000030517578,0
20210420,KRW=X,1114.3699951171875,1117.81005859375,1109.3599853515625,1114.469970703125,0
20210420,^SOX,3158.860107421875,3171.169921875,3106.18994140625,3121.429931640625,0
20210420,^TNX,1.593999981880188,1.6119999885559082,1.5570000410079956,1.562000036239624,0
20210421,^GSPC,4128.419921875,4175.02001953125,4126.35009765625,4173.419921875,3887250000
20210421,^IXIC,13745.76953125,13951.349609375,13706.8603515625,13950.2197265625,3999620000
20210421,^DJI,33808.30078125,34160.33984375,33773.80078125,34137.30859375,290300000
20210421,^VIX,18.479999542236328,19.290000915527344,16.90999984741211,17.5,0
20210421,KRW=X,1116.1099853515625,1120.5899658203125,1114.9200439453125,1116.1099853515625,0
20210421,^SOX,3128.22998046875,3209.280029296875,3113.739990234375,3207.25,0
20210421,^TNX,1.5679999589920044,1.5839999914169312,1.5540000200271606,1.5640000104904175,0
20210422,^GSPC,4170.4599609375,4179.56982421875,4123.68994140625,4134.97998046875,4245140000
20210422,^IXIC,13952.5703125,14015.8701171875,13771.0400390625,13818.41015625,4420820000
20210422,^DJI,34109.87890625,34126.5703125,33717.19140625,33815.8984375,344470000
20210422,^VIX,17.280000686645508,19.899999618530273,16.989999771118164,18.709999084472656,0
20210422,KRW=X,1115.449951171875,1119.800048828125,1113.6400146484375,1115.6600341796875,0
20210422,^SOX,3203.85009765625,3206.889892578125,3119.010009765625,3133.169921875,0
20210422,^TNX,1.5770000219345093,1.5870000123977661,1.5429999828338623,1.5540000200271606,0
20210423,^GSPC,4138.77978515625,4194.169921875,4138.77978515625,4180.169921875,3569880000
20210423,^IXIC,13861.3701171875,14062.740234375,13856.830078125,14016.8095703125,4355100000
20210423,^DJI,33804.51953125,34157.5703125,33713.2890625,34043.48828125,346380000
20210423,^VIX,18.559999465942383,18.780000686645508,16.799999237060547,17.329999923706055,0
20210423,KRW=X,1119.6300048828125,1120.27001953125,1112.8900146484375,1118.5899658203125,0
20210423,^SOX,3147.10009765625,3207.330078125,3145.75,3196.97998046875,0
20210423,^TNX,1.5440000295639038,1.5809999704360962,1.531000018119812,1.5670000314712524,0
20210426,^GSPC,4185.02978515625,4194.18994140625,4182.35986328125,4187.6201171875,3748320000
20210426,^IXIC,14052.3798828125,14154.0302734375,14019.5,14138.7802734375,4506210000
20210426,^DJI,34044.23046875,34148.94140625,33941.37109375,33981.5703125,279300000
20210426,^VIX,17.940000534057617,18.170000076293945,16.8700008392334,17.639999389648438,0
20210426,KRW=X,1114.18994140625,1115.0999755859375,1108.530029296875,1114.1300048828125,0
20210426,^SOX,3199.510009765625,3256.169921875,3195.3701171875,3250.260009765625,0
20210426,^TNX,1.5950000286102295,1.5950000286102295,1.555999994277954,1.5700000524520874,0
20210427,^GSPC,4188.25,4193.35009765625,4176.22021484375,4186.72021484375,3710700000
20210427,^IXIC,14170.91015625,14171.240234375,14064.2802734375,14090.2197265625,4691460000
20210427,^DJI,33932.12890625,34043.98046875,33870.4609375,33984.9296875,289030000
20210427,^VIX,17.6200008392334,18.15999984741211,16.969999313354492,17.559999465942383,0
20210427,KRW=X,1109.2099609375,1113.1099853515625,1107.6800537109375,1109.22998046875,0
20210427,^SOX,3266.25,3266.25,3220.340087890625,3225.610107421875,0
20210427,^TNX,1.5809999704360962,1.6269999742507935,1.5700000524520874,1.621999979019165,0
20210428,^GSPC,4185.14013671875,4201.52978515625,4181.77978515625,4183.18017578125,3787360000
20210428,^IXIC,14082.7802734375,14133.650390625,14034.7001953125,14051.0302734375,4559710000
20210428,^DJI,33860.4609375,33946.6015625,33805.55859375,33820.37890625,335820000
20210428,^VIX,17.469999313354492,17.84000015258789,16.670000076293945,17.280000686645508,0
20210428,KRW=X,1112.1500244140625,1114.31005859375,1109.6099853515625,1112.1500244140625,0
20210428,^SOX,3208.60009765625,3208.60009765625,3175.610107421875,3178.489990234375,0
20210428,^TNX,1.6380000114440918,1.659000039100647,1.6130000352859497,1.6200000047683716,0
20210429,^GSPC,4206.14013671875,4218.77978515625,4176.81005859375,4211.47021484375,4298680000
20210429,^IXIC,14204.509765625,14211.5703125,13952.7998046875,14082.5498046875,4928030000
20210429,^DJI,33855.640625,34087.2109375,33744.28125,34060.359375,408450000
20210429,^VIX,16.8799991607666,18.8700008392334,16.770000457763672,17.610000610351562,0
20210429,KRW=X,1108.8900146484375,1109.3499755859375,1104.25,1108.6600341796875,0
20210429,^SOX,3218.360107421875,3222.2900390625,3153.97998046875,3202.5,0
20210429,^TNX,1.6649999618530273,1.687999963760376,1.6399999856948853,1.6399999856948853,0
20210430,^GSPC,4198.10009765625,4198.10009765625,4174.85009765625,4181.169921875,4300880000
20210430,^IXIC,13970.73046875,14084.759765625,13941.6298828125,13962.6796875,4792460000
20210430,^DJI,33988.75,33988.75,33784.9609375,33874.8515625,374890000
20210430,^VIX,17.670000076293945,19.25,17.639999389648438,18.610000610351562,0
20210430,KRW=X,1106.5799560546875,1116.7900390625,1106.1800537109375,1106.6300048828125,0
20210430,^SOX,3145.510009765625,3169.3798828125,3101.3798828125,3108.989990234375,0
20210430,^TNX,1.6419999599456787,1.652999997138977,1.621999979019165,1.63100004196167,0
20210503,^GSPC,4191.97998046875,4209.39013671875,4188.02978515625,4192.66015625,4070220000
20210503,^IXIC,14031.76953125,14042.1201171875,13881.509765625,13895.1201171875,4761430000
20210503,^DJI,33904.890625,34221.05859375,33904.890625,34113.23046875,289770000
20210503,^VIX,18.649999618530273,19.1200008392334,17.799999237060547,18.309999465942383,0
20210503,KRW=X,1116.6099853515625,1123.8900146484375,1115.0699462890625,1116.760009765625,0
20210503,^SOX,3130.06005859375,3134.06005859375,3060.0,3073.3798828125,0
20210503,^TNX,1.6510000228881836,1.6510000228881836,1.5779999494552612,1.6069999933242798,0
20210504,^GSPC,4179.0400390625,4179.0400390625,4128.58984375,4164.66015625,4452460000
20210504,^IXIC,13774.509765625,13795.5703125,13485.58984375,13633.5,5879730000
20210504,^DJI,34080.19921875,34147.78125,33765.6796875,34133.03125,407860000
20210504,^VIX,18.15999984741211,21.850000381469727,18.110000610351562,19.479999542236328,0
20210504,KRW=X,1120.4000244140625,1127.8599853515625,1118.6400146484375,1120.4000244140625,0
20210504,^SOX,3029.300048828125,3036.10009765625,2969.1201171875,3024.31005859375,0
20210504,^TNX,1.6030000448226929,1.6030000448226929,1.5570000410079956,1.5920000076293945,0
20210505,^GSPC,4177.06005859375,4187.72021484375,4160.93994140625,4167.58984375,4230920000
20210505,^IXIC,13731.1298828125,13753.0498046875,13553.9296875,13582.419921875,4535690000
20210505,^DJI,34163.98828125,34331.19921875,34039.66015625,34230.33984375,253180000
20210505,^VIX,18.84000015258789,19.579999923706055,17.889999389648438,19.149999618530273,0
20210505,KRW=X,1124.8900146484375,1127.8399658203125,1122.260009765625,1124.9100341796875,0
20210505,^SOX,3063.239990234375,3080.68994140625,3022.699951171875,3042.8798828125,0
20210505,^TNX,1.6069999933242798,1.6260000467300415,1.5820000171661377,1.5839999914169312,0
20210506,^GSPC,4169.14013671875,4202.7001953125,4147.330078125,4201.6201171875,4511000000
20210506,^IXIC,13557.830078125,13635.73046875,13439.3896484375,13632.83984375,5021400000
20210506,^DJI,34245.109375,34561.2890625,34185.05859375,34548.53125,315430000
20210506,^VIX,18.40999984741211,20.600000381469727,18.209999084472656,18.389999389648438,0
20210506,KRW=X,1124.0699462890625,1126.5899658203125,1120.06005859375,1123.989990234375,0
20210506,^SOX,3032.550048828125,3068.530029296875,3002.739990234375,3066.219970703125,0
20210506,^TNX,1.5770000219345093,1.590999960899353,1.5570000410079956,1.5609999895095825,0
20210507,^GSPC,4210.33984375,4238.0400390625,4201.64013671875,4232.60009765625,4016080000
20210507,^IXIC,13723.08984375,13828.6201171875,13690.75,13752.240234375,4391100000
20210507,^DJI,34578.26953125,34811.390625,34464.30859375,34777.76171875,303400000
20210507,^VIX,18.450000762939453,18.56999969482422,16.68000030517578,16.690000534057617,0
20210507,KRW=X,1119.989990234375,1122.5,1109.0799560546875,1119.3900146484375,0
20210507,^SOX,3103.949951171875,3129.8701171875,3085.739990234375,3112.030029296875,0
20210507,^TNX,1.5700000524520874,1.5839999914169312,1.4709999561309814,1.5770000219345093,0
20210510,^GSPC,4228.2900390625,4236.39013671875,4188.1298828125,4188.43017578125,4560700000
20210510,^IXIC,13687.58984375,13687.9296875,13401.740234375,13401.8603515625,4818670000
20210510,^DJI,34785.26953125,35091.55859375,34741.5703125,34742.8203125,361620000
20210510,^VIX,17.34000015258789,19.75,17.06999969482422,19.65999984741211,0
20210510,KRW=X,1111.969970703125,1116.800048828125,1110.239990234375,1111.969970703125,0
20210510,^SOX,3077.280029296875,3078.389892578125,2965.419921875,2967.110107421875,0
20210510,^TNX,1.5770000219345093,1.6069999933242798,1.559999942779541,1.6019999980926514,0
20210511,^GSPC,4150.33984375,4162.0400390625,4111.52978515625,4152.10009765625,4870710000
20210511,^IXIC,13115.849609375,13423.3095703125,13107.669921875,13389.4296875,4738390000
20210511,^DJI,34572.73828125,34572.73828125,34075.30859375,34269.16015625,413180000
20210511,^VIX,21.170000076293945,23.729999542236328,20.709999084472656,21.84000015258789,0
20210511,KRW=X,1115.5899658203125,1121.1600341796875,1115.489990234375,1115.5400390625,0
20210511,^SOX,2876.27001953125,2982.840087890625,2872.31005859375,2976.010009765625,0
20210511,^TNX,1.6039999723434448,1.63100004196167,1.6019999980926514,1.6239999532699585,0
20210512,^GSPC,4130.5498046875,4134.72998046875,4056.8798828125,4063.0400390625,4733070000
20210512,^IXIC,13215.490234375,13288.6103515625,13002.5400390625,13031.6796875,4752930000
20210512,^DJI,34206.3984375,34207.87109375,33555.21875,33587.66015625,381350000
20210512,^VIX,22.420000076293945,28.3799991607666,21.65999984741211,27.59000015258789,0
20210512,KRW=X,1118.4300537109375,1131.18994140625,1118.3800048828125,1118.22998046875,0
20210512,^SOX,2906.43994140625,2926.860107421875,2842.330078125,2851.14990234375,0
20210512,^TNX,1.6169999837875366,1.6950000524520874,1.6169999837875366,1.6950000524520874,0
20210513,^GSPC,4074.989990234375,4131.580078125,4074.989990234375,4112.5,4779540000
20210513,^IXIC,13150.9404296875,13247.8701171875,13007.240234375,13124.990234375,4698110000
20210513,^DJI,33624.73828125,34181.76953125,33623.48828125,34021.44921875,350820000
20210513,^VIX,26.030000686645508,28.93000030517578,22.229999542236328,23.1299991607666,0
20210513,KRW=X,1131.739990234375,1134.949951171875,1127.1800537109375,1131.5999755859375,0
20210513,^SOX,2899.800048828125,2934.449951171875,2862.8798828125,2893.93994140625,0
20210513,^TNX,1.690000057220459,1.7000000476837158,1.656999945640564,1.6679999828338623,0
20210514,^GSPC,4129.580078125,4183.1298828125,4129.580078125,4173.85009765625,4008880000
20210514,^IXIC,13255.650390625,13460.8798828125,13242.9697265625,13429.98046875,4022610000
20210514,^DJI,34050.859375,34454.05078125,34050.859375,34382.12890625,303230000
20210514,^VIX,21.770000457763672,22.100000381469727,18.65999984741211,18.809999465942383,0
20210514,KRW=X,1125.75,1130.9100341796875,1124.72998046875,1125.699951171875,0
20210514,^SOX,2932.0400390625,3006.139892578125,2907.39990234375,2981.419921875,0
20210514,^TNX,1.6390000581741333,1.6510000228881836,1.625,1.6349999904632568,0
20210517,^GSPC,4169.919921875,4171.919921875,4142.68994140625,4163.2900390625,4125050000
20210517,^IXIC,13368.7998046875,13399.169921875,13265.400390625,13379.0498046875,3997780000
20210517,^DJI,34375.2890625,34383.83984375,34176.6484375,34327.7890625,291910000
20210517,^VIX,19.889999389648438,21.579999923706055,19.670000076293945,19.719999313354492,0
20210517,KRW=X,1125.6700439453125,1138.739990234375,1125.510009765625,1125.530029296875,0
20210517,^SOX,2946.81005859375,2955.610107421875,2904.25,2954.6298828125,0
20210517,^TNX,1.6349999904632568,1.6469999551773071,1.628000020980835,1.6399999856948853,0
20210518,^GSPC,4165.93994140625,4169.14990234375,4125.990234375,4127.830078125,4398150000
20210518,^IXIC,13416.900390625,13485.33984375,13299.9296875,13303.6396484375,4301300000
20210518,^DJI,34351.1796875,34408.98828125,34044.1015625,34060.66015625,289590000
20210518,^VIX,18.889999389648438,21.450000762939453,18.809999465942383,21.34000015258789,0
20210518,KRW=X,1136.260009765625,1137.4200439453125,1125.56005859375,1135.510009765625,0
20210518,^SOX,2977.860107421875,2985.929931640625,2927.340087890625,2929.14990234375,0
20210518,^TNX,1.6390000581741333,1.656999945640564,1.628000020980835,1.6419999599456787,0
20210519,^GSPC,4098.4501953125,4116.93017578125,4061.409912109375,4115.68017578125,4247450000
20210519,^IXIC,13078.1904296875,13304.6103515625,13072.23046875,13299.740234375,4333520000
20210519,^DJI,33945.80859375,33945.80859375,33473.80078125,33896.0390625,348480000
20210519,^VIX,22.459999084472656,25.959999084472656,21.8799991607666,22.18000030517578,0
20210519,KRW=X,1127.0799560546875,1130.550048828125,1123.280029296875,1127.1400146484375,0
20210519,^SOX,2864.35009765625,2989.820068359375,2862.679931640625,2987.280029296875,0
20210519,^TNX,1.656000018119812,1.6920000314712524,1.6200000047683716,1.6829999685287476,0
20210520,^GSPC,4121.97021484375,4172.7998046875,4121.97021484375,4159.1201171875,3978880000
20210520,^IXIC,13356.6298828125,13563.51953125,13355.7099609375,13535.740234375,3990760000
20210520,^DJI,33906.30078125,34233.3984375,33872.41015625,34084.1484375,320150000
20210520,^VIX,22.329999923706055,23.5,20.190000534057617,20.670000076293945,0
20210520,KRW=X,1130.27001953125,1133.3299560546875,1126.969970703125,1130.3699951171875,0
20210520,^SOX,3010.7900390625,3078.300048828125,3009.97998046875,3066.110107421875,0
20210520,^TNX,1.6640000343322754,1.6660000085830688,1.6269999742507935,1.6339999437332153,0
20210521,^GSPC,4168.60986328125,4188.72021484375,4151.72021484375,4155.85986328125,3995250000
20210521,^IXIC,13616.1904296875,13616.580078125,13463.259765625,13470.990234375,3733940000
20210521,^DJI,34121.91015625,34415.48046875,34121.91015625,34207.83984375,306360000
20210521,^VIX,20.420000076293945,20.889999389648438,19.530000686645508,20.149999618530273,0
20210521,KRW=X,1127.02001953125,1128.719970703125,1122.050048828125,1127.050048828125,0
20210521,^SOX,3085.669921875,3086.830078125,3044.89990234375,3052.10009765625,0
20210521,^TNX,1.621999979019165,1.6390000581741333,1.6130000352859497,1.6319999694824219,0
20210524,^GSPC,4170.16015625,4209.52001953125,4170.16015625,4197.0498046875,3684800000
20210524,^IXIC,13557.2099609375,13708.849609375,13551.009765625,13661.169921875,3509470000
20210524,^DJI,34253.87109375,34472.51171875,34253.87109375,34393.98046875,251010000
20210524,^VIX,20.5,20.510000228881836,18.3799991607666,18.399999618530273,0
20210524,KRW=X,1126.8199462890625,1129.06005859375,1123.3599853515625,1126.7900390625,0
20210524,^SOX,3082.43994140625,3141.81005859375,3079.669921875,3122.97998046875,0
20210524,^TNX,1.6109999418258667,1.621999979019165,1.5980000495910645,1.6080000400543213,0
20210525,^GSPC,4205.93994140625,4213.419921875,4182.52001953125,4188.1298828125,4182250000
20210525,^IXIC,13721.5400390625,13751.1396484375,13631.7998046875,13657.169921875,4128990000
20210525,^DJI,34428.66015625,34511.3515625,34266.03125,34312.4609375,285760000
20210525,^VIX,18.350000381469727,19.290000915527344,16.8700008392334,18.84000015258789,0
20210525,KRW=X,1122.1800537109375,1124.47998046875,1119.68994140625,1122.18994140625,0
20210525,^SOX,3145.669921875,3157.7900390625,3117.27001953125,3134.669921875,0
20210525,^TNX,1.590999960899353,1.600000023841858,1.562000036239624,1.5640000104904175,0
20210526,^GSPC,4191.58984375,4202.60986328125,4184.10986328125,4195.990234375,4420890000
20210526,^IXIC,13693.9404296875,13750.16015625,13679.58984375,13738.0,4264500000
20210526,^DJI,34336.33984375,34409.58984375,34271.44140625,34323.05078125,258780000
20210526,^VIX,18.3700008392334,18.920000076293945,17.350000381469727,17.360000610351562,0
20210526,KRW=X,1121.4000244140625,1122.6700439453125,1113.6099853515625,1121.3800048828125,0
20210526,^SOX,3135.89990234375,3156.77001953125,3115.219970703125,3140.97998046875,0
20210526,^TNX,1.559999942779541,1.5829999446868896,1.5520000457763672,1.5740000009536743,0
20210527,^GSPC,4201.93994140625,4213.3798828125,4197.77978515625,4200.8798828125,6406310000
20210527,^IXIC,13742.58984375,13776.51953125,13701.6298828125,13736.2802734375,5087180000
20210527,^DJI,34432.46875,34608.8203125,34389.23828125,34464.640625,520630000
20210527,^VIX,18.030000686645508,18.170000076293945,16.520000457763672,16.739999771118164,0
20210527,KRW=X,1115.550048828125,1119.739990234375,1113.8399658203125,1115.52001953125,0
20210527,^SOX,3134.2099609375,3170.860107421875,3130.639892578125,3159.27001953125,0
20210527,^TNX,1.6109999418258667,1.625,1.6050000190734863,1.6100000143051147,0
20210528,^GSPC,4210.77001953125,4218.35986328125,4203.56982421875,4204.10986328125,4649250000
20210528,^IXIC,13792.0498046875,13820.8701171875,13747.6103515625,13748.740234375,4447940000
20210528,^DJI,34558.5,34631.109375,34520.08984375,34529.44921875,290850000
20210528,^VIX,16.799999237060547,16.860000610351562,15.899999618530273,16.760000228881836,0
20210528,KRW=X,1117.199951171875,1118.3900146484375,1112.1800537109375,1117.300048828125,0
20210528,^SOX,3172.52001953125,3200.35009765625,3163.77001953125,3186.56005859375,0
20210528,^TNX,1.6100000143051147,1.6180000305175781,1.5789999961853027,1.5809999704360962,0
20210531,KRW=X,1113.1400146484375,1116.9100341796875,1105.9000244140625,1112.8499755859375,0
20210601,^GSPC,4216.52001953125,4234.1201171875,4197.58984375,4202.0400390625,5074670000
20210601,^IXIC,13829.0595703125,13836.169921875,13678.76953125,13736.48046875,4186280000
20210601,^DJI,34584.19140625,34849.3203125,34542.87109375,34575.30859375,287700000
20210601,^VIX,17.239999771118164,18.530000686645508,15.680000305175781,17.899999618530273,0
20210601,KRW=X,1106.97998046875,1109.5,1104.0,1106.97998046875,0
20210601,^SOX,3210.10009765625,3233.889892578125,3160.35009765625,3174.320068359375,0
20210601,^TNX,1.625,1.6390000581741333,1.6080000400543213,1.6150000095367432,0
20210602,^GSPC,4206.81982421875,4217.3701171875,4198.27001953125,4208.1201171875,5833670000
20210602,^IXIC,13743.240234375,13775.8896484375,13689.740234375,13756.330078125,5097630000
20210602,^DJI,34614.62109375,34706.6484375,34545.9609375,34600.37890625,263810000
20210602,^VIX,17.860000610351562,18.309999465942383,16.739999771118164,17.479999542236328,0
20210602,KRW=X,1107.72998046875,1114.02001953125,1106.43994140625,1107.2099609375,0
20210602,^SOX,3167.7099609375,3206.820068359375,3163.7900390625,3196.97998046875,0
20210602,^TNX,1.6050000190734863,1.6059999465942383,1.5880000591278076,1.590999960899353,0
20210603,^GSPC,4191.43017578125,4204.39013671875,4167.93017578125,4192.85009765625,5587970000
20210603,^IXIC,13655.75,13684.1298828125,13548.9296875,13614.509765625,5396250000
20210603,^DJI,34550.30859375,34667.41015625,34334.41015625,34577.0390625,297380000
20210603,^VIX,17.729999542236328,19.270000457763672,17.450000762939453,18.040000915527344,0
20210603,KRW=X,1110.050048828125,1117.8299560546875,1108.68994140625,1109.8800048828125,0
20210603,^SOX,3161.1298828125,3171.780029296875,3126.9599609375,3139.18994140625,0
20210603,^TNX,1.6009999513626099,1.6299999952316284,1.5959999561309814,1.625,0
20210604,^GSPC,4206.0498046875,4233.4501953125,4206.0498046875,4229.89013671875,4139790000
20210604,^IXIC,13697.25,13826.8203125,13692.009765625,13814.490234375,4360710000
20210604,^DJI,34618.69140625,34772.12109375,34618.69140625,34756.390625,270050000
20210604,^VIX,18.09000015258789,18.420000076293945,16.18000030517578,16.420000076293945,0
20210604,KRW=X,1115.27001953125,1118.8499755859375,1108.8800048828125,1115.43994140625,0
20210604,^SOX,3170.110107421875,3221.780029296875,3170.110107421875,3214.139892578125,0
20210604,^TNX,1.6269999742507935,1.6349999904632568,1.5570000410079956,1.559999942779541,0
20210607,^GSPC,4229.33984375,4232.33984375,4215.66015625,4226.52001953125,4476920000
20210607,^IXIC,13802.8203125,13889.1103515625,13784.8896484375,13881.7197265625,4639210000
20210607,^DJI,34766.19921875,34820.91015625,34574.51171875,34630.23828125,259120000
20210607,^VIX,17.34000015258789,17.350000381469727,15.779999732971191,16.420000076293945,0
20210607,KRW=X,1109.6800537109375,1113.1700439453125,1108.550048828125,1109.6800537109375,0
20210607,^SOX,3199.10009765625,3205.300048828125,3172.52001953125,3191.659912109375,0
20210607,^TNX,1.5809999704360962,1.5820000171661377,1.5640000104904175,1.569000005722046,0
20210608,^GSPC,4233.81005859375,4236.740234375,4208.41015625,4227.259765625,4659620000
20210608,^IXIC,13946.3203125,13981.7197265625,13831.98046875,13924.91015625,5958410000
20210608,^DJI,34645.83984375,34665.37890625,34452.94140625,34599.8203125,289440000
20210608,^VIX,16.579999923706055,17.75,15.149999618530273,17.06999969482422,0
20210608,KRW=X,1109.4100341796875,1117.030029296875,1108.5400390625,1109.3199462890625,0
20210608,^SOX,3221.449951171875,3221.449951171875,3150.260009765625,3171.219970703125,0
20210608,^TNX,1.5360000133514404,1.5360000133514404,1.5130000114440918,1.527999997138977,0
20210609,^GSPC,4232.990234375,4237.08984375,4218.740234375,4219.5498046875,4713260000
20210609,^IXIC,13980.23046875,14003.5,13906.4501953125,13911.75,5640490000
20210609,^DJI,34626.16015625,34654.671875,34439.37109375,34447.140625,245100000
20210609,^VIX,17.18000030517578,17.959999084472656,15.550000190734863,17.889999389648438,0
20210609,KRW=X,1116.8599853515625,1117.949951171875,1111.300048828125,1116.8900146484375,0
20210609,^SOX,3183.409912109375,3190.659912109375,3157.820068359375,3158.47998046875,0
20210609,^TNX,1.503000020980835,1.5080000162124634,1.472000002861023,1.4889999628067017,0
20210610,^GSPC,4228.56005859375,4249.740234375,4220.33984375,4239.18017578125,4408210000
20210610,^IXIC,13933.8798828125,14031.1904296875,13904.400390625,14020.330078125,4919880000
20210610,^DJI,34502.51171875,34737.7890625,34447.25,34466.23828125,309310000
20210610,^VIX,18.18000030517578,18.290000915527344,16.010000228881836,16.100000381469727,0
20210610,KRW=X,1115.6400146484375,1116.8199462890625,1112.52001953125,1116.4100341796875,0
20210610,^SOX,3165.199951171875,3205.77001953125,3156.800048828125,3196.2099609375,0
20210610,^TNX,1.503000020980835,1.5329999923706055,1.4589999914169312,1.4589999914169312,0
20210611,^GSPC,4242.89990234375,4248.3798828125,4232.25,4247.43994140625,3815010000
20210611,^IXIC,14030.849609375,14069.419921875,14006.58984375,14069.419921875,4157580000
20210611,^DJI,34499.80859375,34618.08984375,34328.6484375,34479.6015625,260840000
20210611,^VIX,16.18000030517578,16.200000762939453,15.149999618530273,15.649999618530273,0
20210611,KRW=X,1111.510009765625,1118.0899658203125,1108.3900146484375,1111.260009765625,0
20210611,^SOX,3198.889892578125,3210.27001953125,3186.260009765625,3210.06005859375,0
20210611,^TNX,1.4520000219345093,1.472000002861023,1.4500000476837158,1.4620000123977661,0
20210614,^GSPC,4248.31005859375,4255.58984375,4234.06982421875,4255.14990234375,4151200000
20210614,^IXIC,14083.4697265625,14175.4501953125,14056.669921875,14174.1396484375,4415160000
20210614,^DJI,34472.51953125,34472.51953125,34211.5390625,34393.75,295530000
20210614,^VIX,16.040000915527344,17.040000915527344,15.039999961853027,16.389999389648438,0
20210614,KRW=X,1114.8599853515625,1119.02001953125,1114.260009765625,1115.550048828125,0
20210614,^SOX,3213.56005859375,3255.590087890625,3199.969970703125,3255.340087890625,0
20210614,^TNX,1.4639999866485596,1.5019999742507935,1.4589999914169312,1.5010000467300415,0
20210615,^GSPC,4255.27978515625,4257.16015625,4238.35009765625,4246.58984375,4048940000
20210615,^IXIC,14166.6396484375,14171.01953125,14052.16015625,14072.8603515625,4554580000
20210615,^DJI,34397.1015625,34420.37890625,34199.16015625,34299.328125,272430000
20210615,^VIX,16.270000457763672,17.350000381469727,16.139999389648438,17.020000457763672,0
20210615,KRW=X,1116.469970703125,1118.5899658203125,1115.77001953125,1116.3199462890625,0
20210615,^SOX,3248.1298828125,3265.56005859375,3218.22998046875,3225.97998046875,0
20210615,^TNX,1.49399995803833,1.5130000114440918,1.4859999418258667,1.4989999532699585,0
20210616,^GSPC,4248.8701171875,4251.89013671875,4202.4501953125,4223.7001953125,4538350000
20210616,^IXIC,14085.5498046875,14129.6904296875,13903.73046875,14039.6796875,4683030000
20210616,^DJI,34308.48046875,34333.25,33917.109375,34033.671875,347150000
20210616,^VIX,16.989999771118164,19.110000610351562,16.420000076293945,18.149999618530273,0
20210616,KRW=X,1116.489990234375,1119.030029296875,1115.6300048828125,1116.030029296875,0
20210616,^SOX,3237.010009765625,3246.320068359375,3173.5400390625,3201.010009765625,0
20210616,^TNX,1.4889999628067017,1.593999981880188,1.4839999675750732,1.569000005722046,0
20210617,^GSPC,4220.3701171875,4232.2900390625,4196.0498046875,4221.85986328125,5312680000
20210617,^IXIC,13999.1298828125,14196.2099609375,13998.9296875,14161.349609375,4558280000
20210617,^DJI,34014.37890625,34091.7890625,33626.609375,33823.44921875,354690000
20210617,^VIX,18.489999771118164,19.219999313354492,16.709999084472656,17.75,0
20210617,KRW=X,1132.1099853515625,1135.8599853515625,1126.9200439453125,1131.949951171875,0
20210617,^SOX,3189.25,3255.31005859375,3189.1298828125,3231.7099609375,0
20210617,^TNX,1.569000005722046,1.5750000476837158,1.472000002861023,1.5110000371932983,0
20210618,^GSPC,4204.77978515625,4204.77978515625,4164.39990234375,4166.4501953125,6817010000
20210618,^IXIC,14096.9296875,14129.2197265625,14009.0400390625,14030.3798828125,6126070000
20210618,^DJI,33622.69921875,33622.69921875,33271.9296875,33290.078125,563920000
20210618,^VIX,16.959999084472656,21.040000915527344,16.920000076293945,20.700000762939453,0
20210618,KRW=X,1133.6700439453125,1136.780029296875,1126.510009765625,1133.5400390625,0
20210618,^SOX,3205.7900390625,3210.969970703125,3137.590087890625,3152.81005859375,0
20210618,^TNX,1.5069999694824219,1.5210000276565552,1.437999963760376,1.4500000476837158,0
20210621,^GSPC,4173.39990234375,4226.240234375,4173.39990234375,4224.7900390625,4128950000
20210621,^IXIC,14047.419921875,14150.7802734375,13960.0400390625,14141.48046875,4562010000
20210621,^DJI,33312.0703125,33908.08984375,33312.0703125,33876.96875,317260000
20210621,^VIX,21.739999771118164,21.81999969482422,17.809999465942383,17.889999389648438,0
20210621,KRW=X,1134.1400146484375,1138.719970703125,1130.8900146484375,1134.25,0
20210621,^SOX,3153.199951171875,3174.8701171875,3132.919921875,3171.989990234375,0
20210621,^TNX,1.4520000219345093,1.4919999837875366,1.4520000219345093,1.4839999675750732,0
20210622,^GSPC,4224.60986328125,4255.83984375,4217.27001953125,4246.43994140625,3828390000
20210622,^IXIC,14138.2900390625,14269.76953125,14121.0,14253.26953125,4433140000
20210622,^DJI,33872.55859375,34040.69921875,33751.05859375,33945.578125,284130000
20210622,^VIX,17.90999984741211,18.31999969482422,15.760000228881836,16.65999984741211,0
20210622,KRW=X,1130.52001953125,1138.0,1130.239990234375,1130.3399658203125,0
20210622,^SOX,3166.6201171875,3192.550048828125,3155.080078125,3185.429931640625,0
20210622,^TNX,1.4950000047683716,1.5089999437332153,1.4700000286102295,1.472000002861023,0
20210623,^GSPC,4249.27001953125,4256.60009765625,4241.43017578125,4241.83984375,3730350000
20210623,^IXIC,14263.3798828125,14317.66015625,14246.2998046875,14271.73046875,4417470000
20210623,^DJI,33948.5390625,34009.3984375,33869.828125,33874.23828125,255280000
20210623,^VIX,16.25,16.84000015258789,14.859999656677246,16.31999969482422,0
20210623,KRW=X,1132.4300537109375,1138.0899658203125,1131.3599853515625,1132.510009765625,0
20210623,^SOX,3191.570068359375,3214.7099609375,3191.530029296875,3197.219970703125,0
20210623,^TNX,1.468000054359436,1.4989999532699585,1.465000033378601,1.4869999885559082,0
20210624,^GSPC,4256.97021484375,4271.27978515625,4256.97021484375,4266.490234375,3816660000
20210624,^IXIC,14357.26953125,14414.4599609375,14333.7001953125,14369.7099609375,4324620000
20210624,^DJI,33933.91015625,34233.01953125,33933.91015625,34196.8203125,275870000
20210624,^VIX,15.989999771118164,16.049999237060547,14.1899995803833,15.970000267028809,0
20210624,KRW=X,1133.4100341796875,1138.1300048828125,1129.93994140625,1132.6099853515625,0
20210624,^SOX,3228.7099609375,3258.43994140625,3226.030029296875,3253.800048828125,0
20210624,^TNX,1.4839999675750732,1.496999979019165,1.4769999980926514,1.4869999885559082,0
20210625,^GSPC,4274.4501953125,4286.1201171875,4271.16015625,4280.7001953125,7341450000
20210625,^IXIC,14400.8095703125,14409.080078125,14337.650390625,14360.3896484375,7468090000
20210625,^DJI,34328.1015625,34501.01953125,34314.80078125,34433.83984375,432550000
20210625,^VIX,16.040000915527344,16.170000076293945,15.210000038146973,15.619999885559082,0
20210625,KRW=X,1131.4599609375,1132.239990234375,1123.31005859375,1130.800048828125,0
20210625,^SOX,3263.449951171875,3270.2099609375,3233.64990234375,3241.47998046875,0
20210625,^TNX,1.4869999885559082,1.5449999570846558,1.4780000448226929,1.5360000133514404,0
20210628,^GSPC,4284.89990234375,4292.14013671875,4274.669921875,4290.60986328125,4147890000
20210628,^IXIC,14417.8095703125,14505.1904296875,14417.2001953125,14500.509765625,4283000000
20210628,^DJI,34428.1015625,34449.6484375,34186.12890625,34283.26953125,280280000
20210628,^VIX,16.06999969482422,16.459999084472656,15.390000343322754,15.760000228881836,0
20210628,KRW=X,1125.3399658203125,1131.6700439453125,1125.3399658203125,1125.3399658203125,0
20210628,^SOX,3274.389892578125,3333.679931640625,3274.06005859375,3323.139892578125,0
20210628,^TNX,1.5089999437332153,1.5119999647140503,1.4709999561309814,1.4780000448226929,0
20210629,^GSPC,4293.2099609375,4300.52001953125,4287.0400390625,4291.7998046875,3707150000
20210629,^IXIC,14509.1904296875,14535.9697265625,14471.3798828125,14528.330078125,4901300000
20210629,^DJI,34338.890625,34469.828125,34266.828125,34292.2890625,282360000
20210629,^VIX,15.6899995803833,16.309999465942383,14.100000381469727,16.020000457763672,0
20210629,KRW=X,1129.02001953125,1133.969970703125,1127.31005859375,1129.0400390625,0
20210629,^SOX,3321.550048828125,3349.989990234375,3304.989990234375,3348.8701171875,0
20210629,^TNX,1.4919999837875366,1.5099999904632568,1.4780000448226929,1.4800000190734863,0
20210630,^GSPC,4290.64990234375,4302.43017578125,4287.9599609375,4297.5,4266040000
20210630,^IXIC,14509.849609375,14526.8095703125,14478.0595703125,14503.9501953125,5293810000
20210630,^DJI,34290.73828125,34553.16015625,34245.48046875,34502.51171875,295560000
20210630,^VIX,16.18000030517578,17.309999465942383,15.579999923706055,15.829999923706055,0
20210630,KRW=X,1130.7099609375,1132.3299560546875,1125.02001953125,1130.510009765625,0
20210630,^SOX,3346.570068359375,3350.969970703125,3326.080078125,3345.31005859375,0
20210630,^TNX,1.4529999494552612,1.465999960899353,1.437999963760376,1.4429999589920044,0
20210701,^GSPC,4300.72998046875,4320.66015625,4300.72998046875,4319.93994140625,3788230000
20210701,^IXIC,14493.6904296875,14533.5498046875,14439.400390625,14522.3798828125,4410470000
20210701,^DJI,34507.3203125,34640.28125,34498.8515625,34633.53125,268280000
20210701,^VIX,15.619999885559082,16.010000228881836,15.3100004196167,15.479999542236328,0
20210701,KRW=X,1129.6800537109375,1134.739990234375,1128.510009765625,1129.5999755859375,0
20210701,^SOX,3336.1298828125,3340.159912109375,3288.909912109375,3295.06005859375,0
20210701,^TNX,1.4709999561309814,1.4850000143051147,1.4539999961853027,1.4800000190734863,0
20210702,^GSPC,4326.60009765625,4355.43017578125,4326.60009765625,4352.33984375,3225840000
20210702,^IXIC,14582.98046875,14649.1103515625,14555.33984375,14639.330078125,3751420000
20210702,^DJI,34642.421875,34821.9296875,34613.48828125,34786.3515625,301860000
20210702,^VIX,15.529999732971191,15.539999961853027,14.25,15.069999694824219,0
20210702,KRW=X,1134.4000244140625,1136.6199951171875,1131.0899658203125,1132.4100341796875,0
20210702,^SOX,3323.159912109375,3323.60009765625,3289.419921875,3315.830078125,0
20210702,^TNX,1.444000005722046,1.468000054359436,1.4259999990463257,1.430999994277954,0
20210705,KRW=X,1129.8499755859375,1131.8399658203125,1127.699951171875,1129.77001953125,0
20210706,^GSPC,4356.4599609375,4356.4599609375,4314.3701171875,4343.5400390625,4309570000
20210706,^IXIC,14661.5498046875,14687.0,14529.7998046875,14663.6396484375,4489540000
20210706,^DJI,34790.16015625,34814.19921875,34358.421875,34577.37109375,348430000
20210706,^VIX,15.770000457763672,17.940000534057617,15.729999542236328,16.440000534057617,0
20210706,KRW=X,1130.0999755859375,1137.6199951171875,1128.739990234375,1129.43994140625,0
20210706,^SOX,3327.010009765625,3335.929931640625,3268.139892578125,3307.919921875,0
20210706,^TNX,1.4240000247955322,1.4270000457763672,1.3519999980926514,1.3700000047683716,0
20210707,^GSPC,4351.009765625,4361.8798828125,4329.7900390625,4358.1298828125,4037380000
20210707,^IXIC,14753.41015625,14755.330078125,14580.7900390625,14665.0595703125,4605630000
20210707,^DJI,34604.171875,34708.78125,34435.58984375,34681.7890625,302700000
20210707,^VIX,16.43000030517578,17.639999389648438,16.079999923706055,16.200000762939453,0
20210707,KRW=X,1135.68994140625,1142.260009765625,1134.6600341796875,1135.47998046875,0
20210707,^SOX,3331.330078125,3331.330078125,3250.52001953125,3261.72998046875,0
20210707,^TNX,1.3250000476837158,1.343000054359436,1.2960000038146973,1.3209999799728394,0
20210708,^GSPC,4321.06982421875,4330.8798828125,4289.3701171875,4320.81982421875,4347500000
20210708,^IXIC,14409.2001953125,14610.0595703125,14371.58984375,14559.7802734375,4575010000
20210708,^DJI,34569.01171875,34569.01171875,34145.58984375,34421.9296875,335690000
20210708,^VIX,17.739999771118164,21.290000915527344,17.739999771118164,19.0,0
20210708,KRW=X,1140.9100341796875,1150.550048828125,1139.3699951171875,1140.52001953125,0
20210708,^SOX,3185.5400390625,3239.3701171875,3172.409912109375,3222.81005859375,0
20210708,^TNX,1.281000018119812,1.305999994277954,1.2680000066757202,1.2879999876022339,0
20210709,^GSPC,4329.3798828125,4371.60009765625,4329.3798828125,4369.5498046875,3531120000
20210709,^IXIC,14578.4296875,14710.2001953125,14552.259765625,14701.919921875,3826500000
20210709,^DJI,34457.51171875,34893.71875,34457.51171875,34870.16015625,301750000
20210709,^VIX,17.8799991607666,18.1299991607666,16.079999923706055,16.18000030517578,0
20210709,KRW=X,1146.22998046875,1149.780029296875,1142.3499755859375,1146.280029296875,0
20210709,^SOX,3229.469970703125,3282.320068359375,3212.7099609375,3278.389892578125,0
20210709,^TNX,1.3380000591278076,1.3600000143051147,1.3329999446868896,1.3559999465942383,0
20210712,^GSPC,4372.41015625,4386.68017578125,4364.02978515625,4384.6298828125,3384460000
20210712,^IXIC,14743.8603515625,14761.080078125,14672.6298828125,14733.240234375,3897090000
20210712,^DJI,34836.75,35014.8984375,34730.1484375,34996.1796875,294800000
20210712,^VIX,16.850000381469727,17.520000457763672,16.139999389648438,16.170000076293945,0
20210712,KRW=X,1144.1300048828125,1148.8900146484375,1144.0699462890625,1144.31005859375,0
20210712,^SOX,3292.639892578125,3319.93994140625,3281.639892578125,3319.0,0
20210712,^TNX,1.343000054359436,1.3760000467300415,1.3380000591278076,1.3630000352859497,0
20210713,^GSPC,4381.06982421875,4392.3701171875,4366.919921875,4369.2099609375,3695430000
20210713,^IXIC,14715.1298828125,14803.6796875,14660.1904296875,14677.650390625,4583460000
20210713,^DJI,34959.9609375,35018.7890625,34876.890625,34888.7890625,322430000
20210713,^VIX,16.389999389648438,17.229999542236328,15.9399995803833,17.1200008392334,0
20210713,KRW=X,1142.8499755859375,1148.6300048828125,1141.5899658203125,1141.0999755859375,0
20210713,^SOX,3309.590087890625,3319.10009765625,3289.68994140625,3300.81005859375,0
20210713,^TNX,1.3509999513626099,1.4199999570846558,1.343000054359436,1.4149999618530273,0
20210714,^GSPC,4380.10986328125,4393.68017578125,4362.35986328125,4374.2998046875,4006370000
20210714,^IXIC,14780.900390625,14790.5498046875,14632.9501953125,14644.9501953125,4496220000
20210714,^DJI,34920.828125,35069.1796875,34826.87109375,34933.23046875,344340000
20210714,^VIX,17.34000015258789,17.510000228881836,15.949999809265137,16.329999923706055,0
20210714,KRW=X,1149.050048828125,1151.780029296875,1144.300048828125,1148.699951171875,0
20210714,^SOX,3338.050048828125,3357.97998046875,3283.68994140625,3289.179931640625,0
20210714,^TNX,1.38100004196167,1.3860000371932983,1.3539999723434448,1.3559999465942383,0
20210715,^GSPC,4369.02001953125,4369.02001953125,4340.7001953125,4360.02978515625,3905230000
20210715,^IXIC,14635.7802734375,14650.3701171875,14451.7998046875,14543.1298828125,4512550000
20210715,^DJI,34924.80859375,34990.41015625,34762.87109375,34987.01953125,320450000
20210715,^VIX,16.700000762939453,18.09000015258789,16.559999465942383,17.010000228881836,0
20210715,KRW=X,1144.31005859375,1147.7900390625,1138.1700439453125,1143.4100341796875,0
20210715,^SOX,3271.409912109375,3272.340087890625,3196.1201171875,3217.739990234375,0
20210715,^TNX,1.3289999961853027,1.3489999771118164,1.2920000553131104,1.2970000505447388,0
20210716,^GSPC,4367.43017578125,4375.08984375,4322.52978515625,4327.16015625,3985700000
20210716,^IXIC,14597.509765625,14623.01953125,14413.3203125,14427.240234375,4069530000
20210716,^DJI,35007.94140625,35090.01171875,34647.8203125,34687.8515625,322980000
20210716,^VIX,16.799999237060547,18.700000762939453,16.030000686645508,18.450000762939453,0
20210716,KRW=X,1141.239990234375,1143.780029296875,1137.6400146484375,1140.1199951171875,0
20210716,^SOX,3231.10009765625,3243.820068359375,3141.409912109375,3145.449951171875,0
20210716,^TNX,1.315000057220459,1.3359999656677246,1.2990000247955322,1.2999999523162842,0
20210719,^GSPC,4296.39990234375,4296.39990234375,4233.1298828125,4258.490234375,5157660000
20210719,^IXIC,14235.98046875,14313.599609375,14178.66015625,14274.98046875,4537130000
20210719,^DJI,34528.48046875,34528.48046875,33741.76171875,33962.0390625,440440000
20210719,^VIX,19.610000610351562,25.09000015258789,19.270000457763672,22.5,0
20210719,KRW=X,1141.5400390625,1153.56005859375,1141.530029296875,1141.5,0
20210719,^SOX,3094.840087890625,3150.0,3088.330078125,3147.510009765625,0
20210719,^TNX,1.2269999980926514,1.2269999980926514,1.1759999990463257,1.180999994277954,0
20210720,^GSPC,4265.10986328125,4336.83984375,4262.0498046875,4323.06005859375,4438270000
20210720,^IXIC,14330.4599609375,14555.75,14271.23046875,14498.8798828125,4652450000
20210720,^DJI,33981.7890625,34621.7890625,33981.7890625,34511.98828125,387020000
20210720,^VIX,20.889999389648438,22.969999313354492,19.3700008392334,19.729999542236328,0
20210720,KRW=X,1149.989990234375,1152.3800048828125,1146.469970703125,1150.0699462890625,0
20210720,^SOX,3155.639892578125,3212.239990234375,3122.1201171875,3190.949951171875,0
20210720,^TNX,1.1799999475479126,1.2239999771118164,1.128000020980835,1.2089999914169312,0
20210721,^GSPC,4331.1298828125,4359.7001953125,4331.1298828125,4358.68994140625,3810280000
20210721,^IXIC,14508.75,14633.1396484375,14498.650390625,14631.9501953125,4098520000
20210721,^DJI,34556.9609375,34820.23828125,34556.9609375,34798.0,317090000
20210721,^VIX,19.729999542236328,19.81999969482422,17.809999465942383,17.90999984741211,0
20210721,KRW=X,1147.4300537109375,1155.530029296875,1146.760009765625,1147.47998046875,0
20210721,^SOX,3205.93994140625,3289.199951171875,3204.60009765625,3288.75,0
20210721,^TNX,1.2430000305175781,1.3029999732971191,1.2330000400543213,1.2799999713897705,0
20210722,^GSPC,4361.27001953125,4369.8701171875,4350.06005859375,4367.47998046875,3358300000
20210722,^IXIC,14652.7197265625,14694.1904296875,14617.8701171875,14684.599609375,3597540000
20210722,^DJI,34799.6796875,34879.28125,34673.03125,34823.3515625,291610000
20210722,^VIX,17.59000015258789,18.450000762939453,17.399999618530273,17.690000534057617,0
20210722,KRW=X,1149.6800537109375,1152.530029296875,1145.7099609375,1148.68994140625,0
20210722,^SOX,3268.43994140625,3282.610107421875,3240.659912109375,3259.419921875,0
20210722,^TNX,1.2869999408721924,1.2949999570846558,1.2330000400543213,1.2649999856948853,0
20210723,^GSPC,4381.2001953125,4415.18017578125,4381.2001953125,4411.7900390625,4540070000
20210723,^IXIC,14753.0595703125,14846.0595703125,14698.76953125,14836.990234375,3997250000
20210723,^DJI,34855.109375,35095.328125,34855.109375,35061.55078125,314040000
20210723,^VIX,16.979999542236328,17.479999542236328,16.329999923706055,17.200000762939453,0
20210723,KRW=X,1149.9300537109375,1154.3900146484375,1146.6800537109375,1149.9100341796875,0
20210723,^SOX,3273.340087890625,3281.31005859375,3239.320068359375,3280.06005859375,0
20210723,^TNX,1.2999999523162842,1.312000036239624,1.281000018119812,1.2860000133514404,0
20210726,^GSPC,4409.580078125,4422.72998046875,4405.4501953125,4422.2998046875,4275630000
20210726,^IXIC,14821.0302734375,14863.650390625,14790.490234375,14840.7099609375,4437090000
20210726,^DJI,35055.859375,35150.37109375,34950.19140625,35144.30859375,259790000
20210726,^VIX,18.670000076293945,19.389999389648438,17.530000686645508,17.579999923706055,0
20210726,KRW=X,1151.1099853515625,1156.1700439453125,1151.1099853515625,1151.1199951171875,0
20210726,^SOX,3268.669921875,3286.860107421875,3256.929931640625,3276.919921875,0
20210726,^TNX,1.2549999952316284,1.284999966621399,1.2510000467300415,1.2760000228881836,0
20210727,^GSPC,4416.3798828125,4416.3798828125,4372.509765625,4401.4599609375,4241950000
20210727,^IXIC,14807.9501953125,14811.080078125,14503.759765625,14660.580078125,4329230000
20210727,^DJI,35078.8984375,35078.8984375,34878.0703125,35058.51953125,326610000
20210727,^VIX,18.6200008392334,20.440000534057617,18.25,19.360000610351562,0
20210727,KRW=X,1151.56005859375,1156.7099609375,1148.300048828125,1151.760009765625,0
20210727,^SOX,3258.989990234375,3261.659912109375,3152.580078125,3215.969970703125,0
20210727,^TNX,1.253000020980835,1.253999948501587,1.2289999723434448,1.2339999675750732,0
20210728,^GSPC,4402.9501953125,4415.47021484375,4387.009765625,4400.64013671875,4215290000
20210728,^IXIC,14715.66015625,14798.8798828125,14645.6298828125,14762.580078125,4268210000
20210728,^DJI,35109.94921875,35116.37109375,34876.83984375,34930.9296875,347170000
20210728,^VIX,19.40999984741211,19.6200008392334,17.520000457763672,18.309999465942383,0
20210728,KRW=X,1153.489990234375,1157.22998046875,1151.300048828125,1153.56005859375,0
20210728,^SOX,3230.139892578125,3283.159912109375,3216.97998046875,3272.449951171875,0
20210728,^TNX,1.2660000324249268,1.277999997138977,1.246000051498413,1.2610000371932983,0
20210729,^GSPC,4403.58984375,4429.97021484375,4403.58984375,4419.14990234375,4044600000
20210729,^IXIC,14771.169921875,14833.740234375,14761.3798828125,14778.259765625,3928640000
20210729,^DJI,34985.98828125,35171.51953125,34985.98828125,35084.53125,222680000
20210729,^VIX,17.90999984741211,18.010000228881836,17.190000534057617,17.700000762939453,0
20210729,KRW=X,1149.530029296875,1151.489990234375,1140.7900390625,1149.4100341796875,0
20210729,^SOX,3286.360107421875,3339.8701171875,3280.409912109375,3333.239990234375,0
20210729,^TNX,1.2640000581741333,1.284000039100647,1.24399995803833,1.2690000534057617,0
20210730,^GSPC,4395.1201171875,4412.25,4389.64990234375,4395.259765625,3956740000
20210730,^IXIC,14615.849609375,14728.7802734375,14615.849609375,14672.6796875,3645050000
20210730,^DJI,35013.26171875,35106.30078125,34871.12890625,34935.46875,276410000
20210730,^VIX,19.690000534057617,19.719999313354492,17.530000686645508,18.239999771118164,0
20210730,KRW=X,1143.239990234375,1152.4100341796875,1142.760009765625,1142.1199951171875,0
20210730,^SOX,3304.510009765625,3361.169921875,3304.510009765625,3356.530029296875,0
20210730,^TNX,1.2359999418258667,1.2510000467300415,1.2259999513626099,1.2389999628067017,0
20210802,^GSPC,4406.85986328125,4422.18017578125,4384.81005859375,4387.16015625,3724090000
20210802,^IXIC,14758.599609375,14770.41015625,14665.669921875,14681.0703125,3746130000
20210802,^DJI,34968.55859375,35192.109375,34808.19921875,34838.16015625,238620000
20210802,^VIX,18.15999984741211,19.8700008392334,17.989999771118164,19.459999084472656,0
20210802,KRW=X,1150.719970703125,1154.0899658203125,1148.260009765625,1150.9300537109375,0
20210802,^SOX,3388.5,3420.31005859375,3370.830078125,3377.489990234375,0
20210802,^TNX,1.2309999465942383,1.2309999465942383,1.1510000228881836,1.1740000247955322,0
20210803,^GSPC,4392.740234375,4423.7900390625,4373.0,4423.14990234375,3965190000
20210803,^IXIC,14713.990234375,14762.599609375,14584.08984375,14761.2900390625,4141370000
20210803,^DJI,34864.1015625,35120.94140625,34714.328125,35116.3984375,259820000
20210803,^VIX,19.170000076293945,20.440000534057617,17.700000762939453,18.040000915527344,0
20210803,KRW=X,1149.699951171875,1153.510009765625,1145.4599609375,1149.56005859375,0
20210803,^SOX,3382.1201171875,3397.7900390625,3340.39990234375,3396.659912109375,0
20210803,^TNX,1.1770000457763672,1.180999994277954,1.1540000438690186,1.1759999990463257,0
20210804,^GSPC,4415.9501953125,4416.169921875,4400.22998046875,4402.66015625,4260760000
20210804,^IXIC,14747.2099609375,14812.3701171875,14734.1201171875,14780.5302734375,4337330000
20210804,^DJI,35047.44140625,35047.44140625,34790.62109375,34792.671875,245300000
20210804,^VIX,18.229999542236328,18.899999618530273,17.670000076293945,17.969999313354492,0
20210804,KRW=X,1147.550048828125,1148.8499755859375,1139.9000244140625,1148.5799560546875,0
20210804,^SOX,3415.139892578125,3450.3701171875,3405.7099609375,3436.89990234375,0
20210804,^TNX,1.1720000505447388,1.215000033378601,1.128999948501587,1.184000015258789,0
20210805,^GSPC,4408.85986328125,4429.759765625,4408.85986328125,4429.10009765625,3769410000
20210805,^IXIC,14794.080078125,14896.4697265625,14776.0302734375,14895.1201171875,4107300000
20210805,^DJI,34815.609375,35067.5390625,34815.609375,35064.25,216580000
20210805,^VIX,17.729999542236328,17.84000015258789,17.229999542236328,17.280000686645508,0
20210805,KRW=X,1144.030029296875,1146.4000244140625,1139.510009765625,1144.06005859375,0
20210805,^SOX,3447.2099609375,3451.409912109375,3408.409912109375,3424.4599609375,0
20210805,^TNX,1.1820000410079956,1.2269999980926514,1.1790000200271606,1.2170000076293945,0
20210806,^GSPC,4429.06982421875,4440.81982421875,4429.06982421875,4436.52001953125,3451870000
20210806,^IXIC,14864.2197265625,14890.1796875,14788.58984375,14835.759765625,4173090000
20210806,^DJI,35077.44140625,35246.7890625,35077.44140625,35208.51171875,231570000
20210806,^VIX,17.459999084472656,17.5,16.139999389648438,16.149999618530273,0
20210806,KRW=X,1142.0999755859375,1147.0999755859375,1139.72998046875,1143.1199951171875,0
20210806,^SOX,3404.39990234375,3427.570068359375,3403.469970703125,3412.050048828125,0
20210806,^TNX,1.2519999742507935,1.2999999523162842,1.246999979019165,1.2899999618530273,0
20210809,^GSPC,4437.77001953125,4439.39013671875,4424.740234375,4432.35009765625,3449280000
20210809,^IXIC,14855.759765625,14883.8095703125,14802.6904296875,14860.1796875,4111640000
20210809,^DJI,35229.671875,35229.671875,35041.23828125,35101.8515625,207850000
20210809,^VIX,17.1200008392334,17.389999389648438,16.59000015258789,16.719999313354492,0
20210809,KRW=X,1144.9100341796875,1147.3699951171875,1141.969970703125,1144.9200439453125,0
20210809,^SOX,3424.419921875,3428.110107421875,3387.570068359375,3399.760009765625,0
20210809,^TNX,1.277999997138977,1.3240000009536743,1.2680000066757202,1.3170000314712524,0
20210810,^GSPC,4435.7900390625,4445.2099609375,4430.02978515625,4436.75,3886610000
20210810,^IXIC,14887.75,14894.6103515625,14754.48046875,14788.08984375,3991770000
20210810,^DJI,35135.171875,35285.16015625,35091.91015625,35264.671875,255040000
20210810,^VIX,16.81999969482422,17.049999237060547,16.34000015258789,16.790000915527344,0
20210810,KRW=X,1145.9000244140625,1153.0899658203125,1145.27001953125,1145.8900146484375,0
20210810,^SOX,3406.47998046875,3409.449951171875,3337.639892578125,3358.8701171875,0
20210810,^TNX,1.3200000524520874,1.3489999771118164,1.312000036239624,1.3420000076293945,0
20210811,^GSPC,4442.18017578125,4449.43994140625,4436.419921875,4442.41015625,3532560000
20210811,^IXIC,14834.3798828125,14842.5,14692.41015625,14765.1396484375,4002340000
20210811,^DJI,35300.890625,35501.16015625,35300.890625,35484.96875,232800000
20210811,^VIX,16.809999465942383,17.09000015258789,16.06999969482422,16.170000076293945,0
20210811,KRW=X,1152.5400390625,1158.5799560546875,1151.199951171875,1152.47998046875,0
20210811,^SOX,3370.389892578125,3373.389892578125,3310.010009765625,3350.929931640625,0
20210811,^TNX,1.3680000305175781,1.371000051498413,1.3020000457763672,1.3289999961853027,0
20210812,^GSPC,4446.080078125,4461.77001953125,4435.9599609375,4460.830078125,3375310000
20210812,^IXIC,14751.3603515625,14824.3095703125,14698.9404296875,14816.259765625,4049000000
20210812,^DJI,35481.94140625,35510.76953125,35352.53125,35499.8515625,231600000
20210812,^VIX,16.329999923706055,16.420000076293945,15.489999771118164,15.59000015258789,0
20210812,KRW=X,1152.9100341796875,1164.1700439453125,1152.8399658203125,1152.8499755859375,0
20210812,^SOX,3328.550048828125,3328.550048828125,3287.0400390625,3312.9599609375,0
20210812,^TNX,1.3569999933242798,1.378999948501587,1.3509999513626099,1.3669999837875366,0
20210813,^GSPC,4464.83984375,4468.3701171875,4460.81982421875,4468.0,3016470000
20210813,^IXIC,14825.0703125,14850.6103515625,14797.2197265625,14822.900390625,4061070000
20210813,^DJI,35551.55859375,35610.5703125,35474.78125,35515.37890625,236790000
20210813,^VIX,15.680000305175781,15.720000267028809,15.1899995803833,15.449999809265137,0
20210813,KRW=X,1162.1300048828125,1170.449951171875,1160.780029296875,1162.06005859375,0
20210813,^SOX,3308.77001953125,3337.610107421875,3305.81005859375,3335.0400390625,0
20210813,^TNX,1.3519999980926514,1.3589999675750732,1.2929999828338623,1.2970000505447388,0
20210816,^GSPC,4461.64990234375,4480.259765625,4437.66015625,4479.7099609375,3370640000
20210816,^IXIC,14771.5302734375,14794.6796875,14610.01953125,14793.759765625,3973920000
20210816,^DJI,35490.828125,35631.19140625,35231.87109375,35625.3984375,292590000
20210816,^VIX,17.049999237060547,17.709999084472656,16.020000457763672,16.1200008392334,0
20210816,KRW=X,1161.3800048828125,1167.5,1161.06005859375,1161.3800048828125,0
20210816,^SOX,3323.77001953125,3331.739990234375,3298.199951171875,3322.639892578125,0
20210816,^TNX,1.2730000019073486,1.281999945640564,1.225000023841858,1.2569999694824219,0
20210817,^GSPC,4462.1201171875,4462.1201171875,4417.830078125,4448.080078125,3836960000
20210817,^IXIC,14670.5595703125,14716.9501953125,14550.8798828125,14656.1796875,4168880000
20210817,^DJI,35500.01171875,35500.01171875,35120.30859375,35343.28125,309410000
20210817,^VIX,17.309999465942383,19.559999465942383,16.709999084472656,17.90999984741211,0
20210817,KRW=X,1164.68994140625,1179.030029296875,1164.27001953125,1164.5,0
20210817,^SOX,3288.02001953125,3288.02001953125,3228.889892578125,3256.820068359375,0
20210817,^TNX,1.2269999980926514,1.2719999551773071,1.2230000495910645,1.2580000162124634,0
20210818,^GSPC,4440.93994140625,4454.31982421875,4397.58984375,4400.27001953125,3755590000
20210818,^IXIC,14636.240234375,14697.25,14516.2998046875,14525.91015625,3841840000
20210818,^DJI,35310.19921875,35356.80078125,34943.41015625,34960.69140625,289800000
20210818,^VIX,17.559999465942383,21.639999389648438,17.309999465942383,21.56999969482422,0
20210818,KRW=X,1176.8900146484375,1178.52001953125,1166.2900390625,1176.449951171875,0
20210818,^SOX,3245.659912109375,3269.14990234375,3205.97998046875,3208.830078125,0
20210818,^TNX,1.2769999504089355,1.2990000247955322,1.2630000114440918,1.2730000019073486,0
20210819,^GSPC,4382.43994140625,4418.60986328125,4367.72998046875,4405.7998046875,4398410000
20210819,^IXIC,14423.16015625,14610.759765625,14423.16015625,14541.7900390625,4191490000
20210819,^DJI,34874.671875,34997.80859375,34690.25,34894.12109375,333550000
20210819,^VIX,23.1200008392334,24.739999771118164,20.3700008392334,21.670000076293945,0
20210819,KRW=X,1169.75,1177.219970703125,1169.6400146484375,1169.6800537109375,0
20210819,^SOX,3192.22998046875,3252.6298828125,3166.830078125,3235.8701171875,0
20210819,^TNX,1.2369999885559082,1.2569999694824219,1.2319999933242798,1.2419999837875366,0
20210820,^GSPC,4410.56005859375,4444.35009765625,4406.7998046875,4441.669921875,3652610000
20210820,^IXIC,14571.5302734375,14722.16015625,14571.5302734375,14714.66015625,3886340000
20210820,^DJI,34917.9609375,35177.26171875,34867.0703125,35120.078125,269320000
20210820,^VIX,22.739999771118164,23.899999618530273,18.18000030517578,18.559999465942383,0
20210820,KRW=X,1175.4599609375,1183.5,1170.75,1175.3900146484375,0
20210820,^SOX,3245.219970703125,3263.469970703125,3218.550048828125,3256.5,0
20210820,^TNX,1.2300000190734863,1.2669999599456787,1.2280000448226929,1.2599999904632568,0
20210823,^GSPC,4450.2900390625,4489.8798828125,4450.2900390625,4479.52978515625,3576530000
20210823,^IXIC,14776.98046875,14963.4697265625,14776.98046875,14942.650390625,3906780000
20210823,^DJI,35160.96875,35428.91015625,35160.96875,35335.7109375,245760000
20210823,^VIX,18.829999923706055,18.950000762939453,16.950000762939453,17.149999618530273,0
20210823,KRW=X,1174.530029296875,1176.4200439453125,1168.7900390625,1174.239990234375,0
20210823,^SOX,3287.679931640625,3346.159912109375,3287.360107421875,3342.010009765625,0
20210823,^TNX,1.2669999599456787,1.2730000019073486,1.2519999742507935,1.2549999952316284,0
20210824,^GSPC,4484.39990234375,4492.81005859375,4482.27978515625,4486.22998046875,3979220000
20210824,^IXIC,14978.1396484375,15034.8896484375,14965.5400390625,15019.7998046875,3809750000
20210824,^DJI,35382.71875,35445.46875,35356.1796875,35366.26171875,228710000
20210824,^VIX,16.959999084472656,17.510000228881836,16.940000534057617,17.219999313354492,0
20210824,KRW=X,1167.949951171875,1170.3699951171875,1163.260009765625,1167.6099853515625,0
20210824,^SOX,3347.830078125,3363.419921875,3338.919921875,3345.389892578125,0
20210824,^TNX,1.2630000114440918,1.2920000553131104,1.2599999904632568,1.2899999618530273,0
20210825,^GSPC,4490.4501953125,4501.7099609375,4485.66015625,4496.18994140625,3444700000
20210825,^IXIC,15039.0302734375,15059.4296875,15011.580078125,15041.8603515625,3654150000
20210825,^DJI,35388.76953125,35501.140625,35287.62890625,35405.5,237230000
20210825,^VIX,17.420000076293945,17.5,16.459999084472656,16.790000915527344,0
20210825,KRW=X,1163.300048828125,1168.3599853515625,1162.550048828125,1163.469970703125,0
20210825,^SOX,3365.199951171875,3393.89990234375,3363.25,3372.550048828125,0
20210825,^TNX,1.3070000410079956,1.3509999513626099,1.2899999618530273,1.3420000076293945,0
20210826,^GSPC,4493.75,4495.89990234375,4468.990234375,4470.0,3263980000
20210826,^IXIC,15025.169921875,15059.6298828125,14939.5595703125,14945.8095703125,3630900000
20210826,^DJI,35449.6796875,35498.44921875,35205.1015625,35213.12109375,239740000
20210826,^VIX,17.459999084472656,19.270000457763672,17.15999984741211,18.84000015258789,0
20210826,KRW=X,1163.3199462890625,1171.3499755859375,1162.780029296875,1163.3299560546875,0
20210826,^SOX,3368.360107421875,3385.469970703125,3346.830078125,3370.389892578125,0
20210826,^TNX,1.3609999418258667,1.375,1.340999960899353,1.3420000076293945,0
20210827,^GSPC,4474.10009765625,4513.330078125,4474.10009765625,4509.3701171875,3331200000
20210827,^IXIC,14969.76953125,15144.48046875,14966.51953125,15129.5,4048610000
20210827,^DJI,35231.109375,35479.1796875,35231.109375,35455.80078125,240990000
20210827,^VIX,17.950000762939453,18.219999313354492,16.110000610351562,16.389999389648438,0
20210827,KRW=X,1169.6800537109375,1173.969970703125,1160.2099609375,1170.0,0
20210827,^SOX,3373.5,3441.780029296875,3373.5,3436.449951171875,0
20210827,^TNX,1.343999981880188,1.3589999675750732,1.309999942779541,1.312000036239624,0
20210830,^GSPC,4513.759765625,4537.35986328125,4513.759765625,4528.7900390625,3168660000
20210830,^IXIC,15165.9404296875,15288.080078125,15165.1201171875,15265.8896484375,4061760000
20210830,^DJI,35471.80078125,35510.7109375,35374.4609375,35399.83984375,245390000
20210830,^VIX,16.770000457763672,16.799999237060547,15.979999542236328,16.190000534057617,0
20210830,KRW=X,1161.3199462890625,1166.6300048828125,1161.3199462890625,1161.3299560546875,0
20210830,^SOX,3460.800048828125,3477.929931640625,3433.8798828125,3446.43994140625,0
20210830,^TNX,1.309999942779541,1.312000036239624,1.284999966621399,1.284999966621399,0
20210831,^GSPC,4529.75,4531.39013671875,4515.7998046875,4522.68017578125,4290710000
20210831,^IXIC,15262.8798828125,15278.9599609375,15202.669921875,15259.240234375,4188020000
20210831,^DJI,35391.37890625,35449.7890625,35289.859375,35360.73046875,337240000
20210831,^VIX,15.979999542236328,17.06999969482422,15.90999984741211,16.479999542236328,0
20210831,KRW=X,1165.52001953125,1166.5,1154.6099853515625,1165.510009765625,0
20210831,^SOX,3446.469970703125,3446.580078125,3391.1201171875,3417.719970703125,0
20210831,^TNX,1.2920000553131104,1.3140000104904175,1.2699999809265137,1.3040000200271606,0
20210901,^GSPC,4528.7998046875,4537.10986328125,4522.02001953125,4524.08984375,4057340000
20210901,^IXIC,15308.98046875,15379.5,15302.1103515625,15309.3798828125,4271690000
20210901,^DJI,35387.55078125,35407.37109375,35287.05078125,35312.53125,265520000
20210901,^VIX,16.059999465942383,16.709999084472656,15.680000305175781,16.110000610351562,0
20210901,KRW=X,1158.4200439453125,1159.949951171875,1153.93994140625,1158.4100341796875,0
20210901,^SOX,3431.0,3433.010009765625,3398.6298828125,3399.949951171875,0
20210901,^TNX,1.3109999895095825,1.3220000267028809,1.284000039100647,1.3020000457763672,0
20210902,^GSPC,4534.47998046875,4545.85009765625,4524.66015625,4536.9501953125,3735990000
20210902,^IXIC,15358.4697265625,15380.0703125,15285.349609375,15331.1796875,4050510000
20210902,^DJI,35353.05859375,35475.3984375,35348.48046875,35443.8203125,263370000
20210902,^VIX,16.270000457763672,16.979999542236328,15.729999542236328,16.40999984741211,0
20210902,KRW=X,1155.5400390625,1161.72998046875,1154.5,1155.280029296875,0
20210902,^SOX,3413.35009765625,3420.010009765625,3396.949951171875,3411.320068359375,0
20210902,^TNX,1.2869999408721924,1.3040000200271606,1.284999966621399,1.2940000295639038,0
20210903,^GSPC,4532.419921875,4541.4501953125,4521.2998046875,4535.43017578125,3217530000
20210903,^IXIC,15313.41015625,15375.5595703125,15283.669921875,15363.51953125,3706990000
20210903,^DJI,35401.73046875,35422.7109375,35269.3984375,35369.08984375,221370000
20210903,^VIX,16.270000457763672,17.059999465942383,16.079999923706055,16.40999984741211,0
20210903,KRW=X,1157.1199951171875,1157.8499755859375,1152.1600341796875,1157.1300048828125,0
20210903,^SOX,3405.030029296875,3445.39990234375,3401.760009765625,3430.889892578125,0
20210903,^TNX,1.2970000505447388,1.3359999656677246,1.2699999809265137,1.3220000267028809,0
20210906,KRW=X,1154.719970703125,1159.1400146484375,1154.6700439453125,1154.75,0
20210907,^GSPC,4535.3798828125,4535.3798828125,4513.0,4520.02978515625,3822960000
20210907,^IXIC,15375.98046875,15403.4404296875,15343.2802734375,15374.330078125,4014250000
20210907,^DJI,35373.23828125,35373.23828125,35060.8984375,35100.0,289830000
20210907,^VIX,16.940000534057617,18.389999389648438,16.889999389648438,18.139999389648438,0
20210907,KRW=X,1157.010009765625,1165.280029296875,1155.1600341796875,1155.5400390625,0
20210907,^SOX,3432.199951171875,3432.989990234375,3401.889892578125,3419.72998046875,0
20210907,^TNX,1.3660000562667847,1.3849999904632568,1.3580000400543213,1.3700000047683716,0
20210908,^GSPC,4518.08984375,4521.7900390625,4493.9501953125,4514.06982421875,3750880000
20210908,^IXIC,15360.349609375,15360.349609375,15206.6103515625,15286.6396484375,4131560000
20210908,^DJI,35087.44921875,35175.1484375,34925.609375,35031.0703125,261880000
20210908,^VIX,18.969999313354492,19.639999389648438,17.780000686645508,17.959999084472656,0
20210908,KRW=X,1161.1300048828125,1167.739990234375,1161.1300048828125,1161.0,0
20210908,^SOX,3409.510009765625,3411.75,3350.260009765625,3377.679931640625,0
20210908,^TNX,1.3480000495910645,1.3630000352859497,1.3270000219345093,1.3339999914169312,0
20210909,^GSPC,4513.02001953125,4529.89990234375,4492.06982421875,4493.27978515625,3735390000
20210909,^IXIC,15296.0595703125,15352.3798828125,15245.169921875,15248.25,4031140000
20210909,^DJI,35013.078125,35199.890625,34847.30078125,34879.37890625,261330000
20210909,^VIX,19.440000534057617,19.540000915527344,17.170000076293945,18.799999237060547,0
20210909,KRW=X,1166.489990234375,1171.449951171875,1166.489990234375,1166.489990234375,0
20210909,^SOX,3381.570068359375,3410.06005859375,3379.830078125,3390.840087890625,0
20210909,^TNX,1.3380000591278076,1.3459999561309814,1.2869999408721924,1.2990000247955322,0
20210910,^GSPC,4506.919921875,4520.47021484375,4457.66015625,4458.580078125,3623180000
20210910,^IXIC,15332.919921875,15349.4697265625,15111.3095703125,15115.490234375,4587150000
20210910,^DJI,34949.58984375,35104.25,34599.609375,34607.71875,333230000
20210910,^VIX,17.940000534057617,21.1299991607666,16.989999771118164,20.950000762939453,0
20210910,KRW=X,1169.06005859375,1173.5,1164.300048828125,1169.1300048828125,0
20210910,^SOX,3425.3701171875,3468.679931640625,3415.159912109375,3416.659912109375,0
20210910,^TNX,1.319000005722046,1.3550000190734863,1.3170000314712524,1.340999960899353,0
20210913,^GSPC,4474.81005859375,4492.990234375,4445.7001953125,4468.72998046875,3914220000
20210913,^IXIC,15211.4296875,15215.4404296875,15030.849609375,15105.580078125,4723370000
20210913,^DJI,34665.5,34939.1015625,34665.5,34869.62890625,334190000
20210913,^VIX,19.639999389648438,21.18000030517578,18.760000228881836,19.3700008392334,0
20210913,KRW=X,1169.4000244140625,1176.969970703125,1169.4000244140625,1169.3800048828125,0
20210913,^SOX,3450.580078125,3458.070068359375,3405.340087890625,3449.679931640625,0
20210913,^TNX,1.3380000591278076,1.3380000591278076,1.315999984741211,1.3240000009536743,0
20210914,^GSPC,4479.330078125,4485.68017578125,4435.4599609375,4443.0498046875,3670460000
20210914,^IXIC,15168.4501953125,15181.1904296875,15008.2998046875,15037.759765625,4593140000
20210914,^DJI,34906.8984375,34990.359375,34510.30078125,34577.5703125,325140000
20210914,^VIX,19.579999923706055,20.469999313354492,18.389999389648438,19.459999084472656,0
20210914,KRW=X,1171.6400146484375,1174.199951171875,1165.0400390625,1171.1099853515625,0
20210914,^SOX,3464.7099609375,3475.780029296875,3433.510009765625,3449.389892578125,0
20210914,^TNX,1.3459999561309814,1.350000023841858,1.2649999856948853,1.2769999504089355,0
20210915,^GSPC,4447.490234375,4486.8701171875,4438.3701171875,4480.7001953125,4032020000
20210915,^IXIC,15071.33984375,15174.3798828125,14984.6796875,15161.5302734375,4465140000
20210915,^DJI,34580.94921875,34880.76953125,34522.03125,34814.390625,317490000
20210915,^VIX,19.299999237060547,20.270000457763672,18.010000228881836,18.18000030517578,0
20210915,KRW=X,1170.75,1173.8599853515625,1165.1600341796875,1170.800048828125,0
20210915,^SOX,3451.239990234375,3466.52001953125,3421.56005859375,3465.760009765625,0
20210915,^TNX,1.2740000486373901,1.319000005722046,1.2599999904632568,1.3040000200271606,0
20210916,^GSPC,4477.08984375,4485.8701171875,4443.7998046875,4473.75,3984560000
20210916,^IXIC,15120.08984375,15205.5,15047.1396484375,15181.919921875,3701500000
20210916,^DJI,34810.26953125,34943.55078125,34540.109375,34751.3203125,278270000
20210916,^VIX,18.40999984741211,19.760000228881836,17.649999618530273,18.690000534057617,0
20210916,KRW=X,1165.0999755859375,1175.8299560546875,1165.0999755859375,1165.219970703125,0
20210916,^SOX,3437.280029296875,3484.18994140625,3427.85009765625,3473.60009765625,0
20210916,^TNX,1.312000036239624,1.3509999513626099,1.309000015258789,1.3309999704360962,0
20210917,^GSPC,4469.740234375,4471.52001953125,4427.759765625,4432.990234375,7289530000
20210917,^IXIC,15163.3603515625,15166.5595703125,14998.73046875,15043.9697265625,6709540000
20210917,^DJI,34737.859375,34779.859375,34519.62890625,34584.87890625,560630000
20210917,^VIX,18.3700008392334,21.510000228881836,18.350000381469727,20.809999465942383,0
20210917,KRW=X,1174.47998046875,1180.699951171875,1173.550048828125,1174.4200439453125,0
20210917,^SOX,3457.77001953125,3457.77001953125,3403.139892578125,3421.159912109375,0
20210917,^TNX,1.340000033378601,1.3860000371932983,1.3359999656677246,1.3700000047683716,0
20210920,^GSPC,4402.9501953125,4402.9501953125,4305.91015625,4357.72998046875,4898070000
20210920,^IXIC,14758.1396484375,14841.8203125,14530.0703125,14713.900390625,4879490000
20210920,^DJI,34459.71875,34459.71875,33613.03125,33970.46875,435780000
20210920,^VIX,24.25,28.790000915527344,23.899999618530273,25.709999084472656,0
20210920,KRW=X,1181.1099853515625,1191.93994140625,1179.0,1181.1099853515625,0
20210920,^SOX,3341.280029296875,3360.030029296875,3289.409912109375,3338.22998046875,0
20210920,^TNX,1.309000015258789,1.3380000591278076,1.2970000505447388,1.309000015258789,0
20210921,^GSPC,4374.4501953125,4394.8701171875,4347.9599609375,4354.18994140625,3920920000
20210921,^IXIC,14803.3603515625,14847.0302734375,14696.4697265625,14746.400390625,4083010000
20210921,^DJI,34025.609375,34313.87890625,33914.01953125,33919.83984375,306970000
20210921,^VIX,23.40999984741211,25.600000381469727,21.709999084472656,24.360000610351562,0
20210921,KRW=X,1187.1099853515625,1187.1199951171875,1181.3199462890625,1186.3199462890625,0
20210921,^SOX,3363.35009765625,3368.3798828125,3313.85009765625,3345.030029296875,0
20210921,^TNX,1.3240000009536743,1.3259999752044678,1.305999994277954,1.3240000009536743,0
20210922,^GSPC,4367.43017578125,4416.75,4367.43017578125,4395.64013671875,3939170000
20210922,^IXIC,14800.58984375,14950.1201171875,14767.009765625,14896.849609375,4252490000
20210922,^DJI,34006.87109375,34440.421875,34006.87109375,34258.3203125,296590000
20210922,^VIX,22.719999313354492,23.399999618530273,20.75,20.8700008392334,0
20210922,KRW=X,1182.8399658203125,1184.52001953125,1180.1400146484375,1182.9200439453125,0
20210922,^SOX,3374.22998046875,3420.739990234375,3357.6201171875,3412.02001953125,0
20210922,^TNX,1.3359999656677246,1.3380000591278076,1.2970000505447388,1.3359999656677246,0
20210923,^GSPC,4406.75,4465.39990234375,4406.75,4448.97998046875,3916350000
20210923,^IXIC,14960.0,15085.4404296875,14932.509765625,15052.240234375,4196130000
20210923,^DJI,34296.30078125,34879.78125,34296.30078125,34764.8203125,283890000
20210923,^VIX,19.90999984741211,20.209999084472656,18.420000076293945,18.6299991607666,0
20210923,KRW=X,1181.5,1186.3900146484375,1169.6300048828125,1181.030029296875,0
20210923,^SOX,3426.280029296875,3468.739990234375,3418.0,3457.449951171875,0
20210923,^TNX,1.3380000591278076,1.4110000133514404,1.3359999656677246,1.409999966621399,0
20210924,^GSPC,4438.0400390625,4463.1201171875,4430.27001953125,4455.47998046875,3384290000
20210924,^IXIC,14961.6103515625,15067.5595703125,14946.5703125,15047.7001953125,3992150000
20210924,^DJI,34762.30859375,34857.05859375,34648.078125,34798.0,254310000
20210924,^VIX,19.329999923706055,20.40999984741211,17.6299991607666,17.75,0
20210924,KRW=X,1172.97998046875,1181.3499755859375,1170.260009765625,1174.699951171875,0
20210924,^SOX,3431.139892578125,3461.280029296875,3426.080078125,3453.919921875,0
20210924,^TNX,1.4229999780654907,1.465999960899353,1.4220000505447388,1.4600000381469727,0
20210927,^GSPC,4442.1201171875,4457.2998046875,4436.18994140625,4443.10986328125,4058650000
20210927,^IXIC,14954.1796875,15003.16015625,14864.9599609375,14969.9697265625,4650790000
20210927,^DJI,34739.26953125,35061.12109375,34739.26953125,34869.37109375,289480000
20210927,^VIX,17.780000686645508,19.31999969482422,17.739999771118164,18.760000228881836,0
20210927,KRW=X,1179.199951171875,1181.7099609375,1173.25,1179.199951171875,0
20210927,^SOX,3418.1201171875,3458.22998046875,3399.080078125,3445.43994140625,0
20210927,^TNX,1.496000051498413,1.5169999599456787,1.4700000286102295,1.4839999675750732,0
20210928,^GSPC,4419.5400390625,4419.5400390625,4346.330078125,4352.6298828125,4416550000
20210928,^IXIC,14787.2099609375,14817.740234375,14539.8798828125,14546.6796875,4989510000
20210928,^DJI,34747.69921875,34798.2109375,34254.6484375,34299.98828125,379020000
20210928,^VIX,19.739999771118164,24.81999969482422,19.709999084472656,23.25,0
20210928,KRW=X,1177.0,1188.02001953125,1177.0,1176.9599609375,0
20210928,^SOX,3378.110107421875,3398.10009765625,3313.75,3314.389892578125,0
20210928,^TNX,1.5369999408721924,1.5670000314712524,1.5149999856948853,1.534000039100647,0
20210929,^GSPC,4362.41015625,4385.56982421875,4355.080078125,4359.4599609375,3712660000
20210929,^IXIC,14614.8798828125,14676.6201171875,14493.669921875,14512.4404296875,5294600000
20210929,^DJI,34360.078125,34580.421875,34305.9609375,34390.71875,290350000
20210929,^VIX,22.06999969482422,23.790000915527344,21.450000762939453,22.559999465942383,0
20210929,KRW=X,1186.8900146484375,1188.1700439453125,1180.56005859375,1186.8900146484375,0
20210929,^SOX,3318.330078125,3329.889892578125,3257.2099609375,3263.840087890625,0
20210929,^TNX,1.5169999599456787,1.5529999732971191,1.4980000257492065,1.5410000085830688,0
20210930,^GSPC,4370.669921875,4382.5498046875,4306.240234375,4307.5400390625,4448140000
20210930,^IXIC,14582.599609375,14632.3603515625,14444.2998046875,14448.580078125,5950950000
20210930,^DJI,34467.98046875,34557.37109375,33833.3203125,33843.921875,354830000
20210930,^VIX,21.479999542236328,24.709999084472656,20.600000381469727,23.139999389648438,0
20210930,KRW=X,1187.280029296875,1188.1500244140625,1178.93994140625,1187.4300537109375,0
20210930,^SOX,3293.72998046875,3311.409912109375,3257.739990234375,3258.090087890625,0
20210930,^TNX,1.5379999876022339,1.5549999475479126,1.5119999647140503,1.5290000438690186,0
20211001,^GSPC,4317.16015625,4375.18994140625,4288.52001953125,4357.0400390625,4010370000
20211001,^IXIC,14494.9296875,14606.8203125,14324.009765625,14566.7001953125,4710720000
20211001,^DJI,33930.69921875,34490.55859375,33785.5390625,34326.4609375,427580000
20211001,^VIX,24.780000686645508,24.889999389648438,20.850000381469727,21.100000381469727,0
20211001,KRW=X,1183.550048828125,1188.6800537109375,1179.260009765625,1183.719970703125,0
20211001,^SOX,3275.280029296875,3277.580078125,3208.550048828125,3261.179931640625,0
20211001,^TNX,1.496000051498413,1.5049999952316284,1.4739999771118164,1.4789999723434448,0
20211004,^GSPC,4348.83984375,4355.509765625,4278.93994140625,4300.4599609375,4307870000
20211004,^IXIC,14493.1201171875,14499.740234375,14181.6904296875,14255.48046875,4557110000
20211004,^DJI,34312.9609375,34410.28125,33821.578125,34002.921875,396860000
20211004,^VIX,22.899999618530273,24.579999923706055,21.8799991607666,22.959999084472656,0
20211004,KRW=X,1180.0,1184.6800537109375,1177.489990234375,1180.0,0
20211004,^SOX,3240.89990234375,3246.419921875,3170.469970703125,3180.06005859375,0
20211004,^TNX,1.4859999418258667,1.5080000162124634,1.4630000591278076,1.4809999465942383,0
20211005,^GSPC,4309.8701171875,4369.22998046875,4309.8701171875,4345.72021484375,3902890000
20211005,^IXIC,14312.8603515625,14508.650390625,14299.7802734375,14433.830078125,4176390000
20211005,^DJI,34035.25,34490.94921875,34035.25,34314.671875,311520000
20211005,^VIX,22.920000076293945,23.170000076293945,20.6200008392334,21.299999237060547,0
20211005,KRW=X,1185.1500244140625,1188.8800048828125,1183.25,1183.780029296875,0
20211005,^SOX,3204.72998046875,3249.010009765625,3191.14990234375,3227.25,0
20211005,^TNX,1.4910000562667847,1.5379999876022339,1.4889999628067017,1.5290000438690186,0
20211006,^GSPC,4319.56982421875,4365.56982421875,4290.490234375,4363.5498046875,4009630000
20211006,^IXIC,14289.4501953125,14509.5498046875,14259.0703125,14501.91015625,4465910000
20211006,^DJI,34198.9609375,34432.6796875,33854.69140625,34416.98828125,322170000
20211006,^VIX,22.950000762939453,24.399999618530273,20.989999771118164,21.0,0
20211006,KRW=X,1186.0999755859375,1197.489990234375,1185.75,1187.1700439453125,0
20211006,^SOX,3191.510009765625,3242.3798828125,3182.6201171875,3238.7900390625,0
20211006,^TNX,1.5429999828338623,1.5429999828338623,1.5089999437332153,1.5240000486373901,0
20211007,^GSPC,4383.72998046875,4429.97021484375,4383.72998046875,4399.759765625,3843740000
20211007,^IXIC,14631.7998046875,14755.7197265625,14615.1396484375,14654.01953125,3984180000
20211007,^DJI,34509.71875,34975.19140625,34509.71875,34754.94140625,273290000
20211007,^VIX,20.540000915527344,20.760000228881836,19.06999969482422,19.540000915527344,0
20211007,KRW=X,1190.4599609375,1191.989990234375,1186.8499755859375,1191.3800048828125,0
20211007,^SOX,3281.02001953125,3319.3798828125,3271.18994140625,3274.47998046875,0
20211007,^TNX,1.5290000438690186,1.5729999542236328,1.5290000438690186,1.5709999799728394,0
20211008,^GSPC,4406.509765625,4412.02001953125,4386.22021484375,4391.33984375,3280160000
20211008,^IXIC,14694.7197265625,14699.91015625,14569.6796875,14579.5400390625,3571380000
20211008,^DJI,34757.5703125,34842.62109375,34661.94921875,34746.25,238080000
20211008,^VIX,19.459999084472656,19.940000534057617,18.200000762939453,18.770000457763672,0
20211008,KRW=X,1189.75,1196.97998046875,1189.6500244140625,1191.1500244140625,0
20211008,^SOX,3288.580078125,3289.5,3241.8701171875,3246.27001953125,0
20211008,^TNX,1.5750000476837158,1.6169999837875366,1.5579999685287476,1.6050000190734863,0
20211011,^GSPC,4385.43994140625,4415.8798828125,4360.58984375,4361.18994140625,3281970000
20211011,^IXIC,14540.080078125,14665.990234375,14482.6201171875,14486.2001953125,3539540000
20211011,^DJI,34723.7890625,34951.3515625,34486.51171875,34496.05859375,256820000
20211011,^VIX,19.93000030517578,20.450000762939453,18.110000610351562,20.0,0
20211011,KRW=X,1195.5799560546875,1196.550048828125,1191.1199951171875,1195.5799560546875,0
20211011,^SOX,3232.820068359375,3274.39990234375,3219.949951171875,3221.22998046875,0
20211011,^TNX,1.6139999628067017,1.6139999628067017,1.6139999628067017,1.6139999628067017,0
20211012,^GSPC,4368.31005859375,4374.89013671875,4342.08984375,4350.64990234375,3558450000
20211012,^IXIC,14539.08984375,14552.7099609375,14441.599609375,14465.919921875,4063830000
20211012,^DJI,34507.1484375,34611.23828125,34318.94140625,34378.33984375,319010000
20211012,^VIX,20.6200008392334,20.809999465942383,18.969999313354492,19.850000381469727,0
20211012,KRW=X,1196.0,1200.31005859375,1194.449951171875,1195.800048828125,0
20211012,^SOX,3240.780029296875,3242.889892578125,3165.35009765625,3178.14990234375,0
20211012,^TNX,1.600000023841858,1.6150000095367432,1.5770000219345093,1.5800000429153442,0
20211013,^GSPC,4358.009765625,4372.8701171875,4329.919921875,4363.7998046875,3620070000
20211013,^IXIC,14537.169921875,14589.2802734375,14471.8798828125,14571.6396484375,4053580000
20211013,^DJI,34372.7109375,34449.828125,34115.1015625,34377.80859375,316220000
20211013,^VIX,20.139999389648438,20.229999542236328,18.440000534057617,18.639999389648438,0
20211013,KRW=X,1197.02001953125,1197.7900390625,1185.469970703125,1196.8900146484375,0
20211013,^SOX,3203.659912109375,3211.969970703125,3183.5,3192.75,0
20211013,^TNX,1.565000057220459,1.600000023841858,1.5260000228881836,1.5490000247955322,0
20211014,^GSPC,4386.75,4439.72998046875,4386.75,4438.259765625,3598280000
20211014,^IXIC,14717.5,14827.5595703125,14699.51953125,14823.4296875,4262400000
20211014,^DJI,34443.21875,34923.828125,34443.21875,34912.55859375,338540000
20211014,^VIX,18.010000228881836,18.079999923706055,16.799999237060547,16.860000610351562,0
20211014,KRW=X,1185.8699951171875,1190.550048828125,1182.72998046875,1186.7099609375,0
20211014,^SOX,3245.8701171875,3292.090087890625,3243.14990234375,3291.239990234375,0
20211014,^TNX,1.5369999408721924,1.5460000038146973,1.5069999694824219,1.5190000534057617,0
20211015,^GSPC,4447.68994140625,4475.81982421875,4447.68994140625,4471.3701171875,3819380000
20211015,^IXIC,14891.240234375,14904.98046875,14847.9599609375,14897.33984375,4494440000
20211015,^DJI,35023.62890625,35320.96875,35023.62890625,35294.76171875,327870000
20211015,^VIX,16.639999389648438,16.850000381469727,15.720000267028809,16.299999237060547,0
20211015,KRW=X,1181.6500244140625,1184.780029296875,1179.800048828125,1182.1300048828125,0
20211015,^SOX,3316.5400390625,3325.31005859375,3299.550048828125,3314.409912109375,0
20211015,^TNX,1.5420000553131104,1.5770000219345093,1.5390000343322754,1.5759999752044678,0
20211018,^GSPC,4463.72021484375,4488.75,4447.47021484375,4486.4599609375,3662010000
20211018,^IXIC,14839.740234375,15026.6796875,14833.2802734375,15021.8095703125,4167740000
20211018,^DJI,35221.01953125,35327.5703125,35035.94140625,35258.609375,312640000
20211018,^VIX,17.290000915527344,17.93000030517578,16.270000457763672,16.309999465942383,0
20211018,KRW=X,1181.4000244140625,1188.3499755859375,1180.9000244140625,1181.7900390625,0
20211018,^SOX,3287.419921875,3340.840087890625,3276.699951171875,3338.780029296875,0
20211018,^TNX,1.5989999771118164,1.6269999742507935,1.5770000219345093,1.5839999914169312,0
20211019,^GSPC,4497.33984375,4520.39990234375,4496.41015625,4519.6298828125,3459130000
20211019,^IXIC,15073.1298828125,15137.849609375,15049.73046875,15129.08984375,4483400000
20211019,^DJI,35325.37109375,35462.6796875,35290.12109375,35457.30859375,278510000
20211019,^VIX,16.09000015258789,16.309999465942383,15.569999694824219,15.699999809265137,0
20211019,KRW=X,1184.47998046875,1184.7900390625,1173.1600341796875,1185.6800537109375,0
20211019,^SOX,3343.1298828125,3381.699951171875,3331.989990234375,3381.449951171875,0
20211019,^TNX,1.593000054359436,1.6360000371932983,1.593000054359436,1.6349999904632568,0
20211020,^GSPC,4524.419921875,4540.8701171875,4524.39990234375,4536.18994140625,3670760000
20211020,^IXIC,15160.0,15178.3896484375,15071.150390625,15121.6796875,4117050000
20211020,^DJI,35475.16015625,35669.69140625,35465.7109375,35609.33984375,265750000
20211020,^VIX,15.819999694824219,15.890000343322754,15.289999961853027,15.489999771118164,0
20211020,KRW=X,1175.449951171875,1178.9300537109375,1170.9100341796875,1175.6500244140625,0
20211020,^SOX,3380.3798828125,3387.97998046875,3363.340087890625,3374.219970703125,0
20211020,^TNX,1.6230000257492065,1.652999997138977,1.6200000047683716,1.6360000371932983,0
20211021,^GSPC,4532.240234375,4551.43994140625,4526.89013671875,4549.77978515625,3822330000
20211021,^IXIC,15104.7998046875,15222.25,15094.1396484375,15215.7001953125,4961860000
20211021,^DJI,35520.3203125,35612.359375,35442.53125,35603.078125,298390000
20211021,^VIX,16.059999465942383,16.110000610351562,14.920000076293945,15.010000228881836,0
20211021,KRW=X,1174.489990234375,1178.030029296875,1172.1800537109375,1174.5899658203125,0
20211021,^SOX,3353.949951171875,3414.97998046875,3353.8701171875,3412.050048828125,0
20211021,^TNX,1.6749999523162842,1.6829999685287476,1.6449999809265137,1.6759999990463257,0
20211022,^GSPC,4546.1201171875,4559.669921875,4524.0,4544.89990234375,3758220000
20211022,^IXIC,15158.0703125,15193.009765625,15021.01953125,15090.2001953125,5775770000
20211022,^DJI,35607.71875,35765.01953125,35533.94921875,35677.01953125,346290000
20211022,^VIX,15.350000381469727,16.389999389648438,14.84000015258789,15.430000305175781,0
20211022,KRW=X,1176.56005859375,1179.97998046875,1172.949951171875,1176.550048828125,0
20211022,^SOX,3393.139892578125,3427.1298828125,3366.6298828125,3370.280029296875,0
20211022,^TNX,1.687000036239624,1.690999984741211,1.6360000371932983,1.6549999713897705,0
20211025,^GSPC,4553.68994140625,4572.6201171875,4537.35986328125,4566.47998046875,3899400000
20211025,^IXIC,15142.919921875,15259.6298828125,15070.75,15226.7099609375,5750200000
20211025,^DJI,35692.62109375,35787.0390625,35629.37109375,35741.1484375,267220000
20211025,^VIX,16.139999389648438,16.329999923706055,15.100000381469727,15.239999771118164,0
20211025,KRW=X,1176.5400390625,1178.1300048828125,1166.3499755859375,1176.5400390625,0
20211025,^SOX,3384.93994140625,3412.39990234375,3377.969970703125,3392.389892578125,0
20211025,^TNX,1.6540000438690186,1.6729999780654907,1.6200000047683716,1.6349999904632568,0
20211026,^GSPC,4578.68994140625,4598.52978515625,4569.169921875,4574.7900390625,3879740000
20211026,^IXIC,15317.5,15384.0,15198.23046875,15235.7099609375,7173230000
20211026,^DJI,35791.05078125,35892.921875,35734.73046875,35756.87890625,321910000
20211026,^VIX,15.020000457763672,16.709999084472656,14.899999618530273,15.979999542236328,0
20211026,KRW=X,1167.0699462890625,1170.02001953125,1162.699951171875,1167.06005859375,0
20211026,^SOX,3420.330078125,3427.89990234375,3381.14990234375,3392.9599609375,0
20211026,^TNX,1.6180000305175781,1.6540000438690186,1.6169999837875366,1.61899995803833,0
20211027,^GSPC,4580.22021484375,4584.56982421875,4551.66015625,4551.68017578125,4226050000
20211027,^IXIC,15276.0,15364.5400390625,15235.83984375,15235.83984375,6130110000
20211027,^DJI,35835.4296875,35835.4296875,35490.4296875,35490.69140625,354180000
20211027,^VIX,15.789999961853027,17.290000915527344,15.539999961853027,16.979999542236328,0
20211027,KRW=X,1167.2099609375,1173.6300048828125,1164.780029296875,1167.3299560546875,0
20211027,^SOX,3365.110107421875,3399.1298828125,3353.780029296875,3360.2900390625,0
20211027,^TNX,1.5829999446868896,1.5989999771118164,1.5199999809265137,1.5290000438690186,0
20211028,^GSPC,4562.83984375,4597.5498046875,4562.83984375,4596.419921875,4132950000
20211028,^IXIC,15304.740234375,15452.2998046875,15290.3095703125,15448.1201171875,5714890000
20211028,^DJI,35545.41015625,35742.25,35545.41015625,35730.48046875,337400000
20211028,^VIX,17.059999465942383,17.15999984741211,16.229999542236328,16.530000686645508,0
20211028,KRW=X,1171.0999755859375,1174.0999755859375,1165.6199951171875,1172.1700439453125,0
20211028,^SOX,3406.300048828125,3440.580078125,3402.969970703125,3438.830078125,0
20211028,^TNX,1.5410000085830688,1.5820000171661377,1.5299999713897705,1.5679999589920044,0
20211029,^GSPC,4572.8701171875,4608.080078125,4567.58984375,4605.3798828125,4510200000
20211029,^IXIC,15323.2900390625,15504.1201171875,15323.2900390625,15498.3896484375,5338290000
20211029,^DJI,35712.28125,35852.53125,35633.19921875,35819.55859375,399400000
20211029,^VIX,17.399999618530273,18.059999465942383,16.1299991607666,16.260000228881836,0
20211029,KRW=X,1167.3399658203125,1175.22998046875,1166.3900146484375,1167.3699951171875,0
20211029,^SOX,3407.47998046875,3452.830078125,3404.14990234375,3451.27001953125,0
20211029,^TNX,1.6050000190734863,1.61899995803833,1.5540000200271606,1.5570000410079956,0
20211101,^GSPC,4610.6201171875,4620.33984375,4595.06005859375,4613.669921875,3971540000
20211101,^IXIC,15541.259765625,15598.9501953125,15470.8203125,15595.919921875,5273950000
20211101,^DJI,35833.6484375,36009.73828125,35797.96875,35913.83984375,292880000
20211101,^VIX,16.850000381469727,17.700000762939453,16.31999969482422,16.40999984741211,0
20211101,KRW=X,1173.510009765625,1179.1400146484375,1172.8399658203125,1174.3800048828125,0
20211101,^SOX,3459.570068359375,3507.56005859375,3451.679931640625,3506.280029296875,0
20211101,^TNX,1.5870000123977661,1.6050000190734863,1.5609999895095825,1.5750000476837158,0
20211102,^GSPC,4613.33984375,4635.14990234375,4613.33984375,4630.64990234375,3975250000
20211102,^IXIC,15583.98046875,15656.599609375,15569.26953125,15649.599609375,5129370000
20211102,^DJI,35935.109375,36088.80859375,35884.12890625,36052.62890625,304510000
20211102,^VIX,16.540000915527344,16.649999618530273,15.890000343322754,16.030000686645508,0
20211102,KRW=X,1176.4000244140625,1177.2099609375,1173.510009765625,1176.5699462890625,0
20211102,^SOX,3510.25,3549.760009765625,3510.25,3548.860107421875,0
20211102,^TNX,1.555999994277954,1.5700000524520874,1.527999997138977,1.5490000247955322,0
20211103,^GSPC,4630.64990234375,4663.4599609375,4621.18994140625,4660.56982421875,4319660000
20211103,^IXIC,15658.51953125,15821.5703125,15616.4404296875,15811.580078125,5325110000
20211103,^DJI,36059.08984375,36178.51171875,35891.73046875,36157.578125,262540000
20211103,^VIX,16.110000610351562,16.389999389648438,14.899999618530273,15.100000381469727,0
20211103,KRW=X,1178.1199951171875,1184.800048828125,1177.75,1178.0400390625,0
20211103,^SOX,3552.7099609375,3592.760009765625,3540.0,3590.169921875,0
20211103,^TNX,1.534999966621399,1.6019999980926514,1.5299999713897705,1.5789999961853027,0
20211104,^GSPC,4662.93017578125,4683.0,4662.58984375,4680.06005859375,4462300000
20211104,^IXIC,15849.740234375,15966.08984375,15827.66015625,15940.3095703125,5297250000
20211104,^DJI,36107.4609375,36168.03125,35986.48046875,36124.23046875,307640000
20211104,^VIX,15.0600004196167,16.139999389648438,14.729999542236328,15.4399995803833,0
20211104,KRW=X,1179.719970703125,1187.2900390625,1175.6199951171875,1179.3399658203125,0
20211104,^SOX,3633.110107421875,3728.080078125,3617.090087890625,3715.760009765625,0
20211104,^TNX,1.5679999589920044,1.5789999961853027,1.5089999437332153,1.5240000486373901,0
20211105,^GSPC,4699.259765625,4718.5,4681.31982421875,4697.52978515625,4467180000
20211105,^IXIC,16003.5595703125,16053.3896484375,15900.7802734375,15971.58984375,5566400000
20211105,^DJI,36268.75,36484.75,36190.19921875,36327.94921875,344600000
20211105,^VIX,15.59000015258789,17.020000457763672,14.949999809265137,16.479999542236328,0
20211105,KRW=X,1184.9100341796875,1187.06005859375,1182.030029296875,1185.8299560546875,0
20211105,^SOX,3738.889892578125,3789.590087890625,3725.320068359375,3756.550048828125,0
20211105,^TNX,1.5260000228881836,1.5470000505447388,1.4500000476837158,1.4529999494552612,0
20211108,^GSPC,4701.47998046875,4714.919921875,4694.39013671875,4701.7001953125,4269710000
20211108,^IXIC,15995.7197265625,16038.23046875,15961.8095703125,15982.3603515625,5723650000
20211108,^DJI,36416.4609375,36565.73046875,36334.421875,36432.21875,284400000
20211108,^VIX,17.229999542236328,17.690000534057617,16.440000534057617,17.219999313354492,0
20211108,KRW=X,1181.97998046875,1186.219970703125,1178.52001953125,1180.5,0
20211108,^SOX,3781.1298828125,3824.320068359375,3766.47998046875,3803.330078125,0
20211108,^TNX,1.4830000400543213,1.503999948501587,1.4600000381469727,1.496999979019165,0
20211109,^GSPC,4707.25,4708.52978515625,4670.8701171875,4685.25,4117080000
20211109,^IXIC,16024.1298828125,16035.2099609375,15836.6796875,15886.5400390625,5574660000
20211109,^DJI,36404.53125,36416.98046875,36173.0703125,36319.98046875,258020000
20211109,^VIX,17.43000030517578,18.56999969482422,17.209999084472656,17.780000686645508,0
20211109,KRW=X,1199.5699462890625,1199.5699462890625,1171.8900146484375,1199.8599853515625,0
20211109,^SOX,3830.77001953125,3838.6201171875,3767.030029296875,3800.570068359375,0
20211109,^TNX,1.4639999866485596,1.468999981880188,1.4149999618530273,1.4320000410079956,0
20211110,^GSPC,4670.259765625,4684.85009765625,4630.85986328125,4646.7099609375,4503720000
20211110,^IXIC,15753.83984375,15867.240234375,15543.6796875,15622.7099609375,5369110000
20211110,^DJI,36299.25,36346.609375,36009.5,36079.94140625,278390000
20211110,^VIX,17.739999771118164,19.899999618530273,17.219999313354492,18.729999542236328,0
20211110,KRW=X,1177.6099853515625,1183.239990234375,1175.550048828125,1177.5,0
20211110,^SOX,3727.590087890625,3783.06005859375,3676.6201171875,3693.02001953125,0
20211110,^TNX,1.4730000495910645,1.5920000076293945,1.4639999866485596,1.559999942779541,0
20211111,^GSPC,4659.39013671875,4664.5498046875,4648.31005859375,4649.27001953125,3926870000
20211111,^IXIC,15752.080078125,15768.0302734375,15695.76953125,15704.2802734375,4570460000
20211111,^DJI,36038.78125,36108.171875,35915.26953125,35921.23046875,270320000
20211111,^VIX,18.34000015258789,18.389999389648438,17.270000457763672,17.65999984741211,0
20211111,KRW=X,1183.9100341796875,1186.5799560546875,1177.530029296875,1184.1400146484375,0
20211111,^SOX,3740.360107421875,3772.070068359375,3723.169921875,3764.489990234375,0
20211111,^TNX,1.559999942779541,1.559999942779541,1.559999942779541,1.559999942779541,0
20211112,^GSPC,4655.240234375,4688.47021484375,4650.77001953125,4682.85009765625,3728600000
20211112,^IXIC,15752.6201171875,15874.5703125,15705.3798828125,15860.9599609375,5446540000
20211112,^DJI,35963.78125,36147.62890625,35934.58984375,36100.30859375,293180000
20211112,^VIX,17.489999771118164,17.690000534057617,16.149999618530273,16.290000915527344,0
20211112,KRW=X,1181.3199462890625,1182.8800048828125,1175.5,1183.1099853515625,0
20211112,^SOX,3770.52001953125,3812.340087890625,3754.669921875,3794.5,0
20211112,^TNX,1.5720000267028809,1.5889999866485596,1.5410000085830688,1.5820000171661377,0
20211115,^GSPC,4689.2998046875,4697.419921875,4672.85986328125,4682.7998046875,3488410000
20211115,^IXIC,15894.8203125,15918.4501953125,15778.3095703125,15853.849609375,5020180000
20211115,^DJI,36128.828125,36236.0703125,36031.78125,36087.44921875,280660000
20211115,^VIX,17.030000686645508,17.459999084472656,16.489999771118164,16.489999771118164,0
20211115,KRW=X,1180.97998046875,1181.8399658203125,1176.68994140625,1179.1099853515625,0
20211115,^SOX,3817.10009765625,3823.6201171875,3760.10009765625,3793.75,0
20211115,^TNX,1.5529999732971191,1.625,1.5490000247955322,1.6230000257492065,0
20211116,^GSPC,4679.419921875,4714.9501953125,4679.419921875,4700.89990234375,3972640000
20211116,^IXIC,15840.3203125,15989.6103515625,15825.0,15973.8603515625,5533020000
20211116,^DJI,36076.1796875,36316.609375,36076.1796875,36142.21875,308290000
20211116,^VIX,16.860000610351562,17.079999923706055,16.030000686645508,16.3700008392334,0
20211116,KRW=X,1183.510009765625,1184.22998046875,1174.530029296875,1183.510009765625,0
20211116,^SOX,3781.909912109375,3866.72998046875,3774.070068359375,3859.39990234375,0
20211116,^TNX,1.6009999513626099,1.6369999647140503,1.5989999771118164,1.6339999437332153,0
20211117,^GSPC,4701.5,4701.5,4684.41015625,4688.669921875,3969070000
20211117,^IXIC,15973.6201171875,15998.5703125,15909.3896484375,15921.5703125,5049320000
20211117,^DJI,36159.69921875,36159.69921875,35909.48046875,35931.05078125,358310000
20211117,^VIX,16.360000610351562,17.190000534057617,16.280000686645508,17.110000610351562,0
20211117,KRW=X,1183.1400146484375,1186.489990234375,1178.989990234375,1184.050048828125,0
20211117,^SOX,3851.31005859375,3856.5,3813.580078125,3831.43994140625,0
20211117,^TNX,1.6410000324249268,1.6460000276565552,1.5989999771118164,1.6039999723434448,0
20211118,^GSPC,4700.72021484375,4708.7998046875,4672.77978515625,4704.5400390625,4226410000
20211118,^IXIC,15973.3896484375,16010.8798828125,15848.830078125,15993.7099609375,5391360000
20211118,^DJI,35901.69140625,35952.62890625,35654.390625,35870.94921875,435080000
20211118,^VIX,16.809999465942383,18.149999618530273,16.3799991607666,17.59000015258789,0
20211118,KRW=X,1180.010009765625,1186.5999755859375,1177.22998046875,1181.22998046875,0
20211118,^SOX,3904.2900390625,3916.919921875,3861.93994140625,3899.9599609375,0
20211118,^TNX,1.5959999561309814,1.6130000352859497,1.5770000219345093,1.5889999866485596,0
20211119,^GSPC,4708.43994140625,4717.75,4694.22021484375,4697.9599609375,4253180000
20211119,^IXIC,16042.16015625,16121.1201171875,16017.23046875,16057.4404296875,4875310000
20211119,^DJI,35879.08984375,35879.08984375,35555.37109375,35601.98046875,408840000
20211119,^VIX,17.360000610351562,19.010000228881836,17.229999542236328,17.90999984741211,0
20211119,KRW=X,1182.02001953125,1193.6700439453125,1180.47998046875,1182.9000244140625,0
20211119,^SOX,3895.64990234375,3936.989990234375,3879.860107421875,3912.02001953125,0
20211119,^TNX,1.5290000438690186,1.5570000410079956,1.5210000276565552,1.5360000133514404,0
20211122,^GSPC,4712.0,4743.830078125,4682.169921875,4682.93994140625,4441100000
20211122,^IXIC,16120.919921875,16212.23046875,15851.0400390625,15854.759765625,5567830000
20211122,^DJI,35631.41015625,35929.66015625,35615.55078125,35619.25,420810000
20211122,^VIX,18.200000762939453,19.59000015258789,17.350000381469727,19.170000076293945,0
20211122,KRW=X,1187.0999755859375,1190.030029296875,1183.9000244140625,1191.6300048828125,0
20211122,^SOX,3928.0,3982.1201171875,3843.889892578125,3847.1201171875,0
20211122,^TNX,1.5750000476837158,1.6269999742507935,1.5700000524520874,1.625,0
20211123,^GSPC,4678.47998046875,4699.39013671875,4652.66015625,4690.7001953125,4277590000
20211123,^IXIC,15809.5,15895.8603515625,15601.4599609375,15775.1396484375,5434380000
20211123,^DJI,35619.921875,35841.51953125,35542.87109375,35813.80078125,392520000
20211123,^VIX,20.239999771118164,20.90999984741211,19.030000686645508,19.3799991607666,0
20211123,KRW=X,1189.489990234375,1191.4200439453125,1185.989990234375,1189.5,0
20211123,^SOX,3836.68994140625,3869.860107421875,3773.43994140625,3834.429931640625,0
20211123,^TNX,1.6549999713897705,1.6690000295639038,1.6390000581741333,1.6670000553131104,0
20211124,^GSPC,4675.77978515625,4702.8701171875,4659.89013671875,4701.4599609375,3418430000
20211124,^IXIC,15677.8798828125,15848.5595703125,15591.3603515625,15845.23046875,4197090000
20211124,^DJI,35752.30859375,35825.46875,35591.03125,35804.37890625,280960000
20211124,^VIX,19.170000076293945,20.959999084472656,18.520000457763672,18.579999923706055,0
20211124,KRW=X,1189.010009765625,1190.050048828125,1184.199951171875,1189.949951171875,0
20211124,^SOX,3800.050048828125,3871.590087890625,3765.68994140625,3870.010009765625,0
20211124,^TNX,1.6649999618530273,1.6929999589920044,1.6390000581741333,1.6449999809265137,0
20211125,KRW=X,1187.8800048828125,1191.219970703125,1187.6500244140625,1187.8800048828125,0
20211126,^GSPC,4664.6298828125,4664.6298828125,4585.43017578125,4594.6201171875,3517700000
20211126,^IXIC,15664.3798828125,15731.5400390625,15456.08984375,15491.66015625,3502170000
20211126,^DJI,35366.69140625,35366.69140625,34749.80078125,34899.33984375,324580000
20211126,^VIX,26.6200008392334,28.989999771118164,23.8799991607666,28.6200008392334,0
20211126,KRW=X,1189.31005859375,1196.97998046875,1145.0799560546875,1190.219970703125,0
20211126,^SOX,3799.550048828125,3833.050048828125,3735.929931640625,3757.1298828125,0
20211126,^TNX,1.5379999876022339,1.5429999828338623,1.4730000495910645,1.4819999933242798,0
20211129,^GSPC,4628.75,4672.9501953125,4625.259765625,4655.27001953125,4336410000
20211129,^IXIC,15719.419921875,15833.1103515625,15644.6103515625,15782.830078125,4836230000
20211129,^DJI,35017.7109375,35287.91015625,34895.890625,35135.94140625,416040000
20211129,^VIX,25.309999465942383,25.690000534057617,21.709999084472656,22.959999084472656,0
20211129,KRW=X,1192.3499755859375,1194.3299560546875,1189.1800537109375,1194.6099853515625,0
20211129,^SOX,3827.409912109375,3914.699951171875,3806.360107421875,3910.5400390625,0
20211129,^TNX,1.5470000505447388,1.565000057220459,1.5110000371932983,1.5299999713897705,0
20211130,^GSPC,4640.25,4646.02001953125,4560.0,4567.0,6625990000
20211130,^IXIC,15716.5,15828.2001953125,15451.3896484375,15537.6904296875,6631470000
20211130,^DJI,35056.98828125,35056.98828125,34424.44140625,34483.71875,678800000
20211130,^VIX,26.229999542236328,28.559999465942383,23.709999084472656,27.190000534057617,0
20211130,KRW=X,1189.9599609375,1190.9599609375,1181.7099609375,1190.739990234375,0
20211130,^SOX,3893.010009765625,3924.7900390625,3804.60009765625,3833.219970703125,0
20211130,^TNX,1.444000005722046,1.5,1.4119999408721924,1.4429999589920044,0
20211201,^GSPC,4602.81982421875,4652.93994140625,4510.27001953125,4513.0400390625,5366730000
20211201,^IXIC,15752.26953125,15816.8203125,15243.9296875,15254.0498046875,6320260000
20211201,^DJI,34678.94140625,35004.640625,34006.98046875,34022.0390625,496000000
20211201,^VIX,24.920000076293945,32.61000061035156,22.3799991607666,31.1200008392334,0
20211201,KRW=X,1182.8599853515625,1184.449951171875,1159.0999755859375,1182.8599853515625,0
20211201,^SOX,3896.090087890625,3958.719970703125,3806.330078125,3810.75,0
20211201,^TNX,1.4819999933242798,1.496999979019165,1.430999994277954,1.434000015258789,0
20211202,^GSPC,4504.72998046875,4595.4599609375,4504.72998046875,4577.10009765625,5077180000
20211202,^IXIC,15181.8203125,15444.5400390625,15150.1201171875,15381.3203125,5418340000
20211202,^DJI,34076.25,34759.6484375,34076.25,34639.7890625,466900000
20211202,^VIX,29.440000534057617,30.68000030517578,27.149999618530273,27.950000762939453,0
20211202,KRW=X,1176.199951171875,1178.5,1172.3599853515625,1177.1099853515625,0
20211202,^SOX,3758.199951171875,3838.639892578125,3742.5400390625,3810.820068359375,0
20211202,^TNX,1.4220000505447388,1.465000033378601,1.409000039100647,1.4479999542236328,0
20211203,^GSPC,4589.490234375,4608.02978515625,4495.1201171875,4538.43017578125,5240070000
20211203,^IXIC,15428.7099609375,15470.3603515625,14931.0595703125,15085.4697265625,5900290000
20211203,^DJI,34692.78125,34801.30859375,34264.5703125,34580.078125,439550000
20211203,^VIX,26.950000762939453,35.31999969482422,25.889999389648438,30.670000076293945,0
20211203,KRW=X,1175.8800048828125,1185.0999755859375,1175.43994140625,1176.77001953125,0
20211203,^SOX,3874.52001953125,3902.860107421875,3762.070068359375,3804.5400390625,0
20211203,^TNX,1.4240000247955322,1.4700000286102295,1.343000054359436,1.343000054359436,0
20211206,^GSPC,4548.3701171875,4612.60009765625,4540.509765625,4591.669921875,4770800000
20211206,^IXIC,15117.6298828125,15281.990234375,14931.6103515625,15225.150390625,5115230000
20211206,^DJI,34633.4296875,35356.75,34633.4296875,35227.03125,416720000
20211206,^VIX,28.989999771118164,30.81999969482422,26.75,27.18000030517578,0
20211206,KRW=X,1184.56005859375,1185.1400146484375,1178.739990234375,1183.1400146484375,0
20211206,^SOX,3797.590087890625,3814.330078125,3687.8701171875,3800.070068359375,0
20211206,^TNX,1.3899999856948853,1.440999984741211,1.3700000047683716,1.434000015258789,0
20211207,^GSPC,4631.97021484375,4694.0400390625,4631.97021484375,4686.75,4492400000
20211207,^IXIC,15510.91015625,15720.08984375,15507.66015625,15686.919921875,5116490000
20211207,^DJI,35423.98828125,35819.46875,35423.98828125,35719.4296875,474940000
20211207,^VIX,24.579999923706055,24.690000534057617,21.579999923706055,21.889999389648438,0
20211207,KRW=X,1179.6700439453125,1183.5,1175.3699951171875,1180.56005859375,0
20211207,^SOX,3892.320068359375,4002.159912109375,3892.320068359375,3988.75,0
20211207,^TNX,1.4529999494552612,1.4819999933242798,1.4390000104904175,1.4800000190734863,0
20211208,^GSPC,4690.85986328125,4705.06005859375,4674.52001953125,4701.2099609375,4234600000
20211208,^IXIC,15690.650390625,15792.6396484375,15618.8798828125,15786.990234375,4615390000
20211208,^DJI,35716.8515625,35840.51953125,35602.6484375,35754.75,387650000
20211208,^VIX,21.739999771118164,23.110000610351562,19.850000381469727,19.899999618530273,0
20211208,KRW=X,1175.93994140625,1178.010009765625,1171.6500244140625,1176.8399658203125,0
20211208,^SOX,3954.260009765625,3973.419921875,3928.159912109375,3964.43994140625,0
20211208,^TNX,1.4900000095367432,1.5369999408721924,1.4889999628067017,1.5089999437332153,0
20211209,^GSPC,4691.0,4695.259765625,4665.97998046875,4667.4501953125,3903840000
20211209,^IXIC,15720.5400390625,15796.0498046875,15511.1201171875,15517.3701171875,4515600000
20211209,^DJI,35722.26171875,35864.23828125,35577.140625,35754.69140625,353020000
20211209,^VIX,20.309999465942383,22.1200008392334,19.940000534057617,21.579999923706055,0
20211209,KRW=X,1172.56005859375,1178.7900390625,1171.1500244140625,1172.56005859375,0
20211209,^SOX,3936.340087890625,3981.93994140625,3877.080078125,3879.52001953125,0
20211209,^TNX,1.4839999675750732,1.5080000162124634,1.472000002861023,1.4869999885559082,0
20211210,^GSPC,4687.64013671875,4713.56982421875,4670.240234375,4712.02001953125,3870110000
20211210,^IXIC,15629.58984375,15677.599609375,15477.849609375,15630.599609375,4426210000
20211210,^DJI,35830.55078125,35982.69140625,35710.4296875,35970.98828125,361200000
20211210,^VIX,21.270000457763672,21.299999237060547,18.690000534057617,18.690000534057617,0
20211210,KRW=X,1177.3499755859375,1181.77001953125,1175.4000244140625,1177.3299560546875,0
20211210,^SOX,3952.39990234375,3967.97998046875,3871.889892578125,3914.669921875,0
20211210,^TNX,1.5089999437332153,1.5199999809265137,1.4509999752044678,1.4889999628067017,0
20211213,^GSPC,4710.2998046875,4710.2998046875,4667.60009765625,4668.97021484375,4397230000
20211213,^IXIC,15621.26953125,15637.0595703125,15408.25,15413.2802734375,4573920000
20211213,^DJI,35958.9296875,35958.9296875,35609.53125,35650.94921875,441110000
20211213,^VIX,19.290000915527344,21.18000030517578,18.959999084472656,20.309999465942383,0
20211213,KRW=X,1178.969970703125,1184.5999755859375,1176.25,1178.969970703125,0
20211213,^SOX,3931.030029296875,3936.7099609375,3811.050048828125,3814.429931640625,0
20211213,^TNX,1.468000054359436,1.472000002861023,1.4140000343322754,1.4240000247955322,0
20211214,^GSPC,4642.990234375,4660.47021484375,4606.52001953125,4634.08984375,4485430000
20211214,^IXIC,15215.9599609375,15317.5498046875,15097.349609375,15237.6396484375,4865990000
20211214,^DJI,35605.73046875,35779.46875,35441.73828125,35544.1796875,440900000
20211214,^VIX,19.670000076293945,23.0,19.670000076293945,21.889999389648438,0
20211214,KRW=X,1183.949951171875,1185.5899658203125,1180.4599609375,1185.0999755859375,0
20211214,^SOX,3768.06005859375,3814.6201171875,3746.43994140625,3794.409912109375,0
20211214,^TNX,1.4390000104904175,1.472000002861023,1.4210000038146973,1.437999963760376,0
20211215,^GSPC,4636.4599609375,4712.60009765625,4611.22021484375,4709.85009765625,4910130000
20211215,^IXIC,15230.7099609375,15575.759765625,15055.23046875,15565.580078125,5343920000
20211215,^DJI,35549.3515625,35943.83984375,35389.30078125,35927.4296875,424720000
20211215,^VIX,21.600000381469727,23.469999313354492,19.020000457763672,19.290000915527344,0
20211215,KRW=X,1184.22998046875,1189.7099609375,1182.9000244140625,1184.22998046875,0
20211215,^SOX,3805.409912109375,3939.860107421875,3757.280029296875,3934.4599609375,0
20211215,^TNX,1.4459999799728394,1.4839999675750732,1.4359999895095825,1.4630000591278076,0
20211216,^GSPC,4719.1298828125,4731.990234375,4651.89013671875,4668.669921875,4829500000
20211216,^IXIC,15629.080078125,15633.1904296875,15119.490234375,15180.4296875,4906480000
20211216,^DJI,36036.28125,36189.828125,35778.2109375,35897.640625,473620000
20211216,^VIX,18.559999465942383,22.1299991607666,18.190000534057617,20.56999969482422,0
20211216,KRW=X,1184.4000244140625,1186.4100341796875,1180.3299560546875,1184.4000244140625,0
20211216,^SOX,3961.550048828125,3961.989990234375,3748.1298828125,3766.320068359375,0
20211216,^TNX,1.472000002861023,1.4789999723434448,1.4160000085830688,1.4220000505447388,0
20211217,^GSPC,4652.5,4666.7001953125,4600.22021484375,4620.64013671875,7987090000
20211217,^IXIC,15036.76953125,15288.7802734375,14960.3701171875,15169.6796875,7668770000
20211217,^DJI,35800.109375,35800.109375,35284.26171875,35365.44140625,750480000
20211217,^VIX,20.700000762939453,23.260000228881836,20.489999771118164,21.56999969482422,0
20211217,KRW=X,1185.260009765625,1187.6199951171875,1179.31005859375,1186.1500244140625,0
20211217,^SOX,3733.659912109375,3814.830078125,3721.169921875,3761.0400390625,0
20211217,^TNX,1.3949999809265137,1.4119999408721924,1.371999979019165,1.4019999504089355,0
20211220,^GSPC,4587.89990234375,4587.89990234375,4531.10009765625,4568.02001953125,4635700000
20211220,^IXIC,14933.0,15007.2998046875,14860.0400390625,14980.9404296875,4602640000
20211220,^DJI,35222.12109375,35222.12109375,34665.5,34932.16015625,386590000
20211220,^VIX,25.889999389648438,27.389999389648438,22.850000381469727,22.8700008392334,0
20211220,KRW=X,1186.75,1193.780029296875,1185.8599853515625,1186.3900146484375,0
20211220,^SOX,3707.39990234375,3755.3701171875,3689.3798828125,3732.389892578125,0
20211220,^TNX,1.3869999647140503,1.4210000038146973,1.375,1.4190000295639038,0
20211221,^GSPC,4594.9599609375,4651.14013671875,4583.16015625,4649.22998046875,4072430000
20211221,^IXIC,15140.4296875,15349.0595703125,15015.0302734375,15341.08984375,4581720000
20211221,^DJI,35069.5,35508.9609375,35069.5,35492.69921875,346080000
20211221,^VIX,22.280000686645508,22.68000030517578,20.899999618530273,21.010000228881836,0
20211221,KRW=X,1188.31005859375,1193.8199462890625,1188.31005859375,1190.1199951171875,0
20211221,^SOX,3818.570068359375,3861.77001953125,3760.06005859375,3857.300048828125,0
20211221,^TNX,1.4500000476837158,1.4980000257492065,1.4479999542236328,1.4869999885559082,0
20211222,^GSPC,4650.35986328125,4697.669921875,4645.52978515625,4696.56005859375,3319610000
20211222,^IXIC,15319.16015625,15525.9697265625,15303.0595703125,15521.8896484375,4107900000
20211222,^DJI,35491.7109375,35764.671875,35433.12890625,35753.890625,281930000
20211222,^VIX,21.040000915527344,21.360000610351562,18.59000015258789,18.6299991607666,0
20211222,KRW=X,1188.9000244140625,1194.1300048828125,1187.699951171875,1191.27001953125,0
20211222,^SOX,3836.5400390625,3892.77001953125,3817.219970703125,3891.919921875,0
20211222,^TNX,1.4769999980926514,1.4809999465942383,1.4479999542236328,1.4570000171661377,0
20211223,^GSPC,4703.9599609375,4740.740234375,4703.9599609375,4725.7900390625,2913040000
20211223,^IXIC,15544.7900390625,15697.98046875,15528.91015625,15653.3701171875,3935010000
20211223,^DJI,35782.421875,36060.98828125,35782.421875,35950.55859375,247420000
20211223,^VIX,18.809999465942383,18.93000030517578,17.6200008392334,17.959999084472656,0
20211223,KRW=X,1187.77001953125,1190.3399658203125,1185.02001953125,1187.77001953125,0
20211223,^SOX,3906.820068359375,3955.5400390625,3906.820068359375,3932.389892578125,0
20211223,^TNX,1.4759999513626099,1.5010000467300415,1.4579999446868896,1.4930000305175781,0
20211224,KRW=X,1185.5699462890625,1188.3299560546875,1184.260009765625,1185.5,0
20211227,^GSPC,4733.990234375,4791.490234375,4733.990234375,4791.18994140625,2770290000
20211227,^IXIC,15696.830078125,15871.400390625,15696.830078125,15871.259765625,3743920000
20211227,^DJI,35954.48046875,36306.609375,35954.48046875,36302.37890625,244350000
20211227,^VIX,19.3700008392334,19.40999984741211,17.549999237060547,17.68000030517578,0
20211227,KRW=X,1185.3800048828125,1187.6700439453125,1184.3699951171875,1185.9200439453125,0
20211227,^SOX,3945.989990234375,4040.6298828125,3945.989990234375,4039.510009765625,0
20211227,^TNX,1.4889999628067017,1.49399995803833,1.4759999513626099,1.4809999465942383,0
20211228,^GSPC,4795.490234375,4807.02001953125,4780.0400390625,4786.35009765625,2707920000
20211228,^IXIC,15895.2001953125,15901.4697265625,15757.0703125,15781.7197265625,3648500000
20211228,^DJI,36302.98828125,36527.26171875,36302.98828125,36398.2109375,239090000
20211228,^VIX,17.780000686645508,18.469999313354492,17.510000228881836,17.540000915527344,0
20211228,KRW=X,1185.1600341796875,1189.199951171875,1184.5999755859375,1185.6500244140625,0
20211228,^SOX,4052.830078125,4054.989990234375,3977.719970703125,3992.18994140625,0
20211228,^TNX,1.4859999418258667,1.4889999628067017,1.4550000429153442,1.4809999465942383,0
20211229,^GSPC,4788.64013671875,4804.06005859375,4778.080078125,4793.06005859375,2963310000
20211229,^IXIC,15794.919921875,15821.8095703125,15679.849609375,15766.2197265625,3714380000
20211229,^DJI,36421.140625,36571.55078125,36396.19140625,36488.62890625,213480000
20211229,^VIX,17.6299991607666,18.0,16.709999084472656,16.950000762939453,0
20211229,KRW=X,1187.739990234375,1187.760009765625,1183.9000244140625,1187.8499755859375,0
20211229,^SOX,3995.4599609375,4023.989990234375,3979.18994140625,3999.35009765625,0
20211229,^TNX,1.5049999952316284,1.5579999685287476,1.5049999952316284,1.5429999828338623,0
20211230,^GSPC,4794.22998046875,4808.93017578125,4775.330078125,4778.72998046875,3124950000
20211230,^IXIC,15758.98046875,15868.08984375,15729.16015625,15741.5595703125,3750920000
20211230,^DJI,36522.48046875,36679.44140625,36372.12890625,36398.078125,205620000
20211230,^VIX,17.299999237060547,17.790000915527344,16.6200008392334,17.329999923706055,0
20211230,KRW=X,1183.510009765625,1190.6600341796875,1182.2900390625,1183.6700439453125,0
20211230,^SOX,3996.43994140625,4008.68994140625,3945.760009765625,3952.0400390625,0
20211230,^TNX,1.531000018119812,1.5499999523162842,1.5130000114440918,1.5149999856948853,0
20211231,^GSPC,4775.2099609375,4786.830078125,4765.75,4766.18017578125,2677820000
20211231,^IXIC,15722.91015625,15777.4296875,15643.9404296875,15644.9697265625,3392580000
20211231,^DJI,36385.8515625,36484.94140625,36303.96875,36338.30078125,213200000
20211231,^VIX,17.6299991607666,18.270000457763672,16.989999771118164,17.219999313354492,0
20211231,KRW=X,1188.9599609375,1192.1800537109375,1186.4000244140625,1189.8900146484375,0
20211231,^SOX,3960.4599609375,3987.550048828125,3944.820068359375,3946.169921875,0
20211231,^TNX,1.5049999952316284,1.5219999551773071,1.4910000562667847,1.5119999647140503,0
