date,ticker,open,high,low,close,volume
20260102,^GSPC,6878.10986328125,6894.8701171875,6824.31005859375,6858.47021484375,4184120000
20260102,^IXIC,23481.490234375,23585.9609375,23119.490234375,23235.630859375,7331460000
20260102,^DJI,48105.98046875,48404.05859375,47853.0390625,48382.390625,465060000
20260102,^VIX,14.850000381469727,15.420000076293945,14.460000038146973,14.510000228881836,0
20260102,KRW=X,1440.81005859375,1446.6300048828125,1439.0400390625,1443.6400146484375,0
20260102,^SOX,7288.669921875,7418.25,7286.33984375,7367.47021484375,0
20260102,^TNX,4.160999774932861,4.197000026702881,4.158999919891357,4.186999797821045,0
20260105,^GSPC,6892.18994140625,6920.3798828125,6891.56005859375,6902.0498046875,5771930000
20260105,^IXIC,23449.669921875,23476.509765625,23332.23046875,23395.8203125,8737320000
20260105,^DJI,48475.80859375,49209.94921875,48449.62109375,48977.1796875,578580000
20260105,^VIX,15.140000343322754,15.270000457763672,14.649999618530273,14.899999618530273,0
20260105,KRW=X,1440.47998046875,1449.75,1440.47998046875,1440.47998046875,0
20260105,^SOX,7570.43994140625,7577.27978515625,7415.7001953125,7446.4501953125,0
20260105,^TNX,4.183000087738037,4.190999984741211,4.1529998779296875,4.164999961853027,0
20260106,^GSPC,6908.02978515625,6948.68994140625,6904.02001953125,6944.81982421875,5509680000
20260106,^IXIC,23446.9609375,23559.150390625,23389.5703125,23547.169921875,9012640000
20260106,^DJI,48987.359375,49509.921875,48923.828125,49462.078125,541220000
20260106,^VIX,15.0,15.210000038146973,14.630000114440918,14.75,0
20260106,KRW=X,1445.3800048828125,1449.010009765625,1442.1500244140625,1445.56005859375,0
20260106,^SOX,7542.60986328125,7665.77001953125,7521.9501953125,7650.93017578125,0
20260106,^TNX,4.172999858856201,4.197000026702881,4.164999961853027,4.178999900817871,0
20260107,^GSPC,6945.06982421875,6965.68994140625,6919.18994140625,6920.93017578125,5214480000
20260107,^IXIC,23544.890625,23723.369140625,23504.2109375,23584.279296875,8396920000
20260107,^DJI,49512.71875,49621.4296875,48951.98828125,48996.078125,506140000
20260107,^VIX,14.949999809265137,15.479999542236328,14.829999923706055,15.380000114440918,0
20260107,KRW=X,1446.449951171875,1449.510009765625,1444.0,1444.9599609375,0
20260107,^SOX,7554.77978515625,7601.06005859375,7512.85986328125,7574.8701171875,0
20260107,^TNX,4.131999969482422,4.160999774932861,4.124000072479248,4.138000011444092,0
20260108,^GSPC,6914.10986328125,6931.27978515625,6899.330078125,6921.4599609375,5333200000
20260108,^IXIC,23548.880859375,23558.169921875,23353.4609375,23480.01953125,7723140000
20260108,^DJI,48850.171875,49357.73828125,48792.33984375,49266.109375,515070000
20260108,^VIX,15.6899995803833,15.850000381469727,15.149999618530273,15.449999809265137,0
20260108,KRW=X,1447.5999755859375,1454.300048828125,1445.4300537109375,1446.1400146484375,0
20260108,^SOX,7543.25,7548.31005859375,7372.7900390625,7436.10009765625,0
20260108,^TNX,4.166999816894531,4.186999797821045,4.160999774932861,4.183000087738037,0
20260109,^GSPC,6927.830078125,6978.35986328125,6917.64013671875,6966.27978515625,5163900000
20260109,^IXIC,23496.2109375,23721.150390625,23426.48046875,23671.349609375,8124420000
20260109,^DJI,49234.80859375,49571.41015625,49197.05859375,49504.0703125,444480000
20260109,^VIX,15.680000305175781,15.8100004196167,14.430000305175781,14.489999771118164,0
20260109,KRW=X,1451.050048828125,1461.4000244140625,1450.6800537109375,1450.0799560546875,0
20260109,^SOX,7471.330078125,7678.89013671875,7467.830078125,7638.77978515625,0
20260109,^TNX,4.186999797821045,4.210999965667725,4.158999919891357,4.171000003814697,0
20260112,^GSPC,6944.1201171875,6986.330078125,6934.06982421875,6977.27001953125,5019040000
20260112,^IXIC,23576.880859375,23804.0390625,23562.970703125,23733.900390625,8707170000
20260112,^DJI,49499.671875,49633.3515625,49011.30859375,49590.19921875,516430000
20260112,^VIX,16.059999465942383,16.65999984741211,15.029999732971191,15.119999885559082,0
20260112,KRW=X,1455.239990234375,1470.1500244140625,1455.239990234375,1455.239990234375,0
20260112,^SOX,7574.240234375,7703.14013671875,7568.06982421875,7674.83984375,0
20260112,^TNX,4.197000026702881,4.201000213623047,4.169000148773193,4.186999797821045,0
20260113,^GSPC,6977.41015625,6985.830078125,6938.77001953125,6963.740234375,5091730000
20260113,^IXIC,23735.119140625,23813.30078125,23607.58984375,23709.869140625,9416400000
20260113,^DJI,49616.94921875,49616.94921875,49056.30859375,49191.98828125,549950000
20260113,^VIX,15.359999656677246,16.5,14.75,15.979999542236328,0
20260113,KRW=X,1465.5,1477.530029296875,1465.5,1464.9300537109375,0
20260113,^SOX,7725.080078125,7825.8798828125,7715.8798828125,7747.990234375,0
20260113,^TNX,4.192999839782715,4.195000171661377,4.156000137329102,4.171000003814697,0
20260114,^GSPC,6937.41015625,6941.2998046875,6885.740234375,6926.60009765625,5530830000
20260114,^IXIC,23563.919921875,23590.19921875,23306.66015625,23471.75,12165220000
20260114,^DJI,49088.25,49195.1015625,48851.98046875,49149.62890625,530670000
20260114,^VIX,16.329999923706055,18.100000381469727,16.219999313354492,16.75,0
20260114,KRW=X,1476.550048828125,1478.56005859375,1462.5699462890625,1473.010009765625,0
20260114,^SOX,7688.5,7707.3798828125,7598.509765625,7701.47021484375,0
20260114,^TNX,4.159999847412109,4.169000148773193,4.131999969482422,4.139999866485596,0
20260115,^GSPC,6969.4599609375,6979.33984375,6937.93017578125,6944.47021484375,5114050000
20260115,^IXIC,23693.970703125,23721.109375,23502.1796875,23530.01953125,9740630000
20260115,^DJI,49201.1015625,49581.1796875,49201.1015625,49442.44140625,541520000
20260115,^VIX,16.520000457763672,16.540000915527344,15.300000190734863,15.84000015258789,0
20260115,KRW=X,1464.3499755859375,1473.22998046875,1463.260009765625,1462.9000244140625,0
20260115,^SOX,7960.9599609375,7998.1201171875,7833.9501953125,7837.2998046875,0
20260115,^TNX,4.138000011444092,4.164000034332275,4.136000156402588,4.159999847412109,0
20260116,^GSPC,6960.5400390625,6967.2998046875,6925.08984375,6940.009765625,5356550000
20260116,^IXIC,23639.689453125,23664.259765625,23446.810546875,23515.390625,9514500000
20260116,^DJI,49466.69921875,49616.69921875,49246.23828125,49359.328125,992970000
20260116,^VIX,15.4399995803833,16.290000915527344,15.300000190734863,15.859999656677246,0
20260116,KRW=X,1468.3499755859375,1475.699951171875,1467.989990234375,1468.8399658203125,0
20260116,^SOX,7972.8701171875,8008.4599609375,7885.91015625,7927.41015625,0
20260116,^TNX,4.195000171661377,4.232999801635742,4.181000232696533,4.230999946594238,0
20260119,KRW=X,1471.5799560546875,1476.52001953125,1469.5,1471.5799560546875,0
20260120,^GSPC,6865.240234375,6871.169921875,6789.0498046875,6796.85986328125,5769500000
20260120,^IXIC,23142.689453125,23236.05078125,22916.830078125,22954.3203125,9469480000
20260120,^DJI,49005.01171875,49005.01171875,48428.12890625,48488.58984375,676030000
20260120,^VIX,19.940000534057617,20.989999771118164,18.639999389648438,20.09000015258789,0
20260120,KRW=X,1473.800048828125,1479.8800048828125,1473.219970703125,1471.52001953125,0
20260120,^SOX,7807.89013671875,7931.93017578125,7767.47998046875,7794.18994140625,0
20260120,^TNX,4.2789998054504395,4.310999870300293,4.269000053405762,4.295000076293945,0
20260121,^GSPC,6810.7099609375,6910.39013671875,6804.9599609375,6875.6201171875,5835520000
20260121,^IXIC,23017.6796875,23383.240234375,22927.880859375,23224.8203125,9162740000
20260121,^DJI,48546.03125,49295.03125,48546.03125,49077.23046875,600840000
20260121,^VIX,19.309999465942383,20.809999465942383,16.670000076293945,16.899999618530273,0
20260121,KRW=X,1479.4100341796875,1479.8499755859375,1462.739990234375,1477.780029296875,0
20260121,^SOX,7909.56982421875,8113.66015625,7869.72021484375,8042.06982421875,0
20260121,^TNX,4.281000137329102,4.301000118255615,4.249000072479248,4.252999782562256,0
20260122,^GSPC,6914.43994140625,6934.75,6893.6201171875,6913.35009765625,5307580000
20260122,^IXIC,23440.7109375,23503.16015625,23335.150390625,23436.01953125,9034850000
20260122,^DJI,49201.80859375,49607.2890625,49201.80859375,49384.01171875,455130000
20260122,^VIX,16.649999618530273,16.670000076293945,15.270000457763672,15.640000343322754,0
20260122,KRW=X,1465.3299560546875,1470.9300537109375,1463.25,1464.8299560546875,0
20260122,^SOX,8186.97021484375,8188.16015625,8032.39990234375,8055.169921875,0
20260122,^TNX,4.258999824523926,4.2769999504089355,4.243000030517578,4.249000072479248,0
20260123,^GSPC,6907.85009765625,6932.9599609375,6895.5,6915.60986328125,4871930000
20260123,^IXIC,23440.919921875,23610.740234375,23374.259765625,23501.240234375,8228760000
20260123,^DJI,49264.5390625,49265.4609375,48963.05078125,49098.7109375,461030000
20260123,^VIX,15.680000305175781,16.209999084472656,15.300000190734863,16.09000015258789,0
20260123,KRW=X,1463.75,1469.6300048828125,1460.5799560546875,1463.260009765625,0
20260123,^SOX,8024.2099609375,8032.18994140625,7905.14013671875,7957.93017578125,0
20260123,^TNX,4.236999988555908,4.263000011444092,4.232999801635742,4.238999843597412,0
20260126,^GSPC,6923.22998046875,6964.66015625,6921.60009765625,6950.22998046875,4968050000
20260126,^IXIC,23529.279296875,23688.939453125,23486.080078125,23601.359375,7505250000
20260126,^DJI,49137.6484375,49488.80859375,49137.6484375,49412.3984375,454370000
20260126,^VIX,16.899999618530273,17.389999389648438,15.800000190734863,16.149999618530273,0
20260126,KRW=X,1447.9000244140625,1448.5,1432.449951171875,1444.81005859375,0
20260126,^SOX,7917.22998046875,7982.93017578125,7881.43994140625,7927.0400390625,0
20260126,^TNX,4.2129998207092285,4.229000091552734,4.203000068664551,4.2129998207092285,0
20260127,^GSPC,6965.9599609375,6988.81982421875,6958.830078125,6978.60009765625,5331720000
20260127,^IXIC,23734.75,23865.259765625,23694.380859375,23817.099609375,8026050000
20260127,^DJI,49103.578125,49157.80078125,48862.51953125,49003.41015625,533780000
20260127,^VIX,16.020000457763672,16.3700008392334,15.739999771118164,16.350000381469727,0
20260127,KRW=X,1450.0999755859375,1451.050048828125,1435.06005859375,1440.97998046875,0
20260127,^SOX,8030.39990234375,8157.35009765625,8009.509765625,8117.18017578125,0
20260127,^TNX,4.235000133514404,4.238999843597412,4.206999778747559,4.2230000495910645,0
20260128,^GSPC,7002.0,7002.27978515625,6963.4599609375,6978.02978515625,5507670000
20260128,^IXIC,23965.109375,23988.26953125,23775.490234375,23857.44921875,8151580000
20260128,^DJI,49024.6796875,49150.33984375,48901.48828125,49015.6015625,470990000
20260128,^VIX,16.09000015258789,17.18000030517578,16.049999237060547,16.350000381469727,0
20260128,KRW=X,1432.22998046875,1436.8699951171875,1420.1099853515625,1432.510009765625,0
20260128,^SOX,8287.4599609375,8341.83984375,8227.509765625,8306.740234375,0
20260128,^TNX,4.235000133514404,4.270999908447266,4.235000133514404,4.250999927520752,0
20260129,^GSPC,6977.740234375,6992.83984375,6870.7998046875,6969.009765625,6877780000
20260129,^IXIC,23830.919921875,23840.55078125,23232.779296875,23685.119140625,8782210000
20260129,^DJI,48938.26953125,49292.80859375,48597.21875,49071.55859375,693040000
20260129,^VIX,16.040000915527344,19.739999771118164,16.020000457763672,16.8799991607666,0
20260129,KRW=X,1427.949951171875,1438.989990234375,1423.3199462890625,1429.27001953125,0
20260129,^SOX,8340.0400390625,8386.98046875,8020.93994140625,8320.3896484375,0
20260129,^TNX,4.247000217437744,4.270999908447266,4.2230000495910645,4.2270002365112305,0
20260130,^GSPC,6947.27001953125,6964.08984375,6893.47998046875,6939.02978515625,6697340000
20260130,^IXIC,23578.9609375,23662.25,23351.55078125,23461.8203125,9255930000
20260130,^DJI,48991.62109375,49047.6796875,48459.87890625,48892.46875,761990000
20260130,^VIX,18.719999313354492,19.270000457763672,16.670000076293945,17.440000534057617,0
20260130,KRW=X,1429.949951171875,1446.719970703125,1429.949951171875,1428.760009765625,0
20260130,^SOX,8206.3203125,8309.9599609375,7947.89990234375,7998.47021484375,0
20260130,^TNX,4.247000217437744,4.261000156402588,4.236000061035156,4.241000175476074,0
20260202,^GSPC,6916.64013671875,6991.919921875,6914.33984375,6976.43994140625,5772050000
20260202,^IXIC,23370.5390625,23686.830078125,23356.400390625,23592.109375,8882530000
20260202,^DJI,48777.76953125,49484.94921875,48673.578125,49407.66015625,632100000
20260202,^VIX,19.950000762939453,19.959999084472656,16.079999923706055,16.34000015258789,0
20260202,KRW=X,1449.0999755859375,1464.530029296875,1447.6199951171875,1448.800048828125,0
20260202,^SOX,7955.1201171875,8215.400390625,7954.740234375,8134.490234375,0
20260202,^TNX,4.236000061035156,4.281000137329102,4.230999946594238,4.275000095367432,0
20260203,^GSPC,6985.4501953125,6993.080078125,6862.0498046875,6917.81005859375,7017660000
20260203,^IXIC,23667.439453125,23691.599609375,23027.2109375,23255.189453125,10306320000
20260203,^DJI,49358.58984375,49653.12890625,48832.78125,49240.98828125,741310000
20260203,^VIX,16.15999984741211,20.3700008392334,16.049999237060547,18.0,0
20260203,KRW=X,1451.699951171875,1453.030029296875,1438.800048828125,1452.5400390625,0
20260203,^SOX,8203.0302734375,8239.6396484375,7796.4599609375,7966.330078125,0
20260203,^TNX,4.289999961853027,4.300000190734863,4.265999794006348,4.27400016784668,0
20260204,^GSPC,6924.5,6936.08984375,6838.7998046875,6882.72021484375,7475750000
20260204,^IXIC,23217.01953125,23270.0703125,22684.509765625,22904.580078125,10862000000
20260204,^DJI,49323.58984375,49649.859375,49112.4296875,49501.30078125,742920000
20260204,^VIX,17.6299991607666,21.239999771118164,17.469999313354492,18.639999389648438,0
20260204,KRW=X,1447.68994140625,1459.5999755859375,1447.3699951171875,1446.6800537109375,0
20260204,^SOX,7863.1298828125,7955.5,7461.740234375,7619.16015625,0
20260204,^TNX,4.26800012588501,4.289999961853027,4.261000156402588,4.275000095367432,0
20260205,^GSPC,6837.39013671875,6857.85009765625,6780.1298828125,6798.39990234375,6989120000
20260205,^IXIC,22604.01953125,22841.279296875,22461.140625,22540.58984375,10109230000
20260205,^DJI,49313.0390625,49340.8984375,48829.1015625,48908.71875,710270000
20260205,^VIX,19.239999771118164,23.100000381469727,19.059999465942383,21.770000457763672,0
20260205,KRW=X,1459.3800048828125,1468.6400146484375,1457.800048828125,1460.1099853515625,0
20260205,^SOX,7531.919921875,7727.2900390625,7473.85009765625,7614.64013671875,0
20260205,^TNX,4.251999855041504,4.25600004196167,4.203999996185303,4.210000038146973,0
20260206,^GSPC,6816.740234375,6944.89013671875,6816.740234375,6932.2998046875,6283680000
20260206,^IXIC,22625.30078125,23088.4609375,22586.400390625,23031.2109375,9054400000
20260206,^DJI,49032.19140625,50169.6484375,49032.19140625,50115.671875,775490000
20260206,^VIX,21.239999771118164,21.489999771118164,19.989999771118164,20.3700008392334,0
20260206,KRW=X,1471.5,1473.8800048828125,1461.43994140625,1470.6800537109375,0
20260206,^SOX,7762.10986328125,8071.490234375,7752.5400390625,8048.6201171875,0
20260206,^TNX,4.203999996185303,4.223999977111816,4.193999767303467,4.205999851226807,0
20260209,^GSPC,6917.259765625,6980.10009765625,6905.8701171875,6964.81982421875,5650260000
20260209,^IXIC,22952.240234375,23314.669921875,22878.369140625,23238.669921875,8174050000
20260209,^DJI,50047.7890625,50219.3984375,49837.44921875,50135.87109375,623640000
20260209,^VIX,17.950000762939453,19.200000762939453,16.899999618530273,17.360000610351562,0
20260209,KRW=X,1461.56005859375,1467.9599609375,1452.8199462890625,1462.4000244140625,0
20260209,^SOX,7991.18017578125,8209.6201171875,7948.52978515625,8162.580078125,0
20260209,^TNX,4.23799991607666,4.23799991607666,4.196000099182129,4.197999954223633,0
20260210,^GSPC,6974.490234375,6986.830078125,6937.52978515625,6941.81005859375,5595950000
20260210,^IXIC,23271.220703125,23310.73046875,23089.099609375,23102.470703125,8513440000
20260210,^DJI,50193.48828125,50512.7890625,50115.03125,50188.140625,532700000
20260210,^VIX,17.469999313354492,17.969999313354492,17.139999389648438,17.790000915527344,0
20260210,KRW=X,1457.2099609375,1462.530029296875,1452.43994140625,1458.5400390625,0
20260210,^SOX,8191.60986328125,8197.919921875,8051.91015625,8107.1298828125,0
20260210,^TNX,4.176000118255615,4.176000118255615,4.135000228881836,4.146999835968018,0
20260211,^GSPC,6976.47998046875,6993.47998046875,6911.97021484375,6941.47021484375,6175510000
20260211,^IXIC,23278.2890625,23320.619140625,22902.009765625,23066.470703125,9927010000
20260211,^DJI,50243.1484375,50499.0390625,49901.609375,50121.3984375,569380000
20260211,^VIX,17.8700008392334,18.959999084472656,16.75,17.649999618530273,0
20260211,KRW=X,1456.2099609375,1457.8599853515625,1445.3699951171875,1455.3299560546875,0
20260211,^SOX,8263.1796875,8345.6904296875,8100.580078125,8291.8603515625,0
20260211,^TNX,4.132999897003174,4.205999851226807,4.125,4.171999931335449,0
20260212,^GSPC,6957.5400390625,6973.22021484375,6824.0400390625,6832.759765625,7118700000
20260212,^IXIC,23142.869140625,23161.599609375,22548.01953125,22597.150390625,8855290000
20260212,^DJI,50170.26953125,50447.01171875,49420.28125,49451.98046875,765340000
20260212,^VIX,17.440000534057617,21.209999084472656,17.079999923706055,20.81999969482422,0
20260212,KRW=X,1447.300048828125,1449.6800537109375,1431.5400390625,1444.18994140625,0
20260212,^SOX,8358.080078125,8400.01953125,8079.7900390625,8084.7001953125,0
20260212,^TNX,4.1579999923706055,4.169000148773193,4.099999904632568,4.104000091552734,0
20260213,^GSPC,6834.27001953125,6881.9599609375,6794.5498046875,6836.169921875,5718360000
20260213,^IXIC,22561.4609375,22742.060546875,22402.380859375,22546.669921875,7964830000
20260213,^DJI,49439.578125,49743.98046875,49084.3515625,49500.9296875,597100000
20260213,^VIX,21.479999542236328,22.399999618530273,18.920000076293945,20.600000381469727,0
20260213,KRW=X,1440.1099853515625,1448.3499755859375,1438.3499755859375,1440.9000244140625,0
20260213,^SOX,8090.330078125,8209.3095703125,8010.259765625,8137.85986328125,0
20260213,^TNX,4.099999904632568,4.105999946594238,4.046000003814697,4.056000232696533,0
20260216,KRW=X,1443.1400146484375,1444.81005859375,1436.1800537109375,1439.52001953125,0
20260217,^GSPC,6819.85986328125,6866.990234375,6775.5,6843.22021484375,5418480000
20260217,^IXIC,22394.759765625,22690.830078125,22256.759765625,22578.380859375,7654300000
20260217,^DJI,49525.37109375,49732.37109375,49169.83984375,49533.19140625,558570000
20260217,^VIX,21.739999771118164,22.959999084472656,19.760000228881836,20.290000915527344,0
20260217,KRW=X,1440.219970703125,1448.8699951171875,1439.3499755859375,1440.22998046875,0
20260217,^SOX,8021.990234375,8210.51953125,7926.97998046875,8136.0498046875,0
20260217,^TNX,4.031000137329102,4.059999942779541,4.025000095367432,4.052000045776367,0
20260218,^GSPC,6855.47998046875,6909.1201171875,6849.66015625,6881.31005859375,5098160000
20260218,^IXIC,22629.849609375,22895.9609375,22597.76953125,22753.630859375,7705590000
20260218,^DJI,49571.921875,49897.30859375,49469.05859375,49662.66015625,493390000
20260218,^VIX,19.780000686645508,20.34000015258789,18.479999542236328,19.6200008392334,0
20260218,KRW=X,1439.949951171875,1449.699951171875,1439.449951171875,1439.969970703125,0
20260218,^SOX,8170.27978515625,8303.3203125,8137.5,8214.349609375,0
20260218,^TNX,4.064000129699707,4.0879998207092285,4.059999942779541,4.078999996185303,0
20260219,^GSPC,6861.33984375,6879.1201171875,6833.06005859375,6861.89013671875,5151690000
20260219,^IXIC,22639.880859375,22768.830078125,22583.609375,22682.73046875,6984780000
20260219,^DJI,49576.21875,49606.171875,49197.53125,49395.16015625,439980000
20260219,^VIX,19.34000015258789,21.110000610351562,19.229999542236328,20.229999542236328,0
20260219,KRW=X,1449.9000244140625,1452.1500244140625,1443.1199951171875,1440.1600341796875,0
20260219,^SOX,8133.240234375,8182.39990234375,8076.759765625,8173.2998046875,0
20260219,^TNX,4.104000091552734,4.105999946594238,4.065000057220459,4.074999809265137,0
20260220,^GSPC,6843.259765625,6915.85986328125,6836.330078125,6909.509765625,5432480000
20260220,^IXIC,22542.279296875,22948.869140625,22539.05078125,22886.0703125,8063070000
20260220,^DJI,49323.0,49712.55859375,49158.28125,49625.96875,574810000
20260220,^VIX,20.040000915527344,21.209999084472656,18.760000228881836,19.09000015258789,0
20260220,KRW=X,1449.199951171875,1450.7099609375,1441.7900390625,1447.75,0
20260220,^SOX,8109.0400390625,8308.26953125,8106.0400390625,8260.419921875,0
20260220,^TNX,4.059999942779541,4.104000091552734,4.059999942779541,4.085999965667725,0
20260223,^GSPC,6901.25,6916.9599609375,6819.81982421875,6837.75,5638350000
20260223,^IXIC,22840.970703125,22893.220703125,22547.119140625,22627.26953125,8263920000
20260223,^DJI,49536.5390625,49695.609375,48731.4609375,48804.05859375,574610000
20260223,^VIX,20.489999771118164,22.040000915527344,19.5,21.010000228881836,0
20260223,KRW=X,1439.949951171875,1445.25,1438.3699951171875,1443.43994140625,0
20260223,^SOX,8248.4404296875,8291.3896484375,8124.27978515625,8213.4599609375,0
20260223,^TNX,4.074999809265137,4.074999809265137,4.01800012588501,4.0289998054504395,0
20260224,^GSPC,6837.3701171875,6899.169921875,6815.43017578125,6890.06982421875,5266090000
20260224,^IXIC,22641.599609375,22895.48046875,22528.259765625,22863.6796875,7932270000
20260224,^DJI,48827.80078125,49295.2109375,48752.73828125,49174.5,524270000
20260224,^VIX,21.239999771118164,22.079999923706055,19.229999542236328,19.549999237060547,0
20260224,KRW=X,1443.5999755859375,1446.8599853515625,1437.9200439453125,1442.199951171875,0
20260224,^SOX,8314.740234375,8387.6298828125,8225.7197265625,8332.33984375,0
20260224,^TNX,4.041999816894531,4.046000003814697,4.0269999504089355,4.0329999923706055,0
20260225,^GSPC,6915.14990234375,6952.509765625,6915.14990234375,6946.1298828125,5328060000
20260225,^IXIC,23005.009765625,23169.6796875,23004.689453125,23152.080078125,8427450000
20260225,^DJI,49357.62890625,49517.359375,49206.87109375,49482.1484375,541620000
20260225,^VIX,19.59000015258789,19.6200008392334,17.860000610351562,17.93000030517578,0
20260225,KRW=X,1440.800048828125,1440.8699951171875,1424.0699462890625,1439.989990234375,0
20260225,^SOX,8442.849609375,8498.099609375,8418.509765625,8467.4296875,0
20260225,^TNX,4.056000232696533,4.058000087738037,4.034999847412109,4.047999858856201,0
20260226,^GSPC,6944.740234375,6947.25,6859.72998046875,6908.85986328125,5889550000
20260226,^IXIC,23100.580078125,23109.4609375,22670.80078125,22878.380859375,9033470000
20260226,^DJI,49544.578125,49815.21875,49237.37890625,49499.19921875,684630000
20260226,^VIX,18.06999969482422,20.540000915527344,17.5,18.6299991607666,0
20260226,KRW=X,1426.9200439453125,1437.030029296875,1418.239990234375,1426.9300537109375,0
20260226,^SOX,8402.98046875,8422.150390625,8062.10986328125,8197.259765625,0
20260226,^TNX,4.041999816894531,4.047999858856201,4.013999938964844,4.017000198364258,0
20260227,^GSPC,6856.5400390625,6882.9599609375,6831.740234375,6878.8798828125,6665660000
20260227,^IXIC,22615.4296875,22735.779296875,22538.30078125,22668.2109375,9552610000
20260227,^DJI,49253.5703125,49253.5703125,48678.78125,48977.921875,811800000
20260227,^VIX,19.280000686645508,21.739999771118164,18.770000457763672,19.860000610351562,0
20260227,KRW=X,1431.5400390625,1444.5699462890625,1429.3599853515625,1432.3199462890625,0
20260227,^SOX,8036.83984375,8139.990234375,8009.25,8098.3701171875,0
20260227,^TNX,3.9790000915527344,3.99399995803833,3.9560000896453857,3.9619998931884766,0
20260302,^GSPC,6824.35986328125,6901.009765625,6796.85009765625,6881.6201171875,6079080000
20260302,^IXIC,22322.119140625,22802.80078125,22306.080078125,22748.859375,8303030000
20260302,^DJI,48794.421875,49064.671875,48377.9609375,48904.78125,552340000
20260302,^VIX,24.65999984741211,25.239999771118164,20.3700008392334,21.440000534057617,0
20260302,KRW=X,1453.050048828125,1471.22998046875,1437.800048828125,1438.5,0
20260302,^SOX,7919.8701171875,8144.2998046875,7908.759765625,8137.35986328125,0
20260302,^TNX,3.997999906539917,4.066999912261963,3.996000051498413,4.047999858856201,0
20260303,^GSPC,6800.259765625,6840.0498046875,6710.419921875,6816.6298828125,6442080000
20260303,^IXIC,22292.369140625,22601.58984375,22124.779296875,22516.689453125,9705500000
20260303,^DJI,48493.109375,48695.359375,47626.8515625,48501.26953125,533540000
20260303,^VIX,24.56999969482422,28.149999618530273,22.18000030517578,23.56999969482422,0
20260303,KRW=X,1452.27001953125,1506.25,1452.27001953125,1452.27001953125,0
20260303,^SOX,7806.2998046875,7855.919921875,7673.080078125,7764.8798828125,0
20260303,^TNX,4.093999862670898,4.117000102996826,4.039999961853027,4.056000232696533,0
20260304,^GSPC,6831.68994140625,6885.93994140625,6811.64013671875,6869.5,5252170000
20260304,^IXIC,22620.890625,22891.880859375,22570.669921875,22807.48046875,10918410000
20260304,^DJI,48589.76953125,48854.05078125,48354.37109375,48739.41015625,511380000
20260304,^VIX,24.389999389648438,24.8700008392334,20.399999618530273,21.149999618530273,0
20260304,KRW=X,1476.699951171875,1482.4100341796875,1457.739990234375,1483.0699462890625,0
20260304,^SOX,7891.27978515625,7959.85009765625,7807.259765625,7914.47998046875,0
20260304,^TNX,4.077000141143799,4.0879998207092285,4.063000202178955,4.079999923706055,0
20260305,^GSPC,6851.080078125,6870.43017578125,6770.77978515625,6830.7099609375,5989300000
20260305,^IXIC,22707.470703125,22877.01953125,22500.2890625,22748.990234375,10994660000
20260305,^DJI,48526.73046875,48526.73046875,47577.109375,47954.73828125,625110000
20260305,^VIX,22.110000610351562,25.84000015258789,20.549999237060547,23.75,0
20260305,KRW=X,1462.0999755859375,1486.4100341796875,1455.280029296875,1460.75,0
20260305,^SOX,7875.93994140625,7965.31005859375,7660.7001953125,7821.759765625,0
20260305,^TNX,4.132999897003174,4.1479997634887695,4.123000144958496,4.145999908447266,0
20260306,^GSPC,6769.02978515625,6773.419921875,6711.56005859375,6740.02001953125,5793120000
20260306,^IXIC,22421.169921875,22614.41015625,22328.130859375,22387.6796875,9300220000
20260306,^DJI,47634.55078125,47634.55078125,47009.01171875,47501.55078125,541850000
20260306,^VIX,23.200000762939453,29.93000030517578,22.920000076293945,29.489999771118164,0
20260306,KRW=X,1478.300048828125,1495.27001953125,1467.4599609375,1479.510009765625,0
20260306,^SOX,7627.68017578125,7776.72021484375,7466.47021484375,7514.740234375,0
20260306,^TNX,4.164999961853027,4.186999797821045,4.105000019073486,4.132999897003174,0
20260309,^GSPC,6699.7998046875,6810.43994140625,6636.0400390625,6795.990234375,6709410000
20260309,^IXIC,22184.05078125,22741.029296875,22061.970703125,22695.94921875,9797740000
20260309,^DJI,47371.28125,47876.05859375,46615.51953125,47740.80078125,560020000
20260309,^VIX,35.119998931884766,35.29999923706055,24.760000228881836,25.5,0
20260309,KRW=X,1493.050048828125,1497.949951171875,1476.1500244140625,1483.8900146484375,0
20260309,^SOX,7388.330078125,7826.490234375,7363.169921875,7810.39990234375,0
20260309,^TNX,4.172999858856201,4.177000045776367,4.117000102996826,4.136000156402588,0
20260310,^GSPC,6796.56005859375,6845.080078125,6759.740234375,6781.47998046875,5944950000
20260310,^IXIC,22722.939453125,22906.720703125,22608.23046875,22697.099609375,8800580000
20260310,^DJI,47771.4296875,48220.5390625,47444.23046875,47706.51171875,490360000
20260310,^VIX,24.389999389648438,26.010000228881836,22.190000534057617,24.93000030517578,0
20260310,KRW=X,1465.8299560546875,1479.47998046875,1411.530029296875,1464.469970703125,0
20260310,^SOX,7846.52978515625,8017.06005859375,7831.10986328125,7865.1201171875,0
20260310,^TNX,4.131999969482422,4.1539998054504395,4.104000091552734,4.136000156402588,0
20260311,^GSPC,6790.08984375,6811.14990234375,6745.58984375,6775.7998046875,5511090000
20260311,^IXIC,22771.26953125,22877.7109375,22602.330078125,22716.130859375,8348570000
20260311,^DJI,47690.76171875,47711.26171875,47185.890625,47417.26953125,419500000
20260311,^VIX,24.899999618530273,26.229999542236328,23.75,24.229999542236328,0
20260311,KRW=X,1472.06005859375,1476.3900146484375,1463.4100341796875,1472.780029296875,0
20260311,^SOX,7918.27978515625,8002.93994140625,7881.169921875,7914.56982421875,0
20260311,^TNX,4.177000045776367,4.22599983215332,4.164999961853027,4.208000183105469,0
20260312,^GSPC,6740.8798828125,6740.8798828125,6670.39990234375,6672.6201171875,6292170000
20260312,^IXIC,22526.58984375,22550.75,22290.48046875,22311.98046875,8490850000
20260312,^DJI,47242.51953125,47242.51953125,46662.23046875,46677.8515625,535900000
20260312,^VIX,25.479999542236328,27.329999923706055,24.600000381469727,27.290000915527344,0
20260312,KRW=X,1476.719970703125,1495.3399658203125,1474.280029296875,1475.3399658203125,0
20260312,^SOX,7771.490234375,7805.25,7612.8701171875,7643.169921875,0
20260312,^TNX,4.22599983215332,4.2729997634887695,4.216000080108643,4.2729997634887695,0
20260313,^GSPC,6673.490234375,6733.2998046875,6623.919921875,6632.18994140625,5337120000
20260313,^IXIC,22425.69921875,22521.380859375,22069.240234375,22105.359375,8278740000
20260313,^DJI,46689.23828125,47123.98828125,46494.62890625,46558.46875,453250000
20260313,^VIX,27.850000381469727,28.469999313354492,24.670000076293945,27.190000534057617,0
20260313,KRW=X,1487.8699951171875,1501.18994140625,1485.3499755859375,1470.5799560546875,0
20260313,^SOX,7744.009765625,7818.990234375,7617.97998046875,7646.64013671875,0
20260313,^TNX,4.263000011444092,4.289999961853027,4.236000061035156,4.284999847412109,0
20260316,^GSPC,6674.3701171875,6729.7900390625,6674.3701171875,6699.3798828125,5176290000
20260316,^IXIC,22340.390625,22521.58984375,22316.630859375,22374.1796875,8208800000
20260316,^DJI,46707.3984375,47176.140625,46707.3984375,46946.41015625,514980000
20260316,^VIX,25.8799991607666,26.420000076293945,23.229999542236328,23.510000228881836,0
20260316,KRW=X,1493.199951171875,1499.949951171875,1484.8699951171875,1501.75,0
20260316,^SOX,7846.2900390625,7896.77001953125,7762.06005859375,7796.240234375,0
20260316,^TNX,4.236000061035156,4.244999885559082,4.2179999351501465,4.21999979019165,0
20260317,^GSPC,6722.35009765625,6754.2998046875,6710.7998046875,6716.08984375,5063390000
20260317,^IXIC,22458.029296875,22569.640625,22409.0703125,22479.529296875,8505210000
20260317,^DJI,47085.53125,47428.12109375,46975.51953125,46993.26171875,479900000
20260317,^VIX,24.559999465942383,24.579999923706055,21.8700008392334,22.3700008392334,0
20260317,KRW=X,1488.9200439453125,1494.9300537109375,1484.43994140625,1488.9100341796875,0
20260317,^SOX,7828.77001953125,7866.58984375,7763.8701171875,7836.830078125,0
20260317,^TNX,4.216000080108643,4.216000080108643,4.189000129699707,4.202000141143799,0
20260318,^GSPC,6697.16015625,6705.18017578125,6621.66015625,6624.7001953125,5275480000
20260318,^IXIC,22421.9609375,22461.759765625,22144.759765625,22152.419921875,9325170000
20260318,^DJI,46913.9296875,46913.9296875,46193.05859375,46225.1484375,472020000
20260318,^VIX,21.510000228881836,25.1299991607666,21.469999313354492,25.09000015258789,0
20260318,KRW=X,1486.050048828125,1504.3699951171875,1481.8199462890625,1484.8699951171875,0
20260318,^SOX,7883.1298828125,7913.7001953125,7794.259765625,7795.1298828125,0
20260318,^TNX,4.197000026702881,4.258999824523926,4.195000171661377,4.258999824523926,0
20260319,^GSPC,6583.1201171875,6636.740234375,6557.81982421875,6606.490234375,5973390000
20260319,^IXIC,21871.0390625,22187.060546875,21851.05078125,22090.689453125,8547870000
20260319,^DJI,46134.87109375,46247.21875,45733.69921875,46021.4296875,482890000
20260319,^VIX,25.600000381469727,27.520000457763672,23.540000915527344,24.059999465942383,0
20260319,KRW=X,1503.5,1504.43994140625,1493.1600341796875,1505.25,0
20260319,^SOX,7561.7998046875,7913.35009765625,7548.5,7863.2998046875,0
20260319,^TNX,4.308000087738037,4.326000213623047,4.256999969482422,4.281000137329102,0
20260320,^GSPC,6594.66015625,6594.66015625,6473.52001953125,6506.47998046875,10025820000
20260320,^IXIC,21989.330078125,21997.08984375,21522.75,21647.609375,11743490000
20260320,^DJI,45975.6484375,46068.30859375,45369.390625,45577.46875,1044540000
20260320,^VIX,24.459999084472656,29.280000686645508,23.68000030517578,26.780000686645508,0
20260320,KRW=X,1488.0,1505.3499755859375,1486.1400146484375,1489.8399658203125,0
20260320,^SOX,7862.66015625,7880.81005859375,7572.080078125,7670.60986328125,0
20260320,^TNX,4.303999900817871,4.394000053405762,4.296000003814697,4.390999794006348,0
20260323,^GSPC,6574.9599609375,6651.6201171875,6565.5498046875,6581.0,6020650000
20260323,^IXIC,21995.779296875,22189.33984375,21865.80078125,21946.759765625,8895880000
20260323,^DJI,45803.8203125,46712.328125,45803.8203125,46208.46875,530140000
20260323,^VIX,30.040000915527344,31.040000915527344,20.280000686645508,26.149999618530273,0
20260323,KRW=X,1505.1500244140625,1517.739990234375,1479.6199951171875,1504.2099609375,0
20260323,^SOX,7825.83984375,7958.0,7734.419921875,7773.1298828125,0
20260323,^TNX,4.375999927520752,4.395999908447266,4.311999797821045,4.334000110626221,0
20260324,^GSPC,6552.08984375,6595.75,6525.10986328125,6556.3701171875,5278580000
20260324,^IXIC,21807.599609375,21916.16015625,21712.0390625,21761.890625,8488380000
20260324,^DJI,46099.859375,46400.8203125,45769.69140625,46124.05859375,474450000
20260324,^VIX,25.90999984741211,27.940000534057617,25.639999389648438,26.950000762939453,0
20260324,KRW=X,1485.8199462890625,1502.6700439453125,1485.8199462890625,1485.3599853515625,0
20260324,^SOX,7732.77978515625,7924.41015625,7709.47998046875,7872.7099609375,0
20260324,^TNX,4.375999927520752,4.426000118255615,4.360000133514404,4.392000198364258,0
20260325,^GSPC,6598.35009765625,6633.93994140625,6568.41015625,6591.89990234375,4936720000
20260325,^IXIC,22006.4296875,22093.1796875,21865.4609375,21929.8203125,8056920000
20260325,^DJI,46314.23828125,46718.421875,46196.91015625,46429.48828125,462990000
20260325,^VIX,25.790000915527344,26.670000076293945,24.81999969482422,25.329999923706055,0
20260325,KRW=X,1490.5999755859375,1505.27001953125,1489.4300537109375,1497.31005859375,0
20260325,^SOX,7935.72998046875,8025.64990234375,7896.240234375,7967.75,0
20260325,^TNX,4.334000110626221,4.349999904632568,4.314000129699707,4.328000068664551,0
20260326,^GSPC,6555.85986328125,6573.22021484375,6473.7900390625,6477.16015625,4845560000
20260326,^IXIC,21693.1796875,21823.580078125,21395.76953125,21408.080078125,7726590000
20260326,^DJI,46344.640625,46547.58984375,45910.75,45960.109375,505010000
20260326,^VIX,26.489999771118164,28.489999771118164,26.1200008392334,27.440000534057617,0
20260326,KRW=X,1501.25,1509.300048828125,1501.25,1500.969970703125,0
20260326,^SOX,7823.77001953125,7831.759765625,7582.85986328125,7585.8701171875,0
20260326,^TNX,4.377999782562256,4.421999931335449,4.354000091552734,4.415999889373779,0
20260327,^GSPC,6453.89013671875,6453.89013671875,6356.080078125,6368.85009765625,5303490000
20260327,^IXIC,21287.189453125,21293.5,20909.9296875,20948.359375,8713310000
20260327,^DJI,45904.25,45904.25,45063.328125,45166.640625,555090000
20260327,^VIX,27.540000915527344,31.649999618530273,27.540000915527344,31.049999237060547,0
20260327,KRW=X,1508.0799560546875,1511.989990234375,1503.1500244140625,1508.3599853515625,0
20260327,^SOX,7545.419921875,7611.60009765625,7427.10009765625,7457.669921875,0
20260327,^TNX,4.461999893188477,4.484000205993652,4.409999847412109,4.440000057220459,0
20260330,^GSPC,6403.3701171875,6427.31005859375,6316.91015625,6343.72021484375,5458640000
20260330,^IXIC,21096.240234375,21139.720703125,20690.25,20794.640625,9234380000
20260330,^DJI,45283.05859375,45625.76171875,45057.28125,45216.140625,540680000
20260330,^VIX,30.790000915527344,31.520000457763672,29.329999923706055,30.610000610351562,0
20260330,KRW=X,1509.2099609375,1521.6300048828125,1509.2099609375,1507.02001953125,0
20260330,^SOX,7517.47021484375,7546.68017578125,7084.1298828125,7142.330078125,0
20260330,^TNX,4.374000072479248,4.380000114440918,4.323999881744385,4.3420000076293945,0
20260331,^GSPC,6395.8798828125,6539.0498046875,6395.8798828125,6528.52001953125,6396100000
20260331,^IXIC,21064.330078125,21642.619140625,21063.380859375,21590.630859375,10645070000
20260331,^DJI,45541.76171875,46383.3984375,45480.30078125,46341.51171875,639410000
20260331,^VIX,29.530000686645508,29.639999389648438,25.079999923706055,25.25,0
20260331,KRW=X,1518.280029296875,1536.8199462890625,1518.280029296875,1516.1300048828125,0
20260331,^SOX,7277.8798828125,7591.330078125,7274.14990234375,7588.2001953125,0
20260331,^TNX,4.307000160217285,4.331999778747559,4.2870001792907715,4.310999870300293,0
20260401,^GSPC,6556.56005859375,6609.669921875,6554.2900390625,6575.31982421875,5637260000
20260401,^IXIC,21742.7890625,21983.0703125,21723.720703125,21840.94921875,8801740000
20260401,^DJI,46396.12109375,46803.359375,46396.12109375,46565.73828125,604140000
20260401,^VIX,24.299999237060547,25.350000381469727,23.5,24.540000915527344,0
20260401,KRW=X,1508.1500244140625,1513.280029296875,1497.1199951171875,1503.3299560546875,0
20260401,^SOX,7680.60986328125,7893.75,7677.5400390625,7802.31005859375,0
20260401,^TNX,4.293000221252441,4.334000110626221,4.293000221252441,4.318999767303467,0
20260402,^GSPC,6512.60986328125,6601.91015625,6474.93994140625,6582.68994140625,4740740000
20260402,^IXIC,21472.51953125,21906.48046875,21371.3203125,21879.1796875,8134780000
20260402,^DJI,46469.359375,46754.71875,45897.23828125,46504.671875,446710000
20260402,^VIX,26.780000686645508,27.889999389648438,23.8700008392334,23.8700008392334,0
20260402,KRW=X,1512.030029296875,1523.510009765625,1506.530029296875,1512.0899658203125,0
20260402,^SOX,7544.93017578125,7843.740234375,7505.97021484375,7833.39013671875,0
20260402,^TNX,4.354000091552734,4.361999988555908,4.289000034332275,4.313000202178955,0
20260403,KRW=X,1506.300048828125,1511.43994140625,1504.300048828125,1509.219970703125,0
20260406,^GSPC,6587.66015625,6618.1298828125,6579.72021484375,6611.830078125,3906440000
20260406,^IXIC,21939.80078125,22052.41015625,21864.5,21996.33984375,7907270000
20260406,^DJI,46472.19921875,46701.1015625,46354.94921875,46669.87890625,339870000
20260406,^VIX,24.93000030517578,25.299999237060547,23.780000686645508,24.170000076293945,0
20260406,KRW=X,1509.6500244140625,1511.3499755859375,1498.4000244140625,1509.260009765625,0
20260406,^SOX,7917.85986328125,7963.64990234375,7821.77978515625,7916.10986328125,0
20260406,^TNX,4.360000133514404,4.366000175476074,4.316999912261963,4.335000038146973,0
20260407,^GSPC,6601.93017578125,6618.259765625,6534.5498046875,6616.85009765625,4555680000
20260407,^IXIC,21927.08984375,22024.900390625,21611.0,22017.849609375,10796020000
20260407,^DJI,46744.76171875,46744.76171875,46214.76953125,46584.4609375,450740000
20260407,^VIX,25.09000015258789,28.0,24.34000015258789,25.780000686645508,0
20260407,KRW=X,1507.5999755859375,1512.56005859375,1494.199951171875,1507.8499755859375,0
20260407,^SOX,7915.169921875,8006.33984375,7790.06982421875,8003.8701171875,0
20260407,^TNX,4.34499979019165,4.380000114440918,4.324999809265137,4.3429999351501465,0
20260408,^GSPC,6754.35986328125,6793.5,6740.27978515625,6782.81005859375,5904880000
20260408,^IXIC,22821.2109375,22821.2109375,22501.279296875,22634.990234375,10411670000
20260408,^DJI,46978.171875,48017.08984375,46978.171875,47909.921875,523710000
20260408,^VIX,20.969999313354492,22.170000076293945,19.90999984741211,21.040000915527344,0
20260408,KRW=X,1500.050048828125,1500.050048828125,1469.8699951171875,1499.1300048828125,0
20260408,^SOX,8497.9296875,8526.3896484375,8320.919921875,8510.919921875,0
20260408,^TNX,4.248000144958496,4.296999931335449,4.234000205993652,4.290999889373779,0
20260409,^GSPC,6783.68994140625,6835.31005859375,6761.5498046875,6824.66015625,4912410000
20260409,^IXIC,22646.349609375,22836.75,22529.2109375,22822.419921875,8662470000
20260409,^DJI,47840.62890625,48323.94921875,47690.26953125,48185.80078125,445240000
20260409,^VIX,21.25,21.6299991607666,19.450000762939453,19.489999771118164,0
20260409,KRW=X,1480.0999755859375,1484.4000244140625,1470.6199951171875,1477.5999755859375,0
20260409,^SOX,8561.1796875,8699.5,8543.5595703125,8689.5302734375,0
20260409,^TNX,4.296999931335449,4.321000099182129,4.260000228881836,4.293000221252441,0
20260410,^GSPC,6839.240234375,6845.77001953125,6808.4599609375,6816.89013671875,4393220000
20260410,^IXIC,22913.91015625,23011.76953125,22845.05078125,22902.890625,8700640000
20260410,^DJI,48199.390625,48235.05859375,47856.1796875,47916.5703125,477060000
20260410,^VIX,19.709999084472656,20.280000686645508,18.829999923706055,19.229999542236328,0
20260410,KRW=X,1474.5,1486.550048828125,1473.72998046875,1473.280029296875,0
20260410,^SOX,8812.2197265625,8962.9501953125,8795.580078125,8889.830078125,0
20260410,^TNX,4.284999847412109,4.322999954223633,4.2769999504089355,4.316999912261963,0
20260413,^GSPC,6806.47021484375,6887.0,6790.02001953125,6886.240234375,4785840000
20260413,^IXIC,22849.23046875,23187.9609375,22795.8203125,23183.740234375,7925320000
20260413,^DJI,47718.2109375,48221.37109375,47505.96875,48218.25,455850000
20260413,^VIX,21.170000076293945,21.579999923706055,18.959999084472656,19.1200008392334,0
20260413,KRW=X,1482.1600341796875,1496.800048828125,1482.1600341796875,1482.1800537109375,0
20260413,^SOX,8873.3095703125,9044.7900390625,8837.9599609375,9039.51953125,0
20260413,^TNX,4.348999977111816,4.35099983215332,4.296999931335449,4.296999931335449,0
20260414,^GSPC,6910.2001953125,6969.419921875,6905.169921875,6967.3798828125,5032380000
20260414,^IXIC,23331.5,23639.080078125,23331.5,23639.080078125,9105660000
20260414,^DJI,48272.03125,48592.2890625,48192.30078125,48535.98828125,527910000
20260414,^VIX,18.729999542236328,18.760000228881836,17.889999389648438,18.360000610351562,0
20260414,KRW=X,1477.4300537109375,1485.1400146484375,1467.06005859375,1476.8399658203125,0
20260414,^SOX,9133.2900390625,9225.4599609375,9042.150390625,9224.1201171875,0
20260414,^TNX,4.296999931335449,4.304999828338623,4.251999855041504,4.25600004196167,0
20260415,^GSPC,6978.169921875,7026.240234375,6967.1298828125,7022.9501953125,5278610000
20260415,^IXIC,23688.119140625,24026.560546875,23672.259765625,24016.01953125,10206480000
20260415,^DJI,48549.140625,48709.01171875,48281.62109375,48463.71875,529870000
20260415,^VIX,18.18000030517578,18.5,17.399999618530273,18.170000076293945,0
20260415,KRW=X,1470.739990234375,1478.949951171875,1469.239990234375,1469.4200439453125,0
20260415,^SOX,9189.23046875,9249.9599609375,9035.1103515625,9239.2900390625,0
20260415,^TNX,4.271999835968018,4.293000221252441,4.263999938964844,4.2820000648498535,0
20260416,^GSPC,7037.77978515625,7051.22998046875,7008.52001953125,7041.27978515625,5173650000
20260416,^IXIC,24062.44921875,24156.1796875,23894.91015625,24102.69921875,9963610000
20260416,^DJI,48557.8203125,48683.44921875,48337.37890625,48578.71875,456610000
20260416,^VIX,18.040000915527344,19.09000015258789,17.760000228881836,17.940000534057617,0
20260416,KRW=X,1472.800048828125,1479.3199462890625,1466.5899658203125,1474.06005859375,0
20260416,^SOX,9215.9296875,9356.16015625,9144.98046875,9329.349609375,0
20260416,^TNX,4.276000022888184,4.316999912261963,4.265999794006348,4.309000015258789,0
20260417,^GSPC,7074.5498046875,7147.52001953125,7074.5498046875,7126.06005859375,6145300000
20260417,^IXIC,24338.009765625,24519.509765625,24286.470703125,24468.48046875,10159120000
20260417,^DJI,48788.80859375,49717.98046875,48788.80859375,49447.4296875,585650000
20260417,^VIX,18.18000030517578,18.239999771118164,16.8700008392334,17.479999542236328,0
20260417,KRW=X,1481.75,1485.239990234375,1453.6300048828125,1477.9200439453125,0
20260417,^SOX,9477.8896484375,9556.419921875,9419.1298828125,9555.8798828125,0
20260417,^TNX,4.296999931335449,4.296999931335449,4.22599983215332,4.245999813079834,0
20260420,^GSPC,7117.0498046875,7122.64990234375,7084.41015625,7109.14013671875,4661130000
20260420,^IXIC,24417.529296875,24435.919921875,24221.529296875,24404.390625,8379940000
20260420,^DJI,49422.37109375,49489.62890625,49245.6015625,49442.55859375,411270000
20260420,^VIX,19.579999923706055,19.989999771118164,18.770000457763672,18.8700008392334,0
20260420,KRW=X,1465.1500244140625,1478.6400146484375,1464.489990234375,1465.1500244140625,0
20260420,^SOX,9604.900390625,9612.08984375,9462.9404296875,9599.2099609375,0
20260420,^TNX,4.26200008392334,4.27400016784668,4.24399995803833,4.25,0
20260421,^GSPC,7122.64013671875,7137.27001953125,7050.2001953125,7064.009765625,5160270000
20260421,^IXIC,24465.33984375,24537.580078125,24198.990234375,24259.9609375,9309940000
20260421,^DJI,49688.37109375,49848.69140625,49046.5390625,49149.37890625,476630000
20260421,^VIX,19.18000030517578,20.850000381469727,18.75,19.5,0
20260421,KRW=X,1471.0699462890625,1479.1199951171875,1466.9100341796875,1469.260009765625,0
20260421,^SOX,9676.7802734375,9721.400390625,9569.7001953125,9647.2099609375,0
20260421,^TNX,4.271999835968018,4.309000015258789,4.26200008392334,4.291999816894531,0
20260422,^GSPC,7102.91015625,7138.64013671875,7102.91015625,7137.89990234375,4919460000
20260422,^IXIC,24462.310546875,24660.109375,24421.400390625,24657.5703125,8080930000
20260422,^DJI,49271.5,49624.48046875,49271.5,49490.03125,426410000
20260422,^VIX,19.030000686645508,19.540000915527344,18.68000030517578,18.920000076293945,0
20260422,KRW=X,1478.1300048828125,1481.9000244140625,1473.3199462890625,1485.800048828125,0
20260422,^SOX,9817.099609375,9914.080078125,9698.9501953125,9909.26953125,0
20260422,^TNX,4.265999794006348,4.303999900817871,4.263999938964844,4.294000148773193,0
20260423,^GSPC,7118.7998046875,7147.77978515625,7046.5498046875,7108.39990234375,5307260000
20260423,^IXIC,24553.75,24664.869140625,24209.740234375,24438.5,7956600000
20260423,^DJI,49284.8515625,49522.94140625,48861.30859375,49310.3203125,455470000
20260423,^VIX,19.420000076293945,21.559999465942383,18.700000762939453,19.309999465942383,0
20260423,KRW=X,1477.0,1484.4000244140625,1475.47998046875,1477.9599609375,0
20260423,^SOX,9984.73046875,10206.1796875,9923.4296875,10078.5703125,0
20260423,^TNX,4.306000232696533,4.35099983215332,4.285999774932861,4.322999954223633,0
20260424,^GSPC,7136.47998046875,7168.58984375,7112.81982421875,7165.080078125,4608830000
20260424,^IXIC,24616.560546875,24854.0390625,24524.369140625,24836.599609375,10203070000
20260424,^DJI,49320.2890625,49393.33984375,49085.75,49230.7109375,536950000
20260424,^VIX,18.889999389648438,19.350000381469727,18.459999084472656,18.709999084472656,0
20260424,KRW=X,1481.1800537109375,1485.6600341796875,1473.5400390625,1479.949951171875,0
20260424,^SOX,10463.8095703125,10564.009765625,10270.9599609375,10513.66015625,0
20260424,^TNX,4.311999797821045,4.353000164031982,4.300000190734863,4.309999942779541,0
20260427,^GSPC,7152.72021484375,7178.740234375,7146.72021484375,7173.91015625,4783750000
20260427,^IXIC,24799.640625,24899.369140625,24694.8203125,24887.099609375,8126500000
20260427,^DJI,49112.19921875,49353.69140625,49029.46875,49167.7890625,514570000
20260427,^VIX,19.209999084472656,19.270000457763672,18.020000457763672,18.020000457763672,0
20260427,KRW=X,1476.4100341796875,1477.0999755859375,1468.0999755859375,1474.68994140625,0
20260427,^SOX,10533.3203125,10536.8603515625,10251.73046875,10408.0400390625,0
20260427,^TNX,4.311999797821045,4.349999904632568,4.309999942779541,4.335999965667725,0
20260428,^GSPC,7133.740234375,7152.52001953125,7115.169921875,7138.7998046875,4900650000
20260428,^IXIC,24609.5703125,24724.69921875,24524.23046875,24663.80078125,7441950000
20260428,^DJI,49276.80078125,49381.328125,49077.75,49141.9296875,508210000
20260428,^VIX,18.299999237060547,19.43000030517578,17.780000686645508,17.829999923706055,0
20260428,KRW=X,1473.0899658203125,1478.219970703125,1470.68994140625,1473.0,0
20260428,^SOX,9979.169921875,10184.990234375,9865.3798828125,10035.580078125,0
20260428,^TNX,4.370999813079834,4.377999782562256,4.35099983215332,4.354000091552734,0
20260429,^GSPC,7131.60986328125,7145.6298828125,7107.85986328125,7135.9501953125,5123100000
20260429,^IXIC,24606.529296875,24724.109375,24532.69921875,24673.240234375,8147470000
20260429,^DJI,49163.78125,49163.78125,48708.5703125,48861.80859375,453280000
20260429,^VIX,17.829999923706055,19.0,17.809999465942383,18.809999465942383,0
20260429,KRW=X,1471.739990234375,1488.18994140625,1471.1400146484375,1471.989990234375,0
20260429,^SOX,10192.330078125,10272.9501953125,10113.2099609375,10271.2998046875,0
20260429,^TNX,4.361999988555908,4.432000160217285,4.361999988555908,4.418000221252441,0
20260430,^GSPC,7161.75,7219.830078125,7126.14990234375,7209.009765625,5723790000
20260430,^IXIC,24859.939453125,24935.599609375,24491.830078125,24892.310546875,8139190000
20260430,^DJI,48762.9296875,49753.26171875,48762.9296875,49652.140625,733120000
20260430,^VIX,18.68000030517578,18.729999542236328,16.8700008392334,16.889999389648438,0
20260430,KRW=X,1485.2900390625,1487.5699462890625,1471.1800537109375,1487.3800048828125,0
20260430,^SOX,10387.83984375,10516.3896484375,10229.8896484375,10503.7001953125,0
20260430,^TNX,4.392000198364258,4.409999847412109,4.381999969482422,4.389999866485596,0
20260501,^GSPC,7234.5400390625,7272.52001953125,7229.31982421875,7230.1201171875,4847390000
20260501,^IXIC,24977.7890625,25223.119140625,24967.08984375,25114.439453125,7534290000
20260501,^DJI,49832.5703125,49988.55859375,49496.46875,49499.26953125,465300000
20260501,^VIX,17.010000228881836,17.389999389648438,16.440000534057617,16.989999771118164,0
20260501,KRW=X,1473.449951171875,1476.3699951171875,1466.030029296875,1474.010009765625,0
20260501,^SOX,10388.8203125,10624.2099609375,10364.400390625,10595.33984375,0
20260501,^TNX,4.368000030517578,4.4039998054504395,4.3420000076293945,4.377999782562256,0
20260504,^GSPC,7228.3798828125,7244.5400390625,7174.1201171875,7200.75,5215480000
20260504,^IXIC,25112.1796875,25210.470703125,24913.119140625,25067.80078125,7849180000
20260504,^DJI,49416.66015625,49441.4296875,48913.05859375,48941.8984375,439460000
20260504,^VIX,17.3799991607666,19.079999923706055,17.149999618530273,18.290000915527344,0
20260504,KRW=X,1471.6400146484375,1476.25,1463.489990234375,1471.72998046875,0
20260504,^SOX,10656.0703125,10690.4697265625,10430.2099609375,10534.66015625,0
20260504,^TNX,4.400000095367432,4.464000225067139,4.389999866485596,4.446000099182129,0
20260505,^GSPC,7233.6201171875,7273.259765625,7233.6201171875,7259.22021484375,5279760000
20260505,^IXIC,25258.880859375,25361.05078125,25217.16015625,25326.130859375,8090030000
20260505,^DJI,49037.12109375,49365.21875,49009.109375,49298.25,395600000
20260505,^VIX,17.950000762939453,18.020000457763672,17.200000762939453,17.3799991607666,0
20260505,KRW=X,1476.050048828125,1478.050048828125,1466.1700439453125,1476.050048828125,0
20260505,^SOX,10759.2099609375,11058.16015625,10718.490234375,10980.580078125,0
20260505,^TNX,4.426000118255615,4.429999828338623,4.406000137329102,4.415999889373779,0
20260506,^GSPC,7294.14013671875,7369.22021484375,7294.14013671875,7365.1201171875,6579640000
20260506,^IXIC,25495.169921875,25850.189453125,25464.439453125,25838.939453125,8864150000
20260506,^DJI,49442.19140625,50011.53125,49442.19140625,49910.58984375,552640000
20260506,^VIX,17.149999618530273,17.459999084472656,16.18000030517578,17.389999389648438,0
20260506,KRW=X,1463.3499755859375,1472.8599853515625,1439.1500244140625,1473.9599609375,0
20260506,^SOX,11243.830078125,11477.3798828125,11062.9501953125,11472.75,0
20260506,^TNX,4.366000175476074,4.372000217437744,4.3480000495910645,4.355999946594238,0
20260507,^GSPC,7376.77978515625,7385.02001953125,7321.25,7337.10986328125,6237040000
20260507,^IXIC,25881.30078125,26036.380859375,25713.650390625,25806.19921875,9118880000
20260507,^DJI,50002.390625,50130.19921875,49487.96875,49596.96875,482010000
20260507,^VIX,17.530000686645508,17.600000381469727,16.850000381469727,17.079999923706055,0
20260507,KRW=X,1446.1700439453125,1454.6300048828125,1445.5999755859375,1444.449951171875,0
20260507,^SOX,11332.1904296875,11404.3701171875,11075.1298828125,11160.990234375,0
20260507,^TNX,4.334000110626221,4.395999908447266,4.314000129699707,4.392000198364258,0
20260508,^GSPC,7362.97021484375,7401.5,7362.97021484375,7398.93017578125,5302740000
20260508,^IXIC,25958.119140625,26248.619140625,25944.779296875,26247.080078125,9577150000
20260508,^DJI,49581.08984375,49830.69921875,49486.9609375,49609.16015625,456510000
20260508,^VIX,17.3700008392334,17.530000686645508,16.81999969482422,17.190000534057617,0
20260508,KRW=X,1457.6300048828125,1470.780029296875,1457.02001953125,1454.7900390625,0
20260508,^SOX,11408.009765625,11776.740234375,11388.419921875,11775.5,0
20260508,^TNX,4.372000217437744,4.388000011444092,4.3460001945495605,4.363999843597412,0
20260511,^GSPC,7385.31005859375,7428.97021484375,7384.2001953125,7412.83984375,5821910000
20260511,^IXIC,26135.630859375,26359.310546875,26129.830078125,26274.130859375,11989910000
20260511,^DJI,49549.0703125,49771.23828125,49475.78125,49704.46875,493230000
20260511,^VIX,18.209999084472656,18.469999313354492,17.899999618530273,18.3799991607666,0
20260511,KRW=X,1462.2099609375,1476.68994140625,1462.2099609375,1460.550048828125,0
20260511,^SOX,11875.2900390625,12108.669921875,11822.490234375,12081.0400390625,0
20260511,^TNX,4.392000198364258,4.409999847412109,4.377999782562256,4.409999847412109,0
20260512,^GSPC,7390.6298828125,7409.56982421875,7338.5400390625,7400.9599609375,5624790000
20260512,^IXIC,26087.009765625,26190.48046875,25739.220703125,26088.19921875,9631840000
20260512,^DJI,49739.62109375,49823.94140625,49307.66015625,49760.55859375,498360000
20260512,^VIX,18.770000457763672,19.100000381469727,17.920000076293945,17.989999771118164,0
20260512,KRW=X,1474.1800537109375,1493.93994140625,1474.1800537109375,1474.449951171875,0
20260512,^SOX,11741.4697265625,11919.0,11263.580078125,11717.259765625,0
20260512,^TNX,4.436999797821045,4.4670000076293945,4.422999858856201,4.4629998207092285,0
20260513,^GSPC,7409.1201171875,7460.0400390625,7375.1298828125,7444.25,5716600000
20260513,^IXIC,26147.650390625,26474.1796875,25990.16015625,26402.33984375,9734720000
20260513,^DJI,49674.578125,49747.609375,49451.0,49693.19921875,485990000
20260513,^VIX,17.979999542236328,18.399999618530273,17.760000228881836,17.8700008392334,0
20260513,KRW=X,1493.18994140625,1499.7900390625,1486.050048828125,1492.989990234375,0
20260513,^SOX,11988.75,12106.5498046875,11739.169921875,12017.98046875,0
20260513,^TNX,4.465000152587891,4.5,4.460999965667725,4.480999946594238,0
20260514,^GSPC,7454.39990234375,7517.1201171875,7454.39990234375,7501.240234375,5267050000
20260514,^IXIC,26425.470703125,26707.140625,26423.2109375,26635.220703125,9860060000
20260514,^DJI,49843.578125,50200.5390625,49843.578125,50063.4609375,504090000
20260514,^VIX,17.860000610351562,18.079999923706055,17.200000762939453,17.260000228881836,0
20260514,KRW=X,1489.969970703125,1494.02001953125,1487.6400146484375,1489.8399658203125,0
20260514,^SOX,11950.1396484375,12141.5400390625,11892.41015625,12073.7802734375,0
20260514,^TNX,4.439000129699707,4.460999965667725,4.435999870300293,4.460999965667725,0
20260515,^GSPC,7445.10986328125,7454.85009765625,7397.5,7408.5,5582070000
20260515,^IXIC,26288.919921875,26460.759765625,26097.5390625,26225.140625,9584430000
20260515,^DJI,49930.26171875,49930.26171875,49503.5703125,49526.171875,587920000
20260515,^VIX,18.06999969482422,19.270000457763672,17.799999237060547,18.43000030517578,0
20260515,KRW=X,1493.550048828125,1505.780029296875,1493.550048828125,1493.3399658203125,0
20260515,^SOX,11672.5400390625,11810.669921875,11522.26953125,11588.4599609375,0
20260515,^TNX,4.547999858856201,4.598999977111816,4.546000003814697,4.59499979019165,0
20260518,^GSPC,7415.06982421875,7434.06005859375,7353.169921875,7403.0498046875,5489500000
20260518,^IXIC,26289.490234375,26310.83984375,25867.30078125,26090.73046875,10327940000
20260518,^DJI,49481.0390625,49761.16015625,49352.55859375,49686.12109375,461520000
20260518,^VIX,19.25,19.440000534057617,17.700000762939453,17.81999969482422,0
20260518,KRW=X,1499.18994140625,1506.6600341796875,1491.8800048828125,1497.1500244140625,0
20260518,^SOX,11825.8798828125,11825.8798828125,11097.759765625,11302.51953125,0
20260518,^TNX,4.598999977111816,4.626999855041504,4.564000129699707,4.623000144958496,0
20260519,^GSPC,7375.75,7395.31982421875,7333.68017578125,7353.60986328125,5441140000
20260519,^IXIC,25923.490234375,26050.2890625,25701.439453125,25870.7109375,9895620000
20260519,^DJI,49696.53125,49696.53125,49245.109375,49363.87890625,494840000
20260519,^VIX,18.010000228881836,18.360000610351562,17.65999984741211,18.059999465942383,0
20260519,KRW=X,1493.1199951171875,1512.6800537109375,1493.1199951171875,1492.3199462890625,0
20260519,^SOX,11053.990234375,11513.990234375,10895.75,11305.5,0
20260519,^TNX,4.617000102996826,4.686999797821045,4.61299991607666,4.666999816894531,0
20260520,^GSPC,7369.18994140625,7435.68994140625,7357.4599609375,7432.97021484375,5384150000
20260520,^IXIC,25991.509765625,26273.759765625,25928.330078125,26270.359375,9268370000
20260520,^DJI,49348.828125,50067.21875,49235.73828125,50009.3515625,513230000
20260520,^VIX,18.170000076293945,18.18000030517578,17.1299991607666,17.440000534057617,0
20260520,KRW=X,1509.3599853515625,1513.030029296875,1492.27001953125,1507.8499755859375,0
20260520,^SOX,11580.080078125,11818.3896484375,11528.1298828125,11813.2900390625,0
20260520,^TNX,4.64300012588501,4.658999919891357,4.565999984741211,4.572000026702881,0
20260521,^GSPC,7410.77978515625,7465.9599609375,7389.47998046875,7445.72021484375,5440620000
20260521,^IXIC,26143.619140625,26403.5703125,26039.369140625,26293.099609375,8627780000
20260521,^DJI,49983.80078125,50381.41015625,49697.46875,50285.66015625,560940000
20260521,^VIX,17.579999923706055,17.8700008392334,16.600000381469727,16.760000228881836,0
20260521,KRW=X,1499.030029296875,1510.81005859375,1497.719970703125,1499.77001953125,0
20260521,^SOX,11826.08984375,12003.009765625,11739.8095703125,11964.080078125,0
20260521,^TNX,4.609000205993652,4.635000228881836,4.553999900817871,4.585999965667725,0
20260522,^GSPC,7468.81982421875,7506.31982421875,7463.2900390625,7473.47021484375,4952440000
20260522,^IXIC,26381.560546875,26504.55078125,26309.80078125,26343.970703125,9265090000
20260522,^DJI,50434.6484375,50830.23828125,50434.6484375,50579.69921875,463470000
20260522,^VIX,16.829999923706055,17.389999389648438,16.459999084472656,16.700000762939453,0
20260522,KRW=X,1505.8499755859375,1519.1400146484375,1505.8499755859375,1504.4000244140625,0
20260522,^SOX,12070.169921875,12304.51953125,12069.0400390625,12202.5400390625,0
20260522,^TNX,4.541999816894531,4.585999965667725,4.5279998779296875,4.558000087738037,0
20260525,^VIX,16.809999465942383,16.8700008392334,16.530000686645508,16.59000015258789,0
20260525,KRW=X,1512.8299560546875,1515.4599609375,1504.800048828125,1512.8299560546875,0
20260526,^GSPC,7511.7900390625,7539.08984375,7501.10009765625,7519.1201171875,5496060000
20260526,^IXIC,26590.5,26725.2890625,26520.30078125,26656.1796875,9718120000
20260526,^DJI,50686.1484375,50785.6796875,50356.640625,50461.6796875,530360000
20260526,^VIX,16.920000076293945,17.229999542236328,16.559999465942383,17.010000228881836,0
20260526,KRW=X,1513.9200439453125,1515.1600341796875,1500.1600341796875,1514.7900390625,0
20260526,^SOX,12616.6298828125,12932.8095703125,12548.240234375,12876.91015625,0
20260526,^TNX,4.488999843597412,4.51200008392334,4.479000091552734,4.493000030517578,0
20260527,^GSPC,7526.009765625,7530.72021484375,7499.72021484375,7520.35986328125,5524250000
20260527,^IXIC,26695.439453125,26715.310546875,26538.310546875,26674.73046875,9240640000
20260527,^DJI,50487.16015625,50830.41015625,50487.16015625,50644.28125,503580000
20260527,^VIX,17.010000228881836,17.18000030517578,16.290000915527344,16.290000915527344,0
20260527,KRW=X,1505.6800537109375,1506.2900390625,1493.3599853515625,1505.43994140625,0
20260527,^SOX,13029.7900390625,13037.91015625,12452.3603515625,12702.1904296875,0
20260527,^TNX,4.4710001945495605,4.488999843597412,4.448999881744385,4.480999946594238,0
20260528,^GSPC,7519.81982421875,7568.72021484375,7508.0400390625,7563.6298828125,5494860000
20260528,^IXIC,26686.529296875,26934.83984375,26588.51953125,26917.470703125,9224620000
20260528,^DJI,50660.98046875,50764.0390625,50314.33984375,50668.96875,505090000
20260528,^VIX,16.760000228881836,16.850000381469727,15.609999656677246,15.739999771118164,0
20260528,KRW=X,1505.1800537109375,1510.68994140625,1492.6300048828125,1503.1099853515625,0
20260528,^SOX,12748.58984375,12961.1904296875,12528.6904296875,12829.1396484375,0
20260528,^TNX,4.507999897003174,4.510000228881836,4.436999797821045,4.454999923706055,0
20260529,^GSPC,7579.330078125,7599.3798828125,7563.5498046875,7580.06005859375,7858290000
20260529,^IXIC,26960.83984375,27094.80078125,26859.26953125,26972.619140625,11906000000
20260529,^DJI,50773.91015625,51094.1796875,50698.26953125,51032.4609375,894700000
20260529,^VIX,15.8100004196167,15.880000114440918,15.220000267028809,15.319999694824219,0
20260529,KRW=X,1495.6099853515625,1510.1800537109375,1495.6099853515625,1495.2900390625,0
20260529,^SOX,12973.76953125,13115.2802734375,12737.1904296875,12829.3798828125,0
20260529,^TNX,4.440999984741211,4.456999778747559,4.426000118255615,4.453000068664551,0
20260601,^GSPC,7582.2900390625,7617.66015625,7562.60986328125,7599.9599609375,6583960000
20260601,^IXIC,26952.580078125,27190.2109375,26913.119140625,27086.810546875,10199240000
20260601,^DJI,51161.1015625,51161.1015625,50767.3203125,51078.87890625,625190000
20260601,^VIX,15.880000114440918,16.34000015258789,15.710000038146973,16.049999237060547,0
20260601,KRW=X,1507.6199951171875,1518.0,1501.949951171875,1506.8399658203125,0
20260601,^SOX,12706.6201171875,13088.009765625,12631.0302734375,12965.650390625,0
20260601,^TNX,4.456999778747559,4.515999794006348,4.445000171661377,4.474999904632568,0
20260602,^GSPC,7595.39990234375,7620.89990234375,7582.990234375,7609.77978515625,5904410000
20260602,^IXIC,27030.0703125,27171.2890625,26932.76953125,27093.900390625,9675650000
20260602,^DJI,50912.83984375,51369.609375,50829.55078125,51307.7890625,548760000
20260602,^VIX,16.280000686645508,16.290000915527344,15.710000038146973,15.770000457763672,0
20260602,KRW=X,1512.030029296875,1519.9300537109375,1509.1800537109375,1511.27001953125,0
20260602,^SOX,13242.7001953125,13733.7197265625,13202.1796875,13726.26953125,0
20260602,^TNX,4.429999828338623,4.4629998207092285,4.427999973297119,4.454999923706055,0
20260603,^GSPC,7605.31005859375,7605.35009765625,7551.22021484375,7553.68017578125,5753860000
20260603,^IXIC,27092.849609375,27130.880859375,26769.150390625,26853.98046875,9267670000
20260603,^DJI,51220.921875,51220.921875,50687.0703125,50687.0703125,546850000
20260603,^VIX,15.970000267028809,16.6299991607666,15.9399995803833,16.059999465942383,0
20260603,KRW=X,1516.9300537109375,1534.550048828125,1514.739990234375,1516.5999755859375,0
20260603,^SOX,13971.150390625,13998.1396484375,13554.3701171875,13916.9599609375,0
20260603,^TNX,4.485000133514404,4.502999782562256,4.474999904632568,4.491000175476074,0
20260604,^GSPC,7516.5400390625,7598.18994140625,7516.5400390625,7584.31005859375,5398910000
20260604,^IXIC,26579.30078125,26923.69921875,26554.240234375,26830.9609375,8999970000
20260604,^DJI,50986.1015625,51657.890625,50986.1015625,51561.9296875,520670000
20260604,^VIX,16.329999923706055,16.799999237060547,15.180000305175781,15.399999618530273,0
20260604,KRW=X,1529.25,1540.050048828125,1521.0,1530.1099853515625,0
20260604,^SOX,13243.66015625,13819.6201171875,13041.2802734375,13617.5,0
20260604,^TNX,4.456999778747559,4.479000091552734,4.448999881744385,4.4770002365112305,0
20260605,^GSPC,7537.35986328125,7541.81005859375,7368.6298828125,7383.740234375,5591290000
20260605,^IXIC,26536.58984375,26572.25,25648.470703125,25709.4296875,11550140000
20260605,^DJI,51610.01953125,51660.3984375,50781.44921875,50866.78125,638680000
20260605,^VIX,15.869999885559082,21.56999969482422,15.5600004196167,21.510000228881836,0
20260605,KRW=X,1534.0799560546875,1556.3900146484375,1532.1600341796875,1533.0699462890625,0
20260605,^SOX,13062.5498046875,13111.4404296875,12217.3203125,12220.759765625,0
20260605,^TNX,4.4670000076293945,4.553999900817871,4.465000152587891,4.535999774932861,0
20260608,^GSPC,7440.56982421875,7466.81005859375,7395.1298828125,7405.72998046875,4898180000
20260608,^IXIC,26065.0703125,26179.650390625,25872.6796875,25929.66015625,10077650000
20260608,^DJI,50997.23046875,51277.1484375,50732.3515625,50786.01171875,477180000
20260608,^VIX,20.290000915527344,20.350000381469727,17.940000534057617,18.920000076293945,0
20260608,KRW=X,1554.280029296875,1555.4100341796875,1525.1099853515625,1554.47998046875,0
20260608,^SOX,12838.8798828125,13129.01953125,12676.740234375,12906.6904296875,0
20260608,^TNX,4.539999961853027,4.558000087738037,4.515999794006348,4.552000045776367,0
20260609,^GSPC,7438.66015625,7483.14990234375,7237.85009765625,7386.64990234375,6006390000
20260609,^IXIC,26110.310546875,26259.919921875,24980.380859375,25678.8203125,12106940000
20260609,^DJI,50814.421875,51260.921875,50211.12109375,50872.109375,566610000
20260609,^VIX,18.190000534057617,23.34000015258789,17.520000457763672,19.8700008392334,0
20260609,KRW=X,1529.9599609375,1532.9599609375,1509.719970703125,1528.8800048828125,0
20260609,^SOX,13142.990234375,13264.1201171875,11794.150390625,12657.8095703125,0
20260609,^TNX,4.546000003814697,4.556000232696533,4.519999980926514,4.5279998779296875,0
20260610,^GSPC,7350.5400390625,7396.56005859375,7265.93017578125,7266.990234375,5247300000
20260610,^IXIC,25512.0703125,25726.0,25145.30078125,25169.5,9519620000
20260610,^DJI,50760.12109375,50769.26171875,49909.0703125,49918.78125,503790000
20260610,^VIX,20.100000381469727,22.65999984741211,20.059999465942383,22.219999313354492,0
20260610,KRW=X,1525.510009765625,1528.2900390625,1514.8699951171875,1525.81005859375,0
20260610,^SOX,12501.83984375,12870.5302734375,12157.66015625,12206.4599609375,0
20260610,^TNX,4.533999919891357,4.559999942779541,4.513000011444092,4.541999816894531,0
20260611,^GSPC,7287.669921875,7412.68017578125,7257.330078125,7394.2998046875,5658920000
20260611,^IXIC,25309.779296875,25846.560546875,25109.390625,25809.66015625,10101910000
20260611,^DJI,49972.0703125,50968.94921875,49972.0703125,50848.75,516860000
20260611,^VIX,21.25,22.59000015258789,19.360000610351562,19.440000534057617,0
20260611,KRW=X,1524.25,1533.739990234375,1523.0899658203125,1525.050048828125,0
20260611,^SOX,12506.650390625,13194.2802734375,12475.23046875,13171.4404296875,0
20260611,^TNX,4.520999908447266,4.550000190734863,4.456999778747559,4.4629998207092285,0
20260612,^GSPC,7410.85009765625,7456.39990234375,7363.009765625,7431.4599609375,4950530000
20260612,^IXIC,25783.359375,26010.310546875,25599.939453125,25888.83984375,10337400000
20260612,^DJI,51148.73046875,51409.69921875,50827.83984375,51202.26171875,427710000
20260612,^VIX,19.510000228881836,19.850000381469727,17.59000015258789,17.68000030517578,0
20260612,KRW=X,1517.5999755859375,1523.6099853515625,1513.8199462890625,1517.3800048828125,0
20260612,^SOX,13053.9296875,13513.4404296875,12986.0595703125,13371.4697265625,0
20260612,^TNX,4.4730000495910645,4.506999969482422,4.468999862670898,4.486999988555908,0
20260615,^GSPC,7516.75,7577.919921875,7516.75,7554.2900390625,5674670000
20260615,^IXIC,26447.23046875,26687.560546875,26438.76953125,26683.939453125,10590270000
20260615,^DJI,51364.55078125,51945.890625,51364.55078125,51671.03125,509660000
20260615,^VIX,16.780000686645508,16.850000381469727,15.979999542236328,16.200000762939453,0
20260615,KRW=X,1509.239990234375,1515.280029296875,1503.1600341796875,1509.5,0
20260615,^SOX,13901.240234375,14134.599609375,13860.3203125,14099.6201171875,0
20260615,^TNX,4.454999923706055,4.4730000495910645,4.440999984741211,4.468999862670898,0
20260616,^GSPC,7548.77978515625,7564.9599609375,7508.68017578125,7511.35009765625,5286210000
20260616,^IXIC,26649.970703125,26788.619140625,26369.390625,26376.33984375,11132830000
20260616,^DJI,51712.62890625,52190.2890625,51712.62890625,51999.671875,447100000
20260616,^VIX,16.200000762939453,16.440000534057617,15.770000457763672,16.40999984741211,0
20260616,KRW=X,1513.22998046875,1517.18994140625,1504.1500244140625,1513.31005859375,0
20260616,^SOX,13968.2802734375,14133.599609375,13291.75,13294.2197265625,0
20260616,^TNX,4.442999839782715,4.459000110626221,4.420000076293945,4.427999973297119,0
20260617,^GSPC,7524.5,7532.169921875,7402.60986328125,7420.10009765625,5883740000
20260617,^IXIC,26493.8203125,26511.55078125,25960.41015625,26021.66015625,11443600000
20260617,^DJI,51937.55859375,52281.19140625,51392.578125,51492.55078125,496040000
20260617,^VIX,16.079999923706055,18.84000015258789,16.020000457763672,18.440000534057617,0
20260617,KRW=X,1512.449951171875,1517.489990234375,1509.3699951171875,1510.9599609375,0
20260617,^SOX,13694.009765625,13965.599609375,13471.2197265625,13477.0703125,0
20260617,^TNX,4.442999839782715,4.479000091552734,4.426000118255615,4.4629998207092285,0
20260618,^GSPC,7487.35986328125,7511.06982421875,7468.31982421875,7500.580078125,9061110000
20260618,^IXIC,26410.619140625,26559.740234375,26188.689453125,26517.9296875,18286150000
20260618,^DJI,51571.8515625,51949.26171875,51554.53125,51564.69921875,985370000
20260618,^VIX,17.229999542236328,17.600000381469727,16.350000381469727,16.399999618530273,0
20260618,KRW=X,1524.469970703125,1540.449951171875,1519.2099609375,1525.4200439453125,0
20260618,^SOX,14084.759765625,14461.7900390625,14062.2802734375,14341.7802734375,0
20260618,^TNX,4.453000068664551,4.453000068664551,4.420000076293945,4.451000213623047,0
20260619,KRW=X,1535.22998046875,1540.1300048828125,1525.0899658203125,1537.56005859375,0
20260622,^GSPC,7500.43994140625,7530.009765625,7460.009765625,7472.7900390625,5976740000
20260622,^IXIC,26483.310546875,26561.119140625,26125.48046875,26166.599609375,12844290000
20260622,^DJI,51555.19140625,51887.8515625,51555.19140625,51712.7109375,529120000
20260622,^VIX,17.479999542236328,17.920000076293945,16.489999771118164,17.280000686645508,0
20260622,KRW=X,1530.0400390625,1541.1700439453125,1529.550048828125,1531.3299560546875,0
20260622,^SOX,14607.0498046875,14655.2900390625,14393.8896484375,14634.7197265625,0
20260622,^TNX,4.494999885559082,4.514999866485596,4.480999946594238,4.508999824523926,0
20260623,^GSPC,7366.509765625,7424.169921875,7347.60009765625,7365.4599609375,5640530000
20260623,^IXIC,25549.759765625,25882.5703125,25513.259765625,25587.0390625,14631520000
20260623,^DJI,51735.640625,51872.55859375,51301.76953125,51666.83984375,548870000
20260623,^VIX,19.670000076293945,20.540000915527344,18.610000610351562,19.489999771118164,0
20260623,KRW=X,1539.5400390625,1541.6600341796875,1531.199951171875,1539.050048828125,0
20260623,^SOX,13586.2900390625,13857.16015625,13374.4404296875,13482.509765625,0
20260623,^TNX,4.486999988555908,4.497000217437744,4.4770002365112305,4.493000030517578,0
20260624,^GSPC,7370.8798828125,7428.06005859375,7336.81982421875,7358.22021484375,5994860000
20260624,^IXIC,25578.619140625,25840.560546875,25354.66015625,25476.640625,14936190000
20260624,^DJI,51660.75,52248.69140625,51617.73046875,51848.8984375,560270000
20260624,^VIX,19.1299991607666,20.34000015258789,18.040000915527344,18.6299991607666,0
20260624,KRW=X,1533.31005859375,1548.27001953125,1533.31005859375,1535.25,0
20260624,^SOX,13484.169921875,13597.3798828125,13115.830078125,13458.2001953125,0
20260624,^TNX,4.453000068664551,4.454999923706055,4.3979997634887695,4.4019999504089355,0
20260625,^GSPC,7404.91015625,7419.080078125,7323.5,7357.490234375,5565760000
20260625,^IXIC,25724.779296875,25724.779296875,25123.4296875,25358.599609375,9870860000
20260625,^DJI,52009.01953125,52655.66015625,51857.78125,51920.62109375,639230000
20260625,^VIX,18.110000610351562,19.950000762939453,17.719999313354492,18.889999389648438,0
20260625,KRW=X,1543.3299560546875,1549.0799560546875,1537.43994140625,1542.760009765625,0
20260625,^SOX,14156.4296875,14194.6796875,13379.9404296875,13940.8701171875,0
20260625,^TNX,4.4120001792907715,4.414000034332275,4.36299991607666,4.392000198364258,0
20260626,^GSPC,7312.740234375,7392.9501953125,7294.18017578125,7354.02001953125,9105600000
20260626,^IXIC,25105.41015625,25491.380859375,25014.9609375,25297.619140625,16594580000
20260626,^DJI,51803.76953125,52130.0703125,51614.73828125,51876.109375,1297680000
20260626,^VIX,19.700000762939453,20.719999313354492,18.200000762939453,18.40999984741211,0
20260626,KRW=X,1544.93994140625,1549.8299560546875,1531.550048828125,1546.47998046875,0
20260626,^SOX,13419.1396484375,13519.5498046875,13159.240234375,13203.5703125,0
20260626,^TNX,4.388000011444092,4.409999847412109,4.367000102996826,4.372000217437744,0
20260629,^GSPC,7391.8798828125,7444.31982421875,7348.8798828125,7440.43017578125,5794570000
20260629,^IXIC,25502.08984375,25834.349609375,25289.759765625,25820.140625,9776230000
20260629,^DJI,51995.140625,52311.62890625,51949.5390625,52182.73828125,580440000
20260629,^VIX,18.600000381469727,19.450000762939453,17.489999771118164,17.649999618530273,0
20260629,KRW=X,1535.6500244140625,1545.6300048828125,1534.739990234375,1535.239990234375,0
20260629,^SOX,13241.9697265625,13733.349609375,12782.5302734375,13709.66015625,0
20260629,^TNX,4.377999782562256,4.389999866485596,4.367000102996826,4.374000072479248,0
20260630,^GSPC,7441.27001953125,7508.2900390625,7438.0400390625,7499.35986328125,6037540000
20260630,^IXIC,25824.470703125,26253.0390625,25808.060546875,26213.720703125,9809990000
20260630,^DJI,52168.1796875,52387.44921875,52033.12890625,52319.19921875,622980000
20260630,^VIX,17.540000915527344,17.75,16.270000457763672,16.450000762939453,0
20260630,KRW=X,1542.4200439453125,1554.7099609375,1542.4200439453125,1541.72998046875,0
20260630,^SOX,13787.919921875,14332.759765625,13750.669921875,14246.9599609375,0
20260630,^TNX,4.392000198364258,4.421999931335449,4.388000011444092,4.418000221252441,0
20260701,^GSPC,7478.83984375,7521.81005859375,7449.6298828125,7483.22998046875,5782730000
20260701,^IXIC,26039.509765625,26238.060546875,25954.4609375,26040.029296875,9094410000
20260701,^DJI,52231.1796875,52742.66015625,52026.640625,52305.23828125,622970000
20260701,^VIX,17.110000610351562,17.299999237060547,15.970000267028809,16.59000015258789,0
20260701,KRW=X,1552.0999755859375,1558.8800048828125,1549.1300048828125,1548.6099853515625,0
20260701,^SOX,13718.080078125,13844.419921875,13322.6298828125,13353.2802734375,0
20260701,^TNX,4.482999801635742,4.500999927520752,4.456999778747559,4.474999904632568,0
20260702,^GSPC,7495.14013671875,7540.75,7427.5498046875,7483.240234375,5463520000
20260702,^IXIC,26047.380859375,26261.08984375,25630.509765625,25832.669921875,9529580000
20260702,^DJI,52395.21875,52903.8515625,52395.21875,52900.0703125,548820000
20260702,^VIX,17.049999237060547,17.209999084472656,15.789999961853027,16.149999618530273,0
20260702,KRW=X,1551.4000244140625,1556.530029296875,1537.18994140625,1551.81005859375,0
20260702,^SOX,13268.2197265625,13526.7197265625,12374.41015625,12626.2197265625,0
20260702,^TNX,4.502999782562256,4.505000114440918,4.453000068664551,4.485000133514404,0
20260703,KRW=X,1544.52001953125,1547.6500244140625,1525.3800048828125,1542.1300048828125,0
20260706,^GSPC,7506.9599609375,7551.31005859375,7500.97021484375,7537.43017578125,4971110000
20260706,^IXIC,25999.609375,26209.759765625,25963.439453125,26121.16015625,7827050000
20260706,^DJI,52828.44921875,53060.1015625,52648.69140625,53055.91015625,467390000
20260706,^VIX,16.399999618530273,16.5,15.5600004196167,15.569999694824219,0
20260706,KRW=X,1531.5799560546875,1536.550048828125,1526.1400146484375,1531.0,0
20260706,^SOX,12914.4697265625,13252.5400390625,12890.6201171875,12900.1396484375,0
20260706,^TNX,4.456999778747559,4.491000175476074,4.456999778747559,4.479000091552734,0
20260707,^GSPC,7516.6298828125,7536.06005859375,7478.6298828125,7503.85009765625,5049590000
20260707,^IXIC,25960.130859375,26010.01953125,25684.150390625,25818.689453125,8244680000
20260707,^DJI,53104.05859375,53289.30078125,52774.171875,52925.1484375,442010000
20260707,^VIX,15.869999885559082,16.639999389648438,15.529999732971191,16.1299991607666,0
20260707,KRW=X,1528.300048828125,1531.56005859375,1509.8599853515625,1528.760009765625,0
20260707,^SOX,12375.8603515625,12417.509765625,11960.83984375,12300.51953125,0
20260707,^TNX,4.497000217437744,4.5329999923706055,4.485000133514404,4.5289998054504395,0
20260708,^GSPC,7476.5400390625,7488.509765625,7421.81982421875,7482.7099609375,5102020000
20260708,^IXIC,25704.66015625,25896.0703125,25526.4609375,25870.650390625,7935740000
20260708,^DJI,52758.46875,52758.46875,52069.87109375,52348.390625,454130000
20260708,^VIX,16.549999237060547,18.90999984741211,16.350000381469727,16.899999618530273,0
20260708,KRW=X,1521.050048828125,1521.2099609375,1498.9599609375,1519.8599853515625,0
20260708,^SOX,12277.2802734375,12615.3701171875,12215.2197265625,12574.9697265625,0
20260708,^TNX,4.560999870300293,4.5970001220703125,4.557000160217285,4.568999767303467,0
20260709,^GSPC,7491.60009765625,7546.89013671875,7481.72998046875,7543.64013671875,4442950000
20260709,^IXIC,25918.310546875,26215.8203125,25825.849609375,26206.890625,7312220000
20260709,^DJI,52249.44140625,52574.890625,52249.44140625,52487.41015625,456760000
20260709,^VIX,16.579999923706055,17.270000457763672,15.760000228881836,15.84000015258789,0
20260709,KRW=X,1504.2099609375,1587.699951171875,1497.489990234375,1503.3499755859375,0
20260709,^SOX,13119.41015625,13249.0703125,12915.5400390625,12960.0,0
20260709,^TNX,4.577000141143799,4.580999851226807,4.5289998054504395,4.539000034332275,0
20260710,^GSPC,7547.64013671875,7579.93017578125,7508.16015625,7575.39013671875,4006370000
20260710,^IXIC,26175.5390625,26301.5390625,26009.490234375,26281.609375,7094480000
20260710,^DJI,52622.921875,52709.75,52266.80859375,52637.01171875,408090000
20260710,^VIX,16.059999465942383,16.15999984741211,14.960000038146973,15.029999732971191,0
20260710,KRW=X,1507.0999755859375,1512.719970703125,1499.1500244140625,1505.9100341796875,0
20260710,^SOX,12779.2197265625,13065.01953125,12656.8701171875,12967.16015625,0
20260710,^TNX,4.540999889373779,4.571000099182129,4.539000034332275,4.568999767303467,0
20260713,^GSPC,7547.52978515625,7565.3701171875,7506.41015625,7515.33984375,4729990000
20260713,^IXIC,26088.310546875,26139.369140625,25822.099609375,25873.1796875,7231310000
20260713,^DJI,52676.53125,52846.51171875,52351.12109375,52498.640625,399240000
20260713,^VIX,16.31999969482422,17.40999984741211,16.030000686645508,17.15999984741211,0
20260713,KRW=X,1498.050048828125,1508.780029296875,1490.8399658203125,1498.47998046875,0
20260713,^SOX,12563.6298828125,12646.7802734375,12289.0498046875,12347.7802734375,0
20260713,^TNX,4.585000038146973,4.618000030517578,4.572999954223633,4.609000205993652,0
20260714,^GSPC,7536.7001953125,7557.43994140625,7513.22998046875,7543.58984375,4836950000
20260714,^IXIC,26015.490234375,26168.80078125,25912.400390625,26107.009765625,7397960000
20260714,^DJI,52046.359375,52695.05859375,52046.359375,52508.26953125,464870000
20260714,^VIX,17.209999084472656,17.559999465942383,16.149999618530273,16.5,0
20260714,KRW=X,1498.030029296875,1499.0799560546875,1485.06005859375,1497.699951171875,0
20260714,^SOX,12837.3798828125,12846.2900390625,12489.5400390625,12661.9296875,0
20260714,^TNX,4.613999843597412,4.613999843597412,4.525000095367432,4.585000038146973,0
20260715,^GSPC,7571.72021484375,7581.5,7526.9501953125,7572.39990234375,5236550000
20260715,^IXIC,26261.1796875,26316.810546875,26041.130859375,26269.23046875,7379560000
20260715,^DJI,52604.19921875,52823.94921875,52428.5390625,52658.640625,506020000
20260715,^VIX,16.200000762939453,16.56999969482422,15.640000343322754,15.670000076293945,0
20260715,KRW=X,1488.93994140625,1493.8199462890625,1484.6500244140625,1487.8800048828125,0
20260715,^SOX,12774.4296875,12785.400390625,12022.9404296875,12398.8896484375,0
20260715,^TNX,4.607999801635742,4.610000133514404,4.539000034332275,4.545000076293945,0
20260716,^GSPC,7558.7998046875,7570.740234375,7504.02001953125,7533.77001953125,5365300000
20260716,^IXIC,26155.400390625,26165.369140625,25765.44921875,25881.94921875,8294880000
20260716,^DJI,52924.859375,52924.859375,52367.421875,52552.96875,528320000
20260716,^VIX,15.819999694824219,17.229999542236328,15.770000457763672,16.729999542236328,0
20260716,KRW=X,1486.1500244140625,1488.800048828125,1476.3699951171875,1486.199951171875,0
20260716,^SOX,12114.9697265625,12191.41015625,11768.9599609375,11867.5,0
20260716,^TNX,4.581999778747559,4.5960001945495605,4.560999870300293,4.568999767303467,0
20260717,^GSPC,7447.52001953125,7498.47021484375,7431.259765625,7457.68994140625,5303290000
20260717,^IXIC,25412.259765625,25703.009765625,25250.630859375,25520.240234375,7820470000
20260717,^DJI,52426.4609375,52610.96875,51986.73828125,52146.421875,549690000
20260717,^VIX,18.010000228881836,19.5,17.68000030517578,18.770000457763672,0
20260717,KRW=X,1478.6800537109375,1491.199951171875,1470.0,1478.8499755859375,0
20260717,^SOX,11485.8896484375,11939.4404296875,11194.599609375,11673.8896484375,0
20260717,^TNX,4.520999908447266,4.550000190734863,4.511000156402588,4.540999889373779,0
20260720,^GSPC,7489.18017578125,7513.22998046875,7440.52978515625,7443.27978515625,5152910000
20260720,^IXIC,25720.869140625,25815.599609375,25501.099609375,25508.0703125,7184070000
20260720,^DJI,52154.5703125,52411.8984375,51781.8984375,51839.26171875,397690000
20260720,^VIX,18.899999618530273,18.940000534057617,17.40999984741211,18.649999618530273,0
20260720,KRW=X,1487.699951171875,1489.300048828125,1477.0899658203125,1487.3900146484375,0
20260720,^SOX,11952.7001953125,12071.830078125,11718.2099609375,11743.849609375,0
20260720,^TNX,4.565999984741211,4.607999801635742,4.559999942779541,4.5980000495910645,0
20260721,^GSPC,7489.9501953125,7515.31005859375,7467.85986328125,7509.2001953125,5149030000
20260721,^IXIC,25772.55078125,25880.33984375,25672.830078125,25837.2109375,8001540000
20260721,^DJI,51916.7890625,52370.6484375,51890.1015625,52224.640625,404610000
20260721,^VIX,17.479999542236328,17.989999771118164,16.860000610351562,17.049999237060547,0
20260721,KRW=X,1474.6400146484375,1481.5699462890625,1470.5999755859375,1475.010009765625,0
20260721,^SOX,12311.2802734375,12404.1103515625,12085.990234375,12356.16015625,0
20260721,^TNX,4.599999904632568,4.639999866485596,4.5980000495910645,4.627999782562256,0
20260722,^GSPC,7497.47021484375,7525.93994140625,7485.85009765625,7498.9599609375,4890390000
20260722,^IXIC,25693.720703125,25841.310546875,25681.3203125,25690.900390625,7473050000
20260722,^DJI,52287.140625,52511.2109375,52148.87109375,52218.578125,449100000
20260722,^VIX,17.420000076293945,19.489999771118164,16.639999389648438,16.639999389648438,0
20260722,KRW=X,1479.9100341796875,1484.199951171875,1475.0999755859375,1479.719970703125,0
20260722,^SOX,12123.3203125,12525.7099609375,12113.9501953125,12410.669921875,0
20260722,^TNX,4.639999866485596,4.660999774932861,4.631999969482422,4.6570000648498535,0
20260723,^GSPC,7418.2900390625,7450.1201171875,7376.0,7408.2998046875,5515210000
20260723,^IXIC,25245.5390625,25358.279296875,24954.76953125,25137.689453125,7655810000
20260723,^DJI,51755.5390625,51885.140625,51542.05859375,51711.6484375,496570000
20260723,^VIX,17.670000076293945,20.309999465942383,17.31999969482422,18.700000762939453,0
20260723,KRW=X,1475.0,1476.8900146484375,1465.1300048828125,1475.6300048828125,0
20260723,^SOX,12235.7998046875,12480.8798828125,12188.0498046875,12343.83984375,0
20260723,^TNX,4.698999881744385,4.714000225067139,4.692999839782715,4.703000068664551,0
20260724,^GSPC,7406.2998046875,7460.97998046875,7396.52978515625,7411.97998046875,4860620000
20260724,^IXIC,25107.380859375,25222.140625,24918.08984375,24975.8203125,7266300000
20260724,^DJI,51791.37109375,52118.19140625,51682.359375,51947.25,437530000
20260724,^VIX,18.959999084472656,19.049999237060547,17.40999984741211,18.579999923706055,0
20260724,KRW=X,1474.5699462890625,1474.699951171875,1458.1500244140625,1474.0400390625,0
20260724,^SOX,12131.2900390625,12261.51953125,11711.3896484375,11818.8798828125,0
20260724,^TNX,4.683000087738037,4.690999984741211,4.651000022888184,4.678999900817871,0
20260727,^GSPC,7464.2001953125,7480.56982421875,7382.740234375,7413.18017578125,5038290000
20260727,^IXIC,25236.189453125,25261.91015625,24774.869140625,24932.080078125,7797890000
20260727,^DJI,52173.421875,52607.78125,51985.37890625,52210.078125,487490000
20260727,^VIX,17.6200008392334,19.93000030517578,17.530000686645508,18.670000076293945,0
20260727,KRW=X,1457.75,1471.72998046875,1457.3399658203125,1458.010009765625,0
20260727,^SOX,11888.900390625,11949.4599609375,11217.349609375,11554.8798828125,0
20260727,^TNX,4.646999835968018,4.664999961853027,4.630000114440918,4.640999794006348,0
20260728,^GSPC,7395.5498046875,7452.08984375,7382.9501953125,7428.77978515625,5590890000
20260728,^IXIC,24825.0703125,24984.5,24581.009765625,24876.91015625,8584960000
20260728,^DJI,52492.87890625,52901.87109375,52443.51953125,52747.3203125,544740000
20260728,^VIX,19.049999237060547,19.520000457763672,17.8799991607666,18.209999084472656,0
20260728,KRW=X,1466.9200439453125,1470.969970703125,1452.219970703125,1464.43994140625,0
20260728,^SOX,11150.0400390625,11187.4404296875,10799.83984375,11035.6796875,0
20260728,^TNX,4.630000114440918,4.635000228881836,4.5879998207092285,4.604000091552734,0
20260729,^GSPC,7418.16015625,7450.83984375,7313.919921875,7316.14990234375,5836350000
20260729,^IXIC,24863.48046875,25054.529296875,24425.33984375,24442.939453125,8276280000
20260729,^DJI,52674.2109375,52674.2109375,51551.1796875,51594.140625,531850000
20260729,^VIX,18.270000457763672,20.8799991607666,17.450000762939453,20.65999984741211,0
20260729,KRW=X,1455.3299560546875,1456.3499755859375,1441.550048828125,1453.1600341796875,0
20260729,^SOX,11011.8701171875,11125.0498046875,10445.4404296875,10447.490234375,0
20260729,^TNX,4.63700008392334,4.65500020980835,4.610000133514404,4.622000217437744,0
20260730,^GSPC,7390.4501953125,7448.75,7370.97998046875,7437.6298828125,5594430000
20260730,^IXIC,24852.05078125,25171.439453125,24813.83984375,25122.1796875,9048570000
20260730,^DJI,52114.26953125,52266.44921875,51655.51953125,52208.05859375,631410000
20260730,^VIX,19.559999465942383,20.079999923706055,17.0,17.09000015258789,0
20260730,KRW=X,1441.77001953125,1447.4599609375,1417.9300537109375,1442.280029296875,0
20260730,^SOX,11085.9599609375,11406.8203125,10963.8896484375,11302.990234375,0
20260730,^TNX,4.669000148773193,4.685999870300293,4.651000022888184,4.663000106811523,0
20260731,^GSPC,7462.1298828125,7512.0400390625,7399.830078125,7489.72021484375,5391020000
20260731,^IXIC,25340.7109375,25460.859375,25004.330078125,25373.849609375,11942500000
20260731,^DJI,52235.03125,52623.140625,51996.3203125,52485.03125,697510000
20260731,^VIX,16.81999969482422,18.700000762939453,15.819999694824219,15.989999771118164,0
20260731,KRW=X,1424.2099609375,1444.5,1424.2099609375,1420.5999755859375,0
20260731,^SOX,11715.4599609375,11885.740234375,11231.7900390625,11311.080078125,0
20260731,^TNX,4.684000015258789,4.747000217437744,4.682000160217285,4.744999885559082,0
20260803,^GSPC,7504.77978515625,7610.0400390625,7504.77978515625,7600.5,5201470000
20260803,^IXIC,25452.66015625,25967.439453125,25420.349609375,25913.900390625,11118460000
20260803,^DJI,52759.05859375,53230.078125,52759.05859375,53178.41015625,598420000
20260803,^VIX,16.030000686645508,16.299999237060547,15.539999961853027,15.859999656677246,0
20260803,KRW=X,1435.1700439453125,1440.93994140625,1424.989990234375,1435.699951171875,0
20260803,^SOX,11046.08984375,11495.2802734375,10922.3095703125,11430.349609375,0
20260803,^TNX,4.671000003814697,4.702000141143799,4.671000003814697,4.685999870300293,0
20260804,^GSPC,7630.6201171875,7758.2099609375,7629.10009765625,7736.52001953125,5906940000
20260804,^IXIC,26088.0390625,26679.91015625,26088.0390625,26584.990234375,9717920000
20260804,^DJI,53641.2109375,54272.6015625,53641.2109375,54085.87890625,580350000
20260804,^VIX,15.760000228881836,16.649999618530273,15.510000228881836,16.5,0
20260804,KRW=X,1431.6700439453125,1435.8499755859375,1420.8499755859375,1428.5,0
20260804,^SOX,11834.76953125,12258.080078125,11834.76953125,12179.259765625,0
20260804,^TNX,4.664999961853027,4.668000221252441,4.61899995803833,4.626999855041504,0
20260805,^GSPC,7771.6201171875,7793.68017578125,7720.169921875,7723.5498046875,5615640000
20260805,^IXIC,26698.01953125,26739.0,26348.509765625,26363.439453125,9116070000
20260805,^DJI,54266.12109375,54744.328125,54266.12109375,54349.12109375,519020000
20260805,^VIX,16.149999618530273,18.43000030517578,15.479999542236328,15.8100004196167,0
20260805,KRW=X,1430.3299560546875,1430.3299560546875,1420.1500244140625,1428.4300537109375,0
20260805,^SOX,12141.6904296875,12361.25,11979.9404296875,12008.8798828125,0
20260805,^TNX,4.609000205993652,4.638999938964844,4.60699987411499,4.617000102996826,0
20260806,^GSPC,7713.7900390625,7742.85009765625,7698.14990234375,7709.9599609375,5330830000
20260806,^IXIC,26268.83984375,26499.419921875,26208.4296875,26348.349609375,8936850000
20260806,^DJI,54426.8515625,54502.87109375,53835.01953125,53885.1015625,416810000
20260806,^VIX,15.829999923706055,16.030000686645508,15.109999656677246,15.149999618530273,0
20260806,KRW=X,1420.719970703125,1429.31005859375,1414.469970703125,1421.1600341796875,0
20260806,^SOX,11825.8603515625,12288.5595703125,11707.7802734375,12048.6904296875,0
20260806,^TNX,4.64300012588501,4.676000118255615,4.635000228881836,4.670000076293945,0
20260807,^GSPC,7735.18017578125,7763.080078125,7719.18994140625,7757.64013671875,5019970000
20260807,^IXIC,26534.66015625,26712.619140625,26478.009765625,26690.619140625,8183970000
20260807,^DJI,53849.26171875,54094.6484375,53807.94140625,54036.9296875,378680000
20260807,^VIX,15.300000190734863,15.359999656677246,14.770000457763672,14.899999618530273,0
20260807,KRW=X,1423.239990234375,1424.1500244140625,1406.3599853515625,1422.300048828125,0
20260807,^SOX,12299.98046875,12425.740234375,12082.6298828125,12356.7900390625,0
20260807,^TNX,4.664000034332275,4.671999931335449,4.603000164031982,4.659999847412109,0
20260810,^GSPC,7751.740234375,7773.759765625,7743.10986328125,7753.10986328125,4879540000
20260810,^IXIC,26680.439453125,26724.630859375,26548.259765625,26605.359375,7675200000
20260810,^DJI,54072.66015625,54072.66015625,53850.19140625,53975.98046875,413890000
20260810,^VIX,15.399999618530273,15.720000267028809,15.100000381469727,15.460000038146973,0
20260810,KRW=X,1406.9200439453125,1419.530029296875,1406.9200439453125,1407.0,0
20260810,^SOX,12424.669921875,12432.9404296875,11992.9501953125,11993.8603515625,0
20260810,^TNX,4.6620001792907715,4.703000068664551,4.6620001792907715,4.698999881744385,0
20260811,^GSPC,7767.509765625,7767.509765625,7717.25,7728.2001953125,4739500000
20260811,^IXIC,26672.1796875,26679.259765625,26372.310546875,26445.44921875,7684920000
20260811,^DJI,53961.6015625,54222.8515625,53746.4296875,53791.8515625,379390000
20260811,^VIX,15.420000076293945,15.609999656677246,15.229999542236328,15.279999732971191,0
20260811,KRW=X,1418.1500244140625,1418.4300537109375,1408.9000244140625,1417.31005859375,0
20260811,^SOX,12135.41015625,12204.4599609375,12006.509765625,12098.4697265625,0
20260811,^TNX,4.691999912261963,4.703000068664551,4.668000221252441,4.684000015258789,0
20260812,^GSPC,7765.4599609375,7766.009765625,7737.9501953125,7748.5,4574170000
20260812,^IXIC,26680.470703125,26688.240234375,26531.9296875,26588.490234375,7873190000
20260812,^DJI,53797.46875,53969.359375,53731.9609375,53770.26953125,410990000
20260812,^VIX,15.279999732971191,15.420000076293945,14.390000343322754,14.550000190734863,0
20260812,KRW=X,1412.4100341796875,1418.3900146484375,1410.6500244140625,1412.1800537109375,0
20260812,^SOX,12518.9404296875,12531.759765625,12386.3095703125,12399.3798828125,0
20260812,^TNX,4.659999847412109,4.688000202178955,4.645999908447266,4.682000160217285,0
20260813,^GSPC,7763.18017578125,7816.7001953125,7763.18017578125,7798.990234375,4833230000
20260813,^IXIC,26631.33984375,26875.51953125,26612.849609375,26803.029296875,8380820000
20260813,^DJI,53828.55078125,54049.140625,53622.4609375,53839.98828125,417340000
20260813,^VIX,14.680000305175781,14.800000190734863,14.390000343322754,14.630000114440918,0
20260813,KRW=X,1414.8499755859375,1425.47998046875,1410.0799560546875,1416.4599609375,0
20260813,^SOX,12413.9697265625,12704.3798828125,12398.8203125,12456.0,0
20260813,^TNX,4.673999786376953,4.676000118255615,4.61299991607666,4.640999794006348,0
20260814,^GSPC,7806.60009765625,7810.009765625,7776.31005859375,7785.759765625,4159900000
20260814,^IXIC,26851.150390625,26862.169921875,26661.94921875,26729.16015625,7212180000
20260814,^DJI,53842.80078125,53890.83984375,53673.46875,53732.41015625,319610000
20260814,^VIX,14.640000343322754,14.720000267028809,14.180000305175781,14.25,0
20260814,KRW=X,1416.949951171875,1419.0999755859375,1408.4100341796875,1416.8499755859375,0
20260814,^SOX,12440.5,12495.150390625,12269.4404296875,12417.0498046875,0
20260814,^TNX,4.644999980926514,4.699999809265137,4.625,4.696000099182129,0
20260817,^GSPC,7790.68017578125,7790.68017578125,7744.8798828125,7745.06005859375,4452630000
20260817,^IXIC,26784.650390625,26798.400390625,26626.380859375,26644.91015625,7644090000
20260817,^DJI,53663.109375,53663.109375,53395.23046875,53459.78125,436700000
20260817,^VIX,14.979999542236328,15.470000267028809,14.890000343322754,15.1899995803833,0
20260817,KRW=X,1415.4300537109375,1416.050048828125,1408.8800048828125,1415.3699951171875,0
20260817,^SOX,12615.7099609375,12770.7099609375,12548.759765625,12621.0,0
20260817,^TNX,4.693999767303467,4.728000164031982,4.691999912261963,4.723999977111816,0
20260818,^GSPC,7700.0400390625,7713.9501953125,7688.6298828125,7691.759765625,4602700000
20260818,^IXIC,26346.880859375,26422.5,26266.6796875,26289.7109375,7360790000
20260818,^DJI,53354.4296875,53478.76171875,53256.33984375,53343.3984375,427990000
20260818,^VIX,15.8100004196167,16.09000015258789,15.600000381469727,15.84000015258789,0
20260818,KRW=X,1414.9200439453125,1415.800048828125,1407.25,1414.72998046875,0
20260818,^SOX,12166.1201171875,12228.0595703125,11828.4599609375,11992.4599609375,0
20260818,^TNX,4.73199987411499,4.745999813079834,4.703999996185303,4.705999851226807,0
20260819,^GSPC,7716.740234375,7743.93017578125,7700.06982421875,7707.97998046875,5184100000
20260819,^IXIC,26393.890625,26456.779296875,26185.130859375,26331.08984375,8173140000
20260819,^DJI,53463.46875,53710.05859375,53399.53125,53463.05078125,451460000
20260819,^VIX,15.920000076293945,15.949999809265137,14.770000457763672,14.890000343322754,0
20260819,KRW=X,1412.1099853515625,1412.489990234375,1384.1300048828125,1413.5799560546875,0
20260819,^SOX,12063.849609375,12138.509765625,11633.7998046875,11738.23046875,0
20260819,^TNX,4.684000015258789,4.684000015258789,4.63700008392334,4.6529998779296875,0
20260820,^GSPC,7690.490234375,7699.9599609375,7639.009765625,7641.16015625,4759610000
20260820,^IXIC,26211.51953125,26263.470703125,26023.119140625,26067.169921875,8244680000
20260820,^DJI,53381.21875,53381.21875,52754.8984375,52759.2109375,434340000
20260820,^VIX,14.90999984741211,16.139999389648438,14.90999984741211,16.010000228881836,0
20260820,KRW=X,1389.1800537109375,1396.68994140625,1384.18994140625,1389.4000244140625,0
20260820,^SOX,11762.1103515625,11863.7197265625,11649.4697265625,11800.01953125,0
20260820,^TNX,4.705999851226807,4.714000225067139,4.673999786376953,4.696000099182129,0
20260821,^GSPC,7665.68017578125,7697.10986328125,7660.06005859375,7674.3701171875,4497270000
20260821,^IXIC,26198.83984375,26269.849609375,26049.2890625,26180.4609375,7410100000
20260821,^DJI,52768.87109375,53355.921875,52768.87109375,53277.01171875,424060000
20260821,^VIX,15.819999694824219,15.880000114440918,15.079999923706055,15.130000114440918,0
20260821,KRW=X,1389.18994140625,1389.6800537109375,1379.219970703125,1390.7900390625,0
20260821,^SOX,11901.7900390625,11943.9599609375,11631.7197265625,11740.3701171875,0
20260821,^TNX,4.691999912261963,4.74399995803833,4.691999912261963,4.73799991607666,0
20260824,^GSPC,7663.3798828125,7670.2998046875,7638.169921875,7652.85986328125,4400800000
20260824,^IXIC,26065.3203125,26109.9609375,25910.8203125,25980.189453125,7318150000
20260824,^DJI,53261.94921875,53508.1796875,53261.94921875,53417.16015625,416030000
20260824,^VIX,15.899999618530273,16.059999465942383,15.609999656677246,15.850000381469727,0
20260824,KRW=X,1383.1500244140625,1385.8599853515625,1376.489990234375,1384.97998046875,0
20260824,^SOX,11513.8798828125,11513.8798828125,11263.33984375,11423.169921875,0
20260824,^TNX,4.714000225067139,4.71999979019165,4.679999828338623,4.703999996185303,0
20260825,^GSPC,7676.66015625,7686.10986328125,7650.919921875,7677.27978515625,4260240000
20260825,^IXIC,26148.7109375,26225.830078125,26034.349609375,26151.30078125,7483990000
20260825,^DJI,53594.921875,53675.3203125,53386.37109375,53577.3984375,392910000
20260825,^VIX,15.710000038146973,16.299999237060547,15.130000114440918,15.449999809265137,0
20260825,KRW=X,1379.1099853515625,1386.6800537109375,1378.9000244140625,1380.760009765625,0
20260825,^SOX,11583.0498046875,11708.1298828125,11494.7802734375,11588.0400390625,0
20260825,^TNX,4.664000034332275,4.671999931335449,4.63700008392334,4.638999938964844,0
20260826,^GSPC,7666.8798828125,7690.72998046875,7657.41015625,7675.7001953125,4100600000
20260826,^IXIC,26099.580078125,26189.810546875,26021.630859375,26130.19921875,7065320000
20260826,^DJI,53547.6796875,53639.75,53379.3984375,53463.87890625,426130000
20260826,^VIX,15.649999618530273,15.739999771118164,15.210000038146973,15.210000038146973,0
20260826,KRW=X,1381.1600341796875,1387.9300537109375,1381.0999755859375,1381.489990234375,0
20260826,^SOX,11564.4296875,11632.4296875,11471.0302734375,11611.240234375,0
20260826,^TNX,4.632999897003174,4.670000076293945,4.620999813079834,4.664000034332275,0
20260827,^GSPC,7710.33984375,7741.27001953125,7689.89013671875,7730.990234375,4362240000
20260827,^IXIC,26356.98046875,26553.900390625,26273.869140625,26541.349609375,7448410000
20260827,^DJI,53613.66015625,53707.62109375,53345.62109375,53569.44140625,640810000
20260827,^VIX,14.920000076293945,15.130000114440918,14.420000076293945,14.510000228881836,0
20260827,KRW=X,1383.030029296875,1384.77001953125,1376.7900390625,1383.489990234375,0
20260827,^SOX,11870.16015625,11910.0302734375,11690.1904296875,11882.169921875,0
20260827,^TNX,4.6579999923706055,4.679999828338623,4.64900016784668,4.671999931335449,0
20260828,^GSPC,7735.169921875,7771.47998046875,7700.91015625,7711.759765625,4297560000
20260828,^IXIC,26515.990234375,26700.6796875,26359.26953125,26402.419921875,8457870000
20260828,^DJI,53611.94140625,53819.6484375,53489.41015625,53559.98828125,507510000
20260828,^VIX,14.569999694824219,14.84000015258789,14.130000114440918,14.430000305175781,0
20260828,KRW=X,1381.0,1381.3800048828125,1369.739990234375,1380.449951171875,0
20260828,^SOX,11731.580078125,11794.2802734375,11435.7001953125,11469.66015625,0
20260828,^TNX,4.688000202178955,4.730000019073486,4.6539998054504395,4.71999979019165,0
20260831,^GSPC,7697.52001953125,7697.52001953125,7665.06005859375,7686.14013671875,5386090000
20260831,^IXIC,26358.560546875,26398.330078125,26249.76953125,26370.890625,7679730000
20260831,^DJI,53462.6015625,53462.6015625,53123.62109375,53185.8984375,489140000
20260831,^VIX,15.239999771118164,15.479999542236328,14.859999656677246,14.920000076293945,0
20260831,KRW=X,1377.6199951171875,1379.260009765625,1365.1600341796875,1377.1099853515625,0
20260831,^SOX,11529.16015625,11587.259765625,11444.2099609375,11535.0498046875,0
20260831,^TNX,4.728000164031982,4.76800012588501,4.72599983215332,4.757999897003174,0
20260901,^GSPC,7635.47021484375,7663.6298828125,7611.2001953125,7631.47021484375,4858180000
20260901,^IXIC,26031.669921875,26260.6796875,25995.529296875,26099.76953125,6750660000
20260901,^DJI,53083.578125,53176.6015625,52691.30859375,52766.87890625,403940000
20260901,^VIX,14.949999809265137,16.799999237060547,14.949999809265137,16.34000015258789,0
20260901,KRW=X,1367.8399658203125,1374.719970703125,1363.760009765625,1366.6199951171875,0
20260901,^SOX,11296.6298828125,11389.6201171875,11172.900390625,11288.6103515625,0
20260901,^TNX,4.788000106811523,4.800000190734863,4.751999855041504,4.796000003814697,0
20260902,^GSPC,7634.580078125,7681.18994140625,7633.6201171875,7666.60009765625,4738910000
20260902,^IXIC,26094.0,26245.0390625,26062.6796875,26217.830078125,7442550000
20260902,^DJI,52829.578125,53227.5,52829.578125,53061.94921875,414520000
20260902,^VIX,16.389999389648438,16.81999969482422,15.119999885559082,15.199999809265137,0
20260902,KRW=X,1373.6500244140625,1373.6500244140625,1356.699951171875,1372.8599853515625,0
20260902,^SOX,11243.5498046875,11388.990234375,11154.669921875,11339.25,0
20260902,^TNX,4.776000022888184,4.806000232696533,4.76800012588501,4.796000003814697,0
20260903,^GSPC,7686.7099609375,7756.759765625,7686.7099609375,7747.7099609375,4726400000
20260903,^IXIC,26336.3203125,26644.5703125,26325.060546875,26584.060546875,7600140000
20260903,^DJI,53309.171875,53746.5,53286.1484375,53686.109375,410260000
20260903,^VIX,15.25,15.4399995803833,14.229999542236328,14.319999694824219,0
20260903,KRW=X,1358.699951171875,1362.6500244140625,1353.5,1358.3900146484375,0
20260903,^SOX,11219.4404296875,11371.330078125,11056.3798828125,11352.1298828125,0
20260903,^TNX,4.765999794006348,4.76800012588501,4.73199987411499,4.76200008392334,0
20260904,^GSPC,7750.18994140625,7750.18994140625,7706.1201171875,7718.60009765625,4103570000
20260904,^IXIC,26587.900390625,26628.580078125,26444.83984375,26506.990234375,6529110000
20260904,^DJI,53584.890625,53635.3515625,53289.87890625,53414.25,381130000
20260904,^VIX,14.149999618530273,14.579999923706055,13.800000190734863,14.529999732971191,0
20260904,KRW=X,1355.4000244140625,1358.239990234375,1343.699951171875,1355.4100341796875,0
20260904,^SOX,11508.7001953125,11750.25,11467.33984375,11735.259765625,0
20260904,^TNX,4.754000186920166,4.811999797821045,4.748000144958496,4.783999919891357,0
20260907,^VIX,15.020000457763672,15.319999694824219,14.989999771118164,15.300000190734863,0
20260907,KRW=X,1345.3399658203125,1348.8599853515625,1335.1199951171875,1345.06005859375,0
20260908,^GSPC,7717.81005859375,7717.81005859375,7666.990234375,7673.52001953125,4966930000
20260908,^IXIC,26528.5703125,26542.140625,26341.169921875,26421.41015625,7714560000
20260908,^DJI,53110.44921875,53110.44921875,52721.62109375,52786.0703125,417970000
20260908,^VIX,15.5600004196167,15.9399995803833,15.220000267028809,15.720000267028809,0
20260908,KRW=X,1342.1400146484375,1346.699951171875,1335.0,1343.5699462890625,0
20260908,^SOX,11987.2900390625,12023.8603515625,11843.259765625,11887.8701171875,0
20260908,^TNX,4.794000148773193,4.811999797821045,4.760000228881836,4.806000232696533,0
20260909,^GSPC,7660.68017578125,7660.68017578125,7624.16015625,7636.35986328125,4896940000
20260909,^IXIC,26325.060546875,26366.560546875,26184.2109375,26253.33984375,7379700000
20260909,^DJI,52707.8984375,52707.8984375,52314.609375,52380.66015625,403100000
20260909,^VIX,15.649999618530273,16.68000030517578,15.569999694824219,16.459999084472656,0
20260909,KRW=X,1337.699951171875,1341.8800048828125,1333.25,1339.2099609375,0
20260909,^SOX,11866.5,12016.08984375,11854.2197265625,11931.3203125,0
20260909,^TNX,4.808000087738037,4.85699987411499,4.794000148773193,4.836999893188477,0
20260910,^GSPC,7594.740234375,7612.85986328125,7580.06005859375,7591.7001953125,4893500000
20260910,^IXIC,26021.05078125,26178.25,25979.5390625,26081.720703125,7174170000
20260910,^DJI,52291.8515625,52291.8515625,51962.7109375,52064.1015625,397900000
20260910,^VIX,16.309999465942383,18.170000076293945,16.290000915527344,17.84000015258789,0
20260910,KRW=X,1340.5,1346.6500244140625,1335.1199951171875,1339.1700439453125,0
20260910,^SOX,11663.0,11733.6796875,11561.0400390625,11614.169921875,0
20260910,^TNX,4.88100004196167,4.952000141143799,4.879000186920166,4.943999767303467,0
20260911,^GSPC,7636.75,7677.02001953125,7636.75,7656.97998046875,4722480000
20260911,^IXIC,26289.41015625,26431.220703125,26283.109375,26333.0390625,6587900000
20260911,^DJI,52204.4609375,52720.23828125,52204.4609375,52573.2890625,354460000
20260911,^VIX,17.510000228881836,17.709999084472656,15.59000015258789,15.84000015258789,0
20260911,KRW=X,1348.800048828125,1348.800048828125,1335.6099853515625,1348.1700439453125,0
20260911,^SOX,11753.8701171875,11910.2001953125,11711.330078125,11824.0,0
20260911,^TNX,4.954999923706055,4.985000133514404,4.9039998054504395,4.974999904632568,0
20260914,^GSPC,7611.43994140625,7647.990234375,7592.27978515625,7619.97998046875,4963750000
20260914,^IXIC,26018.5,26329.98046875,25992.55078125,26186.41015625,7179780000
20260914,^DJI,52750.87890625,52750.87890625,52278.890625,52421.19921875,442650000
20260914,^VIX,17.5,18.170000076293945,16.579999923706055,17.100000381469727,0
20260914,KRW=X,1343.7099609375,1349.8499755859375,1342.8499755859375,1344.6400146484375,0
20260914,^SOX,11191.8203125,11285.2998046875,11110.1103515625,11131.2802734375,0
20260914,^TNX,4.979000091552734,5.01200008392334,4.934000015258789,4.960999965667725,0
20260915,^GSPC,7612.2998046875,7617.259765625,7572.68994140625,7585.72998046875,2810532000
20260915,^IXIC,26140.2265625,26172.12109375,25943.310546875,25981.5703125,7070629000
20260915,^DJI,52303.23828125,52336.609375,51875.6484375,52093.109375,376836504
20260915,^VIX,17.56999969482422,18.030000686645508,16.790000915527344,17.200000762939453,0
20260915,KRW=X,1346.6300048828125,1364.550048828125,1344.8599853515625,1345.6099853515625,0
20260915,^SOX,11233.0439453125,11304.240234375,11128.880859375,11175.546875,0
20260915,^TNX,5.010000228881836,5.015999794006348,4.986999988555908,4.995999813079834,0
20260916,^TNX,4.979000091552734,5.00600004196167,4.939000129699707,5.00600004196167,0
20260917,^TNX,4.953000068664551,4.9629998207092285,4.940999984741211,4.947000026702881,0
20260918,^TNX,4.980000019073486,5.007999897003174,4.9710001945495605,4.998000144958496,0
