date,ticker,open,high,low,close,volume
20250102,^GSPC,5903.259765625,5935.08984375,5829.52978515625,5868.5498046875,3621680000
20250102,^IXIC,19403.900390625,19517.869140625,19117.58984375,19280.7890625,8737550000
20250102,^DJI,42660.08984375,42905.08984375,42174.80078125,42392.26953125,459850000
20250102,^VIX,17.209999084472656,19.5,16.959999084472656,17.93000030517578,0
20250102,KRW=X,1473.3800048828125,1476.0799560546875,1462.739990234375,1473.52001953125,0
20250102,^SOX,5024.580078125,5094.14013671875,4976.2900390625,5021.5,0
20250102,^TNX,4.520999908447266,4.598999977111816,4.517000198364258,4.574999809265137,0
20250103,^GSPC,5891.06982421875,5949.33984375,5888.66015625,5942.47021484375,3667340000
20250103,^IXIC,19395.509765625,19638.66015625,19379.5703125,19621.6796875,8214050000
20250103,^DJI,42495.76171875,42782.76171875,42436.921875,42732.12890625,455810000
20250103,^VIX,17.65999984741211,17.940000534057617,16.110000610351562,16.1299991607666,0
20250103,KRW=X,1471.6500244140625,1472.4200439453125,1464.1400146484375,1471.6500244140625,0
20250103,^SOX,5061.52001953125,5173.39013671875,5059.81005859375,5163.64990234375,0
20250103,^TNX,4.545000076293945,4.599999904632568,4.539000034332275,4.5960001945495605,0
20250106,^GSPC,5982.81005859375,6021.0400390625,5960.009765625,5975.3798828125,4940120000
20250106,^IXIC,19851.990234375,20007.94921875,19785.0,19864.98046875,9586840000
20250106,^DJI,42835.51953125,43115.30859375,42611.16015625,42706.55859375,557040000
20250106,^VIX,16.770000457763672,16.8700008392334,15.710000038146973,16.040000915527344,0
20250106,KRW=X,1465.530029296875,1471.010009765625,1453.1300048828125,1465.530029296875,0
20250106,^SOX,5284.509765625,5381.0400390625,5283.39990234375,5310.14013671875,0
20250106,^TNX,4.585000038146973,4.644000053405762,4.578999996185303,4.618000030517578,0
20250107,^GSPC,5993.259765625,6000.68017578125,5890.68017578125,5909.02978515625,4517330000
20250107,^IXIC,19938.080078125,19940.2109375,19421.01953125,19489.6796875,13371130000
20250107,^DJI,42809.7109375,42931.5390625,42380.75,42528.359375,621630000
20250107,^VIX,16.479999542236328,18.899999618530273,15.789999961853027,17.81999969482422,0
20250107,KRW=X,1459.449951171875,1464.989990234375,1443.9100341796875,1459.449951171875,0
20250107,^SOX,5368.43017578125,5370.830078125,5186.1298828125,5212.25,0
20250107,^TNX,4.633999824523926,4.698999881744385,4.625999927520752,4.683000087738037,0
20250108,^GSPC,5910.66015625,5927.89013671875,5874.77978515625,5918.25,4441740000
20250108,^IXIC,19469.369140625,19544.509765625,19308.5390625,19478.880859375,8851720000
20250108,^DJI,42542.1015625,42656.21875,42327.7890625,42635.19921875,463430000
20250108,^VIX,17.90999984741211,19.5,17.3700008392334,17.700000762939453,0
20250108,KRW=X,1451.8800048828125,1464.030029296875,1448.760009765625,1451.8800048828125,0
20250108,^SOX,5204.18994140625,5207.0400390625,5104.64013671875,5162.35009765625,0
20250108,^TNX,4.704999923706055,4.716000080108643,4.672999858856201,4.692999839782715,0
20250109,KRW=X,1457.969970703125,1465.4599609375,1454.0400390625,1457.969970703125,0
20250110,^GSPC,5890.35009765625,5890.35009765625,5807.77978515625,5827.0400390625,4751930000
20250110,^IXIC,19312.259765625,19315.109375,19018.75,19161.630859375,8608880000
20250110,^DJI,42540.2890625,42540.2890625,41877.30078125,41938.44921875,543810000
20250110,^VIX,18.290000915527344,20.309999465942383,18.049999237060547,19.540000915527344,0
20250110,KRW=X,1455.22998046875,1474.800048828125,1441.050048828125,1455.22998046875,0
20250110,^SOX,5089.9501953125,5091.4599609375,5001.27001953125,5037.47021484375,0
20250110,^TNX,4.693999767303467,4.789999961853027,4.693999767303467,4.776000022888184,0
20250113,^GSPC,5782.02001953125,5838.60986328125,5773.31005859375,5836.22021484375,4421200000
20250113,^IXIC,18903.66015625,19099.970703125,18831.91015625,19088.099609375,7830760000
20250113,^DJI,41924.6796875,42319.6015625,41844.890625,42297.12109375,500190000
20250113,^VIX,21.18000030517578,22.040000915527344,19.149999618530273,19.190000534057617,0
20250113,KRW=X,1472.25,1473.1300048828125,1464.7900390625,1472.25,0
20250113,^SOX,4945.97021484375,5026.47021484375,4929.93017578125,5020.0400390625,0
20250113,^TNX,4.76800012588501,4.804999828338623,4.758999824523926,4.802999973297119,0
20250114,^GSPC,5859.27001953125,5871.919921875,5805.419921875,5842.91015625,4142280000
20250114,^IXIC,19207.75,19273.140625,18926.599609375,19044.390625,7168110000
20250114,^DJI,42366.421875,42544.5703125,42157.03125,42518.28125,454650000
20250114,^VIX,18.790000915527344,19.65999984741211,18.239999771118164,18.709999084472656,0
20250114,KRW=X,1458.8900146484375,1466.3499755859375,1453.1400146484375,1458.8900146484375,0
20250114,^SOX,5064.93994140625,5097.4501953125,4987.43994140625,5045.9501953125,0
20250114,^TNX,4.788000106811523,4.809000015258789,4.755000114440918,4.788000106811523,0
20250115,^GSPC,5905.2099609375,5960.60986328125,5905.2099609375,5949.91015625,4544570000
20250115,^IXIC,19350.310546875,19548.900390625,19299.3203125,19511.23046875,7260250000
20250115,^DJI,42927.76171875,43323.48828125,42927.76171875,43221.55078125,479110000
20250115,^VIX,19.079999923706055,19.139999389648438,15.960000038146973,16.1200008392334,0
20250115,KRW=X,1460.43994140625,1462.6700439453125,1437.4100341796875,1460.43994140625,0
20250115,^SOX,5128.22021484375,5179.330078125,5107.2001953125,5153.669921875,0
20250115,^TNX,4.76200008392334,4.77400016784668,4.63700008392334,4.6529998779296875,0
20250116,^GSPC,5963.60986328125,5964.68994140625,5930.72021484375,5937.33984375,4285810000
20250116,^IXIC,19573.869140625,19579.849609375,19335.6796875,19338.2890625,7085990000
20250116,^DJI,43290.25,43294.80859375,43081.75,43153.12890625,504270000
20250116,^VIX,15.869999885559082,16.600000381469727,15.640000343322754,16.600000381469727,0
20250116,KRW=X,1437.219970703125,1459.5,1449.1099853515625,1437.219970703125,0
20250116,^SOX,5246.7998046875,5262.009765625,5161.919921875,5162.9599609375,0
20250116,^TNX,4.684000015258789,4.693999767303467,4.5879998207092285,4.605999946594238,0
20250117,^GSPC,5995.39990234375,6014.9599609375,5978.43994140625,5996.66015625,4366830000
20250117,^IXIC,19655.55078125,19709.640625,19543.3203125,19630.19921875,7996360000
20250117,^DJI,43312.55078125,43653.25,43312.55078125,43487.828125,554870000
20250117,^VIX,16.190000534057617,16.229999542236328,15.529999732971191,15.970000267028809,0
20250117,KRW=X,1453.3199462890625,1460.22998046875,1451.22998046875,1453.3199462890625,0
20250117,^SOX,5289.60986328125,5319.68017578125,5252.35986328125,5309.740234375,0
20250117,^TNX,4.572000026702881,4.625,4.567999839782715,4.609000205993652,0
20250120,KRW=X,1457.3800048828125,1457.3900146484375,1433.1300048828125,1457.3800048828125,0
20250121,^GSPC,6014.1201171875,6051.509765625,6006.8798828125,6049.240234375,4702920000
20250121,^IXIC,19734.390625,19789.630859375,19551.169921875,19756.779296875,8015780000
20250121,^DJI,43528.6484375,44050.12890625,43528.6484375,44025.80859375,592210000
20250121,^VIX,16.290000915527344,16.290000915527344,14.930000305175781,15.0600004196167,0
20250121,KRW=X,1435.530029296875,1443.6300048828125,1361.25,1435.530029296875,0
20250121,^SOX,5356.91015625,5425.330078125,5307.52001953125,5378.5,0
20250121,^TNX,4.573999881744385,4.585000038146973,4.552000045776367,4.573999881744385,0
20250122,^GSPC,6081.39013671875,6100.81005859375,6076.1298828125,6086.3701171875,4323040000
20250122,^IXIC,19903.05078125,20068.51953125,19903.05078125,20009.33984375,7219060000
20250122,^DJI,44178.05859375,44208.33984375,44042.109375,44156.73046875,588430000
20250122,^VIX,14.890000343322754,15.289999961853027,14.59000015258789,15.100000381469727,0
20250122,KRW=X,1425.7900390625,1438.75,1429.6700439453125,1425.7900390625,0
20250122,^SOX,5436.77001953125,5525.14990234375,5433.7998046875,5469.2900390625,0
20250122,^TNX,4.559999942779541,4.617000102996826,4.559999942779541,4.598999977111816,0
20250123,^GSPC,6076.31982421875,6118.72998046875,6074.669921875,6118.7099609375,4432250000
20250123,^IXIC,19906.990234375,20053.6796875,19892.55078125,20053.6796875,6837700000
20250123,^DJI,44113.55078125,44565.26171875,44113.55078125,44565.0703125,444180000
20250123,^VIX,15.279999732971191,15.390000343322754,14.59000015258789,15.020000457763672,0
20250123,KRW=X,1434.3399658203125,1440.8699951171875,1431.239990234375,1434.3399658203125,0
20250123,^SOX,5367.52001953125,5444.740234375,5350.85009765625,5444.68994140625,0
20250123,^TNX,4.638000011444092,4.664000034332275,4.617000102996826,4.638000011444092,0
20250124,^GSPC,6121.43017578125,6128.18017578125,6088.740234375,6101.240234375,4214250000
20250124,^IXIC,20087.109375,20118.609375,19897.130859375,19954.30078125,7708150000
20250124,^DJI,44533.75,44545.51953125,44332.21875,44424.25,532230000
20250124,^VIX,15.020000457763672,15.15999984741211,14.579999923706055,14.850000381469727,0
20250124,KRW=X,1433.9300537109375,1437.27001953125,1425.8499755859375,1433.9300537109375,0
20250124,^SOX,5447.2900390625,5449.81005859375,5320.60986328125,5341.93994140625,0
20250124,^TNX,4.642000198364258,4.6620001792907715,4.605000019073486,4.625999927520752,0
20250127,^GSPC,5969.0400390625,6017.169921875,5962.919921875,6012.27978515625,5198750000
20250127,^IXIC,19234.0390625,19514.349609375,19204.94921875,19341.830078125,8870200000
20250127,^DJI,44148.83984375,44727.8515625,44026.26953125,44713.578125,1230150000
20250127,^VIX,18.829999923706055,22.510000228881836,17.56999969482422,17.899999618530273,0
20250127,KRW=X,1427.6300048828125,1438.7900390625,1427.6300048828125,1427.6300048828125,0
20250127,^SOX,5007.83984375,5045.43017578125,4785.43017578125,4853.240234375,0
20250127,^TNX,4.5320000648498535,4.565000057220459,4.521999835968018,4.5279998779296875,0
20250128,^GSPC,6026.97021484375,6074.5400390625,5994.6298828125,6067.7001953125,4473640000
20250128,^IXIC,19418.220703125,19759.4296875,19294.619140625,19733.58984375,7121740000
20250128,^DJI,44756.359375,44976.3515625,44621.9609375,44850.3515625,915110000
20250128,^VIX,18.290000915527344,18.389999389648438,16.25,16.40999984741211,0
20250128,KRW=X,1417.9200439453125,1450.4300537109375,1407.5899658203125,1417.9200439453125,0
20250128,^SOX,4896.25,4928.18994140625,4776.81982421875,4907.02978515625,0
20250128,^TNX,4.568999767303467,4.578999996185303,4.545000076293945,4.551000118255615,0
20250129,^GSPC,6057.7001953125,6062.830078125,6012.9599609375,6039.31005859375,4115310000
20250129,^IXIC,19695.6796875,19699.8203125,19479.509765625,19632.3203125,6497710000
20250129,^DJI,44819.55078125,44962.578125,44579.1015625,44713.51953125,695190000
20250129,^VIX,16.420000076293945,18.079999923706055,16.170000076293945,16.559999465942383,0
20250129,KRW=X,1443.260009765625,1448.43994140625,1422.050048828125,1443.260009765625,0
20250129,^SOX,4949.43017578125,4964.669921875,4862.31982421875,4918.10009765625,0
20250129,^TNX,4.526000022888184,4.591000080108643,4.510000228881836,4.554999828338623,0
20250130,^GSPC,6050.75,6086.64013671875,6027.4599609375,6071.169921875,4634620000
20250130,^IXIC,19697.529296875,19785.7890625,19483.830078125,19681.75,6679500000
20250130,^DJI,44548.69140625,45008.75,44548.69140625,44882.12890625,714080000
20250130,^VIX,15.930000305175781,16.420000076293945,15.319999694824219,15.84000015258789,0
20250130,KRW=X,1443.3199462890625,1444.0,1438.9300537109375,1443.3199462890625,0
20250130,^SOX,4996.5498046875,5054.43017578125,4959.7001953125,5030.52978515625,0
20250130,^TNX,4.49399995803833,4.5370001792907715,4.48799991607666,4.51200008392334,0
20250131,^GSPC,6096.7900390625,6120.91015625,6030.93017578125,6040.52978515625,4843770000
20250131,^IXIC,19832.330078125,19969.169921875,19575.2109375,19627.439453125,7947370000
20250131,^DJI,45054.359375,45054.359375,44507.21875,44544.66015625,768530000
20250131,^VIX,15.449999809265137,17.09000015258789,14.899999618530273,16.43000030517578,0
20250131,KRW=X,1441.6600341796875,1455.77001953125,1444.5799560546875,1441.6600341796875,0
20250131,^SOX,5058.47021484375,5161.93017578125,5000.18994140625,5015.85009765625,0
20250131,^TNX,4.525000095367432,4.568999767303467,4.501999855041504,4.568999767303467,0
20250203,^GSPC,5969.64990234375,6022.1298828125,5923.93017578125,5994.56982421875,4797210000
20250203,^IXIC,19215.380859375,19502.130859375,19141.150390625,19391.9609375,8272460000
20250203,^DJI,44268.1484375,44594.5390625,43879.05859375,44421.91015625,712890000
20250203,^VIX,20.360000610351562,20.420000076293945,17.65999984741211,18.6200008392334,0
20250203,KRW=X,1456.780029296875,1471.75,1460.0999755859375,1456.780029296875,0
20250203,^SOX,4866.4501953125,4983.18994140625,4848.72021484375,4924.81005859375,0
20250203,^TNX,4.50600004196167,4.557000160217285,4.461999893188477,4.543000221252441,0
20250204,^GSPC,5998.14013671875,6042.47998046875,5990.8701171875,6037.8798828125,4410160000
20250204,^IXIC,19422.169921875,19666.439453125,19408.1796875,19654.01953125,6477050000
20250204,^DJI,44469.4609375,44597.7109375,44328.51953125,44556.0390625,561360000
20250204,^VIX,18.780000686645508,19.110000610351562,16.780000686645508,17.209999084472656,0
20250204,KRW=X,1459.050048828125,1466.18994140625,1448.4100341796875,1459.050048828125,0
20250204,^SOX,4917.6298828125,4999.68994140625,4907.4501953125,4976.58984375,0
20250204,^TNX,4.577000141143799,4.5980000495910645,4.508999824523926,4.513000011444092,0
20250205,^GSPC,6020.4501953125,6062.85986328125,6007.06005859375,6061.47998046875,4756250000
20250205,^IXIC,19533.05078125,19696.939453125,19498.900390625,19692.330078125,6712220000
20250205,^DJI,44563.62890625,44886.87890625,44352.98828125,44873.28125,552040000
20250205,^VIX,17.540000915527344,17.75,15.770000457763672,15.770000457763672,0
20250205,KRW=X,1450.1600341796875,1454.3900146484375,1440.6400146484375,1450.1600341796875,0
20250205,^SOX,4988.06005859375,5102.39990234375,4945.66015625,5091.5,0
20250205,^TNX,4.464000225067139,4.473999977111816,4.400000095367432,4.421999931335449,0
20250206,^GSPC,6072.22021484375,6084.02978515625,6046.830078125,6083.56982421875,4847120000
20250206,^IXIC,19725.830078125,19793.359375,19654.109375,19791.990234375,6642100000
20250206,^DJI,44949.19140625,44966.62890625,44545.26953125,44747.62890625,542250000
20250206,^VIX,15.880000114440918,16.149999618530273,14.989999771118164,15.5,0
20250206,KRW=X,1443.8900146484375,1451.02001953125,1442.93994140625,1443.8900146484375,0
20250206,^SOX,5062.2900390625,5106.490234375,5041.85986328125,5092.58984375,0
20250206,^TNX,4.447999954223633,4.460000038146973,4.4120001792907715,4.440000057220459,0
20250207,^GSPC,6083.1298828125,6101.27978515625,6019.9599609375,6025.990234375,4766900000
20250207,^IXIC,19774.869140625,19862.5390625,19489.359375,19523.400390625,7748940000
20250207,^DJI,44762.5703125,44857.109375,44279.78125,44303.3984375,552510000
20250207,^VIX,15.380000114440918,16.65999984741211,14.789999961853027,16.540000915527344,0
20250207,KRW=X,1442.1500244140625,1454.72998046875,1436.469970703125,1442.1500244140625,0
20250207,^SOX,5115.4501953125,5129.64013671875,4978.56982421875,5009.33984375,0
20250207,^TNX,4.443999767303467,4.513000011444092,4.3979997634887695,4.486999988555908,0
20250210,^GSPC,6046.39990234375,6073.3798828125,6044.83984375,6066.43994140625,4458760000
20250210,^IXIC,19668.1796875,19772.0390625,19650.7890625,19714.26953125,9535440000
20250210,^DJI,44396.921875,44622.19140625,44301.421875,44470.41015625,494600000
20250210,^VIX,16.579999923706055,16.610000610351562,15.699999809265137,15.8100004196167,0
20250210,KRW=X,1450.6199951171875,1456.6199951171875,1448.6099853515625,1450.6199951171875,0
20250210,^SOX,5058.0,5097.3701171875,5056.0400390625,5082.669921875,0
20250210,^TNX,4.491000175476074,4.499000072479248,4.458000183105469,4.493000030517578,0
20250211,^GSPC,6049.31982421875,6076.27978515625,6042.33984375,6068.5,4324880000
20250211,^IXIC,19602.109375,19731.9296875,19579.76953125,19643.859375,9269380000
20250211,^DJI,44401.37890625,44640.6015625,44319.51171875,44593.6484375,453440000
20250211,^VIX,16.1299991607666,16.420000076293945,15.75,16.020000457763672,0
20250211,KRW=X,1453.2099609375,1455.3800048828125,1450.5,1453.2099609375,0
20250211,^SOX,5043.1201171875,5110.4501953125,5042.5400390625,5079.97021484375,0
20250211,^TNX,4.534999847412109,4.546999931335449,4.525000095367432,4.5370001792907715,0
20250212,^GSPC,6025.080078125,6063.0,6003.0,6051.97021484375,4627960000
20250212,^IXIC,19436.509765625,19682.509765625,19415.48046875,19649.94921875,7946550000
20250212,^DJI,44357.69921875,44467.2109375,44104.48046875,44368.55859375,444470000
20250212,^VIX,15.90999984741211,17.18000030517578,15.640000343322754,15.890000343322754,0
20250212,KRW=X,1450.75,1459.0899658203125,1446.6800537109375,1450.75,0
20250212,^SOX,5003.2001953125,5093.10009765625,4992.52001953125,5090.7900390625,0
20250212,^TNX,4.534999847412109,4.659999847412109,4.5269999504089355,4.63700008392334,0
20250213,^GSPC,6060.58984375,6116.91015625,6050.9501953125,6115.06982421875,4763800000
20250213,^IXIC,19696.919921875,19952.169921875,19675.869140625,19945.640625,8414510000
20250213,^DJI,44425.94140625,44768.26171875,44366.62109375,44711.4296875,513960000
20250213,^VIX,15.970000267028809,16.329999923706055,14.979999542236328,15.100000381469727,0
20250213,KRW=X,1452.1199951171875,1454.949951171875,1444.6099853515625,1452.1199951171875,0
20250213,^SOX,5087.68017578125,5158.490234375,5086.33984375,5156.39013671875,0
20250213,^TNX,4.60099983215332,4.61899995803833,4.514999866485596,4.525000095367432,0
20250214,^GSPC,6115.52001953125,6127.47021484375,6107.6201171875,6114.6298828125,4335190000
20250214,^IXIC,19956.8203125,20045.759765625,19932.150390625,20026.76953125,7995720000
20250214,^DJI,44720.98828125,44769.05078125,44498.9609375,44546.078125,474570000
20250214,^VIX,15.079999923706055,15.420000076293945,14.739999771118164,14.770000457763672,0
20250214,KRW=X,1438.739990234375,1445.010009765625,1434.6500244140625,1438.739990234375,0
20250214,^SOX,5149.169921875,5176.330078125,5132.93017578125,5160.93994140625,0
20250214,^TNX,4.531000137329102,4.5329999923706055,4.447000026702881,4.4720001220703125,0
20250217,KRW=X,1432.5999755859375,1444.75,1438.7099609375,1432.5999755859375,0
20250218,^GSPC,6121.60009765625,6129.6298828125,6099.509765625,6129.580078125,4684980000
20250218,^IXIC,20090.55078125,20110.119140625,19909.740234375,20041.259765625,8683170000
20250218,^DJI,44583.91015625,44602.01953125,44319.3203125,44556.33984375,551790000
20250218,^VIX,15.569999694824219,16.030000686645508,15.350000381469727,15.350000381469727,0
20250218,KRW=X,1441.2900390625,1445.8900146484375,1437.510009765625,1441.2900390625,0
20250218,^SOX,5209.97998046875,5259.18017578125,5168.490234375,5247.85986328125,0
20250218,^TNX,4.519000053405762,4.546000003814697,4.506999969482422,4.544000148773193,0
20250219,^GSPC,6117.759765625,6147.43017578125,6111.14990234375,6144.14990234375,4562330000
20250219,^IXIC,19994.5,20099.390625,19928.890625,20056.25,8171530000
20250219,^DJI,44478.12109375,44636.19140625,44312.6484375,44627.58984375,438880000
20250219,^VIX,15.140000343322754,15.960000038146973,15.050000190734863,15.270000457763672,0
20250219,KRW=X,1440.0799560546875,1443.949951171875,1436.8499755859375,1440.0799560546875,0
20250219,^SOX,5246.4501953125,5331.9599609375,5223.1201171875,5309.68994140625,0
20250219,^TNX,4.565999984741211,4.576000213623047,4.5289998054504395,4.534999847412109,0
20250220,^GSPC,6134.5,6134.5,6084.58984375,6117.52001953125,4813690000
20250220,^IXIC,20029.189453125,20041.150390625,19795.01953125,19962.359375,7329270000
20250220,^DJI,44561.109375,44561.109375,43950.16015625,44176.6484375,448500000
20250220,^VIX,15.609999656677246,16.6299991607666,15.119999885559082,15.65999984741211,0
20250220,KRW=X,1439.97998046875,1442.199951171875,1433.300048828125,1439.97998046875,0
20250220,^SOX,5336.9501953125,5366.31982421875,5254.64013671875,5310.6298828125,0
20250220,^TNX,4.506999969482422,4.525000095367432,4.492000102996826,4.5,0
20250221,^GSPC,6114.10009765625,6114.81982421875,6008.56005859375,6013.1298828125,5434560000
20250221,^IXIC,20006.689453125,20016.66015625,19510.91015625,19524.009765625,8461020000
20250221,^DJI,43820.12890625,43959.73046875,43349.328125,43428.01953125,622550000
20250221,^VIX,15.630000114440918,19.030000686645508,15.279999732971191,18.209999084472656,0
20250221,KRW=X,1431.699951171875,1436.1099853515625,1429.699951171875,1431.699951171875,0
20250221,^SOX,5318.47998046875,5321.2001953125,5120.02978515625,5136.58984375,0
20250221,^TNX,4.484000205993652,4.500999927520752,4.406000137329102,4.420000076293945,0
20250224,^GSPC,6026.68994140625,6043.64990234375,5977.830078125,5983.25,4990120000
20250224,^IXIC,19590.849609375,19644.23046875,19275.4609375,19286.9296875,7414760000
20250224,^DJI,43493.12109375,43699.1484375,43343.671875,43461.2109375,615500000
20250224,^VIX,18.079999923706055,20.239999771118164,17.309999465942383,18.979999542236328,0
20250224,KRW=X,1434.2900390625,1433.6500244140625,1423.9000244140625,1434.2900390625,0
20250224,^SOX,5155.3701171875,5167.43994140625,4999.580078125,5003.5400390625,0
20250224,^TNX,4.436999797821045,4.451000213623047,4.388999938964844,4.39300012588501,0
20250225,^GSPC,5982.72998046875,5992.64990234375,5908.490234375,5955.25,5374690000
20250225,^IXIC,19242.609375,19256.349609375,18871.51953125,19026.390625,7991440000
20250225,^DJI,43509.73828125,43767.73828125,43282.98046875,43621.16015625,641310000
20250225,^VIX,19.09000015258789,21.479999542236328,18.850000381469727,19.43000030517578,0
20250225,KRW=X,1428.6500244140625,1435.0899658203125,1427.449951171875,1428.6500244140625,0
20250225,^SOX,4993.5498046875,5009.18994140625,4876.41015625,4888.8798828125,0
20250225,^TNX,4.328999996185303,4.335000038146973,4.2829999923706055,4.297999858856201,0
20250226,^GSPC,5970.8701171875,6009.81982421875,5932.68994140625,5956.06005859375,4869580000
20250226,^IXIC,19109.3203125,19286.01953125,18966.4609375,19075.259765625,7034450000
20250226,^DJI,43635.421875,43866.5,43318.9296875,43433.12109375,590270000
20250226,^VIX,18.959999084472656,20.059999465942383,17.829999923706055,19.100000381469727,0
20250226,KRW=X,1429.5,1436.3699951171875,1427.8499755859375,1429.5,0
20250226,^SOX,4959.97021484375,5032.64013671875,4935.330078125,4990.81982421875,0
20250226,^TNX,4.290999889373779,4.314000129699707,4.247000217437744,4.249000072479248,0
20250227,^GSPC,5981.8798828125,5993.68994140625,5858.77978515625,5861.56982421875,5057680000
20250227,^IXIC,19212.359375,19242.689453125,18535.220703125,18544.419921875,7700290000
20250227,^DJI,43516.44140625,43884.19140625,43224.53125,43239.5,739620000
20250227,^VIX,18.25,21.469999313354492,17.670000076293945,21.1299991607666,0
20250227,KRW=X,1434.4200439453125,1448.5899658203125,1433.530029296875,1434.4200439453125,0
20250227,^SOX,5032.8798828125,5041.14990234375,4684.77978515625,4686.75,0
20250227,^TNX,4.284999847412109,4.308000087738037,4.26800012588501,4.284999847412109,0
20250228,^GSPC,5856.740234375,5959.39990234375,5837.66015625,5954.5,6441140000
20250228,^IXIC,18477.169921875,18861.330078125,18372.990234375,18847.279296875,8247520000
20250228,^DJI,43259.83984375,43873.55078125,43100.87109375,43840.91015625,782170000
20250228,^VIX,21.209999084472656,22.399999618530273,19.049999237060547,19.6299991607666,0
20250228,KRW=X,1449.8599853515625,1463.800048828125,1449.8599853515625,1449.8599853515625,0
20250228,^SOX,4684.22021484375,4795.89013671875,4634.9501953125,4766.75,0
20250228,^TNX,4.25600004196167,4.2769999504089355,4.214000225067139,4.230999946594238,0
20250303,^GSPC,5968.330078125,5986.08984375,5810.91015625,5849.72021484375,5613850000
20250303,^IXIC,18923.359375,18992.30078125,18216.630859375,18350.189453125,8170140000
20250303,^DJI,43900.48828125,44033.78125,42919.30859375,43191.23828125,731560000
20250303,^VIX,19.829999923706055,24.309999465942383,19.25,22.780000686645508,0
20250303,KRW=X,1459.800048828125,1461.52001953125,1454.949951171875,1459.800048828125,0
20250303,^SOX,4817.669921875,4827.56982421875,4533.759765625,4575.3701171875,0
20250303,^TNX,4.254000186920166,4.25600004196167,4.170000076293945,4.179999828338623,0
20250304,^GSPC,5811.97998046875,5865.080078125,5732.58984375,5778.14990234375,6138110000
20250304,^IXIC,18176.4296875,18589.490234375,17956.599609375,18285.16015625,8469180000
20250304,^DJI,43040.30078125,43084.0,42347.75,42520.98828125,815780000
20250304,^VIX,22.959999084472656,26.350000381469727,21.709999084472656,23.510000228881836,0
20250304,KRW=X,1457.9300537109375,1462.030029296875,1453.199951171875,1457.9300537109375,0
20250304,^SOX,4564.75,4726.83984375,4469.68994140625,4604.509765625,0
20250304,^TNX,4.133999824523926,4.2179999351501465,4.105999946594238,4.210000038146973,0
20250305,^GSPC,5781.35986328125,5860.58984375,5742.35009765625,5842.6298828125,5285970000
20250305,^IXIC,18312.970703125,18604.470703125,18144.73046875,18552.73046875,7048430000
20250305,^DJI,42518.37109375,43135.921875,42418.73046875,43006.58984375,582350000
20250305,^VIX,23.030000686645508,24.84000015258789,21.3700008392334,21.93000030517578,0
20250305,KRW=X,1452.8499755859375,1460.0400390625,1441.989990234375,1452.8499755859375,0
20250305,^SOX,4646.81982421875,4714.52978515625,4565.89013671875,4700.7900390625,0
20250305,^TNX,4.230999946594238,4.283999919891357,4.184999942779541,4.264999866485596,0
20250306,^GSPC,5785.8701171875,5812.080078125,5711.64013671875,5738.52001953125,5165080000
20250306,^IXIC,18204.529296875,18439.240234375,17980.390625,18069.259765625,7686200000
20250306,^DJI,42848.48828125,42970.48828125,42381.55859375,42579.078125,643880000
20250306,^VIX,22.600000381469727,25.920000076293945,22.389999389648438,24.8700008392334,0
20250306,KRW=X,1443.030029296875,1450.75,1436.5,1443.030029296875,0
20250306,^SOX,4519.10986328125,4623.0,4474.85986328125,4487.85009765625,0
20250306,^TNX,4.2769999504089355,4.343999862670898,4.267000198364258,4.285999774932861,0
20250307,^GSPC,5726.009765625,5783.009765625,5666.2900390625,5770.2001953125,5705140000
20250307,^IXIC,18029.849609375,18243.580078125,17768.58984375,18196.220703125,8135420000
20250307,^DJI,42503.0703125,42898.6796875,42175.62109375,42801.71875,763440000
20250307,^VIX,24.850000381469727,26.559999465942383,23.09000015258789,23.3700008392334,0
20250307,KRW=X,1446.5,1449.4100341796875,1437.800048828125,1446.5,0
20250307,^SOX,4533.35986328125,4642.56982421875,4455.759765625,4629.58984375,0
20250307,^TNX,4.250999927520752,4.328000068664551,4.210999965667725,4.316999912261963,0
20250310,^GSPC,5705.3701171875,5705.3701171875,5564.02001953125,5614.56005859375,6409370000
20250310,^IXIC,17840.3203125,17868.080078125,17291.8203125,17468.3203125,8636040000
20250310,^DJI,42507.6484375,42541.359375,41612.921875,41911.7109375,840180000
20250310,^VIX,24.700000762939453,29.559999465942383,24.68000030517578,27.860000610351562,0
20250310,KRW=X,1446.260009765625,1457.18994140625,1445.4000244140625,1446.260009765625,0
20250310,^SOX,4508.64013671875,4548.72998046875,4343.25,4405.08984375,0
20250310,^TNX,4.23199987411499,4.250999927520752,4.197999954223633,4.2129998207092285,0
20250311,^GSPC,5603.64990234375,5636.2998046875,5528.41015625,5572.06982421875,6221240000
20250311,^IXIC,17443.08984375,17687.400390625,17238.240234375,17436.099609375,9177320000
20250311,^DJI,41837.94921875,41868.26953125,41175.37109375,41433.48046875,828160000
20250311,^VIX,27.940000534057617,29.56999969482422,26.18000030517578,26.920000076293945,0
20250311,KRW=X,1457.030029296875,1459.1800537109375,1450.5699462890625,1457.030029296875,0
20250311,^SOX,4418.1298828125,4470.330078125,4300.490234375,4374.06982421875,0
20250311,^TNX,4.23799991607666,4.295000076293945,4.188000202178955,4.288000106811523,0
20250312,^GSPC,5624.83984375,5642.18994140625,5546.08984375,5599.2998046875,5219830000
20250312,^IXIC,17711.41015625,17800.099609375,17436.26953125,17648.44921875,7746430000
20250312,^DJI,41577.5,41721.359375,41010.23828125,41350.9296875,712360000
20250312,^VIX,26.8799991607666,26.90999984741211,23.889999389648438,24.229999542236328,0
20250312,KRW=X,1451.02001953125,1454.050048828125,1437.6800537109375,1451.02001953125,0
20250312,^SOX,4488.06005859375,4537.14013671875,4436.72021484375,4481.02001953125,0
20250312,^TNX,4.309000015258789,4.331999778747559,4.250999927520752,4.317999839782715,0
20250313,^GSPC,5594.4501953125,5597.77978515625,5504.64990234375,5521.52001953125,5018980000
20250313,^IXIC,17598.560546875,17621.91015625,17239.439453125,17303.009765625,7147050000
20250313,^DJI,41280.05078125,41360.12109375,40661.76953125,40813.5703125,646770000
20250313,^VIX,24.920000076293945,26.1299991607666,23.459999084472656,24.65999984741211,0
20250313,KRW=X,1448.75,1457.4200439453125,1447.8499755859375,1448.75,0
20250313,^SOX,4485.830078125,4548.5400390625,4413.68017578125,4453.240234375,0
20250313,^TNX,4.329999923706055,4.353000164031982,4.258999824523926,4.27400016784668,0
20250314,^GSPC,5563.85009765625,5645.27001953125,5563.85009765625,5638.93994140625,4863180000
20250314,^IXIC,17523.30078125,17773.48046875,17491.080078125,17754.08984375,7093850000
20250314,^DJI,41057.5703125,41528.109375,40929.5390625,41488.19140625,600240000
20250314,^VIX,24.350000381469727,24.360000610351562,21.479999542236328,21.770000457763672,0
20250314,KRW=X,1453.530029296875,1456.5,1450.9200439453125,1453.22998046875,0
20250314,^SOX,4542.7099609375,4608.68994140625,4534.7099609375,4598.7900390625,0
20250314,^TNX,4.315999984741211,4.323999881744385,4.290999889373779,4.308000087738037,0
20250317,^GSPC,5635.60009765625,5703.52001953125,5631.1201171875,5675.1201171875,5031770000
20250317,^IXIC,17722.5390625,17925.939453125,17645.869140625,17808.66015625,6306340000
20250317,^DJI,41460.21875,42013.1015625,41412.75,41841.62890625,564190000
20250317,^VIX,22.889999389648438,22.950000762939453,20.31999969482422,20.510000228881836,0
20250317,KRW=X,1449.050048828125,1450.030029296875,1443.5799560546875,1449.050048828125,0
20250317,^SOX,4587.10986328125,4703.77001953125,4587.0498046875,4663.97021484375,0
20250317,^TNX,4.2789998054504395,4.330999851226807,4.257999897003174,4.306000232696533,0
20250318,^GSPC,5654.52978515625,5654.52978515625,5597.759765625,5614.66015625,4666270000
20250318,^IXIC,17662.5703125,17682.919921875,17431.669921875,17504.119140625,6450530000
20250318,^DJI,41772.91015625,41787.25,41415.4296875,41581.30859375,569810000
20250318,^VIX,20.829999923706055,22.56999969482422,20.40999984741211,21.700000762939453,0
20250318,KRW=X,1442.489990234375,1455.1300048828125,1440.6800537109375,1442.489990234375,0
20250318,^SOX,4618.0400390625,4628.64990234375,4562.0400390625,4589.02978515625,0
20250318,^TNX,4.320000171661377,4.339000225067139,4.265999794006348,4.281000137329102,0
20250319,^GSPC,5632.3701171875,5715.330078125,5622.2001953125,5675.2900390625,4660090000
20250319,^IXIC,17590.119140625,17917.5390625,17533.939453125,17750.7890625,6302310000
20250319,^DJI,41613.19140625,42178.41015625,41613.19140625,41964.62890625,577530000
20250319,^VIX,21.84000015258789,22.100000381469727,19.420000076293945,19.899999618530273,0
20250319,KRW=X,1448.93994140625,1462.050048828125,1448.6199951171875,1448.93994140625,0
20250319,^SOX,4598.919921875,4709.3798828125,4558.58984375,4634.52978515625,0
20250319,^TNX,4.293000221252441,4.322999954223633,4.251999855041504,4.25600004196167,0
20250320,^GSPC,5646.919921875,5711.14990234375,5632.330078125,5662.89013671875,4678420000
20250320,^IXIC,17586.060546875,17903.19921875,17576.8203125,17691.630859375,6098330000
20250320,^DJI,41795.26171875,42250.2890625,41695.609375,41953.3203125,545240000
20250320,^VIX,19.520000457763672,21.170000076293945,19.299999237060547,19.799999237060547,0
20250320,KRW=X,1443.3900146484375,1470.780029296875,1455.0999755859375,1443.3900146484375,0
20250320,^SOX,4579.06005859375,4648.4599609375,4575.4501953125,4601.3701171875,0
20250320,^TNX,4.190999984741211,4.245999813079834,4.173999786376953,4.232999801635742,0
20250321,^GSPC,5630.72998046875,5670.83984375,5603.10009765625,5667.56005859375,9367460000
20250321,^IXIC,17519.83984375,17798.060546875,17474.810546875,17784.05078125,8837930000
20250321,^DJI,41763.3984375,42011.3984375,41433.859375,41985.3515625,1026600000
20250321,^VIX,20.020000457763672,21.139999389648438,19.149999618530273,19.280000686645508,0
20250321,KRW=X,1465.8199462890625,1469.1700439453125,1459.1600341796875,1465.8199462890625,0
20250321,^SOX,4514.39990234375,4570.41015625,4484.47998046875,4557.9501953125,0
20250321,^TNX,4.210000038146973,4.25600004196167,4.199999809265137,4.251999855041504,0
20250324,^GSPC,5718.080078125,5775.14013671875,5718.080078125,5767.56982421875,4517990000
20250324,^IXIC,18046.189453125,18210.05078125,18030.6796875,18188.58984375,6787790000
20250324,^DJI,42180.140625,42638.8515625,42180.140625,42583.3203125,548840000
20250324,^VIX,19.1299991607666,19.139999389648438,17.459999084472656,17.479999542236328,0
20250324,KRW=X,1464.780029296875,1469.75,1461.800048828125,1464.780029296875,0
20250324,^SOX,4662.89990234375,4722.47998046875,4657.330078125,4694.22021484375,0
20250324,^TNX,4.302000045776367,4.339000225067139,4.288000106811523,4.330999851226807,0
20250325,^GSPC,5775.9599609375,5786.9501953125,5760.419921875,5776.64990234375,4467340000
20250325,^IXIC,18207.970703125,18281.130859375,18170.419921875,18271.859375,6475790000
20250325,^DJI,42635.5390625,42696.609375,42441.828125,42587.5,452200000
20250325,^VIX,17.579999923706055,17.770000457763672,17.020000457763672,17.149999618530273,0
20250325,KRW=X,1466.27001953125,1470.949951171875,1463.699951171875,1466.27001953125,0
20250325,^SOX,4679.8798828125,4693.2001953125,4648.7998046875,4661.33984375,0
20250325,^TNX,4.361999988555908,4.363999843597412,4.297999858856201,4.307000160217285,0
20250326,^GSPC,5771.66015625,5783.6201171875,5694.41015625,5712.2001953125,4183140000
20250326,^IXIC,18217.330078125,18236.55078125,17837.259765625,17899.01953125,9091510000
20250326,^DJI,42655.8515625,42821.828125,42326.671875,42454.7890625,592650000
20250326,^VIX,17.229999542236328,19.06999969482422,16.969999313354492,18.329999923706055,0
20250326,KRW=X,1462.0899658203125,1467.3699951171875,1461.9300537109375,1462.0899658203125,0
20250326,^SOX,4639.919921875,4649.5400390625,4467.7099609375,4508.740234375,0
20250326,^TNX,4.3480000495910645,4.361999988555908,4.327000141143799,4.3379998207092285,0
20250327,^GSPC,5695.64013671875,5732.27978515625,5670.93994140625,5693.31005859375,4403460000
20250327,^IXIC,17811.240234375,17988.01953125,17743.80078125,17804.029296875,8002470000
20250327,^DJI,42432.9609375,42523.83984375,42142.19140625,42299.69921875,484540000
20250327,^VIX,18.360000610351562,19.280000686645508,17.950000762939453,18.690000534057617,0
20250327,KRW=X,1465.6800537109375,1470.06005859375,1462.4599609375,1465.6800537109375,0
20250327,^SOX,4452.52001953125,4476.3701171875,4394.7998046875,4415.25,0
20250327,^TNX,4.385000228881836,4.38700008392334,4.355999946594238,4.36899995803833,0
20250328,^GSPC,5679.2001953125,5685.89013671875,5572.419921875,5580.93994140625,4513330000
20250328,^IXIC,17722.08984375,17763.279296875,17283.060546875,17322.990234375,7015410000
20250328,^DJI,42245.8203125,42258.1484375,41530.0,41583.8984375,532360000
20250328,^VIX,19.079999923706055,22.18000030517578,18.920000076293945,21.649999618530273,0
20250328,KRW=X,1461.8900146484375,1469.2099609375,1461.8900146484375,1461.8900146484375,0
20250328,^SOX,4387.83984375,4411.66015625,4259.93017578125,4284.91015625,0
20250328,^TNX,4.326000213623047,4.340000152587891,4.250999927520752,4.255000114440918,0
20250331,^GSPC,5527.91015625,5627.56005859375,5488.72998046875,5611.85009765625,5257250000
20250331,^IXIC,17045.439453125,17334.98046875,16854.369140625,17299.2890625,8122180000
20250331,^DJI,41382.51953125,42147.37890625,41148.12890625,42001.76171875,732220000
20250331,^VIX,24.110000610351562,24.799999237060547,21.670000076293945,22.280000686645508,0
20250331,KRW=X,1469.4100341796875,1477.0400390625,1468.0699462890625,1469.4100341796875,0
20250331,^SOX,4193.5,4277.18994140625,4129.60986328125,4270.43017578125,0
20250331,^TNX,4.203000068664551,4.258999824523926,4.191999912261963,4.245999813079834,0
20250401,^GSPC,5597.52978515625,5650.56982421875,5558.52001953125,5633.06982421875,4434500000
20250401,^IXIC,17221.55078125,17506.58984375,17149.359375,17449.890625,7756540000
20250401,^DJI,41879.75,42140.66015625,41519.8984375,41989.9609375,514610000
20250401,^VIX,22.059999465942383,23.520000457763672,21.579999923706055,21.770000457763672,0
20250401,KRW=X,1471.9599609375,1476.469970703125,1466.699951171875,1471.9599609375,0
20250401,^SOX,4253.5498046875,4285.9599609375,4179.4501953125,4282.4599609375,0
20250401,^TNX,4.158999919891357,4.185999870300293,4.132999897003174,4.156000137329102,0
20250402,^GSPC,5580.759765625,5695.31005859375,5571.47998046875,5670.97021484375,4243830000
20250402,^IXIC,17207.009765625,17716.51953125,17181.26953125,17601.05078125,9126630000
20250402,^DJI,41736.078125,42382.26953125,41629.69921875,42225.3203125,492050000
20250402,^VIX,22.299999237060547,23.65999984741211,20.68000030517578,21.510000228881836,0
20250402,KRW=X,1469.969970703125,1472.4000244140625,1460.2900390625,1469.969970703125,0
20250402,^SOX,4216.240234375,4374.509765625,4206.66015625,4320.75,0
20250402,^TNX,4.142000198364258,4.22599983215332,4.110000133514404,4.196000099182129,0
20250403,^GSPC,5492.740234375,5499.52978515625,5390.830078125,5396.52001953125,7210470000
20250403,^IXIC,16790.529296875,16889.33984375,16533.0390625,16550.609375,9461330000
20250403,^DJI,40986.51953125,41173.62109375,40513.109375,40545.9296875,941940000
20250403,^VIX,26.3799991607666,30.020000457763672,24.93000030517578,30.020000457763672,0
20250403,KRW=X,1466.0400390625,1470.199951171875,1448.75,1466.0400390625,0
20250403,^SOX,4115.1298828125,4131.81982421875,3889.6201171875,3893.68994140625,0
20250403,^TNX,4.073999881744385,4.073999881744385,4.004000186920166,4.054999828338623,0
20250404,^GSPC,5292.14013671875,5292.14013671875,5069.89990234375,5074.080078125,8853500000
20250404,^IXIC,16045.599609375,16128.16015625,15575.6796875,15587.7900390625,11038180000
20250404,^DJI,40097.8984375,40097.8984375,38264.87109375,38314.859375,1290100000
20250404,^VIX,30.1200008392334,45.61000061035156,29.989999771118164,45.310001373291016,0
20250404,KRW=X,1450.6800537109375,1461.6300048828125,1430.300048828125,1450.6800537109375,0
20250404,^SOX,3760.14990234375,3778.780029296875,3529.60009765625,3597.659912109375,0
20250404,^TNX,3.9119999408721924,4.014999866485596,3.885999917984009,3.984999895095825,0
20250407,^GSPC,4953.7900390625,5246.56982421875,4835.0400390625,5062.25,8691980000
20250407,^IXIC,14978.0302734375,16292.2802734375,14784.0302734375,15603.259765625,12483580000
20250407,^DJI,37879.6484375,39207.01953125,36611.78125,37965.6015625,1363960000
20250407,^VIX,60.130001068115234,60.130001068115234,38.58000183105469,46.97999954223633,0
20250407,KRW=X,1458.52001953125,1470.6700439453125,1453.8199462890625,1458.52001953125,0
20250407,^SOX,3460.449951171875,3896.070068359375,3388.6201171875,3694.949951171875,0
20250407,^TNX,3.9769999980926514,4.210000038146973,3.9719998836517334,4.15500020980835,0
20250408,^GSPC,5193.56982421875,5267.47021484375,4910.419921875,4982.77001953125,7408140000
20250408,^IXIC,16181.0400390625,16316.509765625,15053.3896484375,15267.91015625,10496650000
20250408,^DJI,38827.1015625,39426.6015625,37103.859375,37645.58984375,1051220000
20250408,^VIX,44.040000915527344,57.52000045776367,36.47999954223633,52.33000183105469,0
20250408,KRW=X,1469.949951171875,1482.25,1465.9000244140625,1469.949951171875,0
20250408,^SOX,3863.699951171875,3902.530029296875,3484.27001953125,3562.93994140625,0
20250408,^TNX,4.2179999351501465,4.275000095367432,4.164000034332275,4.26200008392334,0
20250409,^GSPC,4965.27978515625,5481.33984375,4948.43017578125,5456.89990234375,9489600000
20250409,^IXIC,15295.4404296875,17202.939453125,15270.2802734375,17124.970703125,13479740000
20250409,^DJI,37387.91015625,40778.69921875,37275.69140625,40608.44921875,1412960000
20250409,^VIX,50.97999954223633,57.959999084472656,31.899999618530273,33.619998931884766,0
20250409,KRW=X,1486.1300048828125,1486.9000244140625,1470.3900146484375,1486.1300048828125,0
20250409,^SOX,3609.169921875,4265.02001953125,3572.47998046875,4230.4501953125,0
20250409,^TNX,4.455999851226807,4.473999977111816,4.3429999351501465,4.400000095367432,0
20250410,^GSPC,5353.14990234375,5353.14990234375,5115.27001953125,5268.0498046875,6677140000
20250410,^IXIC,16635.44921875,16712.369140625,15894.26953125,16387.310546875,11861670000
20250410,^DJI,39996.9296875,39996.9296875,38427.69921875,39593.66015625,1023490000
20250410,^VIX,34.439998626708984,54.869998931884766,34.439998626708984,40.720001220703125,0
20250410,KRW=X,1443.949951171875,1465.2900390625,1446.52001953125,1443.949951171875,0
20250410,^SOX,4020.1298828125,4036.8701171875,3757.52001953125,3893.300048828125,0
20250410,^TNX,4.328000068664551,4.400000095367432,4.289000034332275,4.394000053405762,0
20250411,^GSPC,5255.56005859375,5381.4599609375,5220.77001953125,5363.35986328125,5602550000
20250411,^IXIC,16358.5302734375,16753.41015625,16228.0400390625,16724.4609375,9444890000
20250411,^DJI,39493.421875,40404.26953125,39255.2109375,40212.7109375,742800000
20250411,^VIX,40.79999923706055,46.119998931884766,36.849998474121094,37.560001373291016,0
20250411,KRW=X,1452.0400390625,1455.9000244140625,1417.4300537109375,1452.0400390625,0
20250411,^SOX,3881.22998046875,4000.3798828125,3822.280029296875,3990.89990234375,0
20250411,^TNX,4.440000057220459,4.5920000076293945,4.427000045776367,4.493000030517578,0
20250414,^GSPC,5441.9599609375,5459.4599609375,5358.02001953125,5405.97021484375,5031440000
20250414,^IXIC,17120.439453125,17136.560546875,16661.259765625,16831.48046875,9667260000
20250414,^DJI,40546.1484375,40778.2890625,40159.01953125,40524.7890625,667010000
20250414,^VIX,34.7599983215332,35.16999816894531,29.75,30.889999389648438,0
20250414,KRW=X,1419.050048828125,1431.5899658203125,1414.719970703125,1419.050048828125,0
20250414,^SOX,4094.639892578125,4098.43994140625,3944.89990234375,4003.219970703125,0
20250414,^TNX,4.438000202178955,4.458000183105469,4.360000133514404,4.363999843597412,0
20250415,^GSPC,5411.990234375,5450.41015625,5386.43994140625,5396.6298828125,4317110000
20250415,^IXIC,16842.390625,16979.9609375,16753.220703125,16823.169921875,7483050000
20250415,^DJI,40527.8203125,40791.1796875,40346.94140625,40368.9609375,529800000
20250415,^VIX,30.010000228881836,31.450000762939453,28.290000915527344,30.1200008392334,0
20250415,KRW=X,1419.4200439453125,1431.1800537109375,1419.18994140625,1419.4200439453125,0
20250415,^SOX,4019.780029296875,4074.93994140625,4000.929931640625,4021.889892578125,0
20250415,^TNX,4.380000114440918,4.39900016784668,4.308000087738037,4.322999954223633,0
20250416,^GSPC,5335.75,5367.240234375,5220.7900390625,5275.7001953125,4607750000
20250416,^IXIC,16499.689453125,16600.369140625,16066.4599609375,16307.16015625,7909190000
20250416,^DJI,40179.48828125,40416.80078125,39394.75,39669.390625,737550000
20250416,^VIX,33.2400016784668,34.959999084472656,29.479999542236328,32.63999938964844,0
20250416,KRW=X,1427.02001953125,1430.6099853515625,1413.6199951171875,1427.02001953125,0
20250416,^SOX,3836.89990234375,3905.860107421875,3733.989990234375,3857.169921875,0
20250416,^TNX,4.315999984741211,4.3520002365112305,4.275000095367432,4.2789998054504395,0
20250417,^GSPC,5305.4501953125,5328.31005859375,5255.580078125,5282.7001953125,4714880000
20250417,^IXIC,16399.970703125,16408.509765625,16181.169921875,16286.4501953125,7046290000
20250417,^DJI,39745.578125,39745.578125,38950.30859375,39142.23046875,657400000
20250417,^VIX,30.790000915527344,32.54999923706055,29.56999969482422,29.649999618530273,0
20250417,KRW=X,1414.22998046875,1422.469970703125,1413.8299560546875,1414.22998046875,0
20250417,^SOX,3886.840087890625,3887.989990234375,3796.530029296875,3832.469970703125,0
20250417,^TNX,4.291999816894531,4.343999862670898,4.2779998779296875,4.333000183105469,0
20250421,^GSPC,5232.93994140625,5232.93994140625,5101.6298828125,5158.2001953125,4226340000
20250421,^IXIC,16052.759765625,16066.7900390625,15685.330078125,15870.900390625,6678730000
20250421,^DJI,38906.0390625,38906.0390625,37830.66015625,38170.41015625,604790000
20250421,^VIX,32.75,35.75,31.790000915527344,33.81999969482422,0
20250421,^SOX,3761.860107421875,3765.080078125,3681.14990234375,3751.909912109375,0
20250421,^TNX,4.396999835968018,4.4070000648498535,4.333000183105469,4.40500020980835,0
20250422,^GSPC,5207.669921875,5309.60986328125,5207.669921875,5287.759765625,4666950000
20250422,^IXIC,16079.9404296875,16410.560546875,16038.73046875,16300.419921875,6981900000
20250422,^DJI,38516.23046875,39272.03125,38516.23046875,39186.98046875,582330000
20250422,^VIX,32.61000061035156,32.68000030517578,30.079999923706055,30.56999969482422,0
20250422,KRW=X,1421.6400146484375,1427.0400390625,1417.9599609375,1421.6400146484375,0
20250422,^SOX,3787.52001953125,3858.35009765625,3776.969970703125,3832.050048828125,0
20250422,^TNX,4.4070000648498535,4.4070000648498535,4.370999813079834,4.388999938964844,0
20250423,^GSPC,5395.919921875,5469.68994140625,5356.169921875,5375.85986328125,5371390000
20250423,^IXIC,16880.2890625,17029.859375,16642.66015625,16708.05078125,8564870000
20250423,^DJI,39815.01171875,40376.109375,39487.140625,39606.5703125,642550000
20250423,^VIX,28.75,30.290000915527344,27.110000610351562,28.450000762939453,0
20250423,KRW=X,1429.219970703125,1431.0,1414.8599853515625,1429.219970703125,0
20250423,^SOX,4035.010009765625,4070.8701171875,3963.820068359375,3983.919921875,0
20250423,^TNX,4.291999816894531,4.39900016784668,4.261000156402588,4.38700008392334,0
20250424,^GSPC,5381.3798828125,5489.39990234375,5371.9599609375,5484.77001953125,4697710000
20250424,^IXIC,16754.759765625,17174.349609375,16744.970703125,17166.0390625,7607400000
20250424,^DJI,39531.05078125,40157.91015625,39371.87109375,40093.3984375,558120000
20250424,^VIX,28.690000534057617,29.65999984741211,26.360000610351562,26.469999313354492,0
20250424,KRW=X,1426.449951171875,1439.7099609375,1425.8499755859375,1426.449951171875,0
20250424,^SOX,4071.3798828125,4212.39013671875,4054.669921875,4208.18994140625,0
20250424,^TNX,4.343999862670898,4.3480000495910645,4.302999973297119,4.304999828338623,0
20250425,^GSPC,5489.72998046875,5528.10986328125,5455.85986328125,5525.2099609375,4236580000
20250425,^IXIC,17182.109375,17404.490234375,17110.720703125,17382.939453125,7412930000
20250425,^DJI,40045.73046875,40137.30859375,39718.6796875,40113.5,559040000
20250425,^VIX,26.219999313354492,27.200000762939453,24.84000015258789,24.84000015258789,0
20250425,KRW=X,1430.06005859375,1443.510009765625,1429.8499755859375,1430.06005859375,0
20250425,^SOX,4167.10986328125,4279.56005859375,4152.740234375,4251.60986328125,0
20250425,^TNX,4.2820000648498535,4.293000221252441,4.250999927520752,4.265999794006348,0
20250428,^GSPC,5529.22021484375,5553.66015625,5468.64013671875,5528.75,4257880000
20250428,^IXIC,17390.9296875,17467.349609375,17128.7109375,17366.130859375,10313290000
20250428,^DJI,40171.73828125,40414.1796875,39869.1015625,40227.58984375,475930000
20250428,^VIX,25.75,26.93000030517578,24.700000762939453,25.149999618530273,0
20250428,KRW=X,1437.3599853515625,1446.0400390625,1434.3199462890625,1437.3599853515625,0
20250428,^SOX,4227.330078125,4264.60009765625,4144.60009765625,4235.6201171875,0
20250428,^TNX,4.28000020980835,4.295000076293945,4.214000225067139,4.216000080108643,0
20250429,^GSPC,5508.8701171875,5571.9501953125,5505.7001953125,5560.830078125,4747150000
20250429,^IXIC,17270.759765625,17500.419921875,17256.19921875,17461.3203125,13001930000
20250429,^DJI,40233.98046875,40630.48828125,40222.1796875,40527.62109375,434830000
20250429,^VIX,24.760000228881836,25.989999771118164,23.760000228881836,24.170000076293945,0
20250429,KRW=X,1435.8800048828125,1441.22998046875,1431.25,1435.8800048828125,0
20250429,^SOX,4184.47021484375,4241.3798828125,4172.7998046875,4196.75,0
20250429,^TNX,4.2270002365112305,4.244999885559082,4.164000034332275,4.172999858856201,0
20250430,^GSPC,5499.43994140625,5581.83984375,5433.240234375,5569.06005859375,5449490000
20250430,^IXIC,17099.98046875,17483.8203125,16959.529296875,17446.33984375,8595330000
20250430,^DJI,40290.41015625,40777.16015625,39745.62890625,40669.359375,599760000
20250430,^VIX,24.350000381469727,28.170000076293945,24.229999542236328,24.700000762939453,0
20250430,KRW=X,1431.1600341796875,1433.199951171875,1409.780029296875,1431.1600341796875,0
20250430,^SOX,4085.239990234375,4238.02978515625,4066.800048828125,4230.08984375,0
20250430,^TNX,4.138999938964844,4.229000091552734,4.135000228881836,4.177000045776367,0
20250501,^GSPC,5625.14013671875,5658.91015625,5597.35009765625,5604.14013671875,4935270000
20250501,^IXIC,17793.140625,17922.830078125,17688.109375,17710.740234375,8409690000
20250501,^DJI,40918.0390625,41099.51953125,40705.62890625,40752.9609375,597270000
20250501,^VIX,23.940000534057617,25.18000030517578,23.299999237060547,24.600000381469727,0
20250501,KRW=X,1423.75,1437.8199462890625,1408.3199462890625,1423.75,0
20250501,^SOX,4288.02001953125,4332.06005859375,4243.080078125,4247.66015625,0
20250501,^TNX,4.150000095367432,4.241000175476074,4.124000072479248,4.230999946594238,0
20250502,^GSPC,5645.8798828125,5700.7001953125,5642.27978515625,5686.669921875,4854380000
20250502,^IXIC,17868.759765625,18048.830078125,17812.0390625,17977.73046875,8180190000
20250502,^DJI,40960.421875,41386.19140625,40960.421875,41317.4296875,589870000
20250502,^VIX,23.6299991607666,24.31999969482422,22.34000015258789,22.68000030517578,0
20250502,KRW=X,1435.0999755859375,1437.699951171875,1388.1199951171875,1435.0999755859375,0
20250502,^SOX,4363.4501953125,4430.9501953125,4352.58984375,4397.0498046875,0
20250502,^TNX,4.224999904632568,4.331999778747559,4.224999904632568,4.322000026702881,0
20250505,^GSPC,5655.31982421875,5683.3798828125,5634.47998046875,5650.3798828125,4358260000
20250505,^IXIC,17817.009765625,17965.640625,17792.080078125,17844.240234375,7075320000
20250505,^DJI,41173.37890625,41445.91015625,41063.44140625,41218.828125,413440000
20250505,^VIX,24.25,24.6299991607666,22.809999465942383,23.639999389648438,0
20250505,KRW=X,1398.9000244140625,1399.0,1357.2099609375,1398.9000244140625,0
20250505,^SOX,4351.35986328125,4399.56005859375,4348.72998046875,4356.18017578125,0
20250505,^TNX,4.301000118255615,4.370999813079834,4.297999858856201,4.3429999351501465,0
20250506,^GSPC,5605.8701171875,5649.580078125,5586.0400390625,5606.91015625,4717260000
20250506,^IXIC,17623.2109375,17830.349609375,17592.880859375,17689.66015625,6958220000
20250506,^DJI,41000.19140625,41164.328125,40759.41015625,40829.0,416110000
20250506,^VIX,23.969999313354492,25.110000610351562,23.899999618530273,24.760000228881836,0
20250506,KRW=X,1374.3699951171875,1389.6700439453125,1374.3699951171875,1374.3699951171875,0
20250506,^SOX,4281.06982421875,4346.31005859375,4252.669921875,4311.2001953125,0
20250506,^TNX,4.336999893188477,4.36299991607666,4.306000232696533,4.308000087738037,0
20250507,^GSPC,5614.18017578125,5654.72998046875,5578.64013671875,5631.27978515625,4987440000
20250507,^IXIC,17706.830078125,17820.2890625,17503.009765625,17738.16015625,7977870000
20250507,^DJI,40956.078125,41266.91015625,40829.2890625,41113.96875,533870000
20250507,^VIX,24.559999465942383,25.6200008392334,23.290000915527344,23.549999237060547,0
20250507,KRW=X,1374.77001953125,1401.9000244140625,1374.780029296875,1374.77001953125,0
20250507,^SOX,4304.35009765625,4400.240234375,4268.93017578125,4386.35986328125,0
20250507,^TNX,4.320000171661377,4.328000068664551,4.260000228881836,4.275000095367432,0
20250508,^GSPC,5663.60009765625,5720.10009765625,5635.3798828125,5663.93994140625,5627400000
20250508,^IXIC,17920.150390625,18096.0,17776.0,17928.140625,8500390000
20250508,^DJI,41312.5703125,41773.21875,41167.76171875,41368.44921875,514850000
20250508,^VIX,22.84000015258789,23.610000610351562,21.8799991607666,22.479999542236328,0
20250508,KRW=X,1397.2900390625,1404.18994140625,1391.8399658203125,1397.2900390625,0
20250508,^SOX,4444.169921875,4494.8701171875,4392.9599609375,4430.43994140625,0
20250508,^TNX,4.300000190734863,4.383999824523926,4.2829999923706055,4.373000144958496,0
20250509,^GSPC,5679.64990234375,5691.68994140625,5644.14990234375,5659.91015625,4645090000
20250509,^IXIC,18022.55078125,18068.900390625,17853.83984375,17928.919921875,8835140000
20250509,^DJI,41405.48046875,41512.4296875,41150.73046875,41249.37890625,373930000
20250509,^VIX,22.399999618530273,22.81999969482422,21.829999923706055,21.899999618530273,0
20250509,KRW=X,1403.8499755859375,1414.719970703125,1397.4100341796875,1403.8499755859375,0
20250509,^SOX,4509.31982421875,4515.759765625,4433.259765625,4466.5,0
20250509,^TNX,4.392000198364258,4.3979997634887695,4.3429999351501465,4.375,0
20250512,^GSPC,5807.2001953125,5845.3701171875,5786.080078125,5844.18994140625,6014580000
20250512,^IXIC,18674.560546875,18710.220703125,18472.7109375,18708.33984375,10717670000
20250512,^DJI,41899.05078125,42418.05078125,41899.05078125,42410.1015625,653810000
20250512,^VIX,19.84000015258789,20.440000534057617,18.139999389648438,18.389999389648438,0
20250512,KRW=X,1395.1700439453125,1424.02001953125,1376.25,1395.1700439453125,0
20250512,^SOX,4769.75,4807.0,4708.14990234375,4780.93017578125,0
20250512,^TNX,4.460999965667725,4.468999862670898,4.428999900817871,4.456999778747559,0
20250513,^GSPC,5854.14990234375,5906.64013671875,5845.02001953125,5886.5498046875,5516290000
20250513,^IXIC,18761.23046875,19065.9609375,18745.5,19010.08984375,9242230000
20250513,^DJI,42507.328125,42507.328125,42132.0390625,42140.4296875,729860000
20250513,^VIX,18.690000534057617,18.850000381469727,17.649999618530273,18.219999313354492,0
20250513,KRW=X,1416.030029296875,1428.199951171875,1407.4300537109375,1416.030029296875,0
20250513,^SOX,4799.56005859375,4952.89990234375,4798.0400390625,4931.35009765625,0
20250513,^TNX,4.453000068664551,4.505000114440918,4.428999900817871,4.499000072479248,0
20250514,^GSPC,5896.740234375,5906.5498046875,5872.10986328125,5892.580078125,5233450000
20250514,^IXIC,19074.720703125,19174.55078125,19023.609375,19146.810546875,11744820000
20250514,^DJI,42150.08984375,42254.75,41952.859375,42051.05859375,660230000
20250514,^VIX,18.100000381469727,18.81999969482422,18.059999465942383,18.6200008392334,0
20250514,KRW=X,1416.0,1421.5400390625,1387.0,1416.0,0
20250514,^SOX,4968.9501953125,4996.10009765625,4918.8701171875,4960.72998046875,0
20250514,^TNX,4.4770002365112305,4.53000020980835,4.4770002365112305,4.5279998779296875,0
20250515,^GSPC,5869.81982421875,5924.2099609375,5865.16015625,5916.93017578125,4991290000
20250515,^IXIC,19031.240234375,19207.220703125,18967.779296875,19112.3203125,10546350000
20250515,^DJI,41777.98046875,42351.421875,41777.98046875,42322.75,736430000
20250515,^VIX,19.190000534057617,19.3799991607666,17.770000457763672,17.829999923706055,0
20250515,KRW=X,1407.3299560546875,1410.800048828125,1389.280029296875,1407.3299560546875,0
20250515,^SOX,4909.68994140625,4968.7001953125,4873.5400390625,4932.4501953125,0
20250515,^TNX,4.513000011444092,4.541999816894531,4.440999984741211,4.454999923706055,0
20250516,^GSPC,5929.08984375,5958.6201171875,5907.35986328125,5958.3798828125,4850850000
20250516,^IXIC,19151.5390625,19213.419921875,19038.48046875,19211.099609375,10509820000
20250516,^DJI,42356.19921875,42663.6796875,42232.55859375,42654.73828125,621250000
20250516,^VIX,17.959999084472656,17.959999084472656,17.149999618530273,17.239999771118164,0
20250516,KRW=X,1397.02001953125,1401.800048828125,1387.4100341796875,1397.02001953125,0
20250516,^SOX,4927.68017578125,4927.81982421875,4868.75,4922.18994140625,0
20250516,^TNX,4.395999908447266,4.445000171661377,4.388000011444092,4.440999984741211,0
20250519,^GSPC,5902.8798828125,5968.60986328125,5895.68994140625,5963.60009765625,4144010000
20250519,^IXIC,18937.419921875,19227.220703125,18937.419921875,19215.4609375,13080030000
20250519,^DJI,42542.80859375,42842.0390625,42337.7109375,42792.0703125,536830000
20250519,^VIX,19.84000015258789,19.920000076293945,17.920000076293945,18.139999389648438,0
20250519,KRW=X,1398.1300048828125,1401.02001953125,1386.4100341796875,1398.1300048828125,0
20250519,^SOX,4812.77978515625,4907.47021484375,4810.4599609375,4897.7099609375,0
20250519,^TNX,4.548999786376953,4.561999797821045,4.4710001945495605,4.474999904632568,0
20250520,^GSPC,5944.66015625,5953.06005859375,5909.259765625,5940.4599609375,4416850000
20250520,^IXIC,19132.060546875,19186.689453125,19015.630859375,19142.7109375,9047100000
20250520,^DJI,42735.109375,42800.0390625,42485.37109375,42677.23828125,441530000
20250520,^VIX,18.459999084472656,18.68000030517578,17.700000762939453,18.09000015258789,0
20250520,KRW=X,1388.550048828125,1396.43994140625,1388.949951171875,1388.550048828125,0
20250520,^SOX,4854.7998046875,4892.64990234375,4841.830078125,4890.77978515625,0
20250520,^TNX,4.474999904632568,4.5229997634887695,4.4730000495910645,4.480999946594238,0
20250521,^GSPC,5910.18017578125,5938.3701171875,5830.91015625,5844.60986328125,5254250000
20250521,^IXIC,19002.939453125,19241.41015625,18799.19921875,18872.640625,11112460000
20250521,^DJI,42354.4609375,42439.26953125,41785.21875,41860.44140625,607900000
20250521,^VIX,18.770000457763672,21.049999237060547,17.770000457763672,20.8700008392334,0
20250521,KRW=X,1392.72998046875,1392.72998046875,1367.2099609375,1392.72998046875,0
20250521,^SOX,4857.06982421875,4949.27001953125,4775.14990234375,4802.7099609375,0
20250521,^TNX,4.543000221252441,4.604000091552734,4.5229997634887695,4.5960001945495605,0
20250522,^GSPC,5841.259765625,5878.080078125,5825.81982421875,5842.009765625,5157050000
20250522,^IXIC,18888.05078125,19061.109375,18840.33984375,18925.740234375,8289710000
20250522,^DJI,41763.6796875,42090.421875,41714.4296875,41859.08984375,476080000
20250522,^VIX,20.6200008392334,22.06999969482422,19.639999389648438,20.280000686645508,0
20250522,KRW=X,1373.8599853515625,1385.780029296875,1373.199951171875,1373.8599853515625,0
20250522,^SOX,4798.68017578125,4846.81982421875,4772.5400390625,4775.47021484375,0
20250522,^TNX,4.61299991607666,4.629000186920166,4.540999889373779,4.552999973297119,0
20250523,^GSPC,5781.89013671875,5829.509765625,5767.41015625,5802.81982421875,4662820000
20250523,^IXIC,18622.380859375,18841.51953125,18599.689453125,18737.2109375,8730370000
20250523,^DJI,41525.69921875,41788.609375,41354.08984375,41603.0703125,497060000
20250523,^VIX,20.139999389648438,25.530000686645508,19.829999923706055,22.290000915527344,0
20250523,KRW=X,1381.3399658203125,1382.449951171875,1363.31005859375,1381.3399658203125,0
20250523,^SOX,4659.72021484375,4728.3798828125,4647.31982421875,4702.3798828125,0
20250523,^TNX,4.4730000495910645,4.5269999504089355,4.465000152587891,4.508999824523926,0
20250526,KRW=X,1364.72998046875,1370.43994140625,1360.02001953125,1364.72998046875,0
20250527,^GSPC,5854.06982421875,5924.330078125,5854.06982421875,5921.5400390625,5366380000
20250527,^IXIC,19014.439453125,19210.94921875,18961.689453125,19199.16015625,8927760000
20250527,^DJI,41849.0390625,42350.66015625,41849.0390625,42343.6484375,501340000
20250527,^VIX,20.6299991607666,21.010000228881836,18.950000762939453,18.959999084472656,0
20250527,KRW=X,1368.0999755859375,1376.010009765625,1364.1800537109375,1368.0999755859375,0
20250527,^SOX,4795.0400390625,4878.77001953125,4767.77978515625,4861.08984375,0
20250527,^TNX,4.468999862670898,4.486999988555908,4.432000160217285,4.434000015258789,0
20250528,^GSPC,5925.5400390625,5939.919921875,5881.8798828125,5888.5498046875,4665050000
20250528,^IXIC,19232.619140625,19276.830078125,19084.380859375,19100.939453125,8087530000
20250528,^DJI,42361.62890625,42448.71875,42042.26171875,42098.69921875,518840000
20250528,^VIX,19.209999084472656,19.43000030517578,18.68000030517578,19.309999465942383,0
20250528,KRW=X,1374.800048828125,1377.7900390625,1368.3299560546875,1374.800048828125,0
20250528,^SOX,4868.56005859375,4889.169921875,4825.68994140625,4834.419921875,0
20250528,^TNX,4.443999767303467,4.500999927520752,4.438000202178955,4.4770002365112305,0
20250529,^GSPC,5939.9599609375,5943.1298828125,5873.7998046875,5912.169921875,4569750000
20250529,^IXIC,19389.390625,19389.390625,19091.5390625,19175.869140625,11016850000
20250529,^DJI,42190.01953125,42266.0,41828.3515625,42215.73046875,665310000
20250529,^VIX,18.25,20.200000762939453,18.110000610351562,19.18000030517578,0
20250529,KRW=X,1373.5999755859375,1385.22998046875,1368.6700439453125,1373.5999755859375,0
20250529,^SOX,4956.240234375,4956.240234375,4832.35009765625,4860.47998046875,0
20250529,^TNX,4.497000217437744,4.499000072479248,4.415999889373779,4.423999786376953,0
20250530,^GSPC,5903.669921875,5922.14013671875,5843.66015625,5911.68994140625,6378540000
20250530,^IXIC,19131.220703125,19157.779296875,18847.740234375,19113.76953125,9042260000
20250530,^DJI,42192.3515625,42376.078125,41906.16015625,42270.0703125,796200000
20250530,^VIX,19.610000610351562,20.549999237060547,18.56999969482422,18.56999969482422,0
20250530,KRW=X,1370.4100341796875,1382.3299560546875,1368.010009765625,1370.4100341796875,0
20250530,^SOX,4828.25,4828.25,4673.41015625,4758.06005859375,0
20250530,^TNX,4.421999931335449,4.441999912261963,4.394000053405762,4.415999889373779,0
20250602,^GSPC,5896.68017578125,5937.39990234375,5861.43017578125,5935.93994140625,4832240000
20250602,^IXIC,19063.060546875,19252.7109375,18985.30078125,19242.609375,7779940000
20250602,^DJI,42199.94140625,42317.0,41853.62109375,42305.48046875,454680000
20250602,^VIX,19.809999465942383,20.450000762939453,18.360000610351562,18.360000610351562,0
20250602,KRW=X,1381.989990234375,1381.989990234375,1370.6700439453125,1381.989990234375,0
20250602,^SOX,4762.64990234375,4848.2900390625,4759.02001953125,4832.7900390625,0
20250602,^TNX,4.438000202178955,4.46999979019165,4.418000221252441,4.461999893188477,0
20250603,^GSPC,5938.56005859375,5981.35009765625,5929.0,5970.3701171875,5026680000
20250603,^IXIC,19288.66015625,19459.279296875,19224.69921875,19398.9609375,7990230000
20250603,^DJI,42304.5,42568.37890625,42186.44140625,42519.640625,504410000
20250603,^VIX,18.829999923706055,19.209999084472656,17.639999389648438,17.690000534057617,0
20250603,KRW=X,1376.0699462890625,1380.1800537109375,1372.8199462890625,1376.0699462890625,0
20250603,^SOX,4836.259765625,4970.39990234375,4815.27978515625,4964.41015625,0
20250603,^TNX,4.409999847412109,4.473999977111816,4.406000137329102,4.460000038146973,0
20250604,^GSPC,5978.93994140625,5990.47998046875,5966.10986328125,5970.81005859375,4767050000
20250604,^IXIC,19434.939453125,19493.44921875,19359.08984375,19460.490234375,7695660000
20250604,^DJI,42574.12890625,42645.0,42427.73828125,42427.73828125,409600000
20250604,^VIX,17.68000030517578,18.06999969482422,17.40999984741211,17.610000610351562,0
20250604,KRW=X,1377.719970703125,1377.719970703125,1361.489990234375,1377.719970703125,0
20250604,^SOX,5004.330078125,5049.56005859375,4959.5498046875,5033.35009765625,0
20250604,^TNX,4.427999973297119,4.429999828338623,4.348999977111816,4.364999771118164,0
20250605,^GSPC,5985.669921875,5999.7001953125,5921.2001953125,5939.2998046875,5091850000
20250605,^IXIC,19518.19921875,19610.509765625,19226.220703125,19298.44921875,8782360000
20250605,^DJI,42487.890625,42601.44921875,42211.69140625,42319.73828125,532850000
20250605,^VIX,17.68000030517578,18.799999237060547,17.079999923706055,18.479999542236328,0
20250605,KRW=X,1361.0899658203125,1363.1099853515625,1350.5400390625,1361.0899658203125,0
20250605,^SOX,5079.39990234375,5112.16015625,4980.18994140625,5010.919921875,0
20250605,^TNX,4.3379998207092285,4.400000095367432,4.317999839782715,4.394000053405762,0
20250606,^GSPC,5987.06005859375,6016.8701171875,5978.6298828125,6000.35986328125,4355710000
20250606,^IXIC,19526.990234375,19593.1796875,19464.83984375,19529.94921875,7291590000
20250606,^DJI,42631.8203125,42924.55859375,42582.55078125,42762.87109375,414540000
20250606,^VIX,18.15999984741211,18.350000381469727,16.649999618530273,16.770000457763672,0
20250606,KRW=X,1354.550048828125,1361.18994140625,1352.449951171875,1354.550048828125,0
20250606,^SOX,5066.18017578125,5101.5498046875,5034.77978515625,5038.06005859375,0
20250606,^TNX,4.4029998779296875,4.51200008392334,4.400000095367432,4.510000228881836,0
20250609,^GSPC,6004.6298828125,6021.31005859375,5994.18017578125,6005.8798828125,4642360000
20250609,^IXIC,19573.140625,19637.560546875,19531.099609375,19591.240234375,9538700000
20250609,^DJI,42786.19140625,42893.08984375,42567.55078125,42761.76171875,485780000
20250609,^VIX,17.690000534057617,17.719999313354492,16.81999969482422,17.15999984741211,0
20250609,KRW=X,1359.18994140625,1363.760009765625,1350.550048828125,1359.18994140625,0
20250609,^SOX,5083.75,5185.89990234375,5083.27978515625,5136.66015625,0
20250609,^TNX,4.501999855041504,4.51800012588501,4.46999979019165,4.48199987411499,0
20250610,^GSPC,6009.91015625,6043.009765625,6000.27978515625,6038.81005859375,4882880000
20250610,^IXIC,19620.109375,19730.380859375,19539.08984375,19714.990234375,11221560000
20250610,^DJI,42738.26953125,42925.94140625,42710.08984375,42866.87109375,446850000
20250610,^VIX,17.5,17.989999771118164,16.68000030517578,16.950000762939453,0
20250610,KRW=X,1353.8499755859375,1367.8900146484375,1351.699951171875,1353.8499755859375,0
20250610,^SOX,5169.2001953125,5253.009765625,5149.830078125,5242.5,0
20250610,^TNX,4.449999809265137,4.48199987411499,4.440000057220459,4.473999977111816,0
20250611,^GSPC,6049.3798828125,6059.39990234375,6002.31982421875,6022.240234375,5111550000
20250611,^IXIC,19779.359375,19800.4609375,19551.349609375,19615.880859375,10214190000
20250611,^DJI,42882.859375,43115.69140625,42738.62109375,42865.76953125,467260000
20250611,^VIX,17.040000915527344,18.09000015258789,16.229999542236328,17.260000228881836,0
20250611,KRW=X,1363.8800048828125,1375.280029296875,1362.0899658203125,1363.8800048828125,0
20250611,^SOX,5270.02001953125,5302.64013671875,5186.85009765625,5232.52978515625,0
20250611,^TNX,4.498000144958496,4.50600004196167,4.4070000648498535,4.4120001792907715,0
20250612,^GSPC,6009.89990234375,6045.43017578125,6003.8798828125,6045.259765625,4669500000
20250612,^IXIC,19578.869140625,19690.609375,19553.560546875,19662.490234375,16308730000
20250612,^DJI,42737.359375,42970.3984375,42606.421875,42967.62109375,455760000
20250612,^VIX,17.8700008392334,18.8700008392334,17.43000030517578,18.020000457763672,0
20250612,KRW=X,1365.68994140625,1370.300048828125,1349.0899658203125,1365.68994140625,0
20250612,^SOX,5201.2099609375,5269.5,5200.91015625,5249.14990234375,0
20250612,^TNX,4.367000102996826,4.38700008392334,4.343999862670898,4.35699987411499,0
20250613,^GSPC,6000.56005859375,6026.16015625,5963.2099609375,5976.97021484375,5258910000
20250613,^IXIC,19450.9296875,19591.869140625,19367.419921875,19406.830078125,9001850000
20250613,^DJI,42579.48046875,42602.48046875,42081.08984375,42197.7890625,485930000
20250613,^VIX,21.760000228881836,22.0,18.8799991607666,20.81999969482422,0
20250613,KRW=X,1349.7900390625,1373.0,1352.1099853515625,1349.7900390625,0
20250613,^SOX,5140.89990234375,5193.85986328125,5101.02978515625,5112.240234375,0
20250613,^TNX,4.343999862670898,4.446000099182129,4.340000152587891,4.423999786376953,0
20250616,^GSPC,6004.0,6050.830078125,6004.0,6033.10986328125,5111710000
20250616,^IXIC,19550.75,19733.310546875,19550.75,19701.2109375,9619130000
20250616,^DJI,42300.12890625,42707.73046875,42300.12890625,42515.08984375,467040000
20250616,^VIX,19.780000686645508,20.219999313354492,18.670000076293945,19.110000610351562,0
20250616,KRW=X,1365.1400146484375,1368.1800537109375,1351.72998046875,1365.1400146484375,0
20250616,^SOX,5178.41015625,5293.169921875,5178.35009765625,5267.2998046875,0
20250616,^TNX,4.441999912261963,4.453999996185303,4.4029998779296875,4.452000141143799,0
20250617,^GSPC,6012.14990234375,6023.25,5974.7998046875,5982.72021484375,4955700000
20250617,^IXIC,19627.080078125,19666.560546875,19485.439453125,19521.08984375,8519930000
20250617,^DJI,42358.62109375,42530.828125,42132.6484375,42215.80078125,423070000
20250617,^VIX,20.530000686645508,21.790000915527344,19.549999237060547,21.600000381469727,0
20250617,KRW=X,1357.780029296875,1371.9200439453125,1355.4200439453125,1357.780029296875,0
20250617,^SOX,5243.39013671875,5311.759765625,5222.3798828125,5223.64990234375,0
20250617,^TNX,4.4029998779296875,4.441999912261963,4.38100004196167,4.39300012588501,0
20250618,^GSPC,5987.93017578125,6018.25,5971.89013671875,5980.8701171875,5106470000
20250618,^IXIC,19526.919921875,19660.76953125,19489.560546875,19546.26953125,7818790000
20250618,^DJI,42236.03125,42510.0703125,42118.23046875,42171.66015625,485440000
20250618,^VIX,20.899999618530273,21.579999923706055,19.59000015258789,20.139999389648438,0
20250618,KRW=X,1380.5,1379.719970703125,1368.3399658203125,1380.5,0
20250618,^SOX,5248.27001953125,5305.240234375,5219.6298828125,5251.02001953125,0
20250618,^TNX,4.364999771118164,4.39900016784668,4.3460001945495605,4.396999835968018,0
20250619,KRW=X,1370.75,1385.6400146484375,1373.3499755859375,1370.75,0
20250620,^GSPC,5999.669921875,6018.2001953125,5952.56005859375,5967.83984375,7451500000
20250620,^IXIC,19639.41015625,19696.109375,19380.580078125,19447.41015625,9969140000
20250620,^DJI,42291.08984375,42432.19140625,42089.98828125,42206.8203125,859840000
20250620,^VIX,20.739999771118164,21.06999969482422,19.110000610351562,20.6200008392334,0
20250620,KRW=X,1374.8900146484375,1375.6099853515625,1364.050048828125,1374.8900146484375,0
20250620,^SOX,5296.14013671875,5304.580078125,5143.64990234375,5211.47998046875,0
20250620,^TNX,4.436999797821045,4.442999839782715,4.361000061035156,4.375,0
20250623,^GSPC,5969.669921875,6028.77001953125,5943.22998046875,6025.169921875,5597000000
20250623,^IXIC,19427.009765625,19643.69921875,19334.98046875,19630.970703125,9088000000
20250623,^DJI,42178.55078125,42609.46875,41981.140625,42581.78125,496750000
20250623,^VIX,21.149999618530273,22.510000228881836,19.81999969482422,19.829999923706055,0
20250623,KRW=X,1369.469970703125,1390.3199462890625,1371.760009765625,1369.469970703125,0
20250623,^SOX,5209.27001953125,5267.419921875,5140.3798828125,5244.2998046875,0
20250623,^TNX,4.361000061035156,4.361000061035156,4.290999889373779,4.320000171661377,0
20250624,^GSPC,6061.2099609375,6101.759765625,6059.25,6092.18017578125,5443690000
20250624,^IXIC,19809.619140625,19946.720703125,19795.2890625,19912.529296875,8330090000
20250624,^DJI,42807.12890625,43183.48046875,42794.078125,43089.01953125,516060000
20250624,^VIX,18.190000534057617,18.719999313354492,17.329999923706055,17.479999542236328,0
20250624,KRW=X,1361.93994140625,1368.739990234375,1354.3900146484375,1361.93994140625,0
20250624,^SOX,5335.27001953125,5444.39013671875,5335.27001953125,5441.8701171875,0
20250624,^TNX,4.3520002365112305,4.370999813079834,4.284999847412109,4.293000221252441,0
20250625,^GSPC,6104.22998046875,6108.509765625,6080.08984375,6092.16015625,5171110000
20250625,^IXIC,20013.94921875,20052.779296875,19918.080078125,19973.55078125,8256120000
20250625,^DJI,43130.328125,43130.328125,42871.5,42982.4296875,527460000
20250625,^VIX,17.280000686645508,17.510000228881836,16.68000030517578,16.760000228881836,0
20250625,KRW=X,1353.780029296875,1366.75,1355.56005859375,1353.780029296875,0
20250625,^SOX,5461.14990234375,5494.77978515625,5443.39990234375,5493.2998046875,0
20250625,^TNX,4.308000087738037,4.3379998207092285,4.293000221252441,4.293000221252441,0
20250626,^GSPC,6112.08984375,6146.52001953125,6107.27001953125,6141.02001953125,5308140000
20250626,^IXIC,20062.189453125,20187.150390625,19982.48046875,20167.91015625,8383380000
20250626,^DJI,43084.0703125,43430.98828125,43084.0703125,43386.83984375,536710000
20250626,^VIX,16.670000076293945,16.780000686645508,16.110000610351562,16.59000015258789,0
20250626,KRW=X,1357.030029296875,1379.489990234375,1351.0,1357.030029296875,0
20250626,^SOX,5530.4599609375,5553.2900390625,5495.22021484375,5541.4599609375,0
20250626,^TNX,4.2769999504089355,4.293000221252441,4.25,4.252999782562256,0
20250627,^GSPC,6150.7001953125,6187.68017578125,6132.35009765625,6173.06982421875,7889350000
20250627,^IXIC,20217.259765625,20311.509765625,20095.05078125,20273.4609375,10951070000
20250627,^DJI,43505.6015625,43966.37109375,43505.6015625,43819.26953125,921330000
20250627,^VIX,16.309999465942383,17.290000915527344,16.1200008392334,16.31999969482422,0
20250627,KRW=X,1352.760009765625,1361.8800048828125,1353.0799560546875,1352.760009765625,0
20250627,^SOX,5549.4599609375,5588.52001953125,5488.68017578125,5544.990234375,0
20250627,^TNX,4.270999908447266,4.293000221252441,4.239999771118164,4.2829999923706055,0
20250630,^GSPC,6193.35986328125,6215.080078125,6174.97021484375,6204.9501953125,5782900000
20250630,^IXIC,20360.150390625,20418.310546875,20266.359375,20369.73046875,8220420000
20250630,^DJI,44020.66015625,44138.69140625,43889.16015625,44094.76953125,623630000
20250630,^VIX,17.190000534057617,17.43000030517578,16.549999237060547,16.729999542236328,0
20250630,KRW=X,1363.5899658203125,1362.8499755859375,1346.4000244140625,1363.5899658203125,0
20250630,^SOX,5564.169921875,5571.39013671875,5520.27978515625,5546.5400390625,0
20250630,^TNX,4.252999782562256,4.2769999504089355,4.230000019073486,4.230000019073486,0
20250701,^GSPC,6187.25,6210.77978515625,6177.97021484375,6198.009765625,6275310000
20250701,^IXIC,20290.609375,20339.05078125,20105.41015625,20202.890625,8631710000
20250701,^DJI,44061.48828125,44604.1484375,44013.5390625,44494.94140625,593600000
20250701,^VIX,16.979999542236328,17.479999542236328,16.510000228881836,16.829999923706055,0
20250701,KRW=X,1348.5,1358.989990234375,1348.0699462890625,1348.5,0
20250701,^SOX,5512.10986328125,5543.93017578125,5429.16015625,5507.5,0
20250701,^TNX,4.206999778747559,4.2769999504089355,4.204999923706055,4.250999927520752,0
20250702,^GSPC,6193.8798828125,6227.60009765625,6188.2900390625,6227.419921875,5645710000
20250702,^IXIC,20184.369140625,20397.220703125,20181.740234375,20393.130859375,8378750000
20250702,^DJI,44455.66015625,44557.8203125,44354.01171875,44484.421875,499870000
20250702,^VIX,16.75,17.3700008392334,16.540000915527344,16.639999389648438,0
20250702,KRW=X,1355.5899658203125,1363.6500244140625,1353.8299560546875,1355.5899658203125,0
20250702,^SOX,5503.259765625,5627.64013671875,5490.56005859375,5611.0498046875,0
20250702,^TNX,4.269000053405762,4.308000087738037,4.263000011444092,4.293000221252441,0
20250703,^GSPC,6246.4599609375,6284.64990234375,6246.4599609375,6279.35009765625,3378110000
20250703,^IXIC,20497.66015625,20624.509765625,20480.220703125,20601.099609375,6177910000
20250703,^DJI,44565.75,44885.828125,44550.421875,44828.53125,346620000
20250703,^VIX,16.649999618530273,16.829999923706055,16.139999389648438,16.3799991607666,0
20250703,KRW=X,1354.75,1369.1700439453125,1353.6600341796875,1354.75,0
20250703,^SOX,5633.08984375,5668.14013671875,5630.240234375,5647.1201171875,0
20250703,^TNX,4.256999969482422,4.363999843597412,4.255000114440918,4.3480000495910645,0
20250704,KRW=X,1357.0999755859375,1366.97998046875,1358.1199951171875,1357.0999755859375,0
20250707,^GSPC,6259.0400390625,6262.06982421875,6201.0,6229.97998046875,5236740000
20250707,^IXIC,20490.55078125,20511.8203125,20323.01953125,20412.51953125,8345710000
20250707,^DJI,44803.359375,44803.359375,44160.3203125,44406.359375,442350000
20250707,^VIX,17.829999923706055,18.5,17.510000228881836,17.790000915527344,0
20250707,KRW=X,1362.199951171875,1371.050048828125,1360.75,1362.199951171875,0
20250707,^SOX,5596.47021484375,5613.919921875,5519.47998046875,5541.2001953125,0
20250707,^TNX,4.363999843597412,4.39900016784668,4.349999904632568,4.394999980926514,0
20250708,^GSPC,6234.02978515625,6242.7001953125,6217.75,6225.52001953125,5739030000
20250708,^IXIC,20466.9296875,20480.890625,20377.359375,20418.4609375,8437480000
20250708,^DJI,44378.578125,44436.9609375,44201.37109375,44240.76171875,445670000
20250708,^VIX,17.40999984741211,17.440000534057617,16.540000915527344,16.809999465942383,0
20250708,KRW=X,1374.6400146484375,1374.6400146484375,1364.47998046875,1374.6400146484375,0
20250708,^SOX,5591.43994140625,5676.68017578125,5572.8798828125,5641.22021484375,0
20250708,^TNX,4.414999961853027,4.434999942779541,4.413000106811523,4.414999961853027,0
20250709,^GSPC,6243.330078125,6269.16015625,6231.43017578125,6263.259765625,4813340000
20250709,^IXIC,20522.08984375,20645.41015625,20486.380859375,20611.33984375,9978310000
20250709,^DJI,44327.12890625,44556.6796875,44225.87890625,44458.30078125,531790000
20250709,^VIX,16.760000228881836,16.760000228881836,15.760000228881836,15.9399995803833,0
20250709,KRW=X,1370.300048828125,1377.8499755859375,1369.800048828125,1370.300048828125,0
20250709,^SOX,5665.8701171875,5722.3798828125,5618.97021484375,5665.990234375,0
20250709,^TNX,4.416999816894531,4.422999858856201,4.340000152587891,4.3420000076293945,0
20250710,^GSPC,6266.7998046875,6290.22021484375,6251.43994140625,6280.4599609375,5367350000
20250710,^IXIC,20636.48046875,20655.390625,20495.140625,20630.66015625,9781380000
20250710,^DJI,44427.75,44775.46875,44372.921875,44650.640625,452340000
20250710,^VIX,16.229999542236328,16.239999771118164,15.699999809265137,15.779999732971191,0
20250710,KRW=X,1373.0,1375.0400390625,1368.5999755859375,1373.0,0
20250710,^SOX,5712.2998046875,5724.0498046875,5657.89013671875,5708.27978515625,0
20250710,^TNX,4.3460001945495605,4.375999927520752,4.3420000076293945,4.3460001945495605,0
20250711,^GSPC,6255.68017578125,6269.43994140625,6237.60009765625,6259.75,4656210000
20250711,^IXIC,20562.880859375,20647.970703125,20509.75,20585.529296875,8135800000
20250711,^DJI,44480.76953125,44480.76953125,44275.25,44371.51171875,474090000
20250711,^VIX,16.40999984741211,17.239999771118164,15.979999542236328,16.399999618530273,0
20250711,KRW=X,1372.6400146484375,1377.2900390625,1369.97998046875,1372.6400146484375,0
20250711,^SOX,5677.919921875,5718.75,5659.08984375,5696.2900390625,0
20250711,^TNX,4.388000011444092,4.425000190734863,4.380000114440918,4.422999858856201,0
20250714,^GSPC,6255.14990234375,6273.31005859375,6239.22021484375,6268.56005859375,4722250000
20250714,^IXIC,20592.560546875,20672.33984375,20492.630859375,20640.330078125,8010060000
20250714,^DJI,44346.1484375,44472.12890625,44237.28125,44459.6484375,410250000
20250714,^VIX,17.729999542236328,17.850000381469727,16.90999984741211,17.200000762939453,0
20250714,KRW=X,1378.1700439453125,1382.8900146484375,1375.1500244140625,1378.1700439453125,0
20250714,^SOX,5651.77978515625,5671.2001953125,5568.490234375,5646.72021484375,0
20250714,^TNX,4.433000087738037,4.447000026702881,4.4029998779296875,4.427000045776367,0
20250715,^GSPC,6295.2900390625,6302.0400390625,6241.68017578125,6243.759765625,5133670000
20250715,^IXIC,20822.759765625,20836.0390625,20670.580078125,20677.80078125,8399060000
20250715,^DJI,44459.83984375,44504.26953125,44002.390625,44023.2890625,496270000
20250715,^VIX,16.889999389648438,17.389999389648438,16.559999465942383,17.3799991607666,0
20250715,KRW=X,1382.010009765625,1387.77001953125,1376.31005859375,1382.010009765625,0
20250715,^SOX,5778.02978515625,5791.81005859375,5714.35009765625,5718.60986328125,0
20250715,^TNX,4.431000232696533,4.491000175476074,4.395999908447266,4.488999843597412,0
20250716,^GSPC,6254.5,6268.1201171875,6201.58984375,6263.7001953125,5177460000
20250716,^IXIC,20717.810546875,20751.05078125,20507.060546875,20730.490234375,9056640000
20250716,^DJI,44152.73828125,44260.19140625,43758.98046875,44254.78125,450190000
20250716,^VIX,17.65999984741211,19.479999542236328,16.690000534057617,17.15999984741211,0
20250716,KRW=X,1386.449951171875,1394.2099609375,1382.4300537109375,1386.449951171875,0
20250716,^SOX,5659.2998046875,5698.14013671875,5560.06982421875,5696.2099609375,0
20250716,^TNX,4.474999904632568,4.488999843597412,4.436999797821045,4.454999923706055,0
20250717,^GSPC,6263.39990234375,6304.68994140625,6262.27001953125,6297.35986328125,5512290000
20250717,^IXIC,20760.3203125,20911.830078125,20735.55078125,20885.650390625,9994550000
20250717,^DJI,44229.87890625,44558.05078125,44200.0390625,44484.48828125,455310000
20250717,^VIX,17.15999984741211,17.3700008392334,16.479999542236328,16.520000457763672,0
20250717,KRW=X,1384.9200439453125,1396.22998046875,1385.43994140625,1384.9200439453125,0
20250717,^SOX,5696.7900390625,5755.080078125,5670.14990234375,5737.64013671875,0
20250717,^TNX,4.4770002365112305,4.493000030517578,4.428999900817871,4.4629998207092285,0
20250718,^GSPC,6312.9501953125,6315.60986328125,6285.27001953125,6296.7900390625,5184700000
20250718,^IXIC,20959.5703125,20980.560546875,20846.119140625,20895.650390625,9354580000
20250718,^DJI,44571.6796875,44571.6796875,44224.58984375,44342.19140625,497800000
20250718,^VIX,16.43000030517578,16.809999465942383,16.280000686645508,16.40999984741211,0
20250718,KRW=X,1391.5799560546875,1394.3199462890625,1385.5,1391.5799560546875,0
20250718,^SOX,5754.89013671875,5776.31005859375,5695.0498046875,5732.6201171875,0
20250718,^TNX,4.423999786376953,4.441999912261963,4.415999889373779,4.432000160217285,0
20250721,^GSPC,6304.740234375,6336.080078125,6303.7900390625,6305.60009765625,5010840000
20250721,^IXIC,20960.330078125,21077.369140625,20957.439453125,20974.1796875,12046970000
20250721,^DJI,44368.3984375,44601.8515625,44311.421875,44323.0703125,446590000
20250721,^VIX,16.8700008392334,16.989999771118164,16.299999237060547,16.649999618530273,0
20250721,KRW=X,1390.5699462890625,1392.719970703125,1380.3499755859375,1390.5699462890625,0
20250721,^SOX,5754.740234375,5808.60009765625,5737.81982421875,5739.419921875,0
20250721,^TNX,4.368000030517578,4.383999824523926,4.3520002365112305,4.372000217437744,0
20250722,^GSPC,6306.60009765625,6316.1201171875,6281.7099609375,6309.6201171875,5662040000
20250722,^IXIC,20982.2109375,20985.33984375,20750.900390625,20892.689453125,10583710000
20250722,^DJI,44338.62109375,44542.53125,44272.6015625,44502.44140625,483560000
20250722,^VIX,16.75,17.479999542236328,16.43000030517578,16.5,0
20250722,KRW=X,1381.8199462890625,1388.969970703125,1379.8900146484375,1381.8199462890625,0
20250722,^SOX,5717.72021484375,5721.02001953125,5580.2998046875,5638.7099609375,0
20250722,^TNX,4.372000217437744,4.377999782562256,4.328000068664551,4.335999965667725,0
20250723,^GSPC,6326.89990234375,6360.64013671875,6317.490234375,6358.91015625,5642510000
20250723,^IXIC,20966.470703125,21023.849609375,20870.669921875,21020.01953125,10972770000
20250723,^DJI,44661.12109375,45016.7109375,44638.44140625,45010.2890625,446630000
20250723,^VIX,16.229999542236328,16.31999969482422,15.319999694824219,15.369999885559082,0
20250723,KRW=X,1379.780029296875,1381.3800048828125,1373.3900146484375,1379.780029296875,0
20250723,^SOX,5613.68994140625,5642.14990234375,5564.60986328125,5637.7900390625,0
20250723,^TNX,4.357999801635742,4.3979997634887695,4.357999801635742,4.388000011444092,0
20250724,^GSPC,6368.60009765625,6381.31005859375,6360.56982421875,6363.35009765625,5282720000
20250724,^IXIC,21083.8203125,21113.099609375,21001.6796875,21057.9609375,12741070000
20250724,^DJI,44776.41015625,44912.26953125,44674.5703125,44693.91015625,453000000
20250724,^VIX,15.390000343322754,15.539999961853027,14.949999809265137,15.390000343322754,0
20250724,KRW=X,1373.719970703125,1373.9100341796875,1363.97998046875,1373.719970703125,0
20250724,^SOX,5645.33984375,5657.580078125,5595.240234375,5644.3701171875,0
20250724,^TNX,4.4079999923706055,4.441999912261963,4.394000053405762,4.4079999923706055,0
20250725,^GSPC,6370.009765625,6395.81982421875,6368.52978515625,6388.64013671875,4470720000
20250725,^IXIC,21059.939453125,21159.80078125,21036.849609375,21108.3203125,11028310000
20250725,^DJI,44757.28125,44944.4609375,44650.58984375,44901.921875,369500000
20250725,^VIX,15.329999923706055,15.390000343322754,14.920000076293945,14.930000305175781,0
20250725,KRW=X,1372.0,1383.449951171875,1370.0799560546875,1372.0,0
20250725,^SOX,5601.52001953125,5650.16015625,5589.97998046875,5645.85986328125,0
20250725,^TNX,4.415999889373779,4.429999828338623,4.381999969482422,4.386000156402588,0
20250728,^GSPC,6397.68994140625,6401.06982421875,6375.7900390625,6389.77001953125,4565620000
20250728,^IXIC,21176.400390625,21202.1796875,21122.119140625,21178.580078125,10612580000
20250728,^DJI,44946.98046875,44946.98046875,44739.9609375,44837.55859375,416510000
20250728,^VIX,15.149999618530273,15.539999961853027,15.0,15.029999732971191,0
20250728,KRW=X,1382.780029296875,1388.530029296875,1377.0,1382.780029296875,0
20250728,^SOX,5704.89013671875,5738.919921875,5695.93017578125,5737.10009765625,0
20250728,^TNX,4.400000095367432,4.420000076293945,4.392000198364258,4.420000076293945,0
20250729,^GSPC,6405.6201171875,6409.259765625,6363.919921875,6370.85986328125,5076120000
20250729,^IXIC,21286.720703125,21303.9609375,21081.689453125,21098.2890625,10040610000
20250729,^DJI,44833.73828125,44883.66015625,44568.828125,44632.98828125,488780000
20250729,^VIX,14.949999809265137,16.1200008392334,14.699999809265137,15.979999542236328,0
20250729,KRW=X,1388.2900390625,1394.7099609375,1385.7900390625,1388.2900390625,0
20250729,^SOX,5784.02978515625,5819.8701171875,5706.02978515625,5739.7900390625,0
20250729,^TNX,4.381999969482422,4.4039998054504395,4.326000213623047,4.329999923706055,0
20250730,^GSPC,6381.22998046875,6396.5400390625,6336.3798828125,6362.89990234375,5375070000
20250730,^IXIC,21140.400390625,21230.880859375,21016.919921875,21129.669921875,9311770000
20250730,^DJI,44677.8984375,44739.53125,44261.7109375,44461.28125,456840000
20250730,^VIX,15.869999885559082,17.270000457763672,15.4399995803833,15.479999542236328,0
20250730,KRW=X,1388.8599853515625,1392.22998046875,1376.7099609375,1388.8599853515625,0
20250730,^SOX,5788.83984375,5820.5400390625,5738.64990234375,5787.31982421875,0
20250730,^TNX,4.343999862670898,4.380000114440918,4.331999778747559,4.375999927520752,0
20250731,^GSPC,6427.02001953125,6427.02001953125,6327.64013671875,6339.39013671875,6077080000
20250731,^IXIC,21457.48046875,21457.48046875,21078.669921875,21122.44921875,9917220000
20250731,^DJI,44665.8203125,44665.8203125,44049.01171875,44130.98046875,689040000
20250731,^VIX,14.989999771118164,17.170000076293945,14.739999771118164,16.719999313354492,0
20250731,KRW=X,1392.52001953125,1397.22998046875,1385.3800048828125,1392.52001953125,0
20250731,^SOX,5721.580078125,5730.419921875,5558.10986328125,5607.919921875,0
20250731,^TNX,4.343999862670898,4.360000133514404,4.326000213623047,4.360000133514404,0
20250801,^GSPC,6287.27978515625,6287.27978515625,6212.68994140625,6238.009765625,5827150000
20250801,^IXIC,20830.640625,20865.630859375,20560.169921875,20650.130859375,9667420000
20250801,^DJI,43781.76953125,43781.76953125,43340.6796875,43588.578125,705150000
20250801,^VIX,17.399999618530273,21.899999618530273,17.389999389648438,20.3799991607666,0
20250801,KRW=X,1391.510009765625,1406.0,1383.0899658203125,1391.510009765625,0
20250801,^SOX,5501.91015625,5583.43017578125,5418.31982421875,5527.60986328125,0
20250801,^TNX,4.4039998054504395,4.4079999923706055,4.216000080108643,4.21999979019165,0
20250804,^GSPC,6271.7099609375,6330.68994140625,6271.7099609375,6329.93994140625,4842580000
20250804,^IXIC,20853.91015625,21055.240234375,20833.859375,21053.580078125,7355970000
20250804,^DJI,43724.01953125,44188.359375,43724.01953125,44173.640625,514180000
20250804,^VIX,19.559999465942383,19.579999923706055,17.479999542236328,17.520000457763672,0
20250804,KRW=X,1390.1800537109375,1388.469970703125,1379.050048828125,1390.1800537109375,0
20250804,^SOX,5575.830078125,5624.85986328125,5550.1201171875,5624.41015625,0
20250804,^TNX,4.223999977111816,4.236000061035156,4.197999954223633,4.199999809265137,0
20250805,^GSPC,6336.6298828125,6346.0,6289.3701171875,6299.18994140625,5517410000
20250805,^IXIC,21092.099609375,21138.720703125,20893.2890625,20916.55078125,7982940000
20250805,^DJI,44200.0703125,44308.5,43923.80859375,44111.73828125,455690000
20250805,^VIX,17.209999084472656,18.940000534057617,17.110000610351562,17.850000381469727,0
20250805,KRW=X,1383.5899658203125,1391.6199951171875,1381.27001953125,1383.5899658203125,0
20250805,^SOX,5633.06005859375,5651.0,5501.43017578125,5561.68994140625,0
20250805,^TNX,4.211999893188477,4.22599983215332,4.188000202178955,4.196000099182129,0
20250806,^GSPC,6309.2998046875,6352.830078125,6301.10986328125,6345.06005859375,5408560000
20250806,^IXIC,20955.220703125,21183.880859375,20937.490234375,21169.419921875,8580020000
20250806,^DJI,44196.609375,44290.08984375,44017.7109375,44193.12109375,518970000
20250806,^VIX,17.219999313354492,17.8799991607666,16.559999465942383,16.770000457763672,0
20250806,KRW=X,1386.5799560546875,1391.22998046875,1383.9300537109375,1386.5799560546875,0
20250806,^SOX,5525.58984375,5561.43994140625,5474.509765625,5550.2998046875,0
20250806,^TNX,4.230000019073486,4.281000137329102,4.214000225067139,4.21999979019165,0
20250807,^GSPC,6374.31982421875,6389.7099609375,6310.31982421875,6340.0,5306090000
20250807,^IXIC,21325.009765625,21408.150390625,21090.05078125,21242.69921875,8979190000
20250807,^DJI,44430.08984375,44498.4296875,43799.19921875,43968.640625,492480000
20250807,^VIX,16.40999984741211,17.639999389648438,15.979999542236328,16.56999969482422,0
20250807,KRW=X,1384.3900146484375,1387.8800048828125,1377.2099609375,1384.3900146484375,0
20250807,^SOX,5675.1201171875,5701.509765625,5588.3701171875,5633.7001953125,0
20250807,^TNX,4.236999988555908,4.254000186920166,4.2210001945495605,4.24399995803833,0
20250808,^GSPC,6355.22021484375,6395.16015625,6355.22021484375,6389.4501953125,4769910000
20250808,^IXIC,21316.369140625,21464.529296875,21284.970703125,21450.01953125,8669200000
20250808,^DJI,44044.94921875,44272.75,44028.94140625,44175.609375,452500000
20250808,^VIX,16.479999542236328,16.520000457763672,15.149999618530273,15.149999618530273,0
20250808,KRW=X,1384.969970703125,1391.43994140625,1378.3499755859375,1384.969970703125,0
20250808,^SOX,5629.47021484375,5682.10009765625,5616.990234375,5678.02001953125,0
20250808,^TNX,4.260000228881836,4.289000034332275,4.254000186920166,4.284999847412109,0
20250811,^GSPC,6389.669921875,6407.25,6364.06005859375,6373.4501953125,4652400000
20250811,^IXIC,21459.650390625,21549.73046875,21346.619140625,21385.400390625,9099730000
20250811,^DJI,44184.359375,44273.03125,43911.30859375,43975.08984375,431510000
20250811,^VIX,15.8100004196167,16.360000610351562,15.520000457763672,16.25,0
20250811,KRW=X,1387.81005859375,1392.9300537109375,1384.780029296875,1387.81005859375,0
20250811,^SOX,5722.080078125,5763.31982421875,5660.22998046875,5670.3701171875,0
20250811,^TNX,4.269000053405762,4.284999847412109,4.257999897003174,4.2729997634887695,0
20250812,^GSPC,6395.169921875,6446.5498046875,6385.759765625,6445.759765625,5135300000
20250812,^IXIC,21507.439453125,21689.6796875,21386.25,21681.900390625,8382820000
20250812,^DJI,44050.53125,44497.58984375,44050.53125,44458.609375,442850000
20250812,^VIX,16.09000015258789,16.559999465942383,14.65999984741211,14.729999542236328,0
20250812,KRW=X,1389.7900390625,1392.4599609375,1382.550048828125,1389.7900390625,0
20250812,^SOX,5710.10986328125,5842.52001953125,5682.5400390625,5840.08984375,0
20250812,^TNX,4.293000221252441,4.317999839782715,4.245999813079834,4.293000221252441,0
20250813,^GSPC,6462.669921875,6480.27978515625,6445.02001953125,6466.580078125,5195950000
20250813,^IXIC,21764.55078125,21803.75,21645.140625,21713.140625,8763080000
20250813,^DJI,44571.53125,44949.12109375,44571.53125,44922.26953125,521430000
20250813,^VIX,14.619999885559082,14.8100004196167,14.300000190734863,14.489999771118164,0
20250813,KRW=X,1383.0899658203125,1386.3599853515625,1373.75,1383.0899658203125,0
20250813,^SOX,5875.4501953125,5907.9599609375,5835.60986328125,5892.60986328125,0
20250813,^TNX,4.260000228881836,4.260000228881836,4.224999904632568,4.23799991607666,0
20250814,^GSPC,6453.4599609375,6473.919921875,6441.06982421875,6468.5400390625,4462050000
20250814,^IXIC,21649.2109375,21766.2890625,21627.130859375,21710.669921875,9110860000
20250814,^DJI,44890.83984375,44948.69921875,44690.5,44911.26171875,453530000
20250814,^VIX,14.65999984741211,15.390000343322754,14.569999694824219,14.829999923706055,0
20250814,KRW=X,1378.780029296875,1391.280029296875,1377.5799560546875,1378.780029296875,0
20250814,^SOX,5828.06982421875,5904.60009765625,5787.2099609375,5885.490234375,0
20250814,^TNX,4.208000183105469,4.296000003814697,4.203999996185303,4.293000221252441,0
20250815,^GSPC,6477.3798828125,6481.33984375,6441.85009765625,6449.7998046875,4575060000
20250815,^IXIC,21709.33984375,21716.1796875,21567.4609375,21622.98046875,8158830000
20250815,^DJI,45159.91015625,45203.51953125,44897.98046875,44946.12109375,547270000
20250815,^VIX,14.430000305175781,15.180000305175781,14.399999618530273,15.09000015258789,0
20250815,KRW=X,1387.8699951171875,1391.489990234375,1385.7099609375,1387.8699951171875,0
20250815,^SOX,5830.18017578125,5832.6298828125,5737.02978515625,5752.740234375,0
20250815,^TNX,4.293000221252441,4.331999778747559,4.281000137329102,4.328000068664551,0
20250818,^GSPC,6445.02001953125,6455.35009765625,6437.7001953125,6449.14990234375,4162290000
20250818,^IXIC,21616.8203125,21651.5,21559.330078125,21629.76953125,8260970000
20250818,^DJI,44963.171875,44998.828125,44868.3203125,44911.8203125,416460000
20250818,^VIX,15.729999542236328,15.949999809265137,14.949999809265137,14.989999771118164,0
20250818,KRW=X,1387.97998046875,1388.0999755859375,1381.72998046875,1387.97998046875,0
20250818,^SOX,5742.490234375,5781.0,5738.5498046875,5776.31005859375,0
20250818,^TNX,4.297999858856201,4.35099983215332,4.295000076293945,4.341000080108643,0
20250819,^GSPC,6446.240234375,6456.47998046875,6400.22021484375,6411.3701171875,4377440000
20250819,^IXIC,21607.44921875,21610.240234375,21277.7109375,21314.94921875,8461660000
20250819,^DJI,44952.359375,45207.390625,44816.5,44922.26953125,466010000
20250819,^VIX,15.229999542236328,15.90999984741211,14.760000228881836,15.569999694824219,0
20250819,KRW=X,1386.9100341796875,1392.2099609375,1386.8499755859375,1386.9100341796875,0
20250819,^SOX,5777.66015625,5797.9599609375,5664.93017578125,5671.509765625,0
20250819,^TNX,4.323999881744385,4.326000213623047,4.297999858856201,4.302000045776367,0
20250820,^GSPC,6406.6201171875,6408.39990234375,6343.85986328125,6395.77978515625,4470390000
20250820,^IXIC,21269.669921875,21269.669921875,20905.990234375,21172.859375,7810310000
20250820,^DJI,44922.69921875,45033.75,44767.96875,44938.30859375,512550000
20250820,^VIX,15.949999809265137,17.190000534057617,15.569999694824219,15.6899995803833,0
20250820,KRW=X,1391.3399658203125,1399.760009765625,1391.8199462890625,1391.3399658203125,0
20250820,^SOX,5642.89990234375,5644.31005859375,5480.0498046875,5630.81982421875,0
20250820,^TNX,4.297999858856201,4.309999942779541,4.275000095367432,4.296000003814697,0
20250821,^GSPC,6380.830078125,6393.64990234375,6352.7099609375,6370.169921875,4013560000
20250821,^IXIC,21112.51953125,21198.759765625,21013.529296875,21100.310546875,6530580000
20250821,^DJI,44808.2109375,44892.609375,44579.03125,44785.5,407540000
20250821,^VIX,15.720000267028809,17.239999771118164,15.649999618530273,16.600000381469727,0
20250821,KRW=X,1396.9100341796875,1403.760009765625,1395.800048828125,1396.9100341796875,0
20250821,^SOX,5607.6201171875,5643.4501953125,5574.259765625,5603.259765625,0
20250821,^TNX,4.315999984741211,4.3470001220703125,4.296000003814697,4.329999923706055,0
20250822,^GSPC,6384.58984375,6478.89013671875,6384.58984375,6466.91015625,5046860000
20250822,^IXIC,21139.830078125,21545.4296875,21092.359375,21496.5390625,9401300000
20250822,^DJI,44952.87890625,45757.83984375,44952.87890625,45631.73828125,484720000
20250822,^VIX,16.809999465942383,16.829999923706055,14.210000038146973,14.220000267028809,0
20250822,KRW=X,1399.6099853515625,1400.510009765625,1379.3599853515625,1399.6099853515625,0
20250822,^SOX,5612.31982421875,5818.22998046875,5598.8798828125,5754.4599609375,0
20250822,^TNX,4.315999984741211,4.320000171661377,4.242000102996826,4.260000228881836,0
20250825,^GSPC,6457.669921875,6466.89013671875,6438.06005859375,6439.31982421875,4059070000
20250825,^IXIC,21466.470703125,21572.1796875,21400.08984375,21449.2890625,8443200000
20250825,^DJI,45605.25,45605.25,45273.08984375,45282.46875,393960000
20250825,^VIX,15.050000190734863,15.1899995803833,14.239999771118164,14.789999961853027,0
20250825,KRW=X,1382.8900146484375,1388.9000244140625,1382.8599853515625,1382.8900146484375,0
20250825,^SOX,5758.77001953125,5784.60009765625,5724.31982421875,5756.2998046875,0
20250825,^TNX,4.281000137329102,4.295000076293945,4.267000198364258,4.275000095367432,0
20250826,^GSPC,6435.490234375,6468.3701171875,6429.2099609375,6465.93994140625,4867680000
20250826,^IXIC,21443.630859375,21550.9296875,21389.099609375,21544.26953125,9087930000
20250826,^DJI,45236.828125,45437.62109375,45192.2890625,45418.0703125,490980000
20250826,^VIX,15.75,15.75,14.619999885559082,14.619999885559082,0
20250826,KRW=X,1389.050048828125,1398.2900390625,1386.25,1389.050048828125,0
20250826,^SOX,5780.14013671875,5824.06982421875,5777.5498046875,5807.919921875,0
20250826,^TNX,4.2769999504089355,4.290999889373779,4.254000186920166,4.257999897003174,0
20250827,^GSPC,6462.259765625,6487.06005859375,6457.83984375,6481.39990234375,4143680000
20250827,^IXIC,21526.330078125,21616.169921875,21476.30078125,21590.140625,8040510000
20250827,^DJI,45417.4609375,45621.078125,45372.78125,45565.23046875,430980000
20250827,^VIX,14.65999984741211,15.229999542236328,14.65999984741211,14.850000381469727,0
20250827,KRW=X,1393.949951171875,1398.93994140625,1392.9100341796875,1393.949951171875,0
20250827,^SOX,5789.72021484375,5831.509765625,5766.77001953125,5824.60986328125,0
20250827,^TNX,4.2729997634887695,4.290999889373779,4.236000061035156,4.23799991607666,0
20250828,^GSPC,6483.83984375,6508.22998046875,6466.9599609375,6501.85986328125,4283760000
20250828,^IXIC,21619.26953125,21742.4609375,21534.939453125,21705.16015625,7807080000
20250828,^DJI,45581.03125,45682.828125,45442.6796875,45636.8984375,540880000
20250828,^VIX,14.420000076293945,14.6899995803833,14.119999885559082,14.430000305175781,0
20250828,KRW=X,1392.75,1392.6500244140625,1383.550048828125,1392.75,0
20250828,^SOX,5859.18017578125,5889.06005859375,5808.93994140625,5853.0498046875,0
20250828,^TNX,4.234000205993652,4.25,4.203000068664551,4.206999778747559,0
20250829,^GSPC,6489.27978515625,6491.759765625,6444.56982421875,6460.259765625,4234840000
20250829,^IXIC,21630.330078125,21631.150390625,21397.98046875,21455.55078125,7715430000
20250829,^DJI,45590.9609375,45616.16015625,45377.2109375,45544.87890625,494870000
20250829,^VIX,14.3100004196167,15.970000267028809,14.3100004196167,15.359999656677246,0
20250829,KRW=X,1384.4100341796875,1393.2099609375,1383.300048828125,1384.4100341796875,0
20250829,^SOX,5757.97021484375,5758.7001953125,5646.169921875,5668.93994140625,0
20250829,^TNX,4.228000164031982,4.242000102996826,4.215000152587891,4.2270002365112305,0
20250901,KRW=X,1388.8399658203125,1394.0899658203125,1387.699951171875,1388.8399658203125,0
20250902,^GSPC,6401.509765625,6416.5400390625,6360.580078125,6415.5400390625,4784000000
20250902,^IXIC,21086.5703125,21293.689453125,21033.05078125,21279.630859375,8183410000
20250902,^DJI,45287.73046875,45295.80859375,44948.16015625,45295.80859375,533180000
20250902,^VIX,16.649999618530273,19.3799991607666,16.549999237060547,17.170000076293945,0
20250902,KRW=X,1392.93994140625,1398.199951171875,1388.5699462890625,1392.93994140625,0
20250902,^SOX,5509.41015625,5609.41015625,5503.1201171875,5605.4599609375,0
20250902,^TNX,4.297999858856201,4.306000232696533,4.260000228881836,4.2769999504089355,0
20250903,^GSPC,6445.81982421875,6453.669921875,6416.169921875,6448.259765625,4465360000
20250903,^IXIC,21461.630859375,21553.98046875,21370.98046875,21497.73046875,7488290000
20250903,^DJI,45309.4296875,45309.4296875,44980.359375,45271.23046875,479210000
20250903,^VIX,17.399999618530273,17.56999969482422,16.34000015258789,16.350000381469727,0
20250903,KRW=X,1394.5699462890625,1395.52001953125,1386.8900146484375,1394.5699462890625,0
20250903,^SOX,5619.10009765625,5624.759765625,5538.2001953125,5592.81982421875,0
20250903,^TNX,4.269000053405762,4.2829999923706055,4.203000068664551,4.210999965667725,0
20250904,^GSPC,6456.60009765625,6502.5400390625,6445.97998046875,6502.080078125,4670770000
20250904,^IXIC,21539.91015625,21711.9609375,21469.400390625,21707.689453125,7282150000
20250904,^DJI,45204.87109375,45632.390625,45160.73828125,45621.2890625,457490000
20250904,^VIX,16.219999313354492,16.350000381469727,15.279999732971191,15.300000190734863,0
20250904,KRW=X,1389.6300048828125,1395.5,1387.489990234375,1389.6300048828125,0
20250904,^SOX,5566.68994140625,5672.6201171875,5545.60009765625,5667.85986328125,0
20250904,^TNX,4.190000057220459,4.206999778747559,4.173999786376953,4.176000118255615,0
20250905,^GSPC,6529.080078125,6532.64990234375,6443.97998046875,6481.5,5066120000
20250905,^IXIC,21860.439453125,21878.810546875,21534.720703125,21700.390625,8413730000
20250905,^DJI,45656.48828125,45770.19921875,45211.78125,45400.859375,558920000
20250905,^VIX,15.229999542236328,16.920000076293945,14.739999771118164,15.180000305175781,0
20250905,KRW=X,1392.06005859375,1393.1700439453125,1382.4300537109375,1392.06005859375,0
20250905,^SOX,5775.41015625,5792.97021484375,5687.14013671875,5761.39990234375,0
20250905,^TNX,4.138000011444092,4.138000011444092,4.063000202178955,4.085999965667725,0
20250908,^GSPC,6498.08984375,6508.669921875,6483.2900390625,6495.14990234375,5211500000
20250908,^IXIC,21806.220703125,21885.619140625,21776.240234375,21798.69921875,8435850000
20250908,^DJI,45430.609375,45542.55859375,45277.73046875,45514.94921875,472240000
20250908,^VIX,15.579999923706055,15.649999618530273,14.989999771118164,15.109999656677246,0
20250908,KRW=X,1385.510009765625,1393.3699951171875,1384.699951171875,1385.510009765625,0
20250908,^SOX,5804.02978515625,5835.77001953125,5786.33984375,5809.60986328125,0
20250908,^TNX,4.072000026702881,4.0879998207092285,4.044000148773193,4.046000003814697,0
20250909,^GSPC,6503.330078125,6518.22998046875,6483.080078125,6512.60986328125,4798350000
20250909,^IXIC,21858.169921875,21891.419921875,21731.48046875,21879.490234375,7877410000
20250909,^DJI,45547.62109375,45764.19921875,45433.51171875,45711.33984375,449650000
20250909,^VIX,15.020000457763672,15.819999694824219,14.970000267028809,15.039999961853027,0
20250909,KRW=X,1385.719970703125,1389.6500244140625,1382.9100341796875,1385.719970703125,0
20250909,^SOX,5825.0400390625,5830.16015625,5776.009765625,5819.830078125,0
20250909,^TNX,4.065000057220459,4.091000080108643,4.039999961853027,4.073999881744385,0
20250910,^GSPC,6550.2900390625,6555.97021484375,6516.33984375,6532.0400390625,5253010000
20250910,^IXIC,21980.599609375,22000.970703125,21810.83984375,21886.060546875,9090550000
20250910,^DJI,45731.5,45731.5,45380.05859375,45490.921875,579920000
20250910,^VIX,14.979999542236328,15.630000114440918,14.630000114440918,15.350000381469727,0
20250910,KRW=X,1387.25,1389.52001953125,1385.02001953125,1387.25,0
20250910,^SOX,5921.9501953125,5977.60986328125,5911.509765625,5958.08984375,0
20250910,^TNX,4.0879998207092285,4.091000080108643,4.026000022888184,4.0320000648498535,0
20250911,^GSPC,6554.41015625,6592.89013671875,6545.7998046875,6587.47021484375,5426460000
20250911,^IXIC,21977.51953125,22059.7109375,21908.810546875,22043.0703125,10025020000
20250911,^DJI,45577.08984375,46137.19921875,45577.08984375,46108.0,448340000
20250911,^VIX,15.1899995803833,15.239999771118164,14.649999618530273,14.710000038146973,0
20250911,KRW=X,1387.199951171875,1393.1300048828125,1386.030029296875,1387.199951171875,0
20250911,^SOX,6008.39013671875,6033.52978515625,5987.52978515625,5995.39013671875,0
20250911,^TNX,4.051000118255615,4.064000129699707,3.996000051498413,4.011000156402588,0
20250912,^GSPC,6590.66015625,6600.2099609375,6579.490234375,6584.2900390625,4641640000
20250912,^IXIC,22078.630859375,22182.33984375,22031.619140625,22141.099609375,9023140000
20250912,^DJI,46077.140625,46077.140625,45813.9296875,45834.21875,421730000
20250912,^VIX,14.619999885559082,14.970000267028809,14.40999984741211,14.760000228881836,0
20250912,KRW=X,1389.5,1395.1400146484375,1385.6600341796875,1389.5,0
20250912,^SOX,6018.3798828125,6021.759765625,5974.58984375,6001.740234375,0
20250912,^TNX,4.052999973297119,4.083000183105469,4.051000118255615,4.060999870300293,0
20250915,^GSPC,6603.490234375,6619.6201171875,6602.06982421875,6615.27978515625,5045020000
20250915,^IXIC,22243.19921875,22352.25,22233.0,22348.75,8904030000
20250915,^DJI,45848.390625,45978.4296875,45771.87890625,45883.44921875,401500000
20250915,^VIX,15.140000343322754,15.84000015258789,14.920000076293945,15.6899995803833,0
20250915,KRW=X,1393.699951171875,1392.8800048828125,1384.18994140625,1393.699951171875,0
20250915,^SOX,5993.8798828125,6062.2900390625,5979.990234375,6059.830078125,0
20250915,^TNX,4.059000015258789,4.059000015258789,4.03000020980835,4.033999919891357,0
20250916,^GSPC,6624.1298828125,6626.990234375,6600.10986328125,6606.759765625,5359510000
20250916,^IXIC,22397.5,22397.5,22308.779296875,22333.9609375,8592240000
20250916,^DJI,45919.5390625,45967.109375,45667.421875,45757.8984375,443400000
20250916,^VIX,15.600000381469727,16.3799991607666,15.4399995803833,16.360000610351562,0
20250916,KRW=X,1385.010009765625,1386.47998046875,1377.739990234375,1385.010009765625,0
20250916,^SOX,6085.97021484375,6098.1201171875,6034.41015625,6079.22021484375,0
20250916,^TNX,4.040999889373779,4.064000129699707,4.021999835968018,4.026000022888184,0
20250917,^GSPC,6604.8701171875,6624.39013671875,6551.14990234375,6600.35009765625,5805340000
20250917,^IXIC,22333.01953125,22339.5390625,22058.919921875,22261.330078125,9325980000
20250917,^DJI,45778.3984375,46261.94921875,45687.58984375,46018.3203125,509830000
20250917,^VIX,16.420000076293945,16.75,15.260000228881836,15.720000267028809,0
20250917,KRW=X,1377.6400146484375,1381.8499755859375,1374.469970703125,1377.6400146484375,0
20250917,^SOX,6067.009765625,6109.080078125,5980.240234375,6060.22021484375,0
20250917,^TNX,4.02400016784668,4.080999851226807,3.992000102996826,4.076000213623047,0
20250918,^GSPC,6626.85009765625,6656.7998046875,6611.89013671875,6631.9599609375,5292400000
20250918,^IXIC,22439.109375,22540.9296875,22358.48046875,22470.720703125,10478450000
20250918,^DJI,46056.55078125,46317.51953125,45954.73046875,46142.421875,489090000
20250918,^VIX,14.930000305175781,15.800000190734863,14.329999923706055,15.699999809265137,0
20250918,KRW=X,1378.68994140625,1390.56005859375,1379.3499755859375,1378.68994140625,0
20250918,^SOX,6220.009765625,6311.58984375,6201.0498046875,6278.16015625,0
20250918,^TNX,4.064000129699707,4.13700008392334,4.061999797821045,4.104000091552734,0
20250919,^GSPC,6647.10986328125,6671.81982421875,6630.31005859375,6664.35986328125,9125960000
20250919,^IXIC,22554.310546875,22645.109375,22497.7109375,22631.48046875,14632360000
20250919,^DJI,46211.16015625,46396.46875,46105.01953125,46315.26953125,972580000
20250919,^VIX,15.760000228881836,16.1299991607666,15.289999961853027,15.449999809265137,0
20250919,KRW=X,1386.75,1399.3399658203125,1387.300048828125,1386.75,0
20250919,^SOX,6248.39013671875,6249.080078125,6184.66015625,6232.25,0
20250919,^TNX,4.13100004196167,4.14300012588501,4.116000175476074,4.138999938964844,0
20250922,^GSPC,6654.27978515625,6698.8798828125,6648.06982421875,6693.75,5642620000
20250922,^IXIC,22606.58984375,22801.900390625,22590.859375,22788.98046875,9736270000
20250922,^DJI,46206.69140625,46447.12890625,46035.828125,46381.5390625,627450000
20250922,^VIX,16.139999389648438,16.350000381469727,15.779999732971191,16.100000381469727,0
20250922,KRW=X,1396.22998046875,1397.8299560546875,1389.43994140625,1396.22998046875,0
20250922,^SOX,6247.830078125,6347.60009765625,6246.7099609375,6330.1201171875,0
20250922,^TNX,4.13100004196167,4.150000095367432,4.122000217437744,4.14300012588501,0
20250923,^GSPC,6692.43994140625,6699.52001953125,6645.580078125,6656.919921875,5633620000
20250923,^IXIC,22782.720703125,22785.130859375,22539.0390625,22573.470703125,9822620000
20250923,^DJI,46364.109375,46714.26953125,46217.578125,46292.78125,541530000
20250923,^VIX,16.100000381469727,17.06999969482422,15.949999809265137,16.639999389648438,0
20250923,KRW=X,1389.3900146484375,1395.1300048828125,1389.47998046875,1389.3900146484375,0
20250923,^SOX,6336.52978515625,6374.6201171875,6274.5400390625,6308.2099609375,0
20250923,^TNX,4.135000228881836,4.14900016784668,4.110000133514404,4.119999885559082,0
20250924,^GSPC,6669.7900390625,6672.66015625,6621.759765625,6637.97021484375,5459180000
20250924,^IXIC,22656.01953125,22657.44921875,22397.0,22497.859375,9184030000
20250924,^DJI,46368.94140625,46453.0703125,46096.390625,46121.28125,421040000
20250924,^VIX,16.56999969482422,17.209999084472656,16.18000030517578,16.18000030517578,0
20250924,KRW=X,1391.8499755859375,1404.8199462890625,1391.8499755859375,1391.8499755859375,0
20250924,^SOX,6282.18017578125,6313.919921875,6216.3701171875,6297.0,0
20250924,^TNX,4.129000186920166,4.1519999504089355,4.126999855041504,4.146999835968018,0
20250925,^GSPC,6608.18994140625,6619.0,6569.22021484375,6604.72021484375,5874670000
20250925,^IXIC,22318.76953125,22456.779296875,22185.869140625,22384.69921875,9960330000
20250925,^DJI,46097.4296875,46122.421875,45785.171875,45947.3203125,509180000
20250925,^VIX,16.549999237060547,17.739999771118164,16.31999969482422,16.739999771118164,0
20250925,KRW=X,1403.6500244140625,1410.8800048828125,1398.1300048828125,1403.6500244140625,0
20250925,^SOX,6176.580078125,6298.7001953125,6125.009765625,6284.669921875,0
20250925,^TNX,4.1539998054504395,4.201000213623047,4.150000095367432,4.171999931335449,0
20250926,^GSPC,6615.3798828125,6648.97021484375,6604.43017578125,6643.7001953125,5103110000
20250926,^IXIC,22403.26953125,22488.1796875,22285.439453125,22484.0703125,8488400000
20250926,^DJI,46101.44921875,46353.03125,46051.921875,46247.2890625,434270000
20250926,^VIX,16.889999389648438,17.049999237060547,15.289999961853027,15.289999961853027,0
20250926,KRW=X,1408.9200439453125,1413.739990234375,1406.949951171875,1408.9200439453125,0
20250926,^SOX,6279.64013671875,6313.0400390625,6229.72021484375,6305.0498046875,0
20250926,^TNX,4.164000034332275,4.197000026702881,4.1519999504089355,4.186999797821045,0
20250929,^GSPC,6661.580078125,6677.31005859375,6644.490234375,6661.2099609375,5358760000
20250929,^IXIC,22605.30078125,22704.900390625,22536.05078125,22591.150390625,9046720000
20250929,^DJI,46306.33984375,46387.05859375,46149.05078125,46316.0703125,479740000
20250929,^VIX,15.84000015258789,16.290000915527344,15.739999771118164,16.1200008392334,0
20250929,KRW=X,1408.7099609375,1409.0,1397.72998046875,1408.7099609375,0
20250929,^SOX,6380.02001953125,6408.259765625,6313.7099609375,6315.10986328125,0
20250929,^TNX,4.150000095367432,4.168000221252441,4.135000228881836,4.140999794006348,0
20250930,^GSPC,6656.18994140625,6691.25,6641.0,6688.4599609375,6057210000
20250930,^IXIC,22580.359375,22671.390625,22493.9609375,22660.009765625,8928070000
20250930,^DJI,46282.62890625,46425.30078125,46103.390625,46397.890625,584780000
20250930,^VIX,16.489999771118164,16.700000762939453,16.020000457763672,16.280000686645508,0
20250930,KRW=X,1399.3299560546875,1405.3699951171875,1398.3900146484375,1399.3299560546875,0
20250930,^SOX,6322.56982421875,6374.06005859375,6289.4501953125,6369.81982421875,0
20250930,^TNX,4.132999897003174,4.1519999504089355,4.105999946594238,4.1479997634887695,0
20251001,^GSPC,6664.919921875,6718.47998046875,6656.2001953125,6711.2001953125,6037950000
20251001,^IXIC,22530.94921875,22782.580078125,22516.740234375,22755.16015625,10043980000
20251001,^DJI,46366.78125,46528.78125,46276.390625,46441.1015625,552790000
20251001,^VIX,17.280000686645508,17.280000686645508,15.979999542236328,16.290000915527344,0
20251001,KRW=X,1403.1500244140625,1409.2099609375,1400.199951171875,1403.1500244140625,0
20251001,^SOX,6321.7998046875,6507.02978515625,6317.7900390625,6500.27978515625,0
20251001,^TNX,4.107999801635742,4.129000186920166,4.089000225067139,4.105999946594238,0
20251002,^GSPC,6731.31005859375,6731.93994140625,6693.22998046875,6715.35009765625,5416130000
20251002,^IXIC,22885.900390625,22900.599609375,22729.75,22844.05078125,9633200000
20251002,^DJI,46461.109375,46589.30859375,46283.5703125,46519.71875,442010000
20251002,^VIX,16.1200008392334,16.920000076293945,15.930000305175781,16.6299991607666,0
20251002,KRW=X,1401.8199462890625,1408.06005859375,1398.1099853515625,1401.8199462890625,0
20251002,^SOX,6633.3701171875,6643.7099609375,6573.10009765625,6626.3798828125,0
20251002,^TNX,4.105999946594238,4.126999855041504,4.083000183105469,4.0879998207092285,0
20251003,^GSPC,6722.14013671875,6750.8701171875,6705.669921875,6715.7900390625,5713110000
20251003,^IXIC,22886.16015625,22925.4296875,22695.8203125,22780.509765625,10515730000
20251003,^DJI,46583.94921875,47049.640625,46566.87109375,46758.28125,425050000
20251003,^VIX,16.350000381469727,17.059999465942383,16.200000762939453,16.649999618530273,0
20251003,KRW=X,1405.6300048828125,1412.2099609375,1403.7099609375,1405.6300048828125,0
20251003,^SOX,6655.06982421875,6683.43994140625,6547.39990234375,6583.740234375,0
20251003,^TNX,4.083000183105469,4.11899995803833,4.080999851226807,4.11899995803833,0
20251006,^GSPC,6733.85986328125,6749.52001953125,6717.77978515625,6740.27978515625,5604460000
20251006,^IXIC,22894.349609375,22991.720703125,22827.560546875,22941.669921875,10468830000
20251006,^DJI,46776.0390625,46846.44921875,46426.9609375,46694.96875,500000000
20251006,^VIX,16.739999771118164,17.09000015258789,16.290000915527344,16.3700008392334,0
20251006,KRW=X,1406.06005859375,1414.8699951171875,1406.06005859375,1406.06005859375,0
20251006,^SOX,6852.72021484375,6881.91015625,6773.259765625,6774.06005859375,0
20251006,^TNX,4.1620001792907715,4.165999889373779,4.132999897003174,4.1620001792907715,0
20251007,^GSPC,6746.14013671875,6754.490234375,6699.9599609375,6714.58984375,5546150000
20251007,^IXIC,22972.369140625,23006.0703125,22718.759765625,22788.359375,10375920000
20251007,^DJI,46700.8984375,46868.48828125,46448.01953125,46602.98046875,411280000
20251007,^VIX,16.579999923706055,17.549999237060547,16.190000534057617,17.239999771118164,0
20251007,KRW=X,1409.9200439453125,1413.52001953125,1407.1099853515625,1409.9200439453125,0
20251007,^SOX,6837.669921875,6847.509765625,6622.6298828125,6634.759765625,0
20251007,^TNX,4.164000034332275,4.171000003814697,4.11299991607666,4.126999855041504,0
20251008,^GSPC,6723.8701171875,6755.64013671875,6718.08984375,6753.72021484375,5383130000
20251008,^IXIC,22852.3203125,23045.140625,22845.419921875,23043.380859375,10925520000
20251008,^DJI,46649.3203125,46816.28125,46498.390625,46601.78125,423510000
20251008,^VIX,17.170000076293945,17.200000762939453,16.229999542236328,16.299999237060547,0
20251008,KRW=X,1414.5699462890625,1427.6099853515625,1414.5699462890625,1414.5699462890625,0
20251008,^SOX,6625.2900390625,6867.08984375,6624.06982421875,6860.2001953125,0
20251008,^TNX,4.104000091552734,4.136000156402588,4.0960001945495605,4.129000186920166,0
20251009,^GSPC,6760.5,6764.580078125,6716.169921875,6735.10986328125,5385020000
20251009,^IXIC,23045.330078125,23062.619140625,22899.16015625,23024.630859375,10713200000
20251009,^DJI,46622.30859375,46684.41015625,46271.3984375,46358.421875,493080000
20251009,^VIX,16.309999465942383,17.270000457763672,16.260000228881836,16.43000030517578,0
20251009,KRW=X,1422.52001953125,1423.8199462890625,1415.1199951171875,1422.52001953125,0
20251009,^SOX,6845.39013671875,6869.080078125,6776.830078125,6840.2001953125,0
20251009,^TNX,4.132999897003174,4.1519999504089355,4.126999855041504,4.1479997634887695,0
20251010,^GSPC,6740.490234375,6762.39990234375,6550.77978515625,6552.509765625,6596610000
20251010,^IXIC,23043.51953125,23119.91015625,22193.0703125,22204.4296875,11635030000
20251010,^DJI,46394.87890625,46641.73828125,45470.71875,45479.6015625,658100000
20251010,^VIX,16.360000610351562,22.440000534057617,16.229999542236328,21.65999984741211,0
20251010,KRW=X,1421.510009765625,1429.8699951171875,1417.81005859375,1421.510009765625,0
20251010,^SOX,6853.43017578125,6867.85986328125,6403.240234375,6407.60009765625,0
20251010,^TNX,4.0980000495910645,4.105000019073486,4.044000148773193,4.051000118255615,0
20251013,^GSPC,6622.52978515625,6668.68017578125,6620.7099609375,6654.72021484375,5303960000
20251013,^IXIC,22578.669921875,22718.75,22499.490234375,22694.609375,9018770000
20251013,^DJI,45698.4609375,46153.48828125,45698.4609375,46067.578125,414070000
20251013,^VIX,19.450000762939453,20.770000457763672,18.610000610351562,19.030000686645508,0
20251013,KRW=X,1429.030029296875,1431.9300537109375,1423.8900146484375,1429.030029296875,0
20251013,^SOX,6662.89013671875,6742.3701171875,6612.8798828125,6723.47021484375,0
20251013,^TNX,4.051000118255615,4.051000118255615,4.051000118255615,4.051000118255615,0
20251014,^GSPC,6602.490234375,6680.7001953125,6555.06982421875,6644.31005859375,5666920000
20251014,^IXIC,22388.0390625,22691.0703125,22213.73046875,22521.69921875,9776720000
20251014,^DJI,45871.890625,46522.671875,45452.03125,46270.4609375,515330000
20251014,^VIX,21.459999084472656,22.940000534057617,19.18000030517578,20.809999465942383,0
20251014,KRW=X,1426.0699462890625,1435.1700439453125,1424.5400390625,1426.0699462890625,0
20251014,^SOX,6582.330078125,6706.4501953125,6532.740234375,6570.330078125,0
20251014,^TNX,4.019000053405762,4.051000118255615,4.014999866485596,4.021999835968018,0
20251015,^GSPC,6688.27001953125,6724.1201171875,6612.10986328125,6671.06005859375,5633060000
20251015,^IXIC,22738.5,22841.689453125,22427.7890625,22670.080078125,11374850000
20251015,^DJI,46375.171875,46693.33984375,46027.23046875,46253.30859375,488700000
20251015,^VIX,20.020000457763672,22.440000534057617,19.110000610351562,20.639999389648438,0
20251015,KRW=X,1429.4300537109375,1428.5899658203125,1418.3499755859375,1429.4300537109375,0
20251015,^SOX,6723.009765625,6780.72998046875,6632.14013671875,6767.06005859375,0
20251015,^TNX,4.02400016784668,4.046999931335449,4.000999927520752,4.046000003814697,0
20251016,^GSPC,6689.02001953125,6709.33984375,6593.990234375,6629.06982421875,6048180000
20251016,^IXIC,22764.400390625,22886.869140625,22404.689453125,22562.5390625,11343620000
20251016,^DJI,46289.08984375,46422.33984375,45781.1796875,45952.23828125,481610000
20251016,^VIX,20.489999771118164,25.43000030517578,19.850000381469727,25.309999465942383,0
20251016,KRW=X,1420.0899658203125,1420.989990234375,1413.4200439453125,1420.0899658203125,0
20251016,^SOX,6848.22021484375,6880.56982421875,6727.9599609375,6800.02001953125,0
20251016,^TNX,4.019000053405762,4.051000118255615,3.9709999561309814,3.9760000705718994,0
20251017,^GSPC,6613.27001953125,6678.8798828125,6603.759765625,6664.009765625,5358120000
20251017,^IXIC,22489.810546875,22736.009765625,22396.650390625,22679.970703125,9552150000
20251017,^DJI,45862.3984375,46327.0703125,45862.37109375,46190.609375,492870000
20251017,^VIX,28.40999984741211,28.989999771118164,20.729999542236328,20.780000686645508,0
20251017,KRW=X,1415.719970703125,1425.4200439453125,1415.75,1415.719970703125,0
20251017,^SOX,6742.02978515625,6812.27978515625,6673.580078125,6777.97998046875,0
20251017,^TNX,3.994999885559082,4.017000198364258,3.990000009536743,4.006999969482422,0
20251020,^GSPC,6690.0498046875,6744.35009765625,6690.0498046875,6735.1298828125,4672170000
20251020,^IXIC,22844.8203125,23031.869140625,22841.0,22990.5390625,9440620000
20251020,^DJI,46312.87890625,46759.26953125,46312.87890625,46706.578125,444010000
20251020,^VIX,20.530000686645508,21.020000457763672,18.229999542236328,18.229999542236328,0
20251020,KRW=X,1419.739990234375,1423.780029296875,1416.260009765625,1419.739990234375,0
20251020,^SOX,6858.6298828125,6935.64990234375,6855.18017578125,6885.02978515625,0
20251020,^TNX,4.005000114440918,4.005000114440918,3.9860000610351562,3.9860000610351562,0
20251021,^GSPC,6736.75,6752.16015625,6722.02978515625,6735.35009765625,5245020000
20251021,^IXIC,22984.55078125,23010.349609375,22894.419921875,22953.669921875,10845130000
20251021,^DJI,46707.078125,47125.66015625,46688.25,46924.73828125,430490000
20251021,^VIX,18.649999618530273,18.889999389648438,17.399999618530273,17.8700008392334,0
20251021,KRW=X,1419.739990234375,1432.3399658203125,1418.1500244140625,1419.739990234375,0
20251021,^SOX,6864.240234375,6875.72998046875,6793.1201171875,6839.27001953125,0
20251021,^TNX,3.9760000705718994,3.9760000705718994,3.947000026702881,3.9630000591278076,0
20251022,^GSPC,6741.33984375,6741.75,6655.68994140625,6699.39990234375,5710010000
20251022,^IXIC,22940.7890625,22978.400390625,22514.080078125,22740.400390625,14361150000
20251022,^DJI,46941.55859375,46941.55859375,46461.51953125,46590.41015625,458450000
20251022,^VIX,17.84000015258789,21.010000228881836,17.729999542236328,18.600000381469727,0
20251022,KRW=X,1430.739990234375,1432.6400146484375,1427.18994140625,1430.739990234375,0
20251022,^SOX,6764.43994140625,6819.83984375,6547.3701171875,6677.56982421875,0
20251022,^TNX,3.9509999752044678,3.9779999256134033,3.947000026702881,3.953000068664551,0
20251023,^GSPC,6703.64990234375,6749.52978515625,6700.14013671875,6738.43994140625,5565750000
20251023,^IXIC,22751.330078125,22983.4609375,22732.1796875,22941.80078125,10363600000
20251023,^DJI,46519.12890625,46802.1484375,46490.05859375,46734.609375,407570000
20251023,^VIX,18.360000610351562,19.350000381469727,17.079999923706055,17.299999237060547,0
20251023,KRW=X,1430.4000244140625,1441.31005859375,1430.5,1430.4000244140625,0
20251023,^SOX,6648.330078125,6861.4599609375,6648.330078125,6847.39013671875,0
20251023,^TNX,3.989000082015991,4.005000114440918,3.9779999256134033,3.990999937057495,0
20251024,^GSPC,6772.06982421875,6807.10986328125,6772.06982421875,6791.68994140625,5058220000
20251024,^IXIC,23143.23046875,23261.259765625,23127.9609375,23204.869140625,10308620000
20251024,^DJI,46811.51171875,47326.73046875,46811.51171875,47207.12109375,403500000
20251024,^VIX,17.020000457763672,17.219999313354492,16.020000457763672,16.3700008392334,0
20251024,KRW=X,1435.8399658203125,1439.3699951171875,1432.9200439453125,1435.8399658203125,0
20251024,^SOX,6970.16015625,7021.3798828125,6961.16015625,6976.93994140625,0
20251024,^TNX,4.01200008392334,4.015999794006348,3.9639999866485596,3.996999979019165,0
20251027,^GSPC,6845.4599609375,6877.27978515625,6843.93994140625,6875.16015625,5290650000
20251027,^IXIC,23537.3203125,23658.66015625,23493.9609375,23637.4609375,10757830000
20251027,^DJI,47412.80078125,47564.51953125,47375.9609375,47544.58984375,426790000
20251027,^VIX,15.729999542236328,16.06999969482422,15.619999885559082,15.789999961853027,0
20251027,KRW=X,1436.969970703125,1436.969970703125,1429.050048828125,1436.969970703125,0
20251027,^SOX,7103.56005859375,7175.52978515625,7083.10009765625,7167.97998046875,0
20251027,^TNX,4.019999980926514,4.0329999923706055,3.994999885559082,3.996999979019165,0
20251028,^GSPC,6897.740234375,6911.2998046875,6870.72998046875,6890.89013671875,5695930000
20251028,^IXIC,23766.4609375,23901.359375,23675.189453125,23827.490234375,10640830000
20251028,^DJI,47752.3515625,47943.16015625,47675.69921875,47706.37109375,603670000
20251028,^VIX,15.949999809265137,16.549999237060547,15.65999984741211,16.420000076293945,0
20251028,KRW=X,1430.969970703125,1438.780029296875,1429.6600341796875,1430.969970703125,0
20251028,^SOX,7158.16015625,7223.77001953125,7136.3798828125,7194.7099609375,0
20251028,^TNX,3.9830000400543213,4.004000186920166,3.9700000286102295,3.9830000400543213,0
20251029,^GSPC,6910.9501953125,6920.33984375,6851.91015625,6890.58984375,6280130000
20251029,^IXIC,23987.2890625,24019.990234375,23763.990234375,23958.470703125,10089540000
20251029,^DJI,47746.7890625,48040.640625,47448.58984375,47632.0,683470000
20251029,^VIX,16.34000015258789,17.579999923706055,16.260000228881836,16.920000076293945,0
20251029,KRW=X,1425.969970703125,1435.25,1418.93994140625,1425.969970703125,0
20251029,^SOX,7342.5400390625,7392.64013671875,7257.81982421875,7327.93017578125,0
20251029,^TNX,3.994999885559082,4.058000087738037,3.9830000400543213,4.058000087738037,0
20251030,^GSPC,6860.5,6880.75,6820.68994140625,6822.33984375,6052700000
20251030,^IXIC,23793.080078125,23846.130859375,23578.470703125,23581.140625,10564160000
20251030,^DJI,47446.87890625,48014.921875,47381.91015625,47522.12109375,593890000
20251030,^VIX,16.260000228881836,17.40999984741211,15.729999542236328,16.90999984741211,0
20251030,KRW=X,1424.010009765625,1434.8199462890625,1419.0899658203125,1424.010009765625,0
20251030,^SOX,7283.08984375,7351.0498046875,7213.39990234375,7216.0,0
20251030,^TNX,4.098999977111816,4.116000175476074,4.067999839782715,4.0929999351501465,0
20251031,^GSPC,6879.169921875,6879.169921875,6814.259765625,6840.2001953125,6398280000
20251031,^IXIC,23941.779296875,23946.23046875,23628.8203125,23724.9609375,10909250000
20251031,^DJI,47659.9609375,47718.37890625,47347.28125,47562.87109375,704620000
20251031,^VIX,16.43000030517578,18.540000915527344,15.960000038146973,17.440000534057617,0
20251031,KRW=X,1424.02001953125,1430.550048828125,1423.5699462890625,1424.02001953125,0
20251031,^SOX,7284.330078125,7345.91015625,7171.740234375,7228.66015625,0
20251031,^TNX,4.10099983215332,4.103000164031982,4.076000213623047,4.10099983215332,0
20251103,^GSPC,6882.31982421875,6882.31982421875,6820.6201171875,6851.97021484375,6065720000
20251103,^IXIC,23951.91015625,23976.83984375,23764.869140625,23834.720703125,10360170000
20251103,^DJI,47697.328125,47697.328125,47135.9609375,47336.6796875,571740000
20251103,^VIX,18.059999465942383,18.829999923706055,17.0,17.170000076293945,0
20251103,KRW=X,1427.1700439453125,1432.5,1425.27001953125,1427.1700439453125,0
20251103,^SOX,7342.7998046875,7353.6298828125,7248.68994140625,7270.97021484375,0
20251103,^TNX,4.105999946594238,4.122000217437744,4.0970001220703125,4.105999946594238,0
20251104,^GSPC,6788.52001953125,6820.2099609375,6766.7099609375,6771.5498046875,5739510000
20251104,^IXIC,23458.2109375,23644.150390625,23333.3203125,23348.640625,10227700000
20251104,^DJI,47148.0390625,47274.8984375,46877.05859375,47085.23828125,514650000
20251104,^VIX,19.729999542236328,20.479999542236328,17.899999618530273,19.0,0
20251104,KRW=X,1428.969970703125,1441.0400390625,1430.47998046875,1428.969970703125,0
20251104,^SOX,7074.4501953125,7190.58984375,6972.3701171875,6979.56982421875,0
20251104,^TNX,4.0970001220703125,4.10099983215332,4.078999996185303,4.089000225067139,0
20251105,^GSPC,6769.77001953125,6829.77978515625,6763.10986328125,6796.2900390625,5939600000
20251105,^IXIC,23358.0703125,23636.529296875,23286.869140625,23499.80078125,10026890000
20251105,^DJI,47097.30859375,47460.359375,47041.30859375,47311.0,469010000
20251105,^VIX,19.3700008392334,20.020000457763672,17.309999465942383,18.010000228881836,0
20251105,KRW=X,1439.81005859375,1449.27001953125,1439.81005859375,1439.81005859375,0
20251105,^SOX,7024.27978515625,7277.81982421875,7022.9501953125,7190.27001953125,0
20251105,^TNX,4.0970001220703125,4.160999774932861,4.0929999351501465,4.1570000648498535,0
20251106,^GSPC,6787.58984375,6796.68017578125,6707.509765625,6720.31982421875,6051900000
20251106,^IXIC,23461.2890625,23469.55078125,23011.060546875,23053.990234375,11085130000
20251106,^DJI,47255.12109375,47359.2890625,46787.44140625,46912.30078125,552150000
20251106,^VIX,18.360000610351562,20.309999465942383,17.639999389648438,19.5,0
20251106,KRW=X,1439.739990234375,1452.030029296875,1439.739990234375,1439.739990234375,0
20251106,^SOX,7195.22998046875,7226.06005859375,6974.1201171875,7018.39013671875,0
20251106,^TNX,4.131999969482422,4.131999969482422,4.077000141143799,4.0929999351501465,0
20251107,^GSPC,6696.18017578125,6730.10986328125,6631.43994140625,6728.7998046875,5926070000
20251107,^IXIC,22892.919921875,23009.91015625,22563.419921875,23004.5390625,10141910000
20251107,^DJI,46797.03125,46996.7109375,46495.62109375,46987.1015625,591090000
20251107,^VIX,19.520000457763672,22.719999313354492,19.079999923706055,19.079999923706055,0
20251107,KRW=X,1447.9000244140625,1462.4200439453125,1446.300048828125,1447.9000244140625,0
20251107,^SOX,6917.75,6949.14990234375,6688.83984375,6947.35986328125,0
20251107,^TNX,4.086999893188477,4.111999988555908,4.065999984741211,4.0929999351501465,0
20251110,^GSPC,6785.35986328125,6841.31982421875,6770.56005859375,6832.43017578125,5366050000
20251110,^IXIC,23354.849609375,23569.619140625,23290.05078125,23527.169921875,9297320000
20251110,^DJI,47095.05859375,47412.890625,46934.3515625,47368.62890625,490070000
20251110,^VIX,18.579999923706055,18.81999969482422,17.600000381469727,17.600000381469727,0
20251110,KRW=X,1454.0,1456.6199951171875,1449.739990234375,1454.0,0
20251110,^SOX,7136.66015625,7178.35009765625,7066.47998046875,7156.9501953125,0
20251110,^TNX,4.136000156402588,4.138000011444092,4.0980000495910645,4.110000133514404,0
20251111,^GSPC,6815.64013671875,6855.1298828125,6806.8701171875,6846.60986328125,4983490000
20251111,^IXIC,23407.720703125,23508.439453125,23315.279296875,23468.30078125,7756810000
20251111,^DJI,47384.51171875,47974.37109375,47384.51171875,47927.9609375,454970000
20251111,^VIX,17.899999618530273,18.010000228881836,17.25,17.280000686645508,0
20251111,KRW=X,1453.6600341796875,1467.050048828125,1453.6600341796875,1456.0899658203125,0
20251111,^SOX,7077.3798828125,7099.81005859375,6965.759765625,6979.7001953125,0
20251111,^TNX,4.119999885559082,4.119999885559082,4.119999885559082,4.119999885559082,0
20251112,^GSPC,6867.77001953125,6869.91015625,6829.6201171875,6850.919921875,5293610000
20251112,^IXIC,23563.83984375,23564.08984375,23278.30078125,23406.4609375,8449920000
20251112,^DJI,48015.7890625,48431.5703125,48015.7890625,48254.8203125,497550000
20251112,^VIX,17.209999084472656,18.059999465942383,17.100000381469727,17.510000228881836,0
20251112,KRW=X,1460.449951171875,1469.72998046875,1458.6800537109375,1459.8399658203125,0
20251112,^SOX,7112.16015625,7130.5498046875,7035.27001953125,7082.1298828125,0
20251112,^TNX,4.074999809265137,4.091000080108643,4.056000232696533,4.065000057220459,0
20251113,^GSPC,6826.47021484375,6828.0498046875,6724.72021484375,6737.490234375,5473720000
20251113,^IXIC,23262.640625,23264.26953125,22796.0703125,22870.359375,11351410000
20251113,^DJI,48173.921875,48233.25,47411.1015625,47457.21875,608110000
20251113,^VIX,17.610000610351562,21.309999465942383,17.510000228881836,20.0,0
20251113,KRW=X,1467.0699462890625,1474.1300048828125,1460.510009765625,1468.02001953125,0
20251113,^SOX,7003.169921875,7008.43994140625,6750.1201171875,6818.740234375,0
20251113,^TNX,4.104000091552734,4.117000102996826,4.0879998207092285,4.111999988555908,0
20251114,^GSPC,6672.14013671875,6774.31005859375,6646.8701171875,6734.10986328125,5042660000
20251114,^IXIC,22544.720703125,23073.1796875,22436.7890625,22900.58984375,10841540000
20251114,^DJI,47222.37890625,47380.0703125,46863.05078125,47147.48046875,552330000
20251114,^VIX,21.329999923706055,23.030000686645508,19.559999465942383,19.829999923706055,0
20251114,KRW=X,1469.0,1473.550048828125,1446.800048828125,1468.7099609375,0
20251114,^SOX,6634.93994140625,6911.919921875,6587.83984375,6811.2001953125,0
20251114,^TNX,4.066999912261963,4.1479997634887695,4.065000057220459,4.1479997634887695,0
20251117,^GSPC,6713.60986328125,6754.5,6638.89990234375,6672.41015625,5204220000
20251117,^IXIC,22788.3203125,23044.55078125,22559.509765625,22708.0703125,9744800000
20251117,^DJI,47068.05859375,47202.55859375,46430.26953125,46590.23828125,503830000
20251117,^VIX,19.579999923706055,23.440000534057617,19.540000915527344,22.3799991607666,0
20251117,KRW=X,1454.1500244140625,1462.449951171875,1453.5,1446.530029296875,0
20251117,^SOX,6756.56005859375,6886.6298828125,6631.31982421875,6705.740234375,0
20251117,^TNX,4.138999938964844,4.145999908447266,4.125,4.132999897003174,0
20251118,^GSPC,6641.18994140625,6666.6298828125,6574.31982421875,6617.31982421875,5159390000
20251118,^IXIC,22565.900390625,22643.009765625,22231.150390625,22432.849609375,8606260000
20251118,^DJI,46382.921875,46382.921875,45913.6015625,46091.73828125,596360000
20251118,^VIX,23.540000915527344,25.84000015258789,22.90999984741211,24.690000534057617,0
20251118,KRW=X,1461.6500244140625,1467.1600341796875,1458.75,1461.68994140625,0
20251118,^SOX,6622.009765625,6651.58984375,6479.68017578125,6551.02978515625,0
20251118,^TNX,4.105999946594238,4.138999938964844,4.085000038146973,4.123000144958496,0
20251119,^GSPC,6625.83984375,6689.75,6603.5,6642.16015625,5021610000
20251119,^IXIC,22459.26953125,22821.240234375,22385.220703125,22564.23046875,8434200000
20251119,^DJI,46138.6796875,46299.12890625,45905.19140625,46138.76953125,555370000
20251119,^VIX,24.520000457763672,24.790000915527344,21.93000030517578,23.65999984741211,0
20251119,KRW=X,1456.550048828125,1468.969970703125,1456.550048828125,1456.550048828125,0
20251119,^SOX,6577.27978515625,6751.81982421875,6552.97021484375,6670.02978515625,0
20251119,^TNX,4.110000133514404,4.135000228881836,4.0980000495910645,4.132999897003174,0
20251120,^GSPC,6737.93017578125,6770.35009765625,6534.0498046875,6538.759765625,5596080000
20251120,^IXIC,23057.0,23147.330078125,22043.19921875,22078.05078125,10548620000
20251120,^DJI,46567.51171875,46856.75,45728.9296875,45752.26171875,721440000
20251120,^VIX,20.780000686645508,28.270000457763672,19.280000686645508,26.420000076293945,0
20251120,KRW=X,1466.1700439453125,1473.43994140625,1465.1800537109375,1466.1300048828125,0
20251120,^SOX,6863.1201171875,6882.990234375,6327.7900390625,6352.06982421875,0
20251120,^TNX,4.145999908447266,4.1620001792907715,4.085999965667725,4.105999946594238,0
20251121,^GSPC,6555.77001953125,6660.0498046875,6521.919921875,6602.990234375,5929930000
20251121,^IXIC,22162.830078125,22531.83984375,21898.2890625,22273.080078125,9931240000
20251121,^DJI,45808.6484375,46577.5,45781.578125,46245.41015625,790560000
20251121,^VIX,25.969999313354492,27.84000015258789,22.540000915527344,23.43000030517578,0
20251121,KRW=X,1473.22998046875,1477.6500244140625,1468.5999755859375,1473.25,0
20251121,^SOX,6351.0498046875,6505.8798828125,6160.0498046875,6406.43017578125,0
20251121,^TNX,4.071000099182129,4.085999965667725,4.053999900817871,4.063000202178955,0
20251124,^GSPC,6636.5400390625,6715.75,6630.7001953125,6705.1201171875,6039740000
20251124,^IXIC,22482.16015625,22916.400390625,22478.26953125,22872.009765625,9232160000
20251124,^DJI,46351.9296875,46587.7109375,46108.01171875,46448.26953125,743580000
20251124,^VIX,22.690000534057617,23.68000030517578,20.40999984741211,20.520000457763672,0
20251124,KRW=X,1467.72998046875,1479.0400390625,1467.72998046875,1467.72998046875,0
20251124,^SOX,6494.85986328125,6733.02978515625,6475.39013671875,6703.2001953125,0
20251124,^TNX,4.056000232696533,4.060999870300293,4.0320000648498535,4.038000106811523,0
20251125,^GSPC,6697.02978515625,6776.39990234375,6659.97998046875,6765.8798828125,5003330000
20251125,^IXIC,22802.849609375,23070.08984375,22587.109375,23025.58984375,8498500000
20251125,^DJI,46482.359375,47182.8984375,46341.3515625,47112.44921875,648860000
20251125,^VIX,20.549999237060547,21.770000457763672,18.389999389648438,18.559999465942383,0
20251125,KRW=X,1474.4599609375,1475.5699462890625,1463.1300048828125,1474.8599853515625,0
20251125,^SOX,6617.14013671875,6730.9599609375,6457.2998046875,6714.18017578125,0
20251125,^TNX,4.013000011444092,4.0269999504089355,3.98799991607666,4.001999855041504,0
20251126,^GSPC,6793.5498046875,6831.43994140625,6783.8701171875,6812.60986328125,4485000000
20251126,^IXIC,23163.189453125,23280.580078125,23074.390625,23214.689453125,7291400000
20251126,^DJI,47196.1484375,47571.3984375,47196.1484375,47427.12109375,454980000
20251126,^VIX,18.25,18.700000762939453,16.93000030517578,17.190000534057617,0
20251126,KRW=X,1462.0999755859375,1475.6199951171875,1456.1600341796875,1464.9200439453125,0
20251126,^SOX,6801.5498046875,6958.93017578125,6790.27978515625,6899.4599609375,0
20251126,^TNX,4.0,4.041999816894531,3.996000051498413,3.997999906539917,0
20251127,KRW=X,1470.2099609375,1470.2099609375,1459.27001953125,1470.5899658203125,0
20251128,^GSPC,6822.52001953125,6850.85986328125,6819.75,6849.08984375,2558540000
20251128,^IXIC,23291.58984375,23365.7890625,23250.509765625,23365.689453125,4541070000
20251128,^DJI,47482.25,47750.76953125,47475.609375,47716.421875,272500000
20251128,^VIX,17.40999984741211,18.520000457763672,15.779999732971191,16.350000381469727,0
20251128,KRW=X,1461.0799560546875,1471.1600341796875,1322.4200439453125,1461.4000244140625,0
20251128,^SOX,6926.91015625,7028.14013671875,6907.7998046875,7025.14990234375,0
20251128,^TNX,3.990000009536743,4.035999774932861,3.990000009536743,4.017000198364258,0
20251201,^GSPC,6812.2998046875,6843.64990234375,6799.93994140625,6812.6298828125,4549370000
20251201,^IXIC,23172.33984375,23363.849609375,23110.2109375,23275.919921875,7859560000
20251201,^DJI,47580.8515625,47676.03125,47271.109375,47289.328125,482190000
20251201,^VIX,18.049999237060547,18.329999923706055,16.579999923706055,17.239999771118164,0
20251201,KRW=X,1465.8499755859375,1471.6199951171875,1463.8800048828125,1465.6199951171875,0
20251201,^SOX,6945.2001953125,7081.1201171875,6920.669921875,7020.52978515625,0
20251201,^TNX,4.050000190734863,4.0980000495910645,4.050000190734863,4.0960001945495605,0
20251202,^GSPC,6830.9599609375,6851.5498046875,6806.7099609375,6829.3701171875,4582290000
20251202,^IXIC,23379.75,23526.23046875,23286.4609375,23413.669921875,7588580000
20251202,^DJI,47416.91015625,47597.109375,47263.921875,47474.4609375,510900000
20251202,^VIX,17.280000686645508,17.309999465942383,16.389999389648438,16.59000015258789,0
20251202,KRW=X,1470.18994140625,1472.0400390625,1465.56005859375,1470.1700439453125,0
20251202,^SOX,7098.60986328125,7211.14013671875,7057.31005859375,7149.47021484375,0
20251202,^TNX,4.110000133514404,4.113999843597412,4.080999851226807,4.085999965667725,0
20251203,^GSPC,6815.2900390625,6862.419921875,6810.43017578125,6849.72021484375,4736780000
20251203,^IXIC,23315.580078125,23499.9296875,23271.830078125,23454.08984375,7962730000
20251203,^DJI,47371.62109375,47969.640625,47371.62109375,47882.8984375,490380000
20251203,^VIX,16.43000030517578,17.280000686645508,15.930000305175781,16.079999923706055,0
20251203,KRW=X,1467.280029296875,1471.1199951171875,1462.3599853515625,1467.3599853515625,0
20251203,^SOX,7164.81982421875,7284.35986328125,7099.81005859375,7280.509765625,0
20251203,^TNX,4.053999900817871,4.085999965667725,4.052000045776367,4.057000160217285,0
20251204,^GSPC,6866.47021484375,6866.47021484375,6827.1201171875,6857.1201171875,4872440000
20251204,^IXIC,23527.30078125,23528.529296875,23372.330078125,23505.140625,7456860000
20251204,^DJI,47888.16015625,48049.71875,47692.9609375,47850.94140625,498740000
20251204,^VIX,16.229999542236328,16.6299991607666,15.680000305175781,15.779999732971191,0
20251204,KRW=X,1465.3399658203125,1474.219970703125,1464.1500244140625,1465.030029296875,0
20251204,^SOX,7238.72998046875,7267.35986328125,7180.77978515625,7215.97021484375,0
20251204,^TNX,4.093999862670898,4.110000133514404,4.083000183105469,4.107999801635742,0
20251205,^GSPC,6866.31982421875,6895.77978515625,6858.2900390625,6870.39990234375,4944560000
20251205,^IXIC,23567.76953125,23680.029296875,23506.0,23578.130859375,8248280000
20251205,^DJI,47879.6015625,48133.5390625,47871.51171875,47954.98828125,456100000
20251205,^VIX,15.579999923706055,16.18000030517578,15.279999732971191,15.40999984741211,0
20251205,KRW=X,1472.530029296875,1474.050048828125,1466.8900146484375,1472.3800048828125,0
20251205,^SOX,7303.06005859375,7377.2998046875,7282.2900390625,7294.83984375,0
20251205,^TNX,4.118000030517578,4.144999980926514,4.0980000495910645,4.138999938964844,0
20251208,^GSPC,6875.2001953125,6878.27001953125,6827.18994140625,6846.509765625,4757130000
20251208,^IXIC,23638.220703125,23698.9296875,23455.05078125,23545.900390625,8533670000
20251208,^DJI,47971.51171875,47971.51171875,47611.9296875,47739.3203125,505490000
20251208,^VIX,16.149999618530273,17.09000015258789,16.100000381469727,16.65999984741211,0
20251208,KRW=X,1471.81005859375,1472.050048828125,1464.7099609375,1471.81005859375,0
20251208,^SOX,7358.16015625,7410.5,7302.7001953125,7375.22021484375,0
20251208,^TNX,4.14300012588501,4.191999912261963,4.14300012588501,4.171999931335449,0
20251209,^GSPC,6840.60986328125,6864.919921875,6837.43017578125,6840.509765625,4508050000
20251209,^IXIC,23504.609375,23616.4609375,23449.73046875,23576.490234375,7192600000
20251209,^DJI,47724.51953125,47957.7890625,47533.6015625,47560.2890625,425470000
20251209,^VIX,16.65999984741211,17.200000762939453,16.450000762939453,16.93000030517578,0
20251209,KRW=X,1468.510009765625,1472.0799560546875,1465.489990234375,1468.510009765625,0
20251209,^SOX,7325.830078125,7386.4501953125,7299.9599609375,7372.509765625,0
20251209,^TNX,4.1620001792907715,4.190000057220459,4.14300012588501,4.185999870300293,0
20251210,^GSPC,6833.490234375,6900.669921875,6824.68994140625,6886.68017578125,5526570000
20251210,^IXIC,23536.0,23704.080078125,23435.169921875,23654.150390625,7987900000
20251210,^DJI,47573.9609375,48197.30078125,47462.94140625,48057.75,545610000
20251210,^VIX,16.940000534057617,17.65999984741211,15.5600004196167,15.770000457763672,0
20251210,KRW=X,1467.9300537109375,1472.3499755859375,1467.510009765625,1467.9300537109375,0
20251210,^SOX,7369.72998046875,7490.27978515625,7333.4599609375,7467.490234375,0
20251210,^TNX,4.202000141143799,4.203999996185303,4.146999835968018,4.164000034332275,0
20251211,^GSPC,6861.2998046875,6903.4599609375,6833.4501953125,6901.0,5021060000
20251211,^IXIC,23509.220703125,23606.69921875,23308.94921875,23593.859375,8337770000
20251211,^DJI,48082.8984375,48756.33984375,48082.8984375,48704.01171875,493950000
20251211,^VIX,16.84000015258789,16.8799991607666,14.850000381469727,14.850000381469727,0
20251211,KRW=X,1462.550048828125,1473.9300537109375,1462.550048828125,1469.0400390625,0
20251211,^SOX,7353.080078125,7419.6201171875,7208.22998046875,7411.47998046875,0
20251211,^TNX,4.13100004196167,4.14300012588501,4.1020002365112305,4.140999794006348,0
20251212,^GSPC,6886.85009765625,6899.85009765625,6801.7900390625,6827.41015625,4910160000
20251212,^IXIC,23488.869140625,23554.890625,23094.509765625,23195.169921875,8724070000
20251212,^DJI,48714.75,48886.859375,48334.1015625,48458.05078125,495830000
20251212,^VIX,14.989999771118164,17.850000381469727,14.850000381469727,15.739999771118164,0
20251212,KRW=X,1471.5799560546875,1479.6500244140625,1469.4000244140625,1470.8499755859375,0
20251212,^SOX,7297.85009765625,7331.3798828125,7003.39990234375,7033.56982421875,0
20251212,^TNX,4.177999973297119,4.199999809265137,4.177999973297119,4.193999767303467,0
20251215,^GSPC,6860.18994140625,6861.58984375,6801.490234375,6816.509765625,4975600000
20251215,^IXIC,23330.0390625,23345.560546875,23012.0,23057.41015625,8649240000
20251215,^DJI,48594.359375,48679.140625,48283.26953125,48416.55859375,516630000
20251215,^VIX,16.510000228881836,17.350000381469727,15.989999771118164,16.5,0
20251215,KRW=X,1472.9100341796875,1477.75,1462.4200439453125,1472.9100341796875,0
20251215,^SOX,7096.27001953125,7125.9599609375,6971.39990234375,6990.41015625,0
20251215,^TNX,4.170000076293945,4.185999870300293,4.151000022888184,4.182000160217285,0
20251216,^GSPC,6800.1201171875,6819.27001953125,6759.740234375,6800.259765625,4983180000
20251216,^IXIC,22981.8203125,23162.599609375,22920.66015625,23111.4609375,7759960000
20251216,^DJI,48380.171875,48452.171875,47946.25,48114.26171875,457400000
20251216,^VIX,17.280000686645508,17.610000610351562,16.190000534057617,16.479999542236328,0
20251216,KRW=X,1467.47998046875,1477.0400390625,1467.25,1467.47998046875,0
20251216,^SOX,6977.89990234375,7019.10986328125,6888.6201171875,6958.43994140625,0
20251216,^TNX,4.170000076293945,4.196000099182129,4.14300012588501,4.14900016784668,0
20251217,^GSPC,6802.8798828125,6812.259765625,6720.43017578125,6721.43017578125,5122120000
20251217,^IXIC,23135.609375,23159.19921875,22692.0,22693.3203125,8616140000
20251217,^DJI,48128.05078125,48387.328125,47856.7890625,47885.96875,534260000
20251217,^VIX,16.450000762939453,18.0,15.819999694824219,17.6200008392334,0
20251217,KRW=X,1471.72998046875,1481.7900390625,1470.4100341796875,1471.739990234375,0
20251217,^SOX,6993.10009765625,7005.080078125,6680.68017578125,6695.31005859375,0
20251217,^TNX,4.163000106811523,4.170000076293945,4.14300012588501,4.151000022888184,0
20251218,^GSPC,6778.06005859375,6816.1298828125,6758.5,6774.759765625,5101190000
20251218,^IXIC,23012.060546875,23149.609375,22906.23046875,23006.359375,7977920000
20251218,^DJI,48101.1796875,48365.9296875,47849.48046875,47951.8515625,521430000
20251218,^VIX,17.610000610351562,17.68000030517578,15.930000305175781,16.8700008392334,0
20251218,KRW=X,1476.1500244140625,1479.5400390625,1471.0,1474.0,0
20251218,^SOX,6938.919921875,6970.18994140625,6831.72998046875,6863.6298828125,0
20251218,^TNX,4.125,4.13700008392334,4.107999801635742,4.116000175476074,0
20251219,^GSPC,6792.6201171875,6840.02001953125,6792.6201171875,6834.5,8554470000
20251219,^IXIC,23121.900390625,23307.91015625,23106.189453125,23307.619140625,12874560000
20251219,^DJI,47974.8203125,48289.62890625,47974.8203125,48134.890625,1227520000
20251219,^VIX,16.309999465942383,16.530000686645508,14.90999984741211,14.90999984741211,0
20251219,KRW=X,1475.0899658203125,1479.1500244140625,1473.68994140625,1474.3599853515625,0
20251219,^SOX,6942.4599609375,7095.009765625,6942.4599609375,7067.8701171875,0
20251219,^TNX,4.146999835968018,4.1570000648498535,4.130000114440918,4.151000022888184,0
20251222,^GSPC,6865.2099609375,6882.02978515625,6855.740234375,6878.490234375,4465030000
20251222,^IXIC,23450.529296875,23476.5,23362.9296875,23428.830078125,7244910000
20251222,^DJI,48211.87890625,48457.46875,48199.12890625,48362.6796875,427050000
20251222,^VIX,15.15999984741211,15.260000228881836,14.029999732971191,14.079999923706055,0
20251222,KRW=X,1473.719970703125,1481.6700439453125,1473.719970703125,1473.719970703125,0
20251222,^SOX,7204.02001953125,7206.39013671875,7120.0400390625,7145.56982421875,0
20251222,^TNX,4.166999816894531,4.175000190734863,4.15500020980835,4.169000148773193,0
20251223,^GSPC,6872.41015625,6910.8798828125,6868.81005859375,6909.7900390625,3820560000
20251223,^IXIC,23407.69921875,23563.4609375,23377.490234375,23561.83984375,7518190000
20251223,^DJI,48320.58984375,48527.5,48254.30859375,48442.41015625,418920000
20251223,^VIX,14.09000015258789,14.449999809265137,13.640000343322754,14.0,0
20251223,KRW=X,1476.8399658203125,1484.4300537109375,1476.8399658203125,1476.8399658203125,0
20251223,^SOX,7118.39013671875,7186.39013671875,7091.4599609375,7184.5400390625,0
20251223,^TNX,4.151000022888184,4.202000141143799,4.151000022888184,4.169000148773193,0
20251224,^GSPC,6904.91015625,6937.31982421875,6904.91015625,6932.0498046875,1798270000
20251224,^IXIC,23555.94921875,23621.720703125,23527.970703125,23613.310546875,3885190000
20251224,^DJI,48424.7109375,48771.3203125,48386.58984375,48731.16015625,206740000
20251224,^VIX,14.09000015258789,14.15999984741211,13.380000114440918,13.470000267028809,0
20251224,KRW=X,1478.6700439453125,1478.6700439453125,1429.68994140625,1478.6700439453125,0
20251224,^SOX,7191.72021484375,7212.5498046875,7173.27001953125,7204.3701171875,0
20251224,^TNX,4.166999816894531,4.166999816894531,4.131999969482422,4.136000156402588,0
20251226,^GSPC,6936.02001953125,6945.77001953125,6921.60009765625,6929.93994140625,2586550000
20251226,^IXIC,23645.91015625,23665.150390625,23567.859375,23593.099609375,5170300000
20251226,^DJI,48712.46875,48782.0,48589.0703125,48710.96875,288770000
20251226,^VIX,14.119999885559082,14.289999961853027,13.520000457763672,13.600000381469727,0
20251226,KRW=X,1447.1800537109375,1452.9000244140625,1429.9000244140625,1446.52001953125,0
20251226,^SOX,7229.66015625,7233.06005859375,7188.580078125,7207.64013671875,0
20251226,^TNX,4.122000217437744,4.144999980926514,4.110000133514404,4.136000156402588,0
20251229,^GSPC,6903.60009765625,6920.2099609375,6888.759765625,6905.740234375,3541750000
20251229,^IXIC,23414.6796875,23531.01953125,23397.51953125,23474.349609375,6527530000
20251229,^DJI,48636.62890625,48704.828125,48390.91015625,48461.9296875,321850000
20251229,^VIX,14.6899995803833,15.079999923706055,13.989999771118164,14.199999809265137,0
20251229,KRW=X,1433.9000244140625,1437.699951171875,1429.6400146484375,1441.3299560546875,0
20251229,^SOX,7116.14990234375,7205.22021484375,7098.77001953125,7178.27001953125,0
20251229,^TNX,4.116000175476074,4.130000114440918,4.107999801635742,4.116000175476074,0
20251230,^GSPC,6900.43994140625,6913.25,6893.47021484375,6896.240234375,3309930000
20251230,^IXIC,23465.669921875,23521.05078125,23414.830078125,23419.080078125,6769300000
20251230,^DJI,48434.87890625,48471.69921875,48297.26171875,48367.05859375,282570000
20251230,^VIX,14.430000305175781,14.619999885559082,14.039999961853027,14.329999923706055,0
20251230,KRW=X,1430.510009765625,1448.6300048828125,1428.949951171875,1434.7099609375,0
20251230,^SOX,7206.0498046875,7229.759765625,7167.02001953125,7169.10009765625,0
20251230,^TNX,4.140999794006348,4.140999794006348,4.116000175476074,4.130000114440918,0
20251231,^GSPC,6898.81982421875,6901.419921875,6844.5498046875,6845.5,3261830000
20251231,^IXIC,23420.849609375,23445.259765625,23237.779296875,23241.990234375,5895130000
20251231,^DJI,48371.51953125,48394.51171875,48050.87890625,48063.2890625,336060000
20251231,^VIX,14.770000457763672,15.170000076293945,14.380000114440918,14.949999809265137,0
20251231,KRW=X,1439.550048828125,1449.199951171875,1437.3699951171875,1437.9100341796875,0
20251231,^SOX,7184.85009765625,7193.5,7082.64990234375,7083.1298828125,0
20251231,^TNX,4.125999927520752,4.172999858856201,4.125999927520752,4.163000106811523,0
