date,ticker,open,high,low,close,volume
20230102,KRW=X,1260.9100341796875,1273.9300537109375,1256.550048828125,1260.9100341796875,0
20230103,^GSPC,3853.2900390625,3878.4599609375,3794.330078125,3824.139892578125,3959140000
20230103,^IXIC,10562.0595703125,10613.0595703125,10309.16015625,10386.98046875,4780650000
20230103,^DJI,33148.8984375,33387.51953125,32850.5703125,33136.37109375,355930000
20230103,^VIX,23.09000015258789,23.760000228881836,22.729999542236328,22.899999618530273,0
20230103,KRW=X,1270.0999755859375,1278.969970703125,1264.3900146484375,1270.0999755859375,0
20230103,^SOX,2574.679931640625,2574.679931640625,2489.280029296875,2500.989990234375,0
20230103,^TNX,3.757999897003174,3.809999942779541,3.7239999771118164,3.7929999828338623,0
20230104,^GSPC,3840.360107421875,3873.159912109375,3815.77001953125,3852.969970703125,4414080000
20230104,^IXIC,10467.8203125,10515.2197265625,10337.6396484375,10458.759765625,5085380000
20230104,^DJI,33165.140625,33409.1015625,33033.48046875,33269.76953125,379400000
20230104,^VIX,22.93000030517578,23.270000457763672,21.940000534057617,22.010000228881836,0
20230104,KRW=X,1279.0799560546875,1279.719970703125,1267.56005859375,1279.0799560546875,0
20230104,^SOX,2552.35009765625,2582.27001953125,2523.389892578125,2569.4599609375,0
20230104,^TNX,3.677000045776367,3.7279999256134033,3.6640000343322754,3.7090001106262207,0
20230105,^GSPC,3839.739990234375,3839.739990234375,3802.419921875,3808.10009765625,3893450000
20230105,^IXIC,10390.3095703125,10393.2197265625,10295.25,10305.240234375,4764270000
20230105,^DJI,33191.71875,33191.71875,32812.328125,32930.078125,337920000
20230105,^VIX,22.200000762939453,22.920000076293945,21.969999313354492,22.459999084472656,0
20230105,KRW=X,1271.0799560546875,1278.22998046875,1265.739990234375,1271.0799560546875,0
20230105,^SOX,2538.4599609375,2556.300048828125,2517.14990234375,2518.52001953125,0
20230105,^TNX,3.7279999256134033,3.7839999198913574,3.697999954223633,3.7200000286102295,0
20230106,^GSPC,3823.3701171875,3906.18994140625,3809.56005859375,3895.080078125,3923560000
20230106,^IXIC,10363.9599609375,10604.1396484375,10265.0400390625,10569.2900390625,5199780000
20230106,^DJI,33055.30078125,33710.66015625,32997.390625,33630.609375,360740000
20230106,^VIX,22.690000534057617,22.899999618530273,21.0,21.1299991607666,0
20230106,KRW=X,1274.1800537109375,1274.1800537109375,1253.010009765625,1274.1800537109375,0
20230106,^SOX,2553.39990234375,2649.3798828125,2519.179931640625,2636.10009765625,0
20230106,^TNX,3.746000051498413,3.753999948501587,3.558000087738037,3.569000005722046,0
20230109,^GSPC,3910.820068359375,3950.570068359375,3890.419921875,3892.090087890625,4311770000
20230109,^IXIC,10662.099609375,10807.259765625,10619.1201171875,10635.650390625,5132190000
20230109,^DJI,33664.390625,33935.109375,33487.66015625,33517.6484375,327840000
20230109,^VIX,21.75,21.979999542236328,21.270000457763672,21.969999313354492,0
20230109,KRW=X,1252.8800048828125,1252.8900146484375,1233.93994140625,1252.8800048828125,0
20230109,^SOX,2683.1298828125,2745.85009765625,2667.840087890625,2686.75,0
20230109,^TNX,3.5889999866485596,3.5910000801086426,3.507999897003174,3.5169999599456787,0
20230110,^GSPC,3888.570068359375,3919.830078125,3877.2900390625,3919.25,3851030000
20230110,^IXIC,10607.7197265625,10743.669921875,10589.58984375,10742.6298828125,4710680000
20230110,^DJI,33516.4296875,33726.5390625,33421.80078125,33704.1015625,268260000
20230110,^VIX,22.219999313354492,22.459999084472656,20.579999923706055,20.579999923706055,0
20230110,KRW=X,1239.280029296875,1248.1199951171875,1236.1400146484375,1239.280029296875,0
20230110,^SOX,2674.530029296875,2722.10009765625,2663.39990234375,2721.2900390625,0
20230110,^TNX,3.578000068664551,3.6389999389648438,3.566999912261963,3.621000051498413,0
20230111,^GSPC,3932.35009765625,3970.070068359375,3928.5400390625,3969.610107421875,4303360000
20230111,^IXIC,10794.990234375,10932.4404296875,10762.73046875,10931.669921875,5284390000
20230111,^DJI,33754.03125,33974.69140625,33711.0390625,33973.01171875,301650000
20230111,^VIX,20.799999237060547,21.25,20.6200008392334,21.09000015258789,0
20230111,KRW=X,1240.1600341796875,1249.6600341796875,1238.199951171875,1240.1600341796875,0
20230111,^SOX,2720.840087890625,2756.489990234375,2700.300048828125,2755.360107421875,0
20230111,^TNX,3.569000005722046,3.5950000286102295,3.552000045776367,3.553999900817871,0
20230112,^GSPC,3977.570068359375,3997.760009765625,3937.56005859375,3983.169921875,4440260000
20230112,^IXIC,10969.259765625,11027.75,10797.1201171875,11001.099609375,5681240000
20230112,^DJI,34047.859375,34292.671875,33792.1015625,34189.96875,308190000
20230112,^VIX,21.559999465942383,21.799999237060547,18.829999923706055,18.829999923706055,0
20230112,KRW=X,1241.5999755859375,1246.719970703125,1234.5799560546875,1241.5999755859375,0
20230112,^SOX,2770.010009765625,2807.669921875,2714.75,2789.64990234375,0
20230112,^TNX,3.503999948501587,3.5910000801086426,3.430999994277954,3.4489998817443848,0
20230113,^GSPC,3960.60009765625,4003.949951171875,3947.669921875,3999.090087890625,3939700000
20230113,^IXIC,10906.3701171875,11084.009765625,10900.16015625,11079.16015625,5077990000
20230113,^DJI,34075.30859375,34342.3203125,33915.48828125,34302.609375,274110000
20230113,^VIX,19.0,19.40999984741211,18.010000228881836,18.350000381469727,0
20230113,KRW=X,1239.1300048828125,1245.760009765625,1233.1400146484375,1239.1300048828125,0
20230113,^SOX,2763.010009765625,2802.830078125,2753.909912109375,2800.659912109375,0
20230113,^TNX,3.489000082015991,3.515000104904175,3.430000066757202,3.510999917984009,0
20230116,KRW=X,1236.5899658203125,1240.2099609375,1230.9200439453125,1236.5899658203125,0
20230117,^GSPC,3999.280029296875,4015.389892578125,3984.570068359375,3990.969970703125,4235560000
20230117,^IXIC,11070.0,11145.4404296875,11024.7197265625,11095.1103515625,5138410000
20230117,^DJI,34222.3203125,34269.96875,33860.671875,33910.8515625,353050000
20230117,^VIX,19.889999389648438,20.219999313354492,19.209999084472656,19.360000610351562,0
20230117,KRW=X,1240.7099609375,1242.22998046875,1235.3900146484375,1240.7099609375,0
20230117,^SOX,2791.3701171875,2830.860107421875,2780.5,2807.47998046875,0
20230117,^TNX,3.575000047683716,3.5789999961853027,3.496000051498413,3.5350000858306885,0
20230118,^GSPC,4002.25,4014.159912109375,3926.590087890625,3928.860107421875,4298710000
20230118,^IXIC,11170.9501953125,11223.41015625,10952.0498046875,10957.009765625,5288630000
20230118,^DJI,33948.48828125,34016.53125,33269.8984375,33296.9609375,351670000
20230118,^VIX,19.280000686645508,20.579999923706055,18.709999084472656,20.34000015258789,0
20230118,KRW=X,1237.0,1246.3299560546875,1224.9200439453125,1237.0,0
20230118,^SOX,2837.419921875,2854.489990234375,2788.35009765625,2789.469970703125,0
20230118,^TNX,3.4630000591278076,3.4670000076293945,3.375,3.375,0
20230119,^GSPC,3911.840087890625,3922.93994140625,3885.5400390625,3898.85009765625,3991500000
20230119,^IXIC,10890.400390625,10932.51953125,10804.5703125,10852.26953125,4660800000
20230119,^DJI,33171.3515625,33227.48828125,32982.05078125,33044.55859375,319770000
20230119,^VIX,20.43000030517578,21.709999084472656,20.170000076293945,20.520000457763672,0
20230119,KRW=X,1237.8800048828125,1241.699951171875,1231.06005859375,1237.8800048828125,0
20230119,^SOX,2762.860107421875,2763.7900390625,2704.2900390625,2710.43994140625,0
20230119,^TNX,3.3970000743865967,3.427999973297119,3.372999906539917,3.3970000743865967,0
20230120,^GSPC,3909.0400390625,3972.9599609375,3897.860107421875,3972.610107421875,4013360000
20230120,^IXIC,10924.66015625,11143.169921875,10885.650390625,11140.4296875,5980110000
20230120,^DJI,33073.4609375,33381.94921875,32948.9296875,33375.48828125,367330000
20230120,^VIX,20.280000686645508,20.700000762939453,19.40999984741211,19.850000381469727,0
20230120,KRW=X,1232.1800537109375,1237.6300048828125,1229.199951171875,1232.1800537109375,0
20230120,^SOX,2734.219970703125,2795.64990234375,2710.169921875,2794.68994140625,0
20230120,^TNX,3.441999912261963,3.500999927520752,3.433000087738037,3.4839999675750732,0
20230123,^GSPC,3978.139892578125,4039.31005859375,3971.639892578125,4019.81005859375,3945210000
20230123,^IXIC,11171.9404296875,11405.5,11144.0302734375,11364.41015625,5997810000
20230123,^DJI,33439.55859375,33782.87890625,33316.25,33629.55859375,355220000
20230123,^VIX,20.209999084472656,20.329999923706055,19.549999237060547,19.809999465942383,0
20230123,KRW=X,1230.030029296875,1232.280029296875,1224.010009765625,1230.030029296875,0
20230123,^SOX,2822.139892578125,2943.7099609375,2818.43994140625,2934.830078125,0
20230123,^TNX,3.503000020980835,3.546999931335449,3.493000030517578,3.5250000953674316,0
20230124,^GSPC,4001.739990234375,4023.919921875,3989.7900390625,4016.949951171875,3320430000
20230124,^IXIC,11302.9296875,11378.150390625,11282.650390625,11334.26953125,5670860000
20230124,^DJI,33444.71875,33782.921875,33310.55859375,33733.9609375,299310000
20230124,^VIX,19.889999389648438,20.469999313354492,18.90999984741211,19.200000762939453,0
20230124,KRW=X,1229.280029296875,1237.3299560546875,1228.3900146484375,1229.280029296875,0
20230124,^SOX,2900.39990234375,2936.68994140625,2897.449951171875,2913.739990234375,0
20230124,^TNX,3.513000011444092,3.555999994277954,3.4579999446868896,3.4690001010894775,0
20230125,^GSPC,3982.7099609375,4019.550048828125,3949.06005859375,4016.219970703125,3724020000
20230125,^IXIC,11146.5302734375,11334.2197265625,11069.1796875,11313.3603515625,5485570000
20230125,^DJI,33538.359375,33773.08984375,33273.2109375,33743.83984375,341720000
20230125,^VIX,19.559999465942383,20.899999618530273,18.989999771118164,19.079999923706055,0
20230125,KRW=X,1232.6600341796875,1237.25,1229.6600341796875,1232.6600341796875,0
20230125,^SOX,2859.56005859375,2923.1201171875,2840.06005859375,2918.989990234375,0
20230125,^TNX,3.434000015258789,3.489000082015991,3.421999931335449,3.4619998931884766,0
20230126,^GSPC,4036.080078125,4061.570068359375,4013.2900390625,4060.429931640625,3809590000
20230126,^IXIC,11458.400390625,11516.0498046875,11341.1904296875,11512.41015625,5732890000
20230126,^DJI,33771.66015625,33953.7890625,33635.6015625,33949.41015625,327000000
20230126,^VIX,19.049999237060547,19.479999542236328,18.670000076293945,18.729999542236328,0
20230126,KRW=X,1232.5899658203125,1234.969970703125,1228.219970703125,1232.5899658203125,0
20230126,^SOX,2954.39990234375,2969.030029296875,2905.300048828125,2966.60009765625,0
20230126,^TNX,3.490999937057495,3.5209999084472656,3.4519999027252197,3.493000030517578,0
20230127,^GSPC,4053.719970703125,4094.2099609375,4048.699951171875,4070.56005859375,3907760000
20230127,^IXIC,11470.4697265625,11691.8896484375,11470.26953125,11621.7099609375,6243800000
20230127,^DJI,33952.9296875,34164.328125,33830.8515625,33978.078125,441260000
20230127,^VIX,18.899999618530273,19.0,17.969999313354492,18.510000228881836,0
20230127,KRW=X,1231.8499755859375,1235.8599853515625,1227.1099853515625,1231.8499755859375,0
20230127,^SOX,2906.949951171875,2971.050048828125,2905.77001953125,2945.27001953125,0
20230127,^TNX,3.5439999103546143,3.552000045776367,3.5179998874664307,3.5179998874664307,0
20230130,^GSPC,4049.27001953125,4063.85009765625,4015.550048828125,4017.77001953125,3802000000
20230130,^IXIC,11512.33984375,11553.3095703125,11388.5400390625,11393.8095703125,5122320000
20230130,^DJI,33909.2109375,34055.2890625,33695.1796875,33717.08984375,343920000
20230130,^VIX,19.760000228881836,20.25,19.540000915527344,19.940000534057617,0
20230130,KRW=X,1228.949951171875,1230.4200439453125,1225.199951171875,1228.949951171875,0
20230130,^SOX,2903.60009765625,2920.110107421875,2865.02001953125,2866.68994140625,0
20230130,^TNX,3.552999973297119,3.5739998817443848,3.5220000743865967,3.5510001182556152,0
20230131,^GSPC,4020.85009765625,4077.159912109375,4020.43994140625,4076.60009765625,4679320000
20230131,^IXIC,11398.580078125,11586.009765625,11398.3701171875,11584.5498046875,5695150000
20230131,^DJI,33803.55859375,34095.23046875,33664.91015625,34086.0390625,360240000
20230131,^VIX,20.1200008392334,20.700000762939453,19.1299991607666,19.399999618530273,0
20230131,KRW=X,1231.5,1238.719970703125,1227.52001953125,1231.5,0
20230131,^SOX,2859.9599609375,2922.72998046875,2859.179931640625,2921.919921875,0
20230131,^TNX,3.5309998989105225,3.552999973297119,3.48799991607666,3.5290000438690186,0
20230201,^GSPC,4070.070068359375,4148.9501953125,4037.199951171875,4119.2099609375,4856930000
20230201,^IXIC,11573.1396484375,11904.01953125,11500.330078125,11816.3203125,6336040000
20230201,^DJI,34039.6015625,34334.69921875,33581.421875,34092.9609375,370120000
20230201,^VIX,19.6200008392334,20.040000915527344,17.700000762939453,17.8700008392334,0
20230201,KRW=X,1232.1500244140625,1233.4000244140625,1225.8900146484375,1232.1500244140625,0
20230201,^SOX,2935.929931640625,3103.510009765625,2935.929931640625,3073.469970703125,0
20230201,^TNX,3.4749999046325684,3.509999990463257,3.38700008392334,3.3970000743865967,0
20230202,^GSPC,4158.68017578125,4195.43994140625,4141.8798828125,4179.759765625,5624360000
20230202,^IXIC,12065.150390625,12269.5498046875,12024.1396484375,12200.8203125,7038210000
20230202,^DJI,34129.30078125,34145.140625,33814.78125,34053.94140625,429910000
20230202,^VIX,17.739999771118164,19.25,17.059999465942383,18.729999542236328,0
20230202,KRW=X,1221.949951171875,1225.47998046875,1216.0,1221.949951171875,0
20230202,^SOX,3103.610107421875,3168.699951171875,3088.169921875,3141.840087890625,0
20230202,^TNX,3.372999906539917,3.4070000648498535,3.3340001106262207,3.3959999084472656,0
20230203,^GSPC,4136.68994140625,4182.35986328125,4123.35986328125,4136.47998046875,4694510000
20230203,^IXIC,11946.8603515625,12231.3095703125,11946.8603515625,12006.9501953125,5954490000
20230203,^DJI,33926.30078125,34179.578125,33813.859375,33926.01171875,425150000
20230203,^VIX,18.56999969482422,19.299999237060547,17.93000030517578,18.329999923706055,0
20230203,KRW=X,1224.9000244140625,1245.6199951171875,1223.489990234375,1224.9000244140625,0
20230203,^SOX,3069.8798828125,3151.85009765625,3064.679931640625,3082.110107421875,0
20230203,^TNX,3.390000104904175,3.555999994277954,3.38100004196167,3.5320000648498535,0
20230206,^GSPC,4119.56982421875,4124.6298828125,4093.3798828125,4111.080078125,4114240000
20230206,^IXIC,11904.41015625,11973.41015625,11843.490234375,11887.4501953125,5538350000
20230206,^DJI,33874.44140625,33962.83984375,33683.578125,33891.01953125,296400000
20230206,^VIX,19.229999542236328,19.809999465942383,19.209999084472656,19.43000030517578,0
20230206,KRW=X,1246.75,1262.510009765625,1243.6199951171875,1246.75,0
20230206,^SOX,3027.5,3075.800048828125,3018.780029296875,3029.739990234375,0
20230206,^TNX,3.5989999771118164,3.6440000534057617,3.5989999771118164,3.634000062942505,0
20230207,^GSPC,4105.35009765625,4176.5400390625,4088.389892578125,4164.0,4355860000
20230207,^IXIC,11891.25,12150.2197265625,11836.7802734375,12113.7900390625,5720240000
20230207,^DJI,33769.78125,34240.0,33634.1015625,34156.69140625,361620000
20230207,^VIX,19.540000915527344,19.989999771118164,18.43000030517578,18.65999984741211,0
20230207,KRW=X,1261.22998046875,1263.989990234375,1252.510009765625,1261.22998046875,0
20230207,^SOX,3042.860107421875,3138.389892578125,3033.0400390625,3124.14990234375,0
20230207,^TNX,3.6449999809265137,3.680999994277954,3.5969998836517334,3.6740000247955322,0
20230208,^GSPC,4153.47021484375,4156.85009765625,4111.669921875,4117.85986328125,4029820000
20230208,^IXIC,12069.1201171875,12096.3896484375,11890.08984375,11910.51953125,5052870000
20230208,^DJI,34132.8984375,34161.6484375,33899.7890625,33949.01171875,324090000
20230208,^VIX,18.8799991607666,20.1200008392334,18.549999237060547,19.6299991607666,0
20230208,KRW=X,1255.3499755859375,1262.5,1251.5699462890625,1255.3499755859375,0
20230208,^SOX,3106.2099609375,3128.5400390625,3049.969970703125,3055.6298828125,0
20230208,^TNX,3.6579999923706055,3.691999912261963,3.630000114440918,3.6530001163482666,0
20230209,^GSPC,4144.25,4156.22998046875,4069.669921875,4081.5,4270200000
20230209,^IXIC,12069.099609375,12070.9599609375,11745.1103515625,11789.580078125,5536290000
20230209,^DJI,34105.609375,34252.5703125,33607.12890625,33699.87890625,347520000
20230209,^VIX,19.239999771118164,21.079999923706055,19.020000457763672,20.709999084472656,0
20230209,KRW=X,1260.469970703125,1265.8800048828125,1253.1300048828125,1260.469970703125,0
20230209,^SOX,3112.7099609375,3140.81005859375,3039.010009765625,3059.6201171875,0
20230209,^TNX,3.5859999656677246,3.690000057220459,3.575000047683716,3.683000087738037,0
20230210,^GSPC,4068.919921875,4094.360107421875,4060.7900390625,4090.4599609375,3891520000
20230210,^IXIC,11714.599609375,11775.7998046875,11630.5400390625,11718.1201171875,4885030000
20230210,^DJI,33671.5390625,33897.30859375,33591.98828125,33869.26953125,288150000
20230210,^VIX,20.739999771118164,21.940000534057617,20.440000534057617,20.530000686645508,0
20230210,KRW=X,1264.550048828125,1268.9200439453125,1257.9200439453125,1264.550048828125,0
20230210,^SOX,3025.10009765625,3033.68994140625,2979.739990234375,3011.14990234375,0
20230210,^TNX,3.686000108718872,3.746999979019165,3.6730000972747803,3.74399995803833,0
20230213,^GSPC,4096.6201171875,4138.89990234375,4092.669921875,4137.2900390625,3448620000
20230213,^IXIC,11759.08984375,11910.919921875,11719.73046875,11891.7900390625,4752880000
20230213,^DJI,33887.390625,34249.6015625,33887.390625,34245.9296875,302600000
20230213,^VIX,21.65999984741211,21.690000534057617,20.329999923706055,20.34000015258789,0
20230213,KRW=X,1266.8699951171875,1279.0400390625,1266.97998046875,1266.8699951171875,0
20230213,^SOX,3022.780029296875,3066.10009765625,3001.27001953125,3057.320068359375,0
20230213,^TNX,3.746999979019165,3.755000114440918,3.7019999027252197,3.7170000076293945,0
20230214,^GSPC,4126.7001953125,4159.77001953125,4095.010009765625,4136.1298828125,3929200000
20230214,^IXIC,11808.2001953125,11999.849609375,11760.5595703125,11960.150390625,5032430000
20230214,^DJI,34194.08984375,34331.46875,33827.44921875,34089.26953125,288820000
20230214,^VIX,20.719999313354492,20.75,18.479999542236328,18.90999984741211,0
20230214,KRW=X,1272.93994140625,1274.0400390625,1258.06005859375,1272.93994140625,0
20230214,^SOX,3024.159912109375,3131.3701171875,3013.25,3121.6298828125,0
20230214,^TNX,3.687999963760376,3.7990000247955322,3.621999979019165,3.760999917984009,0
20230215,^GSPC,4119.5,4148.10986328125,4103.97998046875,4147.60009765625,4075980000
20230215,^IXIC,11905.1201171875,12071.2900390625,11876.8203125,12070.58984375,5056640000
20230215,^DJI,34008.62890625,34130.48828125,33833.1015625,34128.05078125,267530000
20230215,^VIX,19.3700008392334,19.40999984741211,18.110000610351562,18.229999542236328,0
20230215,KRW=X,1272.25,1288.1400146484375,1271.6199951171875,1272.25,0
20230215,^SOX,3092.719970703125,3134.489990234375,3063.22998046875,3133.070068359375,0
20230215,^TNX,3.749000072479248,3.822000026702881,3.749000072479248,3.809000015258789,0
20230216,^GSPC,4114.75,4136.5400390625,4089.489990234375,4090.409912109375,4143660000
20230216,^IXIC,11896.3095703125,12040.33984375,11853.3603515625,11855.830078125,5159410000
20230216,^DJI,33992.08984375,34041.16015625,33686.58984375,33696.8515625,317530000
20230216,^VIX,18.260000228881836,20.270000457763672,18.229999542236328,20.170000076293945,0
20230216,KRW=X,1283.719970703125,1294.77001953125,1278.6800537109375,1283.719970703125,0
20230216,^SOX,3077.800048828125,3108.550048828125,3051.25,3055.239990234375,0
20230216,^TNX,3.802999973297119,3.86899995803833,3.7929999828338623,3.8429999351501465,0
20230217,^GSPC,4077.389892578125,4081.510009765625,4047.949951171875,4079.090087890625,4045480000
20230217,^IXIC,11777.5,11803.2197265625,11673.2099609375,11787.26953125,4925230000
20230217,^DJI,33677.01171875,33846.640625,33517.73046875,33826.69140625,302900000
20230217,^VIX,20.940000534057617,21.299999237060547,19.81999969482422,20.020000457763672,0
20230217,KRW=X,1288.9599609375,1303.4599609375,1288.93994140625,1288.9599609375,0
20230217,^SOX,3032.800048828125,3042.429931640625,2980.139892578125,3005.8701171875,0
20230217,^TNX,3.885999917984009,3.9000000953674316,3.8239998817443848,3.828000068664551,0
20230220,KRW=X,1293.9200439453125,1297.6700439453125,1292.18994140625,1293.9200439453125,0
20230221,^GSPC,4052.35009765625,4052.35009765625,3995.18994140625,3997.340087890625,4121590000
20230221,^IXIC,11640.3701171875,11684.1396484375,11491.1796875,11492.2998046875,5002540000
20230221,^DJI,33699.69140625,33699.69140625,33115.73828125,33129.58984375,348320000
20230221,^VIX,21.799999237060547,23.34000015258789,21.799999237060547,22.8700008392334,0
20230221,KRW=X,1296.1099853515625,1303.260009765625,1292.8499755859375,1296.1099853515625,0
20230221,^SOX,2961.1201171875,2992.0,2901.7099609375,2906.260009765625,0
20230221,^TNX,3.8940000534057617,3.9619998931884766,3.88100004196167,3.9549999237060547,0
20230222,^GSPC,4001.830078125,4017.3701171875,3976.89990234375,3991.050048828125,4079320000
20230222,^IXIC,11517.2001953125,11582.51953125,11445.169921875,11507.0703125,4671270000
20230222,^DJI,33169.328125,33245.96875,32948.26953125,33045.08984375,321910000
20230222,^VIX,23.030000686645508,23.6299991607666,22.020000457763672,22.290000915527344,0
20230222,KRW=X,1305.8299560546875,1307.219970703125,1299.8599853515625,1305.8299560546875,0
20230222,^SOX,2910.840087890625,2935.929931640625,2875.56005859375,2892.389892578125,0
20230222,^TNX,3.927000045776367,3.9509999752044678,3.890000104904175,3.9230000972747803,0
20230223,^GSPC,4018.60009765625,4028.300048828125,3969.18994140625,4012.320068359375,3952940000
20230223,^IXIC,11636.9296875,11638.98046875,11432.580078125,11590.400390625,4714580000
20230223,^DJI,33175.390625,33272.3984375,32795.671875,33153.91015625,288120000
20230223,^VIX,21.959999084472656,22.43000030517578,20.889999389648438,21.139999389648438,0
20230223,KRW=X,1302.8299560546875,1306.010009765625,1292.5899658203125,1302.8299560546875,0
20230223,^SOX,3002.68994140625,3002.969970703125,2931.25,2988.81005859375,0
20230223,^TNX,3.940999984741211,3.9779999256134033,3.86299991607666,3.878999948501587,0
20230224,^GSPC,3973.239990234375,3978.25,3943.080078125,3970.0400390625,3877700000
20230224,^IXIC,11404.1796875,11434.3603515625,11334.4697265625,11394.9404296875,4432650000
20230224,^DJI,32999.19140625,32999.19140625,32643.48046875,32816.921875,277120000
20230224,^VIX,21.350000381469727,22.899999618530273,21.31999969482422,21.670000076293945,0
20230224,KRW=X,1298.0799560546875,1316.239990234375,1295.4599609375,1298.0799560546875,0
20230224,^SOX,2936.89990234375,2950.419921875,2913.14990234375,2935.110107421875,0
20230224,^TNX,3.9159998893737793,3.9779999256134033,3.9079999923706055,3.9489998817443848,0
20230227,^GSPC,3992.360107421875,4018.050048828125,3973.550048828125,3982.239990234375,3836950000
20230227,^IXIC,11517.1904296875,11565.23046875,11444.599609375,11466.98046875,4494000000
20230227,^DJI,32906.16015625,33189.28125,32814.1796875,32889.08984375,243660000
20230227,^VIX,21.989999771118164,22.020000457763672,20.68000030517578,20.950000762939453,0
20230227,KRW=X,1313.699951171875,1325.2099609375,1312.4100341796875,1313.699951171875,0
20230227,^SOX,2983.389892578125,2986.760009765625,2949.7099609375,2951.2099609375,0
20230227,^TNX,3.9670000076293945,3.9670000076293945,3.8970000743865967,3.921999931335449,0
20230228,^GSPC,3977.18994140625,3997.5,3968.97998046875,3970.14990234375,5043400000
20230228,^IXIC,11451.0498046875,11548.23046875,11435.3896484375,11455.5400390625,5340950000
20230228,^DJI,32873.46875,32873.46875,32636.4296875,32656.69921875,303760000
20230228,^VIX,21.299999237060547,21.3700008392334,20.100000381469727,20.700000762939453,0
20230228,KRW=X,1318.3499755859375,1326.5699462890625,1314.27001953125,1318.3499755859375,0
20230228,^SOX,2945.8798828125,2998.010009765625,2937.0,2958.389892578125,0
20230228,^TNX,3.947000026702881,3.9830000400543213,3.9040000438690186,3.9159998893737793,0
20230301,^GSPC,3963.340087890625,3971.72998046875,3939.050048828125,3951.389892578125,4249480000
20230301,^IXIC,11447.580078125,11479.0,11349.8701171875,11379.48046875,4927530000
20230301,^DJI,32656.369140625,32746.150390625,32500.7109375,32661.83984375,292810000
20230301,^VIX,20.389999389648438,21.31999969482422,20.219999313354492,20.579999923706055,0
20230301,KRW=X,1321.5999755859375,1323.77001953125,1298.0699462890625,1321.5999755859375,0
20230301,^SOX,2967.409912109375,2993.169921875,2945.27001953125,2955.830078125,0
20230301,^TNX,3.940000057220459,4.00600004196167,3.934000015258789,3.99399995803833,0
20230302,^GSPC,3938.679931640625,3990.840087890625,3928.159912109375,3981.35009765625,4244900000
20230302,^IXIC,11273.76953125,11487.58984375,11273.6103515625,11462.98046875,5313760000
20230302,^DJI,32780.96875,33083.44921875,32665.849609375,33003.5703125,317450000
20230302,^VIX,21.40999984741211,21.420000076293945,19.549999237060547,19.59000015258789,0
20230302,KRW=X,1305.72998046875,1317.0,1304.0799560546875,1305.72998046875,0
20230302,^SOX,2909.75,2996.590087890625,2892.219970703125,2984.110107421875,0
20230302,^TNX,4.050000190734863,4.091000080108643,4.044000148773193,4.072999954223633,0
20230303,^GSPC,3998.02001953125,4048.2900390625,3995.169921875,4045.639892578125,4084730000
20230303,^IXIC,11524.650390625,11699.6298828125,11514.740234375,11689.009765625,5102210000
20230303,^DJI,33076.328125,33405.8203125,33008.41015625,33390.96875,300050000
20230303,^VIX,19.760000228881836,19.760000228881836,18.15999984741211,18.489999771118164,0
20230303,KRW=X,1311.06005859375,1311.2900390625,1298.199951171875,1311.06005859375,0
20230303,^SOX,2982.56005859375,3031.909912109375,2961.840087890625,3028.340087890625,0
20230303,^TNX,4.013000011444092,4.026000022888184,3.9619998931884766,3.9639999866485596,0
20230306,^GSPC,4055.14990234375,4078.489990234375,4044.610107421875,4048.419921875,4000870000
20230306,^IXIC,11736.8701171875,11827.919921875,11667.48046875,11675.740234375,4982880000
20230306,^DJI,33425.3203125,33572.21875,33383.46875,33431.44140625,329190000
20230306,^VIX,19.049999237060547,19.190000534057617,18.489999771118164,18.610000610351562,0
20230306,KRW=X,1294.780029296875,1301.1600341796875,1293.5899658203125,1294.780029296875,0
20230306,^SOX,3036.580078125,3064.31005859375,2988.75,2994.590087890625,0
20230306,^TNX,3.9049999713897705,3.989000082015991,3.8970000743865967,3.9830000400543213,0
20230307,^GSPC,4048.260009765625,4050.0,3980.31005859375,3986.3701171875,3922500000
20230307,^IXIC,11670.98046875,11705.9599609375,11512.0302734375,11530.330078125,5422820000
20230307,^DJI,33428.30859375,33453.25,32838.2109375,32856.4609375,299400000
20230307,^VIX,18.639999389648438,19.739999771118164,18.510000228881836,19.59000015258789,0
20230307,KRW=X,1299.0,1315.81005859375,1296.6600341796875,1299.0,0
20230307,^SOX,2996.85009765625,3011.070068359375,2950.81005859375,2962.419921875,0
20230307,^TNX,3.940000057220459,4.006999969482422,3.9210000038146973,3.9749999046325684,0
20230308,^GSPC,3987.550048828125,4000.409912109375,3969.760009765625,3992.010009765625,3535570000
20230308,^IXIC,11553.08984375,11601.23046875,11487.75,11576.0,5085970000
20230308,^DJI,32872.078125,32903.44140625,32612.69921875,32798.3984375,242750000
20230308,^VIX,19.709999084472656,20.010000228881836,19.0,19.110000610351562,0
20230308,KRW=X,1317.9000244140625,1323.7900390625,1312.219970703125,1317.9000244140625,0
20230308,^SOX,2981.800048828125,3044.2099609375,2979.419921875,3041.389892578125,0
20230308,^TNX,3.9600000381469727,3.994999885559082,3.9010000228881836,3.9760000705718994,0
20230309,^GSPC,3998.659912109375,4017.81005859375,3908.699951171875,3918.320068359375,4445260000
20230309,^IXIC,11578.3095703125,11667.1201171875,11319.98046875,11338.349609375,5061790000
20230309,^DJI,32876.828125,32990.4609375,32190.599609375,32254.859375,315860000
20230309,^VIX,19.329999923706055,23.139999389648438,18.8799991607666,22.610000610351562,0
20230309,KRW=X,1316.449951171875,1323.5999755859375,1314.68994140625,1316.449951171875,0
20230309,^SOX,3037.580078125,3083.679931640625,2976.35009765625,2980.2099609375,0
20230309,^TNX,4.011000156402588,4.017000198364258,3.8940000534057617,3.924999952316284,0
20230310,^GSPC,3912.77001953125,3934.050048828125,3846.320068359375,3861.590087890625,5518190000
20230310,^IXIC,11325.3603515625,11373.8095703125,11093.8603515625,11138.8896484375,6193500000
20230310,^DJI,32185.140625,32422.099609375,31783.41015625,31909.640625,397790000
20230310,^VIX,23.34000015258789,28.969999313354492,21.790000915527344,24.799999237060547,0
20230310,KRW=X,1325.550048828125,1329.1099853515625,1308.9300537109375,1325.550048828125,0
20230310,^SOX,2995.89990234375,3003.570068359375,2909.52001953125,2923.929931640625,0
20230310,^TNX,3.812000036239624,3.8320000171661377,3.6740000247955322,3.694999933242798,0
20230313,^GSPC,3835.1201171875,3905.050048828125,3808.860107421875,3855.760009765625,6558020000
20230313,^IXIC,11041.4599609375,11326.73046875,10982.7998046875,11188.83984375,6201490000
20230313,^DJI,31819.9296875,32240.349609375,31624.869140625,31819.140625,429090000
20230313,^VIX,24.049999237060547,30.809999465942383,23.850000381469727,26.520000457763672,0
20230313,KRW=X,1319.5400390625,1317.5799560546875,1297.469970703125,1319.5400390625,0
20230313,^SOX,2883.8798828125,2957.719970703125,2861.449951171875,2921.7099609375,0
20230313,^TNX,3.505000114440918,3.546999931335449,3.4189999103546143,3.515000104904175,0
20230314,^GSPC,3894.010009765625,3937.2900390625,3873.6298828125,3919.2900390625,5665870000
20230314,^IXIC,11357.73046875,11467.01953125,11284.9296875,11428.150390625,5533120000
20230314,^DJI,32055.2890625,32306.58984375,31805.400390625,32155.400390625,391760000
20230314,^VIX,26.850000381469727,27.239999771118164,22.270000457763672,23.729999542236328,0
20230314,KRW=X,1296.3800048828125,1314.469970703125,1295.25,1296.3800048828125,0
20230314,^SOX,2977.590087890625,3026.929931640625,2960.570068359375,3010.14990234375,0
20230314,^TNX,3.5899999141693115,3.684999942779541,3.555999994277954,3.638000011444092,0
20230315,^GSPC,3876.739990234375,3894.260009765625,3838.239990234375,3891.929931640625,6594010000
20230315,^IXIC,11291.169921875,11447.900390625,11238.4404296875,11434.0498046875,5912430000
20230315,^DJI,31759.869140625,31906.470703125,31429.8203125,31874.5703125,420910000
20230315,^VIX,23.209999084472656,29.90999984741211,23.190000534057617,26.139999389648438,0
20230315,KRW=X,1304.5799560546875,1322.02001953125,1295.510009765625,1304.5799560546875,0
20230315,^SOX,2968.469970703125,2985.489990234375,2915.22998046875,2977.389892578125,0
20230315,^TNX,3.5260000228881836,3.5299999713897705,3.388000011444092,3.492000102996826,0
20230316,^GSPC,3878.929931640625,3964.4599609375,3864.110107421875,3960.280029296875,5695790000
20230316,^IXIC,11384.8701171875,11733.7998046875,11365.490234375,11717.2802734375,5498920000
20230316,^DJI,31827.650390625,32281.609375,31571.4609375,32246.55078125,440940000
20230316,^VIX,26.190000534057617,27.489999771118164,22.969999313354492,22.989999771118164,0
20230316,KRW=X,1311.739990234375,1315.97998046875,1303.0,1311.739990234375,0
20230316,^SOX,2963.260009765625,3102.010009765625,2955.080078125,3098.070068359375,0
20230316,^TNX,3.430999994277954,3.5869998931884766,3.36899995803833,3.5850000381469727,0
20230317,^GSPC,3958.68994140625,3958.909912109375,3901.27001953125,3916.639892578125,9354280000
20230317,^IXIC,11696.33984375,11773.1103515625,11562.6298828125,11630.509765625,7903090000
20230317,^DJI,32217.3203125,32217.3203125,31728.69921875,31861.98046875,712100000
20230317,^VIX,22.920000076293945,26.139999389648438,22.579999923706055,25.510000228881836,0
20230317,KRW=X,1301.6199951171875,1309.010009765625,1298.3499755859375,1301.6199951171875,0
20230317,^SOX,3104.760009765625,3127.419921875,3064.0,3083.52001953125,0
20230317,^TNX,3.496000051498413,3.496000051498413,3.381999969482422,3.3949999809265137,0
20230320,^GSPC,3917.469970703125,3956.6201171875,3916.889892578125,3951.570068359375,5347140000
20230320,^IXIC,11614.3896484375,11695.5498046875,11550.6904296875,11675.5400390625,4970630000
20230320,^DJI,31872.330078125,32280.0703125,31872.330078125,32244.580078125,357210000
20230320,^VIX,27.770000457763672,28.90999984741211,24.0,24.149999618530273,0
20230320,KRW=X,1307.6500244140625,1313.3599853515625,1299.6500244140625,1307.6500244140625,0
20230320,^SOX,3083.93994140625,3123.1201171875,3060.340087890625,3114.7099609375,0
20230320,^TNX,3.3949999809265137,3.506999969482422,3.3949999809265137,3.4809999465942383,0
20230321,^GSPC,3975.889892578125,4009.080078125,3971.18994140625,4002.8701171875,4920240000
20230321,^IXIC,11764.7900390625,11879.16015625,11724.91015625,11860.1103515625,4829870000
20230321,^DJI,32420.7109375,32593.6796875,32346.119140625,32560.599609375,363190000
20230321,^VIX,24.15999984741211,24.15999984741211,21.290000915527344,21.3799991607666,0
20230321,KRW=X,1304.93994140625,1310.8800048828125,1302.0,1304.93994140625,0
20230321,^SOX,3137.300048828125,3169.860107421875,3071.2099609375,3116.889892578125,0
20230321,^TNX,3.572999954223633,3.61299991607666,3.5369999408721924,3.6059999465942383,0
20230322,^GSPC,4002.0400390625,4039.489990234375,3936.169921875,3936.969970703125,4533010000
20230322,^IXIC,11857.5,12013.990234375,11666.849609375,11669.9599609375,4981590000
20230322,^DJI,32570.189453125,32761.890625,32020.4609375,32030.109375,325990000
20230322,^VIX,21.799999237060547,22.3799991607666,19.940000534057617,22.260000228881836,0
20230322,KRW=X,1303.43994140625,1309.800048828125,1302.02001953125,1303.43994140625,0
20230322,^SOX,3118.97998046875,3201.60009765625,3089.860107421875,3091.7099609375,0
20230322,^TNX,3.638000011444092,3.6440000534057617,3.4600000381469727,3.5,0
20230323,^GSPC,3959.2099609375,4007.659912109375,3919.050048828125,3948.719970703125,4991600000
20230323,^IXIC,11811.3203125,11962.6904296875,11684.51953125,11787.400390625,4917460000
20230323,^DJI,32101.490234375,32511.490234375,31864.740234375,32105.25,335430000
20230323,^VIX,21.540000915527344,24.90999984741211,20.15999984741211,22.610000610351562,0
20230323,KRW=X,1298.25,1299.1800537109375,1276.1300048828125,1298.25,0
20230323,^SOX,3146.2099609375,3216.320068359375,3119.030029296875,3174.360107421875,0
20230323,^TNX,3.4830000400543213,3.5199999809265137,3.3929998874664307,3.4059998989105225,0
20230324,^GSPC,3939.2099609375,3972.739990234375,3909.159912109375,3970.989990234375,4583970000
20230324,^IXIC,11747.6201171875,11826.23046875,11670.669921875,11823.9599609375,4363650000
20230324,^DJI,32038.220703125,32257.240234375,31805.1796875,32237.529296875,317070000
20230324,^VIX,22.110000610351562,25.209999084472656,21.600000381469727,21.739999771118164,0
20230324,KRW=X,1286.2900390625,1307.050048828125,1283.47998046875,1286.2900390625,0
20230324,^SOX,3150.93994140625,3154.360107421875,3089.969970703125,3121.260009765625,0
20230324,^TNX,3.2980000972747803,3.3970000743865967,3.2950000762939453,3.380000114440918,0
20230327,^GSPC,3982.929931640625,4003.830078125,3970.489990234375,3977.530029296875,4233540000
20230327,^IXIC,11868.5400390625,11903.2099609375,11739.0498046875,11768.83984375,4330320000
20230327,^DJI,32276.720703125,32564.0,32276.720703125,32432.080078125,291560000
20230327,^VIX,22.049999237060547,22.93000030517578,20.56999969482422,20.600000381469727,0
20230327,KRW=X,1294.8299560546875,1303.3399658203125,1294.8199462890625,1294.8299560546875,0
20230327,^SOX,3129.39990234375,3141.830078125,3075.780029296875,3083.580078125,0
20230327,^TNX,3.4700000286102295,3.5369999408721924,3.4679999351501465,3.5280001163482666,0
20230328,^GSPC,3974.1298828125,3979.199951171875,3951.530029296875,3971.27001953125,4014600000
20230328,^IXIC,11752.759765625,11752.759765625,11635.0302734375,11716.080078125,4036910000
20230328,^DJI,32434.849609375,32551.009765625,32295.5,32394.25,248560000
20230328,^VIX,20.530000686645508,21.399999618530273,19.90999984741211,19.969999313354492,0
20230328,KRW=X,1297.800048828125,1300.550048828125,1292.239990234375,1297.800048828125,0
20230328,^SOX,3076.989990234375,3076.989990234375,3015.800048828125,3057.27001953125,0
20230328,^TNX,3.5450000762939453,3.575000047683716,3.5220000743865967,3.563999891281128,0
20230329,^GSPC,3999.530029296875,4030.590087890625,3999.530029296875,4027.81005859375,4145250000
20230329,^IXIC,11855.58984375,11941.599609375,11823.349609375,11926.240234375,4493540000
20230329,^DJI,32566.5390625,32728.0390625,32539.939453125,32717.599609375,314110000
20230329,^VIX,19.389999389648438,19.450000762939453,19.09000015258789,19.1200008392334,0
20230329,KRW=X,1296.97998046875,1303.9300537109375,1295.1500244140625,1296.97998046875,0
20230329,^SOX,3109.56005859375,3176.85009765625,3105.360107421875,3157.110107421875,0
20230329,^TNX,3.5769999027252197,3.609999895095825,3.546999931335449,3.565999984741211,0
20230330,^GSPC,4046.739990234375,4057.85009765625,4032.10009765625,4050.830078125,3930860000
20230330,^IXIC,12010.4501953125,12044.7900390625,11953.3701171875,12013.4697265625,4738880000
20230330,^DJI,32807.4296875,32905.80078125,32682.869140625,32859.03125,283380000
20230330,^VIX,19.1200008392334,20.079999923706055,18.850000381469727,19.020000457763672,0
20230330,KRW=X,1307.1300048828125,1307.5899658203125,1295.8399658203125,1307.1300048828125,0
20230330,^SOX,3198.169921875,3230.080078125,3186.31005859375,3208.260009765625,0
20230330,^TNX,3.563999891281128,3.5940001010894775,3.546999931335449,3.5510001182556152,0
20230331,^GSPC,4056.179931640625,4110.75,4056.179931640625,4109.31005859375,4525120000
20230331,^IXIC,12031.5400390625,12227.9296875,12030.4404296875,12221.91015625,5521150000
20230331,^DJI,32901.9609375,33291.0,32901.9609375,33274.1484375,353740000
20230331,^VIX,19.209999084472656,19.43000030517578,18.520000457763672,18.700000762939453,0
20230331,KRW=X,1296.5,1306.52001953125,1288.27001953125,1296.5,0
20230331,^SOX,3182.719970703125,3233.93994140625,3178.389892578125,3230.860107421875,0
20230331,^TNX,3.555999994277954,3.559999942779541,3.492000102996826,3.49399995803833,0
20230403,^GSPC,4102.2001953125,4127.66015625,4098.7900390625,4124.509765625,4234700000
20230403,^IXIC,12146.08984375,12196.33984375,12086.51953125,12189.4501953125,4816440000
20230403,^DJI,33245.78125,33632.8984375,33245.78125,33601.1484375,311890000
20230403,^VIX,19.790000915527344,19.829999923706055,18.540000915527344,18.549999237060547,0
20230403,KRW=X,1305.47998046875,1320.550048828125,1305.47998046875,1305.47998046875,0
20230403,^SOX,3209.669921875,3222.340087890625,3162.409912109375,3200.429931640625,0
20230403,^TNX,3.5169999599456787,3.5239999294281006,3.4000000953674316,3.430000066757202,0
20230404,^GSPC,4128.02978515625,4133.1298828125,4086.8701171875,4100.60009765625,4227800000
20230404,^IXIC,12208.490234375,12224.6796875,12081.8095703125,12126.330078125,4298760000
20230404,^DJI,33594.7890625,33634.71875,33275.62109375,33402.37890625,283360000
20230404,^VIX,18.790000915527344,20.030000686645508,18.579999923706055,19.0,0
20230404,KRW=X,1308.050048828125,1316.8299560546875,1304.949951171875,1308.050048828125,0
20230404,^SOX,3206.97998046875,3209.31005859375,3126.330078125,3142.5,0
20230404,^TNX,3.4730000495910645,3.484999895095825,3.3350000381469727,3.3369998931884766,0
20230405,^GSPC,4094.5,4099.68994140625,4072.56005859375,4090.3798828125,3968020000
20230405,^IXIC,12081.759765625,12086.75,11931.849609375,11996.8603515625,4378590000
20230405,^DJI,33394.6015625,33543.83984375,33376.26953125,33482.71875,286660000
20230405,^VIX,19.420000076293945,20.079999923706055,19.0,19.079999923706055,0
20230405,KRW=X,1312.4100341796875,1315.8399658203125,1307.93994140625,1312.4100341796875,0
20230405,^SOX,3107.080078125,3111.800048828125,3055.39990234375,3085.97998046875,0
20230405,^TNX,3.309000015258789,3.3239998817443848,3.2660000324249268,3.2869999408721924,0
20230406,^GSPC,4081.14990234375,4107.31982421875,4069.840087890625,4105.02001953125,3486690000
20230406,^IXIC,11939.080078125,12098.5,11898.3603515625,12087.9599609375,3862800000
20230406,^DJI,33420.9609375,33525.9609375,33325.37109375,33485.2890625,258680000
20230406,^VIX,19.299999237060547,19.8799991607666,18.350000381469727,18.399999618530273,0
20230406,KRW=X,1316.2099609375,1321.800048828125,1315.75,1316.2099609375,0
20230406,^SOX,3055.169921875,3093.820068359375,3034.820068359375,3071.77001953125,0
20230406,^TNX,3.2679998874664307,3.305000066757202,3.253000020980835,3.2880001068115234,0
20230407,KRW=X,1317.93994140625,1319.93994140625,1313.25,1317.93994140625,0
20230410,^GSPC,4085.199951171875,4109.5,4072.550048828125,4109.10986328125,3423650000
20230410,^IXIC,11975.1298828125,12084.9501953125,11924.2001953125,12084.3603515625,4334070000
20230410,^DJI,33425.25,33590.23828125,33343.4296875,33586.51953125,232920000
20230410,^VIX,19.389999389648438,20.049999237060547,18.93000030517578,18.969999313354492,0
20230410,KRW=X,1315.449951171875,1323.1300048828125,1315.449951171875,1315.449951171875,0
20230410,^SOX,3047.919921875,3127.89990234375,3042.35009765625,3126.969970703125,0
20230410,^TNX,3.365999937057495,3.436000108718872,3.3510000705718994,3.4149999618530273,0
20230411,^GSPC,4110.2900390625,4124.259765625,4102.60986328125,4108.93994140625,3665830000
20230411,^IXIC,12080.240234375,12091.26953125,12011.400390625,12031.8798828125,4676960000
20230411,^DJI,33586.75,33781.2890625,33586.75,33684.7890625,241430000
20230411,^VIX,19.079999923706055,19.280000686645508,18.559999465942383,19.100000381469727,0
20230411,KRW=X,1320.8800048828125,1323.56005859375,1315.6500244140625,1320.8800048828125,0
20230411,^SOX,3145.860107421875,3146.0,3104.3798828125,3109.419921875,0
20230411,^TNX,3.4089999198913574,3.4560000896453857,3.3910000324249268,3.434000015258789,0
20230412,^GSPC,4121.72021484375,4134.3701171875,4086.93994140625,4091.949951171875,3633120000
20230412,^IXIC,12110.8701171875,12134.5,11916.5400390625,11929.33984375,4909770000
20230412,^DJI,33764.2109375,33895.4296875,33593.3203125,33646.5,260300000
20230412,^VIX,19.3799991607666,19.979999542236328,18.25,19.09000015258789,0
20230412,KRW=X,1322.0899658203125,1327.9599609375,1318.1300048828125,1322.0899658203125,0
20230412,^SOX,3133.860107421875,3140.719970703125,3049.8701171875,3052.52001953125,0
20230412,^TNX,3.447000026702881,3.4600000381469727,3.3420000076293945,3.4210000038146973,0
20230413,^GSPC,4100.0400390625,4150.259765625,4099.39990234375,4146.22021484375,3596590000
20230413,^IXIC,11997.419921875,12178.7998046875,11995.9404296875,12166.26953125,4942990000
20230413,^DJI,33668.96875,34054.98828125,33605.171875,34029.69140625,277230000
20230413,^VIX,18.829999923706055,19.059999465942383,17.770000457763672,17.799999237060547,0
20230413,KRW=X,1322.8299560546875,1326.8699951171875,1300.2900390625,1322.8299560546875,0
20230413,^SOX,3055.550048828125,3092.14990234375,3036.030029296875,3074.93994140625,0
20230413,^TNX,3.427999973297119,3.4600000381469727,3.371999979019165,3.4519999027252197,0
20230414,^GSPC,4140.10986328125,4163.18994140625,4113.2001953125,4137.64013671875,3575690000
20230414,^IXIC,12117.91015625,12205.7197265625,12026.5498046875,12123.4697265625,4655740000
20230414,^DJI,33981.7109375,34082.94140625,33730.8515625,33886.46875,276720000
20230414,^VIX,17.940000534057617,18.1200008392334,17.06999969482422,17.06999969482422,0
20230414,KRW=X,1301.4300537109375,1306.9000244140625,1294.050048828125,1301.4300537109375,0
20230414,^SOX,3070.8798828125,3107.25,3036.9599609375,3070.449951171875,0
20230414,^TNX,3.4539999961853027,3.5360000133514404,3.443000078201294,3.5220000743865967,0
20230417,^GSPC,4137.169921875,4151.72021484375,4123.18017578125,4151.31982421875,3611180000
20230417,^IXIC,12108.23046875,12159.01953125,12064.099609375,12157.7197265625,4823180000
20230417,^DJI,33930.4609375,33991.23046875,33796.91015625,33987.1796875,234530000
20230417,^VIX,17.579999923706055,17.790000915527344,16.899999618530273,16.950000762939453,0
20230417,KRW=X,1303.3800048828125,1321.9100341796875,1303.3800048828125,1303.3800048828125,0
20230417,^SOX,3033.3701171875,3067.889892578125,3025.830078125,3066.679931640625,0
20230417,^TNX,3.5490000247955322,3.6019999980926514,3.5380001068115234,3.5910000801086426,0
20230418,^GSPC,4164.259765625,4169.47998046875,4140.35986328125,4154.8701171875,3536640000
20230418,^IXIC,12234.5595703125,12245.4296875,12110.23046875,12153.41015625,4851810000
20230418,^DJI,33965.16015625,34018.62109375,33791.890625,33976.62890625,253570000
20230418,^VIX,16.940000534057617,17.34000015258789,16.579999923706055,16.829999923706055,0
20230418,KRW=X,1316.0699462890625,1320.8499755859375,1314.18994140625,1316.0699462890625,0
20230418,^SOX,3097.89990234375,3116.360107421875,3054.280029296875,3077.719970703125,0
20230418,^TNX,3.578000068664551,3.6019999980926514,3.5490000247955322,3.572000026702881,0
20230419,^GSPC,4139.330078125,4162.56982421875,4134.490234375,4154.52001953125,3572560000
20230419,^IXIC,12063.6796875,12191.099609375,12060.169921875,12157.23046875,4972700000
20230419,^DJI,33889.828125,33957.98046875,33814.6484375,33897.01171875,251490000
20230419,^VIX,17.299999237060547,17.719999313354492,16.170000076293945,16.459999084472656,0
20230419,KRW=X,1315.9000244140625,1335.510009765625,1313.72998046875,1315.9000244140625,0
20230419,^SOX,3036.030029296875,3053.27001953125,3026.840087890625,3046.3798828125,0
20230419,^TNX,3.634999990463257,3.6389999389648438,3.5999999046325684,3.6019999980926514,0
20230420,^GSPC,4130.47998046875,4148.56982421875,4114.56982421875,4129.7900390625,3772080000
20230420,^IXIC,12039.080078125,12155.9599609375,12011.9501953125,12059.5595703125,4590530000
20230420,^DJI,33740.6015625,33875.390625,33677.73828125,33786.62109375,307910000
20230420,^VIX,16.850000381469727,17.690000534057617,16.329999923706055,17.170000076293945,0
20230420,KRW=X,1326.760009765625,1332.1600341796875,1318.75,1326.760009765625,0
20230420,^SOX,3015.77001953125,3090.8798828125,3015.77001953125,3046.280029296875,0
20230420,^TNX,3.565999984741211,3.5789999961853027,3.5260000228881836,3.5450000762939453,0
20230421,^GSPC,4132.14013671875,4138.02001953125,4113.85986328125,4133.52001953125,3611750000
20230421,^IXIC,12046.0302734375,12097.150390625,11986.8203125,12072.4599609375,4868050000
20230421,^DJI,33793.6015625,33858.828125,33688.5703125,33808.9609375,291080000
20230421,^VIX,17.510000228881836,17.709999084472656,16.579999923706055,16.770000457763672,0
20230421,KRW=X,1323.5999755859375,1332.1700439453125,1322.780029296875,1323.5999755859375,0
20230421,^SOX,3026.7900390625,3031.9599609375,2995.909912109375,3021.43994140625,0
20230421,^TNX,3.5339999198913574,3.5799999237060547,3.502000093460083,3.569999933242798,0
20230424,^GSPC,4132.06982421875,4142.41015625,4117.77001953125,4137.0400390625,3290940000
20230424,^IXIC,12053.4697265625,12103.580078125,11960.2998046875,12037.2001953125,4854050000
20230424,^DJI,33805.0390625,33891.1484375,33726.08984375,33875.3984375,252020000
20230424,^VIX,18.219999313354492,18.239999771118164,16.739999771118164,16.889999389648438,0
20230424,KRW=X,1329.3800048828125,1336.9100341796875,1328.0999755859375,1329.3800048828125,0
20230424,^SOX,3017.919921875,3031.860107421875,2987.919921875,3007.510009765625,0
20230424,^TNX,3.5450000762939453,3.5450000762939453,3.505000114440918,3.515000104904175,0
20230425,^GSPC,4126.43017578125,4126.43017578125,4071.3798828125,4071.6298828125,3978640000
20230425,^IXIC,11968.8095703125,11990.4599609375,11798.76953125,11799.16015625,4806020000
20230425,^DJI,33828.33984375,33875.48828125,33525.390625,33530.828125,297880000
20230425,^VIX,17.6200008392334,19.860000610351562,17.329999923706055,18.760000228881836,0
20230425,KRW=X,1332.800048828125,1342.77001953125,1328.6099853515625,1332.800048828125,0
20230425,^SOX,2987.219970703125,2987.570068359375,2905.93994140625,2906.2900390625,0
20230425,^TNX,3.444999933242798,3.447000026702881,3.378999948501587,3.3959999084472656,0
20230426,^GSPC,4087.780029296875,4089.669921875,4049.35009765625,4055.989990234375,3837030000
20230426,^IXIC,11913.23046875,11967.990234375,11833.0703125,11854.349609375,5281970000
20230426,^DJI,33596.33984375,33645.828125,33235.8515625,33301.87109375,321170000
20230426,^VIX,18.65999984741211,19.610000610351562,17.8700008392334,18.84000015258789,0
20230426,KRW=X,1341.0,1340.719970703125,1333.8599853515625,1341.0,0
20230426,^SOX,2922.989990234375,2952.080078125,2908.409912109375,2922.989990234375,0
20230426,^TNX,3.4110000133514404,3.4579999446868896,3.375,3.431999921798706,0
20230427,^GSPC,4075.2900390625,4138.240234375,4075.2900390625,4135.35009765625,3750550000
20230427,^IXIC,11972.150390625,12154.009765625,11950.919921875,12142.240234375,5253710000
20230427,^DJI,33381.66015625,33859.75,33374.6484375,33826.16015625,343240000
20230427,^VIX,18.43000030517578,18.43000030517578,16.719999313354492,17.030000686645508,0
20230427,KRW=X,1337.8299560546875,1346.02001953125,1336.699951171875,1337.8299560546875,0
20230427,^SOX,2921.89990234375,2944.9599609375,2867.510009765625,2941.590087890625,0
20230427,^TNX,3.4489998817443848,3.5320000648498535,3.447000026702881,3.5280001163482666,0
20230428,^GSPC,4129.6298828125,4170.06005859375,4127.18017578125,4169.47998046875,4087800000
20230428,^IXIC,12117.5400390625,12227.7197265625,12082.5703125,12226.580078125,5331380000
20230428,^DJI,33797.4296875,34104.55859375,33728.3984375,34098.16015625,354310000
20230428,^VIX,17.209999084472656,17.649999618530273,15.720000267028809,15.779999732971191,0
20230428,KRW=X,1339.3900146484375,1341.3399658203125,1335.699951171875,1339.3900146484375,0
20230428,^SOX,2958.169921875,2995.330078125,2945.3798828125,2994.969970703125,0
20230428,^TNX,3.4790000915527344,3.49399995803833,3.434999942779541,3.4519999027252197,0
20230501,^GSPC,4166.7900390625,4186.919921875,4164.1201171875,4167.8701171875,3321370000
20230501,^IXIC,12210.0498046875,12261.3203125,12181.080078125,12212.599609375,5168430000
20230501,^DJI,34116.80859375,34257.828125,34030.140625,34051.69921875,244190000
20230501,^VIX,16.40999984741211,16.6200008392334,15.529999732971191,16.079999923706055,0
20230501,KRW=X,1337.1700439453125,1341.18994140625,1336.22998046875,1337.1700439453125,0
20230501,^SOX,3007.22998046875,3026.949951171875,2997.169921875,3019.090087890625,0
20230501,^TNX,3.500999927520752,3.5759999752044678,3.4619998931884766,3.5739998817443848,0
20230502,^GSPC,4164.10009765625,4164.10009765625,4089.719970703125,4119.580078125,4486130000
20230502,^IXIC,12198.01953125,12206.580078125,12015.23046875,12080.509765625,5501410000
20230502,^DJI,34017.62109375,34017.75,33436.66015625,33684.53125,274460000
20230502,^VIX,16.270000457763672,19.809999465942383,16.260000228881836,17.780000686645508,0
20230502,KRW=X,1342.7900390625,1343.1600341796875,1337.1099853515625,1342.7900390625,0
20230502,^SOX,3020.18994140625,3034.18994140625,2969.080078125,2996.860107421875,0
20230502,^TNX,3.5320000648498535,3.559000015258789,3.4240000247955322,3.438999891281128,0
20230503,^GSPC,4122.25,4148.2998046875,4088.860107421875,4090.75,4246510000
20230503,^IXIC,12097.0400390625,12212.5498046875,12022.4599609375,12025.330078125,5782160000
20230503,^DJI,33726.640625,33811.83984375,33396.05078125,33414.23828125,286900000
20230503,^VIX,17.81999969482422,18.829999923706055,17.190000534057617,18.34000015258789,0
20230503,KRW=X,1342.300048828125,1341.739990234375,1330.5999755859375,1342.300048828125,0
20230503,^SOX,2980.64990234375,3009.070068359375,2956.739990234375,2957.3701171875,0
20230503,^TNX,3.4179999828338623,3.4240000247955322,3.367000102996826,3.4030001163482666,0
20230504,^GSPC,4082.550048828125,4082.610107421875,4048.280029296875,4061.219970703125,4920090000
20230504,^IXIC,11997.33984375,12033.150390625,11925.3701171875,11966.400390625,4745780000
20230504,^DJI,33347.78125,33354.859375,32937.5,33127.73828125,305160000
20230504,^VIX,19.170000076293945,21.329999923706055,18.670000076293945,20.09000015258789,0
20230504,KRW=X,1335.22998046875,1335.199951171875,1319.8199462890625,1335.22998046875,0
20230504,^SOX,2932.550048828125,2971.89990234375,2913.110107421875,2941.6298828125,0
20230504,^TNX,3.3450000286102295,3.4110000133514404,3.2960000038146973,3.3510000705718994,0
20230505,^GSPC,4084.72998046875,4147.02001953125,4084.72998046875,4136.25,4186270000
20230505,^IXIC,12073.0302734375,12264.830078125,12065.7197265625,12235.41015625,4574790000
20230505,^DJI,33248.55078125,33748.4296875,33248.55078125,33674.37890625,316350000
20230505,^VIX,19.5,19.6299991607666,16.690000534057617,17.190000534057617,0
20230505,KRW=X,1320.1500244140625,1324.18994140625,1314.72998046875,1320.1500244140625,0
20230505,^SOX,2942.280029296875,3019.3701171875,2930.639892578125,3007.68994140625,0
20230505,^TNX,3.3970000743865967,3.4649999141693115,3.3970000743865967,3.446000099182129,0
20230508,^GSPC,4136.97998046875,4142.2998046875,4123.81005859375,4138.1201171875,3641640000
20230508,^IXIC,12231.6796875,12264.990234375,12178.259765625,12256.919921875,4216360000
20230508,^DJI,33715.1484375,33747.48828125,33509.23046875,33618.69140625,225680000
20230508,^VIX,17.729999542236328,17.8799991607666,16.829999923706055,16.979999542236328,0
20230508,KRW=X,1316.9599609375,1325.3199462890625,1317.719970703125,1316.9599609375,0
20230508,^SOX,3009.840087890625,3025.989990234375,2979.85009765625,3024.409912109375,0
20230508,^TNX,3.490000009536743,3.5209999084472656,3.48799991607666,3.5209999084472656,0
20230509,^GSPC,4124.25,4130.35009765625,4116.64990234375,4119.169921875,3810140000
20230509,^IXIC,12195.7802734375,12216.1298828125,12174.0595703125,12179.5498046875,4126780000
20230509,^DJI,33589.8515625,33656.3984375,33509.71875,33561.80859375,232940000
20230509,^VIX,17.290000915527344,17.860000610351562,17.219999313354492,17.709999084472656,0
20230509,KRW=X,1322.4100341796875,1326.5699462890625,1318.719970703125,1322.4100341796875,0
20230509,^SOX,2983.199951171875,2983.679931640625,2960.010009765625,2967.840087890625,0
20230509,^TNX,3.492000102996826,3.5320000648498535,3.48799991607666,3.5209999084472656,0
20230510,^GSPC,4143.740234375,4154.27978515625,4098.919921875,4137.64013671875,4057160000
20230510,^IXIC,12286.66015625,12337.6904296875,12180.8603515625,12306.4404296875,4948260000
20230510,^DJI,33707.19921875,33772.08984375,33239.44921875,33531.328125,271180000
20230510,^VIX,17.579999923706055,18.309999465942383,16.360000610351562,16.940000534057617,0
20230510,KRW=X,1326.050048828125,1326.050048828125,1315.8299560546875,1326.050048828125,0
20230510,^SOX,3003.6201171875,3019.4599609375,2968.409912109375,2997.510009765625,0
20230510,^TNX,3.506999969482422,3.5209999084472656,3.430999994277954,3.438999891281128,0
20230511,^GSPC,4132.240234375,4132.7998046875,4109.2900390625,4130.6201171875,3752900000
20230511,^IXIC,12321.259765625,12347.3798828125,12255.4404296875,12328.509765625,4489490000
20230511,^DJI,33383.890625,33389.87890625,33127.69921875,33309.51171875,298000000
20230511,^VIX,16.799999237060547,18.190000534057617,16.6299991607666,16.93000030517578,0
20230511,KRW=X,1318.050048828125,1333.72998046875,1315.780029296875,1318.050048828125,0
20230511,^SOX,3000.3701171875,3005.0,2950.860107421875,2978.719970703125,0
20230511,^TNX,3.4049999713897705,3.4049999713897705,3.3450000286102295,3.3970000743865967,0
20230512,^GSPC,4138.5400390625,4143.740234375,4099.1201171875,4124.080078125,3533740000
20230512,^IXIC,12350.51953125,12364.650390625,12209.580078125,12284.740234375,4170000000
20230512,^DJI,33370.578125,33406.3984375,33110.609375,33300.62109375,227570000
20230512,^VIX,16.829999923706055,17.920000076293945,16.3799991607666,17.030000686645508,0
20230512,KRW=X,1329.8800048828125,1341.4599609375,1329.800048828125,1329.8800048828125,0
20230512,^SOX,2988.580078125,2999.550048828125,2944.070068359375,2972.85009765625,0
20230512,^TNX,3.4119999408721924,3.4630000591278076,3.384000062942505,3.4630000591278076,0
20230515,^GSPC,4126.64990234375,4141.25,4110.27001953125,4136.27978515625,3562170000
20230515,^IXIC,12301.169921875,12376.400390625,12263.349609375,12365.2099609375,3979290000
20230515,^DJI,33321.2109375,33400.30078125,33161.9296875,33348.6015625,224020000
20230515,^VIX,17.440000534057617,18.15999984741211,17.079999923706055,17.1200008392334,0
20230515,KRW=X,1341.52001953125,1341.77001953125,1333.5999755859375,1341.52001953125,0
20230515,^SOX,2979.510009765625,3052.909912109375,2971.760009765625,3052.639892578125,0
20230515,^TNX,3.502000093460083,3.510999917984009,3.4660000801086426,3.507999897003174,0
20230516,^GSPC,4127.9501953125,4135.5400390625,4109.85986328125,4109.89990234375,3654200000
20230516,^IXIC,12327.0498046875,12403.8095703125,12324.51953125,12343.0498046875,4067510000
20230516,^DJI,33275.37109375,33290.8515625,33006.19140625,33012.140625,246680000
20230516,^VIX,17.540000915527344,18.299999237060547,17.260000228881836,17.989999771118164,0
20230516,KRW=X,1335.4000244140625,1341.4599609375,1331.489990234375,1335.4000244140625,0
20230516,^SOX,3044.43994140625,3083.280029296875,3044.030029296875,3048.7099609375,0
20230516,^TNX,3.486999988555908,3.5739998817443848,3.486999988555908,3.5490000247955322,0
20230517,^GSPC,4122.85009765625,4164.669921875,4113.6201171875,4158.77001953125,4039080000
20230517,^IXIC,12388.580078125,12514.0703125,12335.01953125,12500.5703125,4501820000
20230517,^DJI,33092.48046875,33472.37890625,33050.41015625,33420.76953125,307130000
20230517,^VIX,17.959999084472656,18.260000228881836,16.68000030517578,16.8700008392334,0
20230517,KRW=X,1342.4300537109375,1342.4300537109375,1334.02001953125,1342.4300537109375,0
20230517,^SOX,3077.550048828125,3135.300048828125,3055.969970703125,3124.679931640625,0
20230517,^TNX,3.515000104904175,3.5889999866485596,3.515000104904175,3.5810000896453857,0
20230518,^GSPC,4157.68017578125,4202.2001953125,4153.5,4198.0498046875,3980500000
20230518,^IXIC,12513.8701171875,12698.5,12512.259765625,12688.83984375,4532890000
20230518,^DJI,33374.55859375,33579.91015625,33212.08984375,33535.91015625,333070000
20230518,^VIX,16.920000076293945,17.149999618530273,16.049999237060547,16.049999237060547,0
20230518,KRW=X,1334.1500244140625,1337.6099853515625,1329.4000244140625,1334.1500244140625,0
20230518,^SOX,3139.72998046875,3229.6298828125,3136.760009765625,3223.489990234375,0
20230518,^TNX,3.5980000495910645,3.6510000228881836,3.5980000495910645,3.6480000019073486,0
20230519,^GSPC,4204.14990234375,4212.91015625,4180.2001953125,4191.97998046875,4041900000
20230519,^IXIC,12709.4599609375,12731.73046875,12624.0595703125,12657.900390625,3935780000
20230519,^DJI,33582.94921875,33652.8984375,33336.66015625,33426.62890625,315210000
20230519,^VIX,16.1299991607666,17.360000610351562,15.850000381469727,16.809999465942383,0
20230519,KRW=X,1334.739990234375,1335.4300537109375,1321.989990234375,1334.739990234375,0
20230519,^SOX,3214.97998046875,3217.929931640625,3186.35009765625,3203.489990234375,0
20230519,^TNX,3.6710000038146973,3.7209999561309814,3.640000104904175,3.691999912261963,0
20230522,^GSPC,4190.77978515625,4209.22021484375,4179.68017578125,4192.6298828125,3728520000
20230522,^IXIC,12664.4404296875,12756.23046875,12655.259765625,12720.7802734375,4278920000
20230522,^DJI,33408.5390625,33512.30078125,33207.8515625,33286.578125,268900000
20230522,^VIX,17.450000762939453,18.1299991607666,16.81999969482422,17.209999084472656,0
20230522,KRW=X,1324.2099609375,1324.219970703125,1312.4300537109375,1324.2099609375,0
20230522,^SOX,3180.570068359375,3223.530029296875,3173.8701171875,3215.0400390625,0
20230522,^TNX,3.690000057220459,3.7279999256134033,3.6649999618530273,3.7190001010894775,0
20230523,^GSPC,4176.7998046875,4185.68017578125,4142.5400390625,4145.580078125,4155320000
20230523,^IXIC,12652.8798828125,12709.740234375,12554.4296875,12560.25,4347440000
20230523,^DJI,33190.6015625,33310.171875,33013.2890625,33055.51171875,291550000
20230523,^VIX,17.350000381469727,19.309999465942383,17.299999237060547,18.530000686645508,0
20230523,KRW=X,1313.8299560546875,1321.72998046875,1308.260009765625,1313.8299560546875,0
20230523,^SOX,3196.75,3216.989990234375,3171.93994140625,3177.43994140625,0
20230523,^TNX,3.74399995803833,3.760999917984009,3.687999963760376,3.697999954223633,0
20230524,^GSPC,4132.9599609375,4132.9599609375,4103.97998046875,4115.240234375,0
20230524,^IXIC,12481.8896484375,12529.6298828125,12415.849609375,12484.16015625,4088270000
20230524,^DJI,33021.76171875,33031.75,32752.439453125,32799.921875,246180000
20230524,^VIX,18.799999237060547,20.809999465942383,18.799999237060547,20.030000686645508,0
20230524,KRW=X,1319.8399658203125,1320.300048828125,1314.0899658203125,1319.8399658203125,0
20230524,^SOX,3111.550048828125,3135.0400390625,3091.2900390625,3124.090087890625,0
20230524,^TNX,3.6730000972747803,3.742000102996826,3.6730000972747803,3.7190001010894775,0
20230525,^GSPC,4155.7099609375,4165.740234375,4129.72998046875,4151.27978515625,4147760000
20230525,^IXIC,12706.4404296875,12736.919921875,12604.8896484375,12698.08984375,4651640000
20230525,^DJI,32854.26171875,32870.4296875,32586.560546875,32764.650390625,364670000
20230525,^VIX,19.540000915527344,19.950000762939453,18.700000762939453,19.139999389648438,0
20230525,KRW=X,1318.52001953125,1330.1099853515625,1317.3499755859375,1318.52001953125,0
20230525,^SOX,3281.389892578125,3347.3701171875,3238.219970703125,3336.719970703125,0
20230525,^TNX,3.752000093460083,3.813999891281128,3.7300000190734863,3.813999891281128,0
20230526,^GSPC,4156.16015625,4212.8701171875,4156.16015625,4205.4501953125,3715460000
20230526,^IXIC,12736.419921875,13001.91015625,12729.740234375,12975.6904296875,4434070000
20230526,^DJI,32795.5,33162.05859375,32795.5,33093.33984375,330290000
20230526,^VIX,19.06999969482422,19.559999465942383,17.270000457763672,17.950000762939453,0
20230526,KRW=X,1330.8900146484375,1330.0400390625,1322.4000244140625,1330.8900146484375,0
20230526,^SOX,3387.429931640625,3563.330078125,3386.340087890625,3545.669921875,0
20230526,^TNX,3.7890000343322754,3.8589999675750732,3.7769999504089355,3.809999942779541,0
20230529,KRW=X,1322.4300537109375,1326.6400146484375,1320.0799560546875,1322.4300537109375,0
20230530,^GSPC,4226.7099609375,4231.10009765625,4192.18017578125,4205.52001953125,4228510000
20230530,^IXIC,13109.099609375,13154.2900390625,12968.1201171875,13017.4296875,4843470000
20230530,^DJI,33103.6484375,33132.69921875,32893.96875,33042.78125,322700000
20230530,^VIX,17.559999465942383,18.34000015258789,16.979999542236328,17.459999084472656,0
20230530,KRW=X,1324.5899658203125,1326.5799560546875,1316.239990234375,1324.5899658203125,0
20230530,^SOX,3628.469970703125,3643.93994140625,3537.64990234375,3549.389892578125,0
20230530,^TNX,3.7119998931884766,3.753999948501587,3.684999942779541,3.700000047683716,0
20230531,^GSPC,4190.740234375,4195.43994140625,4166.14990234375,4179.830078125,5980670000
20230531,^IXIC,12968.3798828125,13029.080078125,12889.3701171875,12935.2900390625,5905760000
20230531,^DJI,32948.7109375,32984.828125,32739.73046875,32908.26953125,689990000
20230531,^VIX,18.040000915527344,18.399999618530273,17.1200008392334,17.940000534057617,0
20230531,KRW=X,1319.7900390625,1327.800048828125,1315.18994140625,1319.7900390625,0
20230531,^SOX,3484.330078125,3531.389892578125,3451.8701171875,3453.179931640625,0
20230531,^TNX,3.6459999084472656,3.690999984741211,3.63100004196167,3.63700008392334,0
20230601,^GSPC,4183.02978515625,4232.43017578125,4171.64013671875,4221.02001953125,4391860000
20230601,^IXIC,12944.4599609375,13141.830078125,12903.6298828125,13100.98046875,4610310000
20230601,^DJI,32929.8515625,33167.75,32704.509765625,33061.5703125,349460000
20230601,^VIX,17.239999771118164,17.59000015258789,15.579999923706055,15.649999618530273,0
20230601,KRW=X,1321.739990234375,1324.4000244140625,1315.1700439453125,1321.739990234375,0
20230601,^SOX,3469.699951171875,3537.820068359375,3437.889892578125,3506.739990234375,0
20230601,^TNX,3.6500000953674316,3.6579999923706055,3.569999933242798,3.6080000400543213,0
20230602,^GSPC,4241.009765625,4290.669921875,4241.009765625,4282.3701171875,4454200000
20230602,^IXIC,13190.48046875,13256.2099609375,13125.8603515625,13240.76953125,4426760000
20230602,^DJI,33187.578125,33805.0,33187.578125,33762.76171875,383590000
20230602,^VIX,15.649999618530273,15.649999618530273,14.420000076293945,14.600000381469727,0
20230602,KRW=X,1312.8499755859375,1313.6800537109375,1298.199951171875,1312.8499755859375,0
20230602,^SOX,3537.72998046875,3546.419921875,3478.030029296875,3501.39990234375,0
20230602,^TNX,3.619999885559082,3.700000047683716,3.611999988555908,3.690999984741211,0
20230605,^GSPC,4282.990234375,4299.27978515625,4266.81982421875,4273.7900390625,3813290000
20230605,^IXIC,13238.48046875,13330.650390625,13194.9501953125,13229.4296875,4344280000
20230605,^DJI,33771.12890625,33804.21875,33552.7890625,33562.859375,367170000
20230605,^VIX,15.279999732971191,15.289999961853027,14.65999984741211,14.729999542236328,0
20230605,KRW=X,1305.1400146484375,1310.510009765625,1299.219970703125,1305.1400146484375,0
20230605,^SOX,3488.590087890625,3489.090087890625,3430.280029296875,3444.1201171875,0
20230605,^TNX,3.753000020980835,3.757999897003174,3.6579999923706055,3.693000078201294,0
20230606,^GSPC,4271.33984375,4288.330078125,4263.08984375,4283.85009765625,3996560000
20230606,^IXIC,13199.58984375,13306.2099609375,13165.650390625,13276.419921875,4810910000
20230606,^DJI,33547.671875,33631.25,33399.69140625,33573.28125,294070000
20230606,^VIX,14.90999984741211,14.970000267028809,13.949999809265137,13.960000038146973,0
20230606,KRW=X,1299.7900390625,1303.3299560546875,1294.8199462890625,1299.7900390625,0
20230606,^SOX,3426.889892578125,3504.419921875,3417.510009765625,3488.340087890625,0
20230606,^TNX,3.680999994277954,3.7330000400543213,3.680999994277954,3.6989998817443848,0
20230607,^GSPC,4285.47021484375,4299.18994140625,4263.9599609375,4267.52001953125,4537800000
20230607,^IXIC,13295.259765625,13361.900390625,13089.48046875,13104.900390625,5270600000
20230607,^DJI,33562.46875,33708.78125,33546.109375,33665.01953125,347400000
20230607,^VIX,14.140000343322754,14.289999961853027,13.770000457763672,13.9399995803833,0
20230607,KRW=X,1299.199951171875,1305.800048828125,1296.27001953125,1299.199951171875,0
20230607,^SOX,3512.64990234375,3557.0,3469.719970703125,3477.179931640625,0
20230607,^TNX,3.6989998817443848,3.8010001182556152,3.694999933242798,3.7839999198913574,0
20230608,^GSPC,4268.68994140625,4298.009765625,4261.06982421875,4293.93017578125,3826740000
20230608,^IXIC,13113.26953125,13248.599609375,13101.1796875,13238.51953125,4280160000
20230608,^DJI,33656.98046875,33873.80859375,33630.0390625,33833.609375,269160000
20230608,^VIX,14.140000343322754,14.210000038146973,13.529999732971191,13.649999618530273,0
20230608,KRW=X,1308.3399658203125,1308.3800048828125,1295.6199951171875,1308.3399658203125,0
20230608,^SOX,3484.10009765625,3521.360107421875,3469.449951171875,3514.320068359375,0
20230608,^TNX,3.816999912261963,3.821000099182129,3.7139999866485596,3.7139999866485596,0
20230609,^GSPC,4304.8798828125,4322.6201171875,4291.7001953125,4298.85986328125,3786510000
20230609,^IXIC,13312.3896484375,13385.9501953125,13229.330078125,13259.1396484375,4412710000
20230609,^DJI,33852.44140625,33975.3203125,33787.16015625,33876.78125,262310000
20230609,^VIX,13.779999732971191,14.140000343322754,13.5,13.829999923706055,0
20230609,KRW=X,1296.3299560546875,1297.2099609375,1286.22998046875,1296.3299560546875,0
20230609,^SOX,3559.3798828125,3580.429931640625,3508.719970703125,3524.969970703125,0
20230609,^TNX,3.7669999599456787,3.7780001163482666,3.7160000801086426,3.744999885559082,0
20230612,^GSPC,4308.31982421875,4340.1298828125,4304.3701171875,4338.93017578125,3945670000
20230612,^IXIC,13326.3701171875,13465.91015625,13302.580078125,13461.919921875,4722680000
20230612,^DJI,33906.80078125,34077.83984375,33878.4609375,34066.328125,308130000
20230612,^VIX,14.4399995803833,15.020000457763672,14.319999694824219,15.010000228881836,0
20230612,KRW=X,1286.68994140625,1294.0400390625,1282.1700439453125,1286.68994140625,0
20230612,^SOX,3567.820068359375,3644.860107421875,3565.97998046875,3641.659912109375,0
20230612,^TNX,3.7339999675750732,3.7939999103546143,3.7109999656677246,3.765000104904175,0
20230613,^GSPC,4352.60986328125,4375.3701171875,4349.31005859375,4369.009765625,4275400000
20230613,^IXIC,13566.5302734375,13594.400390625,13473.1904296875,13573.3203125,5522100000
20230613,^DJI,34111.078125,34310.28125,34107.98046875,34212.12109375,308790000
20230613,^VIX,14.989999771118164,15.0600004196167,14.470000267028809,14.609999656677246,0
20230613,KRW=X,1284.5799560546875,1285.02001953125,1266.1700439453125,1284.5799560546875,0
20230613,^SOX,3694.81005859375,3711.81005859375,3646.360107421875,3683.659912109375,0
20230613,^TNX,3.7239999771118164,3.8410000801086426,3.681999921798706,3.8389999866485596,0
20230614,^GSPC,4366.2900390625,4391.81982421875,4337.85009765625,4372.58984375,4252110000
20230614,^IXIC,13570.5595703125,13661.740234375,13455.990234375,13626.48046875,5772550000
20230614,^DJI,34044.69921875,34151.421875,33783.55078125,33979.328125,354910000
20230614,^VIX,14.479999542236328,14.729999542236328,13.829999923706055,13.880000114440918,0
20230614,KRW=X,1267.6199951171875,1280.02001953125,1267.6199951171875,1267.6199951171875,0
20230614,^SOX,3670.330078125,3740.699951171875,3653.75,3739.75,0
20230614,^TNX,3.811000108718872,3.8510000705718994,3.7709999084472656,3.7960000038146973,0
20230615,^GSPC,4365.330078125,4439.2001953125,4362.60009765625,4425.83984375,4176690000
20230615,^IXIC,13572.8798828125,13828.169921875,13561.3701171875,13782.8203125,5667520000
20230615,^DJI,33945.98046875,34488.98046875,33945.98046875,34408.05859375,361400000
20230615,^VIX,14.09000015258789,14.520000457763672,13.789999961853027,14.5,0
20230615,KRW=X,1273.989990234375,1286.0799560546875,1271.9300537109375,1273.989990234375,0
20230615,^SOX,3698.56005859375,3736.5,3684.3701171875,3708.06005859375,0
20230615,^TNX,3.819000005722046,3.8410000801086426,3.7070000171661377,3.7279999256134033,0
20230616,^GSPC,4440.9501953125,4448.47021484375,4407.43994140625,4409.58984375,6848600000
20230616,^IXIC,13859.0703125,13864.0595703125,13680.9501953125,13689.5703125,8076530000
20230616,^DJI,34464.01953125,34588.6796875,34285.69140625,34299.12109375,595230000
20230616,^VIX,14.489999771118164,14.539999961853027,13.479999542236328,13.539999961853027,0
20230616,KRW=X,1270.050048828125,1280.1400146484375,1268.969970703125,1270.050048828125,0
20230616,^SOX,3738.68994140625,3743.72998046875,3671.27001953125,3673.139892578125,0
20230616,^TNX,3.746000051498413,3.805999994277954,3.7249999046325684,3.7690000534057617,0
20230619,KRW=X,1276.31005859375,1283.9200439453125,1276.3499755859375,1276.31005859375,0
20230620,^GSPC,4396.10986328125,4400.14990234375,4367.18994140625,4388.7099609375,4055790000
20230620,^IXIC,13642.2900390625,13711.1796875,13561.83984375,13667.2900390625,5237710000
20230620,^DJI,34206.66015625,34206.66015625,33915.9296875,34053.87109375,334810000
20230620,^VIX,14.359999656677246,14.670000076293945,13.859999656677246,13.880000114440918,0
20230620,KRW=X,1283.239990234375,1289.3800048828125,1277.760009765625,1283.239990234375,0
20230620,^SOX,3666.2099609375,3693.409912109375,3616.050048828125,3647.56005859375,0
20230620,^TNX,3.73799991607666,3.7769999504089355,3.7009999752044678,3.7290000915527344,0
20230621,^GSPC,4380.009765625,4386.22021484375,4360.14013671875,4365.68994140625,3709330000
20230621,^IXIC,13620.8701171875,13638.5703125,13460.9404296875,13502.2001953125,5194640000
20230621,^DJI,33990.55859375,34097.9296875,33876.171875,33951.51953125,323690000
20230621,^VIX,13.880000114440918,13.890000343322754,13.100000381469727,13.199999809265137,0
20230621,KRW=X,1287.5400390625,1295.6300048828125,1286.199951171875,1287.5400390625,0
20230621,^SOX,3624.1201171875,3636.909912109375,3548.389892578125,3549.72998046875,0
20230621,^TNX,3.76200008392334,3.7890000343322754,3.7109999656677246,3.7230000495910645,0
20230622,^GSPC,4355.39990234375,4382.25,4351.81982421875,4381.89013671875,3511000000
20230622,^IXIC,13443.41015625,13631.849609375,13441.5595703125,13630.6103515625,4499550000
20230622,^DJI,33900.46875,34003.55859375,33835.390625,33946.7109375,275600000
20230622,^VIX,13.880000114440918,13.979999542236328,12.729999542236328,12.90999984741211,0
20230622,KRW=X,1288.3800048828125,1301.1700439453125,1287.719970703125,1288.3800048828125,0
20230622,^SOX,3525.52001953125,3580.659912109375,3523.780029296875,3569.8701171875,0
20230622,^TNX,3.740000009536743,3.809999942779541,3.7109999656677246,3.7990000247955322,0
20230623,^GSPC,4354.169921875,4366.5498046875,4341.33984375,4348.330078125,6053620000
20230623,^IXIC,13484.099609375,13572.1904296875,13442.650390625,13492.51953125,7734500000
20230623,^DJI,33835.66015625,33835.66015625,33646.48828125,33727.4296875,379800000
20230623,^VIX,13.239999771118164,13.800000190734863,12.880000114440918,13.4399995803833,0
20230623,KRW=X,1298.2099609375,1310.239990234375,1297.6800537109375,1298.2099609375,0
20230623,^SOX,3508.010009765625,3526.969970703125,3489.1298828125,3506.7099609375,0
20230623,^TNX,3.7269999980926514,3.759999990463257,3.691999912261963,3.739000082015991,0
20230626,^GSPC,4344.83984375,4362.06005859375,4328.080078125,4328.81982421875,3415030000
20230626,^IXIC,13468.740234375,13573.5703125,13334.419921875,13335.7802734375,4430600000
20230626,^DJI,33730.7890625,33819.48828125,33610.3203125,33714.7109375,265330000
20230626,^VIX,14.430000305175781,14.710000038146973,13.779999732971191,14.25,0
20230626,KRW=X,1307.6700439453125,1308.8900146484375,1300.260009765625,1307.6700439453125,0
20230626,^SOX,3527.64990234375,3582.260009765625,3515.510009765625,3515.77001953125,0
20230626,^TNX,3.7019999027252197,3.736999988555908,3.678999900817871,3.7190001010894775,0
20230627,^GSPC,4337.35986328125,4384.419921875,4335.0,4378.41015625,3573500000
20230627,^IXIC,13389.25,13578.7998046875,13366.9697265625,13555.669921875,5053660000
20230627,^DJI,33739.03125,33975.6484375,33730.390625,33926.73828125,293210000
20230627,^VIX,14.109999656677246,14.34000015258789,13.59000015258789,13.739999771118164,0
20230627,KRW=X,1302.6600341796875,1307.27001953125,1294.260009765625,1302.6600341796875,0
20230627,^SOX,3527.25,3647.010009765625,3517.52001953125,3642.409912109375,0
20230627,^TNX,3.7139999866485596,3.7760000228881836,3.691999912261963,3.7679998874664307,0
20230628,^GSPC,4367.47998046875,4390.35009765625,4360.22021484375,4376.85986328125,3739330000
20230628,^IXIC,13506.01953125,13654.1396484375,13495.73046875,13591.75,4533270000
20230628,^DJI,33881.37890625,33903.76171875,33755.921875,33852.66015625,268050000
20230628,^VIX,13.899999618530273,13.960000038146973,13.359999656677246,13.430000305175781,0
20230628,KRW=X,1296.5999755859375,1312.97998046875,1296.6099853515625,1296.5999755859375,0
20230628,^SOX,3588.909912109375,3644.9599609375,3580.830078125,3609.47998046875,0
20230628,^TNX,3.734999895095825,3.7660000324249268,3.7039999961853027,3.7100000381469727,0
20230629,^GSPC,4374.93994140625,4398.39013671875,4371.97021484375,4396.43994140625,3696660000
20230629,^IXIC,13592.3603515625,13618.5302734375,13540.259765625,13591.330078125,4388140000
20230629,^DJI,33854.5703125,34147.6796875,33828.62890625,34122.421875,279940000
20230629,^VIX,13.640000343322754,13.850000381469727,13.40999984741211,13.539999961853027,0
20230629,KRW=X,1309.010009765625,1321.8399658203125,1305.3599853515625,1309.010009765625,0
20230629,^SOX,3626.989990234375,3627.25,3583.489990234375,3614.179931640625,0
20230629,^TNX,3.746999979019165,3.868000030517578,3.746999979019165,3.8540000915527344,0
20230630,^GSPC,4422.43994140625,4458.47998046875,4422.43994140625,4450.3798828125,3923450000
20230630,^IXIC,13719.98046875,13816.6796875,13716.16015625,13787.919921875,4661120000
20230630,^DJI,34269.921875,34467.3515625,34269.921875,34407.6015625,351060000
20230630,^VIX,13.510000228881836,13.59000015258789,12.960000038146973,13.59000015258789,0
20230630,KRW=X,1323.0699462890625,1323.760009765625,1314.3499755859375,1323.0699462890625,0
20230630,^SOX,3654.739990234375,3685.760009765625,3644.030029296875,3673.06005859375,0
20230630,^TNX,3.859999895095825,3.871999979019165,3.806999921798706,3.819000005722046,0
20230703,^GSPC,4450.47998046875,4456.4599609375,4442.2900390625,4455.58984375,2034280000
20230703,^IXIC,13798.7001953125,13839.08984375,13773.41015625,13816.76953125,2902300000
20230703,^DJI,34369.78125,34465.6015625,34286.5390625,34418.46875,157590000
20230703,^VIX,13.850000381469727,13.850000381469727,13.470000267028809,13.569999694824219,0
20230703,KRW=X,1315.300048828125,1316.0799560546875,1301.949951171875,1315.300048828125,0
20230703,^SOX,3691.280029296875,3713.909912109375,3663.449951171875,3703.6201171875,0
20230703,^TNX,3.864000082015991,3.865999937057495,3.7780001163482666,3.8580000400543213,0
20230704,KRW=X,1306.0999755859375,1306.7099609375,1292.4200439453125,1306.0999755859375,0
20230705,^GSPC,4442.0400390625,4454.06005859375,4436.60986328125,4446.81982421875,3482620000
20230705,^IXIC,13772.099609375,13844.5,13764.25,13791.650390625,5339340000
20230705,^DJI,34344.71875,34376.109375,34226.98046875,34288.640625,274570000
20230705,^VIX,14.1899995803833,14.739999771118164,14.050000190734863,14.180000305175781,0
20230705,KRW=X,1295.5,1305.77001953125,1295.6099853515625,1295.5,0
20230705,^SOX,3672.389892578125,3683.719970703125,3622.10009765625,3622.320068359375,0
20230705,^TNX,3.868000030517578,3.947000026702881,3.86299991607666,3.944999933242798,0
20230706,^GSPC,4422.6201171875,4422.6201171875,4385.0498046875,4411.58984375,3682020000
20230706,^IXIC,13653.169921875,13689.51953125,13567.25,13679.0400390625,6113080000
20230706,^DJI,34171.390625,34171.390625,33771.46875,33922.26171875,293840000
20230706,^VIX,14.850000381469727,17.079999923706055,14.789999961853027,15.4399995803833,0
20230706,KRW=X,1302.969970703125,1313.800048828125,1299.56005859375,1302.969970703125,0
20230706,^SOX,3559.35009765625,3581.6298828125,3532.68994140625,3577.489990234375,0
20230706,^TNX,3.993000030517578,4.083000183105469,3.993000030517578,4.040999889373779,0
20230707,^GSPC,4404.5400390625,4440.39013671875,4397.39990234375,4398.9501953125,3630480000
20230707,^IXIC,13668.0703125,13804.509765625,13656.73046875,13660.7197265625,5098120000
20230707,^DJI,33837.0703125,34036.37890625,33716.75,33734.87890625,272730000
20230707,^VIX,15.970000267028809,16.059999465942383,14.329999923706055,14.829999923706055,0
20230707,KRW=X,1309.219970703125,1310.1500244140625,1295.8199462890625,1309.219970703125,0
20230707,^SOX,3583.56005859375,3633.7900390625,3573.340087890625,3577.72998046875,0
20230707,^TNX,4.078000068664551,4.093999862670898,4.00600004196167,4.050000190734863,0
20230710,^GSPC,4394.22998046875,4412.60009765625,4389.919921875,4409.52978515625,3429600000
20230710,^IXIC,13645.3701171875,13692.41015625,13584.8701171875,13685.48046875,5275390000
20230710,^DJI,33705.6796875,33958.359375,33705.6796875,33944.3984375,299200000
20230710,^VIX,16.079999923706055,16.209999084472656,15.039999961853027,15.069999694824219,0
20230710,KRW=X,1297.3699951171875,1307.199951171875,1297.6700439453125,1297.3699951171875,0
20230710,^SOX,3587.050048828125,3655.909912109375,3586.409912109375,3651.60009765625,0
20230710,^TNX,4.052000045776367,4.0920000076293945,3.9860000610351562,4.00600004196167,0
20230711,^GSPC,4415.5498046875,4443.64013671875,4408.4599609375,4439.259765625,3624220000
20230711,^IXIC,13709.8095703125,13774.830078125,13643.3203125,13760.7001953125,4840950000
20230711,^DJI,34056.94140625,34288.87109375,33993.01171875,34261.421875,278940000
20230711,^VIX,15.020000457763672,15.25,14.630000114440918,14.84000015258789,0
20230711,KRW=X,1299.5400390625,1300.3800048828125,1289.6300048828125,1299.5400390625,0
20230711,^SOX,3665.8701171875,3669.43994140625,3599.2099609375,3653.530029296875,0
20230711,^TNX,3.9800000190734863,4.001999855041504,3.9619998931884766,3.9800000190734863,0
20230712,^GSPC,4467.68994140625,4488.33984375,4463.22998046875,4472.16015625,3920290000
20230712,^IXIC,13915.6396484375,13963.4501953125,13842.1298828125,13918.9599609375,5230620000
20230712,^DJI,34395.28125,34586.94140625,34308.78125,34347.4296875,331410000
20230712,^VIX,14.819999694824219,14.819999694824219,13.510000228881836,13.539999961853027,0
20230712,KRW=X,1291.510009765625,1295.780029296875,1274.3299560546875,1291.510009765625,0
20230712,^SOX,3704.719970703125,3727.449951171875,3684.8798828125,3721.469970703125,0
20230712,^TNX,3.946000099182129,3.947999954223633,3.8440001010894775,3.8610000610351562,0
20230713,^GSPC,4491.5,4517.3798828125,4489.35986328125,4510.0400390625,3839530000
20230713,^IXIC,14021.150390625,14163.7998046875,14012.240234375,14138.5703125,5183560000
20230713,^DJI,34412.30859375,34482.26171875,34365.328125,34395.140625,267180000
20230713,^VIX,13.4399995803833,13.609999656677246,13.119999885559082,13.609999656677246,0
20230713,KRW=X,1274.699951171875,1279.43994140625,1264.6600341796875,1274.699951171875,0
20230713,^SOX,3755.820068359375,3803.199951171875,3746.8798828125,3797.1298828125,0
20230713,^TNX,3.8259999752044678,3.8459999561309814,3.760999917984009,3.760999917984009,0
20230714,^GSPC,4514.60986328125,4527.759765625,4499.56005859375,4505.419921875,3647450000
20230714,^IXIC,14166.66015625,14232.1103515625,14081.9599609375,14113.7001953125,5366890000
20230714,^DJI,34425.328125,34592.26171875,34425.328125,34509.03125,293540000
20230714,^VIX,13.720000267028809,13.760000228881836,13.220000267028809,13.34000015258789,0
20230714,KRW=X,1266.8299560546875,1270.489990234375,1259.8900146484375,1266.8299560546875,0
20230714,^SOX,3798.530029296875,3828.159912109375,3735.4599609375,3750.409912109375,0
20230714,^TNX,3.7790000438690186,3.819999933242798,3.76200008392334,3.819000005722046,0
20230717,^GSPC,4508.85986328125,4532.85009765625,4504.89990234375,4522.7900390625,3538240000
20230717,^IXIC,14149.919921875,14274.41015625,14138.009765625,14244.9501953125,4593160000
20230717,^DJI,34499.73828125,34665.1484375,34418.71875,34585.3515625,359780000
20230717,^VIX,13.779999732971191,14.0,13.430000305175781,13.479999542236328,0
20230717,KRW=X,1268.3399658203125,1269.9200439453125,1263.3800048828125,1268.3399658203125,0
20230717,^SOX,3756.360107421875,3855.47998046875,3729.06005859375,3837.31005859375,0
20230717,^TNX,3.7790000438690186,3.8359999656677246,3.7790000438690186,3.796999931335449,0
20230718,^GSPC,4521.77978515625,4562.2998046875,4514.58984375,4554.97998046875,4090010000
20230718,^IXIC,14212.25,14396.6904296875,14176.1103515625,14353.6396484375,4824070000
20230718,^DJI,34597.078125,34986.359375,34530.609375,34951.9296875,385940000
20230718,^VIX,13.609999656677246,13.670000076293945,13.289999961853027,13.300000190734863,0
20230718,KRW=X,1265.449951171875,1266.030029296875,1257.0899658203125,1265.449951171875,0
20230718,^SOX,3821.080078125,3854.570068359375,3790.300048828125,3842.360107421875,0
20230718,^TNX,3.757999897003174,3.7929999828338623,3.73799991607666,3.7890000343322754,0
20230719,^GSPC,4563.8701171875,4578.43017578125,4557.47998046875,4565.72021484375,4115670000
20230719,^IXIC,14398.5302734375,14446.5498046875,14317.08984375,14358.01953125,5112420000
20230719,^DJI,34991.2109375,35234.05078125,34991.2109375,35061.2109375,365130000
20230719,^VIX,13.319999694824219,13.84000015258789,13.119999885559082,13.760000228881836,0
20230719,KRW=X,1264.93994140625,1269.0799560546875,1261.1700439453125,1264.93994140625,0
20230719,^SOX,3849.10009765625,3849.7900390625,3792.110107421875,3801.659912109375,0
20230719,^TNX,3.74399995803833,3.7950000762939453,3.734999895095825,3.742000102996826,0
20230720,^GSPC,4554.3798828125,4564.740234375,4527.56005859375,4534.8701171875,3761770000
20230720,^IXIC,14273.2900390625,14309.919921875,14030.6201171875,14063.3095703125,5128020000
20230720,^DJI,35091.98046875,35372.76953125,35091.98046875,35225.1796875,340880000
20230720,^VIX,13.960000038146973,14.229999542236328,13.579999923706055,13.989999771118164,0
20230720,KRW=X,1265.0899658203125,1278.9200439453125,1261.280029296875,1265.0899658203125,0
20230720,^SOX,3727.469970703125,3742.949951171875,3647.9599609375,3663.85009765625,0
20230720,^TNX,3.7909998893737793,3.874000072479248,3.7909998893737793,3.8540000915527344,0
20230721,^GSPC,4550.16015625,4555.0,4535.7900390625,4536.33984375,3570190000
20230721,^IXIC,14148.1796875,14179.009765625,14020.4501953125,14032.8095703125,5254180000
20230721,^DJI,35274.3203125,35340.66015625,35186.05078125,35227.69140625,465270000
20230721,^VIX,13.869999885559082,13.890000343322754,13.369999885559082,13.600000381469727,0
20230721,KRW=X,1278.4000244140625,1290.0,1276.1400146484375,1278.4000244140625,0
20230721,^SOX,3702.68994140625,3730.340087890625,3678.840087890625,3698.85009765625,0
20230721,^TNX,3.8329999446868896,3.8369998931884766,3.809000015258789,3.8369998931884766,0
20230724,^GSPC,4543.39013671875,4563.41015625,4541.2900390625,4554.64013671875,3856250000
20230724,^IXIC,14081.6298828125,14110.150390625,13997.1298828125,14058.8701171875,4083070000
20230724,^DJI,35230.7890625,35463.96875,35230.7890625,35411.23828125,284460000
20230724,^VIX,14.289999961853027,14.300000190734863,13.729999542236328,13.90999984741211,0
20230724,KRW=X,1285.6500244140625,1288.6700439453125,1277.18994140625,1285.6500244140625,0
20230724,^SOX,3702.409912109375,3723.090087890625,3679.7099609375,3692.320068359375,0
20230724,^TNX,3.805999994277954,3.865000009536743,3.7980000972747803,3.8570001125335693,0
20230725,^GSPC,4555.18994140625,4580.6201171875,4552.419921875,4567.4599609375,3812470000
20230725,^IXIC,14093.240234375,14201.91015625,14092.51953125,14144.5595703125,3812470000
20230725,^DJI,35421.48828125,35527.5703125,35365.26171875,35438.0703125,299530000
20230725,^VIX,14.020000457763672,14.09000015258789,13.819999694824219,13.859999656677246,0
20230725,KRW=X,1280.530029296875,1284.8299560546875,1273.1199951171875,1280.530029296875,0
20230725,^SOX,3717.97998046875,3774.300048828125,3717.97998046875,3755.27001953125,0
20230725,^TNX,3.8919999599456787,3.921999931335449,3.884999990463257,3.9119999408721924,0
20230726,^GSPC,4558.9599609375,4582.47021484375,4547.580078125,4566.75,3990290000
20230726,^IXIC,14123.51953125,14187.349609375,14041.9501953125,14127.2802734375,4322000000
20230726,^DJI,35345.98828125,35633.609375,35306.26953125,35520.12109375,346240000
20230726,^VIX,13.859999656677246,14.15999984741211,13.149999618530273,13.1899995803833,0
20230726,KRW=X,1274.1199951171875,1282.2099609375,1270.1800537109375,1274.1199951171875,0
20230726,^SOX,3702.760009765625,3730.409912109375,3662.0,3699.3701171875,0
20230726,^TNX,3.884999990463257,3.9040000438690186,3.8489999771118164,3.8510000705718994,0
20230727,^GSPC,4598.259765625,4607.06982421875,4528.56005859375,4537.41015625,4553210000
20230727,^IXIC,14319.16015625,14360.2001953125,14006.9296875,14050.1103515625,5115840000
20230727,^DJI,35558.7890625,35645.3515625,35216.578125,35282.71875,352230000
20230727,^VIX,13.140000343322754,15.020000457763672,12.739999771118164,14.40999984741211,0
20230727,KRW=X,1275.1700439453125,1282.5699462890625,1266.9200439453125,1275.1700439453125,0
20230727,^SOX,3795.050048828125,3845.02001953125,3746.60009765625,3768.27001953125,0
20230727,^TNX,3.86299991607666,4.021999835968018,3.8529999256134033,4.01200008392334,0
20230728,^GSPC,4565.75,4590.16015625,4564.009765625,4582.22998046875,3981010000
20230728,^IXIC,14199.830078125,14344.349609375,14188.099609375,14316.66015625,4453520000
20230728,^DJI,35443.48828125,35565.51171875,35355.1484375,35459.2890625,369000000
20230728,^VIX,14.029999732971191,14.180000305175781,13.270000457763672,13.329999923706055,0
20230728,KRW=X,1283.8800048828125,1284.02001953125,1273.1600341796875,1283.8800048828125,0
20230728,^SOX,3840.110107421875,3862.25,3803.7900390625,3851.760009765625,0
20230728,^TNX,3.9609999656677246,3.994999885559082,3.940999984741211,3.9690001010894775,0
20230731,^GSPC,4584.81982421875,4594.22021484375,4573.14013671875,4588.9599609375,4503600000
20230731,^IXIC,14337.900390625,14370.91015625,14292.75,14346.01953125,4934440000
20230731,^DJI,35465.96875,35566.94921875,35430.21875,35559.53125,327410000
20230731,^VIX,13.979999542236328,14.09000015258789,13.569999694824219,13.630000114440918,0
20230731,KRW=X,1272.3900146484375,1279.030029296875,1270.1300048828125,1272.3900146484375,0
20230731,^SOX,3867.639892578125,3875.169921875,3843.050048828125,3861.6298828125,0
20230731,^TNX,3.9670000076293945,3.9809999465942383,3.927000045776367,3.9590001106262207,0
20230801,^GSPC,4578.830078125,4584.6201171875,4567.52978515625,4576.72998046875,4042370000
20230801,^IXIC,14274.9296875,14309.2099609375,14215.6396484375,14283.91015625,4633770000
20230801,^DJI,35585.98828125,35679.12890625,35526.609375,35630.6796875,259490000
20230801,^VIX,13.75,14.300000190734863,13.75,13.930000305175781,0
20230801,KRW=X,1277.9300537109375,1290.280029296875,1274.5,1277.9300537109375,0
20230801,^SOX,3825.3798828125,3866.85009765625,3818.06005859375,3858.2099609375,0
20230801,^TNX,4.000999927520752,4.057000160217285,4.000999927520752,4.051000118255615,0
20230802,^GSPC,4550.93017578125,4550.93017578125,4505.75,4513.39013671875,4270710000
20230802,^IXIC,14132.73046875,14133.849609375,13914.8095703125,13973.4501953125,5481960000
20230802,^DJI,35551.921875,35551.921875,35226.26171875,35282.51953125,298570000
20230802,^VIX,15.699999809265137,16.479999542236328,14.949999809265137,16.09000015258789,0
20230802,KRW=X,1289.050048828125,1302.0799560546875,1286.9599609375,1289.050048828125,0
20230802,^SOX,3809.31005859375,3809.75,3691.3701171875,3711.60009765625,0
20230802,^TNX,4.039000034332275,4.125999927520752,4.034999847412109,4.078000068664551,0
20230803,^GSPC,4494.27001953125,4519.490234375,4485.5400390625,4501.89013671875,4149120000
20230803,^IXIC,13899.759765625,14032.2802734375,13881.349609375,13959.7197265625,6036970000
20230803,^DJI,35194.55859375,35348.19921875,35122.3203125,35215.890625,254960000
20230803,^VIX,16.770000457763672,17.420000076293945,15.720000267028809,15.920000076293945,0
20230803,KRW=X,1295.3699951171875,1303.6199951171875,1294.699951171875,1295.3699951171875,0
20230803,^SOX,3665.530029296875,3731.050048828125,3658.429931640625,3708.080078125,0
20230803,^TNX,4.144999980926514,4.197999954223633,4.127999782562256,4.189000129699707,0
20230804,^GSPC,4513.9599609375,4540.33984375,4474.5498046875,4478.02978515625,4143310000
20230804,^IXIC,14025.9599609375,14119.2197265625,13897.9296875,13909.240234375,5349450000
20230804,^DJI,35230.12890625,35506.87890625,35033.76171875,35065.62109375,338290000
20230804,^VIX,16.010000228881836,17.389999389648438,14.569999694824219,17.100000381469727,0
20230804,KRW=X,1296.4000244140625,1311.3499755859375,1296.3800048828125,1296.4000244140625,0
20230804,^SOX,3689.830078125,3751.330078125,3660.300048828125,3699.199951171875,0
20230804,^TNX,4.191999912261963,4.205999851226807,4.058000087738037,4.059999942779541,0
20230807,^GSPC,4491.580078125,4519.83984375,4491.14990234375,4518.43994140625,3493920000
20230807,^IXIC,13972.4501953125,13997.150390625,13864.919921875,13994.400390625,4892330000
20230807,^DJI,35125.6015625,35497.37890625,35125.6015625,35473.12890625,300150000
20230807,^VIX,16.899999618530273,17.360000610351562,15.770000457763672,15.770000457763672,0
20230807,KRW=X,1303.050048828125,1308.31005859375,1298.6500244140625,1303.050048828125,0
20230807,^SOX,3730.93994140625,3740.409912109375,3705.02001953125,3739.409912109375,0
20230807,^TNX,4.11299991607666,4.11299991607666,4.064000129699707,4.078000068664551,0
20230808,^GSPC,4498.02978515625,4503.31005859375,4464.39013671875,4499.3798828125,3884910000
20230808,^IXIC,13875.4501953125,13899.740234375,13769.33984375,13884.3203125,5284550000
20230808,^DJI,35345.3984375,35346.640625,35007.41015625,35314.48828125,303840000
20230808,^VIX,16.280000686645508,18.139999389648438,15.960000038146973,15.989999771118164,0
20230808,KRW=X,1307.75,1321.75,1305.0999755859375,1307.75,0
20230808,^SOX,3673.43994140625,3684.97998046875,3631.81005859375,3679.419921875,0
20230808,^TNX,4.007999897003174,4.033999919891357,3.9839999675750732,4.026000022888184,0
20230809,^GSPC,4501.56982421875,4502.43994140625,4461.330078125,4467.7099609375,3803100000
20230809,^IXIC,13897.6103515625,13898.5400390625,13698.3896484375,13722.01953125,5591360000
20230809,^DJI,35324.28125,35370.890625,35058.73046875,35123.359375,306680000
20230809,^VIX,15.8100004196167,16.8700008392334,15.380000114440918,15.960000038146973,0
20230809,KRW=X,1316.6700439453125,1321.780029296875,1309.5400390625,1316.6700439453125,0
20230809,^SOX,3677.419921875,3678.75,3606.090087890625,3610.47998046875,0
20230809,^TNX,4.035999774932861,4.035999774932861,3.98799991607666,4.01200008392334,0
20230810,^GSPC,4487.16015625,4527.3701171875,4457.919921875,4468.830078125,4504370000
20230810,^IXIC,13818.25,13947.16015625,13686.509765625,13737.990234375,5299080000
20230810,^DJI,35231.5390625,35578.578125,35107.6015625,35176.1484375,337110000
20230810,^VIX,15.579999923706055,16.860000610351562,14.600000381469727,15.850000381469727,0
20230810,KRW=X,1313.6400146484375,1319.5,1305.5999755859375,1313.6400146484375,0
20230810,^SOX,3634.64990234375,3680.260009765625,3574.9599609375,3597.02001953125,0
20230810,^TNX,3.9820001125335693,4.093999862670898,3.9570000171661377,4.079999923706055,0
20230811,^GSPC,4450.68994140625,4476.22998046875,4443.97998046875,4464.0498046875,3753290000
20230811,^IXIC,13633.650390625,13720.330078125,13609.98046875,13644.849609375,4638880000
20230811,^DJI,35111.359375,35354.6015625,35059.98828125,35281.3984375,277840000
20230811,^VIX,15.529999732971191,16.510000228881836,14.84000015258789,14.84000015258789,0
20230811,KRW=X,1318.3299560546875,1331.260009765625,1316.4300537109375,1318.3299560546875,0
20230811,^SOX,3545.669921875,3554.81005859375,3504.639892578125,3514.550048828125,0
20230811,^TNX,4.10699987411499,4.168000221252441,4.090000152587891,4.168000221252441,0
20230814,^GSPC,4458.1298828125,4490.330078125,4453.43994140625,4489.72021484375,3896410000
20230814,^IXIC,13599.0,13789.16015625,13582.490234375,13788.330078125,4272020000
20230814,^DJI,35273.890625,35335.44921875,35169.96875,35307.62890625,300250000
20230814,^VIX,15.880000114440918,16.059999465942383,14.770000457763672,14.819999694824219,0
20230814,KRW=X,1329.6099853515625,1339.2099609375,1327.8299560546875,1329.6099853515625,0
20230814,^SOX,3492.1201171875,3616.0,3488.550048828125,3615.449951171875,0
20230814,^TNX,4.176000118255615,4.215000152587891,4.145999908447266,4.184000015258789,0
20230815,^GSPC,4478.8701171875,4478.8701171875,4432.18994140625,4437.85986328125,3832250000
20230815,^IXIC,13760.48046875,13774.98046875,13611.9404296875,13631.0498046875,4473320000
20230815,^DJI,35219.37109375,35219.37109375,34908.5,34946.390625,323920000
20230815,^VIX,14.949999809265137,16.56999969482422,14.90999984741211,16.459999084472656,0
20230815,KRW=X,1334.739990234375,1339.510009765625,1332.0400390625,1334.739990234375,0
20230815,^SOX,3600.610107421875,3607.969970703125,3552.1201171875,3553.9599609375,0
20230815,^TNX,4.235000133514404,4.27400016784668,4.165999889373779,4.2210001945495605,0
20230816,^GSPC,4433.7900390625,4449.9501953125,4403.5498046875,4404.330078125,3753910000
20230816,^IXIC,13593.169921875,13644.3203125,13473.0302734375,13474.6298828125,6243760000
20230816,^DJI,34914.9609375,35133.55859375,34757.37109375,34765.73828125,332310000
20230816,^VIX,16.540000915527344,16.93000030517578,15.800000190734863,16.780000686645508,0
20230816,KRW=X,1338.739990234375,1340.5799560546875,1333.02001953125,1338.739990234375,0
20230816,^SOX,3552.3798828125,3552.389892578125,3478.570068359375,3480.080078125,0
20230816,^TNX,4.204999923706055,4.26200008392334,4.190999984741211,4.257999897003174,0
20230817,^GSPC,4416.31982421875,4421.169921875,4364.830078125,4370.35986328125,3943700000
20230817,^IXIC,13527.2998046875,13535.08984375,13303.4501953125,13316.9296875,5280180000
20230817,^DJI,34829.609375,34888.48046875,34440.73046875,34474.828125,392850000
20230817,^VIX,16.959999084472656,18.1299991607666,16.399999618530273,17.889999389648438,0
20230817,KRW=X,1343.3299560546875,1343.3299560546875,1334.280029296875,1343.3299560546875,0
20230817,^SOX,3492.7900390625,3492.7900390625,3437.8701171875,3446.35009765625,0
20230817,^TNX,4.2779998779296875,4.328000068664551,4.271999835968018,4.308000087738037,0
20230818,^GSPC,4344.8798828125,4381.81982421875,4335.31005859375,4369.7099609375,3940400000
20230818,^IXIC,13190.01953125,13335.8701171875,13161.759765625,13290.7802734375,4801910000
20230818,^DJI,34368.359375,34587.0703125,34263.19140625,34500.66015625,320680000
20230818,^VIX,17.799999237060547,18.8799991607666,17.139999389648438,17.299999237060547,0
20230818,KRW=X,1339.0799560546875,1344.1099853515625,1332.1099853515625,1339.0799560546875,0
20230818,^SOX,3411.469970703125,3475.860107421875,3405.35009765625,3462.739990234375,0
20230818,^TNX,4.243000030517578,4.28000020980835,4.2230000495910645,4.250999927520752,0
20230821,^GSPC,4380.27978515625,4407.5498046875,4360.2998046875,4399.77001953125,3726850000
20230821,^IXIC,13347.259765625,13516.8603515625,13325.58984375,13497.58984375,4363070000
20230821,^DJI,34531.28125,34570.9609375,34248.4609375,34463.69140625,396490000
20230821,^VIX,18.030000686645508,18.110000610351562,16.8799991607666,17.1299991607666,0
20230821,KRW=X,1339.1700439453125,1343.18994140625,1337.6400146484375,1339.1700439453125,0
20230821,^SOX,3481.22998046875,3565.760009765625,3475.580078125,3560.739990234375,0
20230821,^TNX,4.294000148773193,4.354000091552734,4.288000106811523,4.3420000076293945,0
20230822,^GSPC,4415.330078125,4418.58984375,4382.77001953125,4387.5498046875,3522760000
20230822,^IXIC,13593.9501953125,13598.76953125,13484.3798828125,13505.8701171875,4282430000
20230822,^DJI,34494.171875,34514.0390625,34256.83984375,34288.828125,279200000
20230822,^VIX,16.959999084472656,17.579999923706055,16.610000610351562,16.969999313354492,0
20230822,KRW=X,1339.739990234375,1340.989990234375,1333.550048828125,1339.739990234375,0
20230822,^SOX,3606.280029296875,3610.14990234375,3516.75,3527.68994140625,0
20230822,^TNX,4.309999942779541,4.361999988555908,4.309999942779541,4.328000068664551,0
20230823,^GSPC,4396.43994140625,4443.18017578125,4396.43994140625,4436.009765625,3837270000
20230823,^IXIC,13532.4296875,13757.0,13532.4296875,13721.0302734375,4127850000
20230823,^DJI,34338.58984375,34534.71875,34321.0,34472.98046875,360610000
20230823,^VIX,16.639999389648438,17.100000381469727,15.90999984741211,15.979999542236328,0
20230823,KRW=X,1339.68994140625,1340.5400390625,1329.9000244140625,1339.68994140625,0
20230823,^SOX,3508.070068359375,3614.080078125,3507.0400390625,3602.010009765625,0
20230823,^TNX,4.2829999923706055,4.291999816894531,4.190000057220459,4.197999954223633,0
20230824,^GSPC,4455.16015625,4458.2998046875,4375.5498046875,4376.31005859375,3723470000
20230824,^IXIC,13834.3095703125,13834.6904296875,13462.83984375,13463.9697265625,4383820000
20230824,^DJI,34439.828125,34694.6796875,34093.6484375,34099.421875,342520000
20230824,^VIX,15.569999694824219,17.31999969482422,15.479999542236328,17.200000762939453,0
20230824,KRW=X,1327.780029296875,1328.739990234375,1317.6700439453125,1327.780029296875,0
20230824,^SOX,3663.949951171875,3663.949951171875,3474.25,3481.300048828125,0
20230824,^TNX,4.2230000495910645,4.238999843597412,4.190000057220459,4.235000133514404,0
20230825,^GSPC,4389.3798828125,4418.4599609375,4356.2900390625,4405.7099609375,3296180000
20230825,^IXIC,13514.3701171875,13633.419921875,13376.349609375,13590.650390625,3970060000
20230825,^DJI,34217.05859375,34441.91015625,34029.21875,34346.8984375,257440000
20230825,^VIX,17.209999084472656,17.360000610351562,15.449999809265137,15.680000305175781,0
20230825,KRW=X,1326.6199951171875,1328.949951171875,1319.780029296875,1326.6199951171875,0
20230825,^SOX,3476.300048828125,3521.340087890625,3425.7900390625,3495.64990234375,0
20230825,^TNX,4.235000133514404,4.284999847412109,4.203999996185303,4.238999843597412,0
20230828,^GSPC,4426.02978515625,4439.56005859375,4414.97998046875,4433.31005859375,2957230000
20230828,^IXIC,13695.3603515625,13735.98046875,13626.6396484375,13705.1298828125,3666680000
20230828,^DJI,34441.640625,34652.91015625,34441.640625,34559.98046875,224640000
20230828,^VIX,16.239999771118164,16.280000686645508,15.0,15.079999923706055,0
20230828,KRW=X,1323.6099853515625,1326.8399658203125,1319.1500244140625,1323.6099853515625,0
20230828,^SOX,3528.409912109375,3546.760009765625,3503.2900390625,3537.8701171875,0
20230828,^TNX,4.23199987411499,4.234000205993652,4.193999767303467,4.211999893188477,0
20230829,^GSPC,4432.75,4500.14013671875,4431.68017578125,4497.6298828125,3354820000
20230829,^IXIC,13687.23046875,13959.8095703125,13677.0595703125,13943.759765625,4748180000
20230829,^DJI,34531.12109375,34864.421875,34531.12109375,34852.671875,262550000
20230829,^VIX,15.079999923706055,15.300000190734863,14.34000015258789,14.449999809265137,0
20230829,KRW=X,1322.8199462890625,1328.6800537109375,1318.280029296875,1322.8199462890625,0
20230829,^SOX,3518.340087890625,3640.429931640625,3515.840087890625,3629.570068359375,0
20230829,^TNX,4.21999979019165,4.243000030517578,4.105999946594238,4.122000217437744,0
20230830,^GSPC,4500.33984375,4521.64990234375,4493.58984375,4514.8701171875,3064110000
20230830,^IXIC,13961.76953125,14050.8203125,13924.2001953125,14019.3095703125,4364600000
20230830,^DJI,34847.80078125,35025.5703125,34811.73828125,34890.23828125,236070000
20230830,^VIX,14.529999732971191,14.699999809265137,13.829999923706055,13.880000114440918,0
20230830,KRW=X,1321.0699462890625,1325.699951171875,1318.18994140625,1321.0699462890625,0
20230830,^SOX,3615.1201171875,3658.56005859375,3593.47998046875,3643.919921875,0
20230830,^TNX,4.13700008392334,4.15500020980835,4.086999893188477,4.118000030517578,0
20230831,^GSPC,4517.009765625,4532.259765625,4507.39013671875,4507.66015625,3946360000
20230831,^IXIC,14041.5400390625,14114.669921875,14010.48046875,14034.9697265625,4568610000
20230831,^DJI,34909.08984375,35070.2109375,34719.76953125,34721.91015625,341900000
20230831,^VIX,13.979999542236328,14.0,13.4399995803833,13.569999694824219,0
20230831,KRW=X,1323.030029296875,1326.3399658203125,1319.9300537109375,1323.030029296875,0
20230831,^SOX,3637.050048828125,3690.300048828125,3636.530029296875,3670.929931640625,0
20230831,^TNX,4.09499979019165,4.118000030517578,4.077000141143799,4.0929999351501465,0
20230901,^GSPC,4530.60009765625,4541.25,4501.35009765625,4515.77001953125,3246260000
20230901,^IXIC,14129.9599609375,14149.6201171875,13982.419921875,14031.8095703125,4033960000
20230901,^DJI,34876.23828125,34979.1796875,34720.69921875,34837.7109375,286370000
20230901,^VIX,13.5600004196167,13.5600004196167,13.020000457763672,13.09000015258789,0
20230901,KRW=X,1324.6400146484375,1324.6400146484375,1311.300048828125,1324.6400146484375,0
20230901,^SOX,3694.72998046875,3705.580078125,3658.2900390625,3682.840087890625,0
20230901,^TNX,4.0970001220703125,4.199999809265137,4.059999942779541,4.172999858856201,0
20230904,KRW=X,1317.4599609375,1321.8900146484375,1315.1199951171875,1317.4599609375,0
20230905,^GSPC,4510.06005859375,4514.2900390625,4496.009765625,4496.830078125,3526250000
20230905,^IXIC,13994.5400390625,14060.849609375,13945.650390625,14020.9501953125,4379790000
20230905,^DJI,34843.21875,34871.26171875,34635.62890625,34641.96875,283540000
20230905,^VIX,14.149999618530273,14.470000267028809,13.699999809265137,14.010000228881836,0
20230905,KRW=X,1317.949951171875,1335.02001953125,1318.550048828125,1317.949951171875,0
20230905,^SOX,3669.659912109375,3711.550048828125,3651.93994140625,3683.7900390625,0
20230905,^TNX,4.228000164031982,4.269999980926514,4.211999893188477,4.26800012588501,0
20230906,^GSPC,4490.35009765625,4490.35009765625,4442.3798828125,4465.47998046875,3418850000
20230906,^IXIC,13988.8095703125,14001.9501953125,13802.419921875,13872.4697265625,4215320000
20230906,^DJI,34611.6796875,34611.6796875,34291.55859375,34443.19140625,308900000
20230906,^VIX,14.270000457763672,15.300000190734863,14.130000114440918,14.449999809265137,0
20230906,KRW=X,1331.72998046875,1337.56005859375,1328.18994140625,1331.72998046875,0
20230906,^SOX,3673.68994140625,3693.919921875,3615.419921875,3654.4599609375,0
20230906,^TNX,4.242000102996826,4.306000232696533,4.239999771118164,4.289999961853027,0
20230907,^GSPC,4434.5498046875,4457.81005859375,4430.4599609375,4451.14013671875,3763760000
20230907,^IXIC,13675.1103515625,13774.6298828125,13642.4697265625,13748.830078125,4320830000
20230907,^DJI,34351.1796875,34560.859375,34351.1796875,34500.73046875,386980000
20230907,^VIX,14.8100004196167,15.6899995803833,14.399999618530273,14.399999618530273,0
20230907,KRW=X,1333.4599609375,1338.300048828125,1330.25,1333.4599609375,0
20230907,^SOX,3569.97998046875,3591.820068359375,3536.56005859375,3582.110107421875,0
20230907,^TNX,4.283999919891357,4.308000087738037,4.257999897003174,4.260000228881836,0
20230908,^GSPC,4451.2998046875,4473.52978515625,4448.3798828125,4457.490234375,3259290000
20230908,^IXIC,13754.7099609375,13843.3701171875,13733.1796875,13761.5302734375,4160360000
20230908,^DJI,34487.41015625,34627.8515625,34473.5703125,34576.58984375,293990000
20230908,^VIX,14.220000267028809,14.869999885559082,13.579999923706055,13.84000015258789,0
20230908,KRW=X,1334.02001953125,1335.530029296875,1331.260009765625,1334.02001953125,0
20230908,^SOX,3575.81005859375,3601.47998046875,3552.239990234375,3565.989990234375,0
20230908,^TNX,4.257999897003174,4.263999938964844,4.2129998207092285,4.257999897003174,0
20230911,^GSPC,4480.97998046875,4490.77001953125,4467.89013671875,4487.4599609375,3369920000
20230911,^IXIC,13884.0302734375,13937.4697265625,13805.1298828125,13917.8896484375,4538870000
20230911,^DJI,34650.01171875,34784.51953125,34578.58984375,34663.71875,291720000
20230911,^VIX,14.170000076293945,14.329999923706055,13.739999771118164,13.800000190734863,0
20230911,KRW=X,1335.3199462890625,1335.3199462890625,1326.030029296875,1335.3199462890625,0
20230911,^SOX,3605.6298828125,3607.580078125,3521.669921875,3569.22998046875,0
20230911,^TNX,4.283999919891357,4.300000190734863,4.271999835968018,4.288000106811523,0
20230912,^GSPC,4473.27001953125,4487.10986328125,4456.830078125,4461.89990234375,3435740000
20230912,^IXIC,13858.9404296875,13913.599609375,13763.6904296875,13773.6103515625,4595490000
20230912,^DJI,34620.01953125,34852.609375,34560.55078125,34645.98828125,318670000
20230912,^VIX,14.020000457763672,14.420000076293945,13.710000038146973,14.229999542236328,0
20230912,KRW=X,1320.43994140625,1328.780029296875,1322.800048828125,1320.43994140625,0
20230912,^SOX,3539.550048828125,3599.320068359375,3536.199951171875,3541.090087890625,0
20230912,^TNX,4.285999774932861,4.297999858856201,4.263999938964844,4.263999938964844,0
20230913,^GSPC,4462.64990234375,4479.39013671875,4453.52001953125,4467.43994140625,3529430000
20230913,^IXIC,13773.669921875,13868.5703125,13733.8203125,13813.58984375,4840310000
20230913,^DJI,34667.28125,34767.109375,34509.94921875,34575.53125,295480000
20230913,^VIX,14.420000076293945,14.680000305175781,13.40999984741211,13.479999542236328,0
20230913,KRW=X,1324.0999755859375,1330.02001953125,1322.4200439453125,1324.0999755859375,0
20230913,^SOX,3536.739990234375,3595.030029296875,3536.739990234375,3560.4599609375,0
20230913,^TNX,4.311999797821045,4.343999862670898,4.235000133514404,4.249000072479248,0
20230914,^GSPC,4487.77978515625,4511.990234375,4478.68994140625,4505.10009765625,3648720000
20230914,^IXIC,13889.759765625,13957.5703125,13810.66015625,13926.0498046875,4649010000
20230914,^DJI,34687.5,34977.96875,34687.5,34907.109375,305180000
20230914,^VIX,13.390000343322754,13.460000038146973,12.789999961853027,12.819999694824219,0
20230914,KRW=X,1329.77001953125,1330.3399658203125,1322.4300537109375,1329.77001953125,0
20230914,^SOX,3594.570068359375,3598.14990234375,3549.1298828125,3584.22998046875,0
20230914,^TNX,4.229000091552734,4.297999858856201,4.2230000495910645,4.288000106811523,0
20230915,^GSPC,4497.97998046875,4497.97998046875,4447.2099609375,4450.31982421875,6932230000
20230915,^IXIC,13889.2001953125,13895.75,13684.240234375,13708.330078125,8162210000
20230915,^DJI,34902.0390625,34902.0390625,34572.26953125,34618.23828125,582160000
20230915,^VIX,12.699999809265137,14.170000076293945,12.680000305175781,13.789999961853027,0
20230915,KRW=X,1327.06005859375,1330.300048828125,1323.7099609375,1327.06005859375,0
20230915,^SOX,3555.570068359375,3560.889892578125,3461.159912109375,3476.389892578125,0
20230915,^TNX,4.320000171661377,4.3379998207092285,4.302999973297119,4.322000026702881,0
20230918,^GSPC,4445.1298828125,4466.35986328125,4442.10986328125,4453.52978515625,3161230000
20230918,^IXIC,13669.9599609375,13751.2802734375,13663.4599609375,13710.240234375,4855880000
20230918,^DJI,34612.2890625,34725.05859375,34545.3515625,34624.30078125,252700000
20230918,^VIX,14.399999618530273,14.75,13.859999656677246,14.0,0
20230918,KRW=X,1328.4200439453125,1328.4200439453125,1322.3800048828125,1328.4200439453125,0
20230918,^SOX,3446.800048828125,3504.030029296875,3446.219970703125,3492.469970703125,0
20230918,^TNX,4.336999893188477,4.359000205993652,4.310999870300293,4.318999767303467,0
20230919,^GSPC,4445.41015625,4449.85009765625,4416.60986328125,4443.9501953125,3614880000
20230919,^IXIC,13649.4404296875,13705.150390625,13578.8701171875,13678.1904296875,4453460000
20230919,^DJI,34571.83984375,34597.55859375,34311.69140625,34517.73046875,282830000
20230919,^VIX,14.109999656677246,14.880000114440918,13.859999656677246,14.109999656677246,0
20230919,KRW=X,1329.6600341796875,1328.6800537109375,1317.77001953125,1329.6600341796875,0
20230919,^SOX,3475.530029296875,3482.530029296875,3441.909912109375,3459.02001953125,0
20230919,^TNX,4.333000183105469,4.364999771118164,4.324999809265137,4.364999771118164,0
20230920,^GSPC,4452.81005859375,4461.02978515625,4401.3798828125,4402.2001953125,3308450000
20230920,^IXIC,13710.259765625,13727.8095703125,13467.2802734375,13469.1298828125,4782440000
20230920,^DJI,34575.5,34776.28125,34434.2890625,34440.87890625,291650000
20230920,^VIX,14.180000305175781,15.149999618530273,13.569999694824219,15.140000343322754,0
20230920,KRW=X,1328.530029296875,1330.9200439453125,1323.219970703125,1328.530029296875,0
20230920,^SOX,3471.739990234375,3485.719970703125,3397.969970703125,3398.81005859375,0
20230920,^TNX,4.339000225067139,4.361000061035156,4.313000202178955,4.348999977111816,0
20230921,^GSPC,4374.35986328125,4375.7001953125,4329.169921875,4330.0,3662340000
20230921,^IXIC,13328.0595703125,13362.23046875,13222.5595703125,13223.98046875,5014890000
20230921,^DJI,34332.23046875,34378.30078125,34058.71875,34070.421875,331930000
20230921,^VIX,15.489999771118164,17.540000915527344,15.100000381469727,17.540000915527344,0
20230921,KRW=X,1332.3399658203125,1344.18994140625,1333.199951171875,1332.3399658203125,0
20230921,^SOX,3356.159912109375,3381.550048828125,3337.860107421875,3338.85009765625,0
20230921,^TNX,4.466000080108643,4.489999771118164,4.461999893188477,4.480000019073486,0
20230922,^GSPC,4341.740234375,4357.39990234375,4316.490234375,4320.06005859375,3349570000
20230922,^IXIC,13287.169921875,13353.2197265625,13200.6396484375,13211.8095703125,4302700000
20230922,^DJI,34077.078125,34156.1484375,33947.23828125,33963.83984375,268760000
20230922,^VIX,17.309999465942383,17.40999984741211,15.930000305175781,17.200000762939453,0
20230922,KRW=X,1341.1700439453125,1341.1500244140625,1330.0999755859375,1341.1700439453125,0
20230922,^SOX,3369.35009765625,3398.43994140625,3353.9599609375,3365.2900390625,0
20230922,^TNX,4.473999977111816,4.486000061035156,4.423999786376953,4.438000202178955,0
20230925,^GSPC,4310.6201171875,4338.509765625,4302.7001953125,4337.43994140625,3195650000
20230925,^IXIC,13172.5400390625,13277.830078125,13132.0,13271.3203125,4100290000
20230925,^DJI,33907.58984375,34017.53125,33780.671875,34006.87890625,229450000
20230925,^VIX,17.25,18.40999984741211,16.790000915527344,16.899999618530273,0
20230925,KRW=X,1334.6600341796875,1341.010009765625,1330.5,1334.6600341796875,0
20230925,^SOX,3349.469970703125,3390.52001953125,3337.35009765625,3389.4599609375,0
20230925,^TNX,4.505000114440918,4.546000003814697,4.499000072479248,4.541999816894531,0
20230926,^GSPC,4312.8798828125,4313.009765625,4265.97998046875,4273.52978515625,3472340000
20230926,^IXIC,13180.9599609375,13199.1298828125,13033.400390625,13063.6103515625,4693540000
20230926,^DJI,33862.6796875,33879.9296875,33569.6015625,33618.87890625,280100000
20230926,^VIX,18.030000686645508,19.5,17.170000076293945,18.940000534057617,0
20230926,KRW=X,1338.449951171875,1355.0,1337.4300537109375,1338.449951171875,0
20230926,^SOX,3362.179931640625,3370.050048828125,3314.5,3329.6201171875,0
20230926,^TNX,4.485000133514404,4.564000129699707,4.482999801635742,4.558000087738037,0
20230927,^GSPC,4282.6298828125,4292.06982421875,4238.6298828125,4274.509765625,3875880000
20230927,^IXIC,13115.3603515625,13156.3701171875,12963.16015625,13092.849609375,4841410000
20230927,^DJI,33682.80859375,33731.6484375,33306.30078125,33550.26953125,300330000
20230927,^VIX,18.290000915527344,19.709999084472656,18.030000686645508,18.219999313354492,0
20230927,KRW=X,1353.75,1357.2900390625,1347.25,1353.75,0
20230927,^SOX,3356.739990234375,3385.6201171875,3310.14990234375,3361.409912109375,0
20230927,^TNX,4.506999969482422,4.64300012588501,4.491000175476074,4.625999927520752,0
20230928,^GSPC,4269.64990234375,4317.27001953125,4264.3798828125,4299.7001953125,3846230000
20230928,^IXIC,13043.3701171875,13270.9697265625,13025.1103515625,13201.2802734375,4648390000
20230928,^DJI,33519.44140625,33777.8984375,33473.5,33666.33984375,275610000
20230928,^VIX,18.219999313354492,18.770000457763672,17.059999465942383,17.34000015258789,0
20230928,KRW=X,1352.8199462890625,1356.6800537109375,1347.1800537109375,1352.8199462890625,0
20230928,^SOX,3351.919921875,3457.4599609375,3343.580078125,3420.989990234375,0
20230928,^TNX,4.624000072479248,4.688000202178955,4.5970001220703125,4.5970001220703125,0
20230929,^GSPC,4328.18017578125,4333.14990234375,4274.85986328125,4288.0498046875,3865960000
20230929,^IXIC,13337.7099609375,13382.98046875,13177.08984375,13219.3203125,5138500000
20230929,^DJI,33882.609375,33893.6796875,33407.44921875,33507.5,319830000
20230929,^VIX,16.8700008392334,17.739999771118164,15.829999923706055,17.520000457763672,0
20230929,KRW=X,1347.8499755859375,1350.6300048828125,1340.8399658203125,1347.8499755859375,0
20230929,^SOX,3474.419921875,3481.7900390625,3421.5400390625,3434.2900390625,0
20230929,^TNX,4.548999786376953,4.574999809265137,4.507999897003174,4.572999954223633,0
20231002,^GSPC,4284.52001953125,4300.580078125,4260.2099609375,4288.39013671875,3938660000
20231002,^IXIC,13217.98046875,13364.0302734375,13204.080078125,13307.76953125,4554700000
20231002,^DJI,33455.5,33511.91015625,33219.55859375,33433.3515625,275630000
20231002,^VIX,17.309999465942383,18.549999237060547,16.93000030517578,17.610000610351562,0
20231002,KRW=X,1351.93994140625,1358.699951171875,1343.4200439453125,1351.93994140625,0
20231002,^SOX,3440.1201171875,3474.989990234375,3408.260009765625,3448.85009765625,0
20231002,^TNX,4.63100004196167,4.703000068664551,4.626999855041504,4.683000087738037,0
20231003,^GSPC,4269.75,4281.14990234375,4216.4501953125,4229.4501953125,3953830000
20231003,^IXIC,13229.6796875,13280.0400390625,13008.599609375,13059.4697265625,4684310000
20231003,^DJI,33318.83984375,33398.5390625,32916.19921875,33002.37890625,293450000
20231003,^VIX,17.809999465942383,20.479999542236328,17.520000457763672,19.780000686645508,0
20231003,KRW=X,1354.18994140625,1364.7099609375,1349.93994140625,1354.18994140625,0
20231003,^SOX,3424.06005859375,3464.739990234375,3355.409912109375,3376.580078125,0
20231003,^TNX,4.736999988555908,4.806000232696533,4.695000171661377,4.802000045776367,0
20231004,^GSPC,4233.830078125,4268.5,4220.47998046875,4263.75,3777600000
20231004,^IXIC,13092.919921875,13258.759765625,13072.509765625,13236.009765625,4308070000
20231004,^DJI,33034.1796875,33156.44921875,32873.23046875,33129.55078125,287030000
20231004,^VIX,20.719999313354492,20.8799991607666,18.299999237060547,18.579999923706055,0
20231004,KRW=X,1359.219970703125,1363.6700439453125,1349.4300537109375,1359.219970703125,0
20231004,^SOX,3397.739990234375,3432.429931640625,3370.679931640625,3424.919921875,0
20231004,^TNX,4.75600004196167,4.794000148773193,4.7270002365112305,4.735000133514404,0
20231005,^GSPC,4259.31005859375,4267.1298828125,4225.91015625,4258.18994140625,3581470000
20231005,^IXIC,13228.1201171875,13251.1796875,13087.5703125,13219.830078125,4167470000
20231005,^DJI,33099.23046875,33174.37890625,32941.55859375,33119.5703125,277250000
20231005,^VIX,18.670000076293945,19.579999923706055,18.260000228881836,18.489999771118164,0
20231005,KRW=X,1351.1600341796875,1353.3499755859375,1345.1500244140625,1351.1600341796875,0
20231005,^SOX,3425.739990234375,3432.97998046875,3376.860107421875,3406.97998046875,0
20231005,^TNX,4.730999946594238,4.7769999504089355,4.703999996185303,4.7170000076293945,0
20231006,^GSPC,4234.7900390625,4324.10009765625,4219.5498046875,4308.5,3902030000
20231006,^IXIC,13127.6796875,13472.26953125,13099.0302734375,13431.33984375,4309420000
20231006,^DJI,33040.69921875,33557.69140625,32846.94140625,33407.578125,332990000
20231006,^VIX,18.729999542236328,19.93000030517578,17.190000534057617,17.450000762939453,0
20231006,KRW=X,1346.06005859375,1356.81005859375,1338.989990234375,1346.06005859375,0
20231006,^SOX,3392.77001953125,3491.989990234375,3365.89990234375,3475.2099609375,0
20231006,^TNX,4.739999771118164,4.88700008392334,4.739999771118164,4.783999919891357,0
20231009,^GSPC,4289.02001953125,4341.72998046875,4283.7900390625,4335.66015625,3174630000
20231009,^IXIC,13326.2197265625,13509.2998046875,13277.48046875,13484.240234375,3835930000
20231009,^DJI,33259.83984375,33631.80859375,33253.69140625,33604.6484375,228760000
20231009,^VIX,19.540000915527344,19.600000381469727,17.559999465942383,17.700000762939453,0
20231009,KRW=X,1343.3599853515625,1354.43994140625,1343.3599853515625,1343.3599853515625,0
20231009,^SOX,3441.93994140625,3475.389892578125,3414.300048828125,3467.35009765625,0
20231009,^TNX,4.796999931335449,4.796999931335449,4.796999931335449,4.796999931335449,0
20231010,^GSPC,4339.75,4385.4599609375,4339.64013671875,4358.240234375,3520240000
20231010,^IXIC,13505.8095703125,13659.6298828125,13491.8095703125,13562.83984375,4301350000
20231010,^DJI,33683.41015625,33898.21875,33604.3203125,33739.30078125,255640000
20231010,^VIX,17.700000762939453,17.860000610351562,16.510000228881836,17.030000686645508,0
20231010,KRW=X,1346.8900146484375,1351.68994140625,1341.93994140625,1346.8900146484375,0
20231010,^SOX,3481.489990234375,3543.89990234375,3466.010009765625,3512.070068359375,0
20231010,^TNX,4.703000068664551,4.7129998207092285,4.618000030517578,4.65500020980835,0
20231011,^GSPC,4366.58984375,4378.64013671875,4345.33984375,4376.9501953125,3601660000
20231011,^IXIC,13619.2099609375,13671.1103515625,13549.2900390625,13659.6796875,4160440000
20231011,^DJI,33822.19921875,33882.55078125,33612.25,33804.87109375,256560000
20231011,^VIX,16.950000762939453,17.780000686645508,16.09000015258789,16.09000015258789,0
20231011,KRW=X,1341.8900146484375,1342.300048828125,1336.5400390625,1341.8900146484375,0
20231011,^SOX,3526.659912109375,3544.280029296875,3497.8798828125,3537.830078125,0
20231011,^TNX,4.580999851226807,4.624000072479248,4.564000129699707,4.59499979019165,0
20231012,^GSPC,4380.93994140625,4385.85009765625,4325.43017578125,4349.60986328125,3713140000
20231012,^IXIC,13672.4697265625,13714.1396484375,13491.5595703125,13574.2197265625,4858620000
20231012,^DJI,33845.6484375,33863.80078125,33455.6015625,33631.140625,289160000
20231012,^VIX,16.079999923706055,18.079999923706055,15.4399995803833,16.690000534057617,0
20231012,KRW=X,1338.260009765625,1347.6500244140625,1333.06005859375,1338.260009765625,0
20231012,^SOX,3549.949951171875,3596.780029296875,3515.5,3548.6201171875,0
20231012,^TNX,4.544000148773193,4.728000164031982,4.5320000648498535,4.711999893188477,0
20231013,^GSPC,4360.490234375,4377.10009765625,4311.97021484375,4327.77978515625,3566560000
20231013,^IXIC,13613.58984375,13619.5400390625,13361.849609375,13407.23046875,4251550000
20231013,^DJI,33733.33984375,33957.71875,33551.578125,33670.2890625,306340000
20231013,^VIX,16.530000686645508,20.780000686645508,16.5,19.31999969482422,0
20231013,KRW=X,1348.3399658203125,1353.18994140625,1345.81005859375,1348.3399658203125,0
20231013,^SOX,3556.429931640625,3557.22998046875,3446.760009765625,3452.969970703125,0
20231013,^TNX,4.61899995803833,4.650000095367432,4.585999965667725,4.629000186920166,0
20231016,^GSPC,4342.3701171875,4383.330078125,4342.3701171875,4373.6298828125,3409960000
20231016,^IXIC,13453.8095703125,13598.0498046875,13447.169921875,13567.98046875,4308690000
20231016,^DJI,33832.421875,34088.98046875,33832.421875,33984.5390625,270060000
20231016,^VIX,19.100000381469727,19.56999969482422,17.139999389648438,17.209999084472656,0
20231016,KRW=X,1352.0699462890625,1356.219970703125,1348.8199462890625,1352.0699462890625,0
20231016,^SOX,3462.010009765625,3512.989990234375,3459.679931640625,3502.510009765625,0
20231016,^TNX,4.690999984741211,4.724999904632568,4.665999889373779,4.711999893188477,0
20231017,^GSPC,4345.22998046875,4393.56982421875,4337.5400390625,4373.2001953125,3794850000
20231017,^IXIC,13419.8701171875,13602.25,13364.740234375,13533.75,4417640000
20231017,^DJI,33869.83984375,34147.62890625,33854.69921875,33997.6484375,281010000
20231017,^VIX,17.40999984741211,18.540000915527344,16.969999313354492,17.8799991607666,0
20231017,KRW=X,1347.760009765625,1357.3800048828125,1347.1600341796875,1347.760009765625,0
20231017,^SOX,3429.739990234375,3500.179931640625,3393.489990234375,3474.659912109375,0
20231017,^TNX,4.764999866485596,4.860000133514404,4.761000156402588,4.8470001220703125,0
20231018,^GSPC,4357.35009765625,4364.2001953125,4303.83984375,4314.60009765625,3686030000
20231018,^IXIC,13439.6796875,13499.740234375,13275.2998046875,13314.2998046875,4617140000
20231018,^DJI,33960.25,33991.51171875,33598.640625,33665.078125,285410000
20231018,^VIX,18.360000610351562,20.149999618530273,17.8799991607666,19.219999313354492,0
20231018,KRW=X,1352.989990234375,1357.8199462890625,1346.8900146484375,1352.989990234375,0
20231018,^SOX,3414.830078125,3443.659912109375,3397.550048828125,3413.449951171875,0
20231018,^TNX,4.839000225067139,4.927999973297119,4.834000110626221,4.9039998054504395,0
20231019,^GSPC,4321.35986328125,4339.5400390625,4269.68994140625,4278.0,3969730000
20231019,^IXIC,13354.7998046875,13404.73046875,13157.330078125,13186.1796875,5014790000
20231019,^DJI,33669.51953125,33852.390625,33368.578125,33414.171875,304320000
20231019,^VIX,19.729999542236328,21.399999618530273,18.549999237060547,21.399999618530273,0
20231019,KRW=X,1354.56005859375,1360.1099853515625,1354.3599853515625,1354.56005859375,0
20231019,^SOX,3444.679931640625,3449.030029296875,3356.360107421875,3367.77001953125,0
20231019,^TNX,4.964000225067139,4.995999813079834,4.894000053405762,4.98799991607666,0
20231020,^GSPC,4273.85009765625,4276.56005859375,4223.02978515625,4224.16015625,4004030000
20231020,^IXIC,13157.76953125,13177.349609375,12977.4296875,12983.8095703125,4622840000
20231020,^DJI,33365.26953125,33425.76953125,33118.12109375,33127.28125,325530000
20231020,^VIX,21.59000015258789,21.829999923706055,20.420000076293945,21.709999084472656,0
20231020,KRW=X,1356.22998046875,1359.1099853515625,1348.449951171875,1356.22998046875,0
20231020,^SOX,3364.320068359375,3390.97998046875,3312.25,3316.139892578125,0
20231020,^TNX,4.978000164031982,4.993000030517578,4.892000198364258,4.923999786376953,0
20231023,^GSPC,4210.39990234375,4255.83984375,4189.22021484375,4217.0400390625,3776100000
20231023,^IXIC,12930.849609375,13143.2197265625,12848.830078125,13018.330078125,4669060000
20231023,^DJI,32993.01953125,33234.8515625,32892.19140625,32936.41015625,342500000
20231023,^VIX,21.829999923706055,23.079999923706055,19.479999542236328,20.3700008392334,0
20231023,KRW=X,1349.3399658203125,1354.8599853515625,1343.8699951171875,1349.3399658203125,0
20231023,^SOX,3300.3701171875,3356.949951171875,3264.760009765625,3298.5400390625,0
20231023,^TNX,4.997000217437744,4.997000217437744,4.830999851226807,4.8379998207092285,0
20231024,^GSPC,4235.7900390625,4259.3798828125,4219.43017578125,4247.68017578125,3821820000
20231024,^IXIC,13084.990234375,13170.3896484375,13022.849609375,13139.8701171875,4604720000
20231024,^DJI,33089.640625,33272.19140625,32988.4296875,33141.37890625,359230000
20231024,^VIX,20.030000686645508,20.239999771118164,18.649999618530273,18.969999313354492,0
20231024,KRW=X,1334.43994140625,1347.1300048828125,1339.6600341796875,1334.43994140625,0
20231024,^SOX,3316.3798828125,3349.1298828125,3303.469970703125,3343.93994140625,0
20231024,^TNX,4.869999885559082,4.888999938964844,4.827000141143799,4.840000152587891,0
20231025,^GSPC,4232.419921875,4232.419921875,4181.419921875,4186.77001953125,3869370000
20231025,^IXIC,13039.8603515625,13042.51953125,12804.2998046875,12821.2197265625,4599850000
20231025,^DJI,33203.53125,33267.91015625,32989.71875,33035.9296875,355690000
20231025,^VIX,19.389999389648438,21.239999771118164,18.860000610351562,20.190000534057617,0
20231025,KRW=X,1343.6400146484375,1352.4300537109375,1343.1300048828125,1343.6400146484375,0
20231025,^SOX,3305.39990234375,3309.320068359375,3190.760009765625,3205.840087890625,0
20231025,^TNX,4.85099983215332,4.959000110626221,4.85099983215332,4.953000068664551,0
20231026,^GSPC,4175.990234375,4183.60009765625,4127.89990234375,4137.22998046875,4277640000
20231026,^IXIC,12768.9697265625,12818.1396484375,12543.8603515625,12595.6103515625,4894900000
20231026,^DJI,33017.171875,33105.03125,32743.990234375,32784.30078125,379880000
20231026,^VIX,21.780000686645508,21.959999084472656,20.219999313354492,20.68000030517578,0
20231026,KRW=X,1352.6800537109375,1360.1500244140625,1352.199951171875,1352.6800537109375,0
20231026,^SOX,3217.6201171875,3254.320068359375,3173.550048828125,3188.419921875,0
20231026,^TNX,4.964000225067139,4.982999801635742,4.8420000076293945,4.84499979019165,0
20231027,^GSPC,4152.93017578125,4156.7001953125,4103.77978515625,4117.3701171875,4019500000
20231027,^IXIC,12718.6904296875,12772.4296875,12600.5703125,12643.009765625,4172100000
20231027,^DJI,32782.3984375,32787.55859375,32327.19921875,32417.58984375,376970000
20231027,^VIX,20.389999389648438,22.06999969482422,19.719999313354492,21.270000457763672,0
20231027,KRW=X,1350.3399658203125,1357.449951171875,1348.0400390625,1350.3399658203125,0
20231027,^SOX,3238.080078125,3258.419921875,3213.050048828125,3227.090087890625,0
20231027,^TNX,4.866000175476074,4.892000198364258,4.8429999351501465,4.84499979019165,0
20231030,^GSPC,4139.39013671875,4177.47021484375,4132.93994140625,4166.81982421875,3911140000
20231030,^IXIC,12750.4697265625,12842.9599609375,12691.5595703125,12789.48046875,4149320000
20231030,^DJI,32537.5390625,33002.96875,32537.5390625,32928.9609375,298640000
20231030,^VIX,21.1299991607666,21.15999984741211,19.549999237060547,19.75,0
20231030,KRW=X,1355.219970703125,1355.239990234375,1345.9100341796875,1355.219970703125,0
20231030,^SOX,3204.85009765625,3225.090087890625,3152.52001953125,3185.179931640625,0
20231030,^TNX,4.895999908447266,4.921999931335449,4.867000102996826,4.875,0
20231031,^GSPC,4171.330078125,4195.5498046875,4153.1201171875,4193.7998046875,4249470000
20231031,^IXIC,12786.6201171875,12859.400390625,12697.0400390625,12851.240234375,4315630000
20231031,^DJI,33029.109375,33070.28125,32787.12109375,33052.87109375,306950000
20231031,^VIX,19.860000610351562,19.860000610351562,17.969999313354492,18.139999389648438,0
20231031,KRW=X,1348.0699462890625,1355.260009765625,1345.52001953125,1348.0699462890625,0
20231031,^SOX,3183.6298828125,3223.3701171875,3151.0,3215.889892578125,0
20231031,^TNX,4.809999942779541,4.880000114440918,4.802999973297119,4.875,0
20231101,^GSPC,4201.27001953125,4245.64013671875,4197.740234375,4237.85986328125,4224900000
20231101,^IXIC,12887.0595703125,13072.419921875,12875.2001953125,13061.4697265625,4545120000
20231101,^DJI,33081.87109375,33337.1484375,33010.8515625,33274.578125,307570000
20231101,^VIX,18.020000457763672,18.420000076293945,16.6299991607666,16.8700008392334,0
20231101,KRW=X,1350.1600341796875,1359.1500244140625,1347.72998046875,1350.1600341796875,0
20231101,^SOX,3224.919921875,3293.06005859375,3218.239990234375,3290.949951171875,0
20231101,^TNX,4.89300012588501,4.9029998779296875,4.7779998779296875,4.789000034332275,0
20231102,^GSPC,4268.259765625,4319.72021484375,4268.259765625,4317.77978515625,4669780000
20231102,^IXIC,13230.490234375,13302.1796875,13177.6396484375,13294.1904296875,4962950000
20231102,^DJI,33457.8203125,33852.9609375,33450.03125,33839.078125,304350000
20231102,^VIX,16.59000015258789,16.6200008392334,15.579999923706055,15.65999984741211,0
20231102,KRW=X,1347.8399658203125,1346.469970703125,1328.1199951171875,1347.8399658203125,0
20231102,^SOX,3355.800048828125,3388.8798828125,3320.570068359375,3368.5400390625,0
20231102,^TNX,4.690000057220459,4.703000068664551,4.625999927520752,4.669000148773193,0
20231103,^GSPC,4334.22998046875,4373.6201171875,4334.22998046875,4358.33984375,4570960000
20231103,^IXIC,13362.849609375,13520.2802734375,13344.73046875,13478.2802734375,4918750000
20231103,^DJI,33988.828125,34163.62890625,33946.6015625,34061.3203125,311000000
20231103,^VIX,15.699999809265137,15.829999923706055,14.90999984741211,14.90999984741211,0
20231103,KRW=X,1333.6800537109375,1335.9200439453125,1303.56005859375,1333.6800537109375,0
20231103,^SOX,3405.989990234375,3477.449951171875,3398.77001953125,3454.570068359375,0
20231103,^TNX,4.63700008392334,4.64300012588501,4.484000205993652,4.558000087738037,0
20231106,^GSPC,4364.27001953125,4372.2099609375,4347.52978515625,4365.97998046875,3656340000
20231106,^IXIC,13514.080078125,13551.6201171875,13435.990234375,13518.7802734375,4345850000
20231106,^DJI,34092.609375,34167.26171875,33989.71875,34095.859375,265570000
20231106,^VIX,15.390000343322754,15.579999923706055,14.84000015258789,14.890000343322754,0
20231106,KRW=X,1307.8399658203125,1311.6500244140625,1290.9599609375,1307.8399658203125,0
20231106,^SOX,3459.449951171875,3467.43994140625,3413.320068359375,3444.889892578125,0
20231106,^TNX,4.610000133514404,4.668000221252441,4.610000133514404,4.6620001792907715,0
20231107,^GSPC,4366.2099609375,4386.259765625,4355.41015625,4378.3798828125,3791230000
20231107,^IXIC,13555.7900390625,13675.4599609375,13516.5595703125,13639.8603515625,4354460000
20231107,^DJI,34075.6484375,34206.98046875,34026.71875,34152.6015625,281790000
20231107,^VIX,15.100000381469727,15.170000076293945,14.710000038146973,14.8100004196167,0
20231107,KRW=X,1297.1099853515625,1312.43994140625,1297.5799560546875,1297.1099853515625,0
20231107,^SOX,3445.68994140625,3489.75,3439.1298828125,3471.4599609375,0
20231107,^TNX,4.619999885559082,4.626999855041504,4.544000148773193,4.571000099182129,0
20231108,^GSPC,4384.3701171875,4391.2001953125,4359.759765625,4382.77978515625,3729510000
20231108,^IXIC,13660.2197265625,13684.8701171875,13573.580078125,13650.41015625,4685550000
20231108,^DJI,34185.921875,34252.75,33996.19921875,34112.26953125,280330000
20231108,^VIX,14.90999984741211,15.09000015258789,14.300000190734863,14.449999809265137,0
20231108,KRW=X,1304.550048828125,1314.18994140625,1298.68994140625,1304.550048828125,0
20231108,^SOX,3473.8701171875,3491.9599609375,3450.590087890625,3472.669921875,0
20231108,^TNX,4.566999912261963,4.572999954223633,4.502999782562256,4.5229997634887695,0
20231109,^GSPC,4391.41015625,4393.39990234375,4343.93994140625,4347.35009765625,3900780000
20231109,^IXIC,13693.7001953125,13697.8203125,13506.01953125,13521.4501953125,5313970000
20231109,^DJI,34163.7109375,34167.5390625,33859.76953125,33891.94140625,325400000
20231109,^VIX,14.609999656677246,15.569999694824219,14.130000114440918,15.289999961853027,0
20231109,KRW=X,1308.1199951171875,1313.8900146484375,1302.8199462890625,1308.1199951171875,0
20231109,^SOX,3499.659912109375,3534.43994140625,3448.050048828125,3452.340087890625,0
20231109,^TNX,4.551000118255615,4.6539998054504395,4.526000022888184,4.630000114440918,0
20231110,^GSPC,4364.14990234375,4418.02978515625,4353.33984375,4415.240234375,3665080000
20231110,^IXIC,13571.1904296875,13802.5302734375,13556.349609375,13798.1103515625,4722140000
20231110,^DJI,34020.8203125,34310.359375,33905.62109375,34283.1015625,302460000
20231110,^VIX,15.09000015258789,15.449999809265137,14.15999984741211,14.170000076293945,0
20231110,KRW=X,1315.199951171875,1321.219970703125,1312.68994140625,1315.199951171875,0
20231110,^SOX,3496.739990234375,3600.39990234375,3487.169921875,3591.739990234375,0
20231110,^TNX,4.583000183105469,4.638000011444092,4.566999912261963,4.627999782562256,0
20231113,^GSPC,4406.66015625,4421.759765625,4393.81982421875,4411.5498046875,3326240000
20231113,^IXIC,13745.9599609375,13805.1103515625,13687.7802734375,13767.740234375,4349590000
20231113,^DJI,34259.25,34405.83984375,34205.80859375,34337.87109375,245090000
20231113,^VIX,15.15999984741211,15.1899995803833,14.579999923706055,14.760000228881836,0
20231113,KRW=X,1319.6199951171875,1325.780029296875,1318.8499755859375,1319.6199951171875,0
20231113,^SOX,3562.5,3568.64990234375,3535.1298828125,3556.75,0
20231113,^TNX,4.642000198364258,4.696000099182129,4.624000072479248,4.631999969482422,0
20231114,^GSPC,4458.97021484375,4508.669921875,4458.97021484375,4495.7001953125,4700350000
20231114,^IXIC,14015.3701171875,14124.0595703125,14003.1396484375,14094.3798828125,5332490000
20231114,^DJI,34581.19921875,34931.01171875,34581.19921875,34827.69921875,328050000
20231114,^VIX,14.829999923706055,14.859999656677246,13.90999984741211,14.15999984741211,0
20231114,KRW=X,1319.0699462890625,1329.8599853515625,1302.6199951171875,1319.0699462890625,0
20231114,^SOX,3653.360107421875,3696.06005859375,3639.75,3685.570068359375,0
20231114,^TNX,4.616000175476074,4.616000175476074,4.432000160217285,4.440999984741211,0
20231115,^GSPC,4505.2998046875,4521.169921875,4495.31005859375,4502.8798828125,4347170000
20231115,^IXIC,14147.26953125,14194.3603515625,14060.7001953125,14103.83984375,5063830000
20231115,^DJI,34906.71875,35051.1015625,34868.48046875,34991.2109375,347790000
20231115,^VIX,14.210000038146973,14.350000381469727,13.970000267028809,14.180000305175781,0
20231115,KRW=X,1304.239990234375,1307.9599609375,1292.9200439453125,1304.239990234375,0
20231115,^SOX,3710.139892578125,3739.340087890625,3687.360107421875,3712.090087890625,0
20231115,^TNX,4.460999965667725,4.559000015258789,4.445000171661377,4.534999847412109,0
20231116,^GSPC,4497.080078125,4511.990234375,4487.830078125,4508.240234375,3964520000
20231116,^IXIC,14066.8798828125,14130.4501953125,14033.7900390625,14113.669921875,4545180000
20231116,^DJI,34868.03125,35022.4609375,34818.03125,34945.46875,435540000
20231116,^VIX,14.119999885559082,14.420000076293945,13.680000305175781,14.319999694824219,0
20231116,KRW=X,1301.8599853515625,1309.47998046875,1286.8900146484375,1301.8599853515625,0
20231116,^SOX,3691.25,3733.47998046875,3689.72998046875,3724.10009765625,0
20231116,^TNX,4.48799991607666,4.48799991607666,4.432000160217285,4.445000171661377,0
20231117,^GSPC,4509.5498046875,4520.1201171875,4499.66015625,4514.02001953125,3777240000
20231117,^IXIC,14101.4404296875,14154.3203125,14063.9296875,14125.48046875,4408640000
20231117,^DJI,34964.8203125,35028.21875,34882.8203125,34947.28125,334820000
20231117,^VIX,14.180000305175781,14.1899995803833,13.670000076293945,13.800000190734863,0
20231117,KRW=X,1292.449951171875,1300.2900390625,1288.6099853515625,1292.449951171875,0
20231117,^SOX,3707.090087890625,3754.669921875,3707.090087890625,3748.64990234375,0
20231117,^TNX,4.4120001792907715,4.468999862670898,4.4039998054504395,4.440999984741211,0
20231120,^GSPC,4511.7001953125,4557.10986328125,4510.35986328125,4547.3798828125,3644790000
20231120,^IXIC,14134.75,14309.7998046875,14134.2001953125,14284.5302734375,4561810000
20231120,^DJI,34932.48828125,35227.48046875,34907.98046875,35151.0390625,331050000
20231120,^VIX,14.260000228881836,14.3100004196167,13.390000343322754,13.40999984741211,0
20231120,KRW=X,1294.5,1298.3499755859375,1285.5400390625,1294.5,0
20231120,^SOX,3747.52001953125,3817.830078125,3747.2900390625,3805.81005859375,0
20231120,^TNX,4.4730000495910645,4.48199987411499,4.409999847412109,4.421999931335449,0
20231121,^GSPC,4538.77001953125,4542.14013671875,4525.509765625,4538.18994140625,3511080000
20231121,^IXIC,14217.23046875,14237.5,14146.3095703125,14199.98046875,4128600000
20231121,^DJI,35104.83984375,35118.0390625,35038.44140625,35088.2890625,271120000
20231121,^VIX,13.449999809265137,14.3100004196167,13.130000114440918,13.350000381469727,0
20231121,KRW=X,1288.1500244140625,1293.31005859375,1283.75,1288.1500244140625,0
20231121,^SOX,3772.260009765625,3774.530029296875,3714.760009765625,3732.7900390625,0
20231121,^TNX,4.409999847412109,4.442999839782715,4.390999794006348,4.418000221252441,0
20231122,^GSPC,4553.0400390625,4568.43017578125,4545.0498046875,4556.6201171875,3042810000
20231122,^IXIC,14283.8203125,14359.6103515625,14226.6298828125,14265.8603515625,3855240000
20231122,^DJI,35189.328125,35315.19921875,35155.80078125,35273.03125,237290000
20231122,^VIX,13.079999923706055,13.25,12.819999694824219,12.850000381469727,0
20231122,KRW=X,1295.18994140625,1305.280029296875,1291.4200439453125,1295.18994140625,0
20231122,^SOX,3762.659912109375,3804.89990234375,3736.300048828125,3744.9599609375,0
20231122,^TNX,4.364999771118164,4.447000026702881,4.364999771118164,4.415999889373779,0
20231123,KRW=X,1298.7900390625,1302.199951171875,1295.3699951171875,1298.7900390625,0
20231124,^GSPC,4555.83984375,4560.31005859375,4552.7998046875,4559.33984375,1639500000
20231124,^IXIC,14238.0400390625,14270.2802734375,14214.1298828125,14250.849609375,2541840000
20231124,^DJI,35299.8984375,35399.44140625,35299.8984375,35390.1484375,117040000
20231124,^VIX,13.029999732971191,13.170000076293945,12.449999809265137,12.460000038146973,0
20231124,KRW=X,1300.1800537109375,1308.1300048828125,1296.800048828125,1300.1800537109375,0
20231124,^SOX,3739.590087890625,3750.3798828125,3734.18994140625,3747.929931640625,0
20231124,^TNX,4.473999977111816,4.492000102996826,4.4629998207092285,4.4720001220703125,0
20231127,^GSPC,4554.85986328125,4560.52001953125,4546.31982421875,4550.43017578125,3403990000
20231127,^IXIC,14239.3095703125,14305.7099609375,14205.240234375,14241.01953125,4205880000
20231127,^DJI,35376.44140625,35410.37109375,35280.5703125,35333.46875,258340000
20231127,^VIX,13.140000343322754,13.279999732971191,12.640000343322754,12.6899995803833,0
20231127,KRW=X,1289.7900390625,1308.0799560546875,1297.4100341796875,1289.7900390625,0
20231127,^SOX,3734.530029296875,3771.679931640625,3723.010009765625,3739.31005859375,0
20231127,^TNX,4.456999778747559,4.460999965667725,4.388999938964844,4.388999938964844,0
20231128,^GSPC,4545.5498046875,4568.14013671875,4540.509765625,4554.89013671875,3586240000
20231128,^IXIC,14224.6298828125,14303.66015625,14195.7197265625,14281.759765625,4474400000
20231128,^DJI,35332.12890625,35518.671875,35307.73046875,35416.98046875,256210000
20231128,^VIX,12.779999732971191,14.300000190734863,12.5600004196167,12.6899995803833,0
20231128,KRW=X,1302.530029296875,1297.9300537109375,1285.0899658203125,1302.530029296875,0
20231128,^SOX,3713.260009765625,3735.610107421875,3688.6201171875,3718.35009765625,0
20231128,^TNX,4.395999908447266,4.421999931335449,4.331999778747559,4.335999965667725,0
20231129,^GSPC,4571.83984375,4587.64013671875,4547.14990234375,4550.580078125,4418760000
20231129,^IXIC,14367.1103515625,14423.2197265625,14247.8896484375,14258.490234375,4890220000
20231129,^DJI,35436.80078125,35579.12890625,35405.890625,35430.421875,299330000
20231129,^VIX,12.710000038146973,13.100000381469727,12.479999542236328,12.979999542236328,0
20231129,KRW=X,1287.530029296875,1293.6500244140625,1285.3900146484375,1287.530029296875,0
20231129,^SOX,3769.6201171875,3809.7099609375,3747.510009765625,3753.360107421875,0
20231129,^TNX,4.294000148773193,4.322999954223633,4.252999782562256,4.270999908447266,0
20231130,^GSPC,4554.8701171875,4569.89013671875,4537.240234375,4567.7998046875,5399300000
20231130,^IXIC,14265.0498046875,14289.2001953125,14127.0498046875,14226.2197265625,5678070000
20231130,^DJI,35596.5703125,35970.69921875,35592.21875,35950.890625,435540000
20231130,^VIX,13.069999694824219,13.390000343322754,12.819999694824219,12.920000076293945,0
20231130,KRW=X,1288.3599853515625,1318.280029296875,1285.9300537109375,1288.3599853515625,0
20231130,^SOX,3760.39990234375,3760.679931640625,3695.0,3724.580078125,0
20231130,^TNX,4.28000020980835,4.3520002365112305,4.271999835968018,4.3520002365112305,0
20231201,^GSPC,4559.43017578125,4599.39013671875,4554.7099609375,4594.6298828125,4397120000
20231201,^IXIC,14181.349609375,14311.9501953125,14135.0,14305.0302734375,5607000000
20231201,^DJI,35914.44921875,36264.8515625,35914.44921875,36245.5,321840000
20231201,^VIX,12.9399995803833,12.960000038146973,12.479999542236328,12.630000114440918,0
20231201,KRW=X,1296.6600341796875,1307.8199462890625,1294.75,1296.6600341796875,0
20231201,^SOX,3696.489990234375,3744.72998046875,3675.2900390625,3738.27001953125,0
20231201,^TNX,4.320000171661377,4.3480000495910645,4.210999965667725,4.22599983215332,0
20231204,^GSPC,4564.3701171875,4572.3701171875,4546.72021484375,4569.77978515625,4369910000
20231204,^IXIC,14168.66015625,14197.51953125,14058.51953125,14185.490234375,6270020000
20231204,^DJI,36089.37890625,36238.1796875,36029.69140625,36204.44140625,329450000
20231204,^VIX,13.279999732971191,13.699999809265137,12.979999542236328,13.079999923706055,0
20231204,KRW=X,1299.18994140625,1311.0,1293.010009765625,1299.18994140625,0
20231204,^SOX,3699.6298828125,3701.68994140625,3638.72998046875,3693.43994140625,0
20231204,^TNX,4.243000030517578,4.298999786376953,4.239999771118164,4.288000106811523,0
20231205,^GSPC,4557.25,4578.56005859375,4551.68017578125,4567.18017578125,3909950000
20231205,^IXIC,14126.400390625,14285.66015625,14121.759765625,14229.91015625,6179120000
20231205,^DJI,36135.6484375,36164.6796875,36010.8515625,36124.55859375,309250000
20231205,^VIX,13.260000228881836,13.760000228881836,12.8100004196167,12.850000381469727,0
20231205,KRW=X,1307.800048828125,1317.739990234375,1307.760009765625,1307.800048828125,0
20231205,^SOX,3657.530029296875,3680.5,3641.929931640625,3672.39990234375,0
20231205,^TNX,4.22599983215332,4.228000164031982,4.164999961853027,4.171000003814697,0
20231206,^GSPC,4586.22998046875,4590.740234375,4546.5,4549.33984375,4245680000
20231206,^IXIC,14325.6201171875,14327.6298828125,14138.509765625,14146.7099609375,5167030000
20231206,^DJI,36183.73046875,36292.578125,36024.25,36054.4296875,283240000
20231206,^VIX,12.779999732971191,13.029999732971191,12.640000343322754,12.970000267028809,0
20231206,KRW=X,1313.3699951171875,1315.469970703125,1309.5699462890625,1313.3699951171875,0
20231206,^SOX,3726.18994140625,3727.429931640625,3642.070068359375,3645.820068359375,0
20231206,^TNX,4.179999828338623,4.182000160217285,4.107999801635742,4.120999813079834,0
20231207,^GSPC,4568.83984375,4590.919921875,4565.22021484375,4585.58984375,3818880000
20231207,^IXIC,14230.4296875,14353.1103515625,14220.8701171875,14339.990234375,5694310000
20231207,^DJI,36124.171875,36164.171875,36021.94921875,36117.37890625,287280000
20231207,^VIX,13.170000076293945,13.279999732971191,12.949999809265137,13.0600004196167,0
20231207,KRW=X,1313.719970703125,1327.050048828125,1311.93994140625,1313.719970703125,0
20231207,^SOX,3674.47998046875,3756.840087890625,3669.389892578125,3747.5400390625,0
20231207,^TNX,4.169000148773193,4.179999828338623,4.105999946594238,4.129000186920166,0
20231208,^GSPC,4576.2001953125,4609.22998046875,4574.06005859375,4604.3701171875,3707010000
20231208,^IXIC,14279.4599609375,14416.919921875,14264.9599609375,14403.9697265625,5430840000
20231208,^DJI,36084.8203125,36296.19921875,36061.640625,36247.87109375,295180000
20231208,^VIX,13.140000343322754,13.239999771118164,12.350000381469727,12.350000381469727,0
20231208,KRW=X,1312.760009765625,1318.5799560546875,1290.4599609375,1312.760009765625,0
20231208,^SOX,3745.02001953125,3791.60009765625,3740.550048828125,3774.169921875,0
20231208,^TNX,4.184999942779541,4.2779998779296875,4.182000160217285,4.244999885559082,0
20231211,^GSPC,4593.39013671875,4623.7099609375,4593.39013671875,4622.43994140625,3823210000
20231211,^IXIC,14340.1298828125,14436.080078125,14324.5703125,14432.490234375,5607820000
20231211,^DJI,36254.328125,36416.1796875,36231.19140625,36404.9296875,342490000
20231211,^VIX,13.050000190734863,13.140000343322754,12.609999656677246,12.630000114440918,0
20231211,KRW=X,1316.510009765625,1320.6199951171875,1315.4000244140625,1316.510009765625,0
20231211,^SOX,3812.5400390625,3917.43994140625,3809.31005859375,3902.389892578125,0
20231211,^TNX,4.27400016784668,4.293000221252441,4.229000091552734,4.238999843597412,0
20231212,^GSPC,4618.2998046875,4643.93017578125,4608.08984375,4643.7001953125,3808380000
20231212,^IXIC,14423.009765625,14533.400390625,14385.3896484375,14533.400390625,4950100000
20231212,^DJI,36442.1015625,36596.109375,36373.21875,36577.94140625,292770000
20231212,^VIX,12.6899995803833,12.739999771118164,11.8100004196167,12.069999694824219,0
20231212,KRW=X,1313.6199951171875,1318.6700439453125,1299.4599609375,1313.6199951171875,0
20231212,^SOX,3882.510009765625,3931.010009765625,3880.81005859375,3930.179931640625,0
20231212,^TNX,4.179999828338623,4.250999927520752,4.1529998779296875,4.205999851226807,0
20231213,^GSPC,4646.2001953125,4709.68994140625,4643.22998046875,4707.08984375,5063650000
20231213,^IXIC,14555.6796875,14743.5498046875,14517.51953125,14733.9599609375,6732040000
20231213,^DJI,36601.80078125,37094.8515625,36523.58984375,37090.23828125,354790000
20231213,^VIX,12.199999809265137,12.460000038146973,11.819999694824219,12.1899995803833,0
20231213,KRW=X,1310.1400146484375,1320.77001953125,1308.5799560546875,1310.1400146484375,0
20231213,^SOX,3932.22998046875,4011.719970703125,3917.969970703125,3990.949951171875,0
20231213,^TNX,4.186999797821045,4.190999984741211,4.008999824523926,4.0329999923706055,0
20231214,^GSPC,4721.0400390625,4738.56982421875,4694.33984375,4719.5498046875,6314040000
20231214,^IXIC,14798.7197265625,14855.6201171875,14642.23046875,14761.5595703125,8033170000
20231214,^DJI,37115.62890625,37287.5,37051.51953125,37248.3515625,455820000
20231214,^VIX,11.960000038146973,12.739999771118164,11.84000015258789,12.479999542236328,0
20231214,KRW=X,1292.010009765625,1298.530029296875,1287.8900146484375,1292.010009765625,0
20231214,^SOX,4034.43994140625,4113.9501953125,4034.43994140625,4097.47021484375,0
20231214,^TNX,3.9660000801086426,3.98799991607666,3.884999990463257,3.930000066757202,0
20231215,^GSPC,4714.22998046875,4725.52978515625,4704.68994140625,4719.18994140625,8218980000
20231215,^IXIC,14797.4599609375,14848.400390625,14753.16015625,14813.919921875,8377630000
20231215,^DJI,37194.5,37347.6015625,37092.01953125,37305.16015625,788160000
20231215,^VIX,12.119999885559082,12.539999961853027,12.010000228881836,12.279999732971191,0
20231215,KRW=X,1291.9200439453125,1304.219970703125,1287.31005859375,1291.9200439453125,0
20231215,^SOX,4121.22021484375,4161.919921875,4107.0,4117.0,0
20231215,^TNX,3.921999931335449,3.9709999561309814,3.8940000534057617,3.927999973297119,0
20231218,^GSPC,4725.580078125,4749.52001953125,4725.580078125,4740.56005859375,4060340000
20231218,^IXIC,14814.01953125,14938.0400390625,14811.8203125,14904.8095703125,5866080000
20231218,^DJI,37330.140625,37393.44921875,37284.8515625,37306.01953125,292120000
20231218,^VIX,12.619999885559082,12.640000343322754,12.399999618530273,12.5600004196167,0
20231218,KRW=X,1276.469970703125,1304.1199951171875,1295.4599609375,1276.469970703125,0
20231218,^SOX,4114.10986328125,4122.3701171875,4069.530029296875,4103.7900390625,0
20231218,^TNX,3.9170000553131104,3.9709999561309814,3.9070000648498535,3.9539999961853027,0
20231219,^GSPC,4743.72021484375,4768.68994140625,4743.72021484375,4768.3701171875,4026970000
20231219,^IXIC,14923.01953125,15003.7998046875,14921.599609375,15003.2197265625,5757180000
20231219,^DJI,37311.8203125,37562.828125,37311.8203125,37557.921875,272740000
20231219,^VIX,12.600000381469727,12.600000381469727,12.329999923706055,12.529999732971191,0
20231219,KRW=X,1302.9300537109375,1310.030029296875,1296.5999755859375,1302.9300537109375,0
20231219,^SOX,4101.72998046875,4130.8798828125,4101.72998046875,4125.56005859375,0
20231219,^TNX,3.8980000019073486,3.927999973297119,3.8959999084472656,3.921999931335449,0
20231220,^GSPC,4764.72998046875,4778.009765625,4697.81982421875,4698.35009765625,4201320000
20231220,^IXIC,14973.3603515625,15069.2900390625,14776.2900390625,14777.9404296875,6294700000
20231220,^DJI,37520.12890625,37641.30078125,37073.0390625,37082.0,303450000
20231220,^VIX,12.630000114440918,13.930000305175781,12.289999961853027,13.670000076293945,0
20231220,KRW=X,1297.760009765625,1302.8499755859375,1296.739990234375,1297.760009765625,0
20231220,^SOX,4093.89990234375,4117.58984375,4006.68994140625,4007.659912109375,0
20231220,^TNX,3.88100004196167,3.921999931335449,3.872999906539917,3.877000093460083,0
20231221,^GSPC,4724.2900390625,4748.7099609375,4708.35009765625,4746.75,3431180000
20231221,^IXIC,14923.1396484375,14970.8095703125,14837.4697265625,14963.8701171875,5465640000
20231221,^DJI,37225.3203125,37418.76171875,37127.05078125,37404.3515625,253120000
20231221,^VIX,13.399999618530273,14.489999771118164,13.34000015258789,13.649999618530273,0
20231221,KRW=X,1296.97998046875,1307.27001953125,1294.8399658203125,1296.97998046875,0
20231221,^SOX,4094.2900390625,4124.509765625,4073.840087890625,4118.58984375,0
20231221,^TNX,3.859999895095825,3.9049999713897705,3.8289999961853027,3.8940000534057617,0
20231222,^GSPC,4753.919921875,4772.93994140625,4736.77001953125,4754.6298828125,3046770000
20231222,^IXIC,15006.1796875,15047.1904296875,14927.1201171875,14992.9697265625,4796600000
20231222,^DJI,37349.26953125,37534.51953125,37268.87890625,37385.96875,252970000
20231222,^VIX,13.720000267028809,13.960000038146973,13.0,13.029999732971191,0
20231222,KRW=X,1291.7099609375,1303.25,1294.0799560546875,1291.7099609375,0
20231222,^SOX,4134.580078125,4153.25,4104.68994140625,4132.85009765625,0
20231222,^TNX,3.8519999980926514,3.9189999103546143,3.8489999771118164,3.9010000228881836,0
20231225,KRW=X,1297.3599853515625,1298.3599853515625,1295.030029296875,1297.3599853515625,0
20231226,^GSPC,4758.85986328125,4784.72021484375,4758.4501953125,4774.75,2513910000
20231226,^IXIC,15028.6904296875,15101.1796875,15024.0595703125,15074.5703125,6120600000
20231226,^DJI,37405.8984375,37617.98828125,37371.828125,37545.328125,212420000
20231226,^VIX,13.770000457763672,13.800000190734863,12.960000038146973,12.989999771118164,0
20231226,KRW=X,1294.5799560546875,1299.300048828125,1284.760009765625,1294.5799560546875,0
20231226,^SOX,4155.72998046875,4222.31982421875,4155.2001953125,4207.4501953125,0
20231226,^TNX,3.9079999923706055,3.9079999923706055,3.881999969482422,3.885999917984009,0
20231227,^GSPC,4773.4501953125,4785.39013671875,4768.89990234375,4781.580078125,2748450000
20231227,^IXIC,15089.66015625,15114.080078125,15051.669921875,15099.1796875,7480170000
20231227,^DJI,37518.62109375,37683.69921875,37488.6015625,37656.51953125,245530000
20231227,^VIX,13.020000457763672,13.039999961853027,12.369999885559082,12.430000305175781,0
20231227,KRW=X,1293.9200439453125,1295.760009765625,1290.0,1293.9200439453125,0
20231227,^SOX,4222.240234375,4230.93017578125,4194.9599609375,4214.58984375,0
20231227,^TNX,3.8519999980926514,3.8519999980926514,3.7850000858306885,3.7890000343322754,0
20231228,^GSPC,4786.43994140625,4793.2998046875,4780.97998046875,4783.35009765625,2698860000
20231228,^IXIC,15142.08984375,15150.0703125,15087.2197265625,15095.1396484375,5090570000
20231228,^DJI,37661.51953125,37778.8515625,37650.98046875,37710.1015625,199550000
20231228,^VIX,12.4399995803833,12.649999618530273,12.380000114440918,12.470000267028809,0
20231228,KRW=X,1294.760009765625,1294.0400390625,1281.3499755859375,1294.760009765625,0
20231228,^SOX,4228.47021484375,4233.72998046875,4205.68017578125,4208.68017578125,0
20231228,^TNX,3.818000078201294,3.8610000610351562,3.799999952316284,3.8499999046325684,0
20231229,^GSPC,4782.8798828125,4788.43017578125,4751.990234375,4769.830078125,3126060000
20231229,^IXIC,15099.2001953125,15111.41015625,14955.3701171875,15011.349609375,5441060000
20231229,^DJI,37701.62890625,37759.4296875,37538.80078125,37689.5390625,234570000
20231229,^VIX,12.550000190734863,13.1899995803833,12.359999656677246,12.449999809265137,0
20231229,KRW=X,1277.8399658203125,1301.9200439453125,1259.52001953125,1277.8399658203125,0
20231229,^SOX,4205.10986328125,4215.740234375,4155.33984375,4175.47021484375,0
20231229,^TNX,3.878999948501587,3.8980000019073486,3.8469998836517334,3.865999937057495,0
