timestamp,code,name,price,change_pct,volume,frgn_ntby_qty,pgtr_ntby_qty,hts_frgn_ehrt,vol_tnrt,whol_loan_rmnd_rate,vi_cls_code,per,pbr,w52_hgpr_vrss_prpr_ctrt,d250_hgpr_vrss_prpr_rate
2026-09-04T10:30:22,0155E0,해치텍,12500.0,1.3,350689,0,-2139,0.38,6.39,0.00,N,-6.44,6.99,-41.59,-41.59
2026-09-04T10:30:25,084730,팅크웨어,6200.0,-1.43,52546,0,4025,2.67,0.47,0.78,N,-3.09,0.39,-42.22,-42.22
2026-09-04T10:30:27,310210,보로노이,146700.0,-0.34,14876,0,-3530,5.93,0.08,0.64,N,-63.15,25.71,-60.93,-60.93
2026-09-04T10:30:29,373170,엠아이큐브솔루션,2075.0,-9.98,439340,0,19521,0.28,2.91,0.00,N,0.00,0.00,-85.60,-64.35
2026-09-04T10:30:31,014950,삼익제약,5590.0,-1.41,205411,0,24333,0.78,2.04,1.97,N,-68.17,0.75,-77.68,-77.68
2026-09-04T10:40:15,0155E0,해치텍,12480.0,1.13,373667,0,8559,0.38,6.81,0.00,N,-6.43,6.98,-41.68,-41.68
2026-09-04T10:40:17,084730,팅크웨어,6230.0,-0.95,54166,0,3830,2.67,0.49,0.78,N,-3.11,0.39,-41.94,-41.94
2026-09-04T10:40:19,310210,보로노이,147000.0,-0.14,15380,0,-3601,5.93,0.08,0.64,N,-63.28,25.77,-60.85,-60.85
2026-09-04T10:40:21,373170,엠아이큐브솔루션,2090.0,-9.33,459159,0,18663,0.28,3.04,0.00,N,0.00,0.00,-85.50,-64.09
2026-09-04T10:40:24,014950,삼익제약,5730.0,1.06,221567,0,27821,0.78,2.20,1.97,N,-69.88,0.76,-77.13,-77.13
2026-09-04T10:50:15,0155E0,해치텍,12970.0,5.11,599468,0,8909,0.38,10.92,0.00,N,-6.69,7.25,-39.39,-39.39
2026-09-04T10:50:17,084730,팅크웨어,6220.0,-1.11,54608,0,3815,2.67,0.49,0.78,N,-3.10,0.39,-42.03,-42.03
2026-09-04T10:50:19,310210,보로노이,148200.0,0.68,15873,0,-3588,5.93,0.09,0.64,N,-63.80,25.98,-60.53,-60.53
2026-09-04T10:50:22,373170,엠아이큐브솔루션,2120.0,-8.03,478645,0,18304,0.28,3.17,0.00,N,0.00,0.00,-85.29,-63.57
2026-09-04T10:50:39,0220W0,한화머시너리앤서비스홀딩스,6480.0,4.68,3130093,0,292343,15.55,3.70,0.64,N,0.00,0.00,-50.15,-50.15
2026-09-04T11:00:17,0155E0,해치텍,13250.0,7.37,944963,0,-8339,0.38,17.22,0.00,N,-6.83,7.41,-38.08,-38.08
2026-09-04T11:00:20,084730,팅크웨어,6260.0,-0.48,55567,0,3586,2.67,0.50,0.78,N,-3.12,0.39,-41.66,-41.66
2026-09-04T11:00:22,310210,보로노이,149000.0,1.22,16883,0,-3974,5.93,0.09,0.64,N,-64.14,26.12,-60.32,-60.32
2026-09-04T11:00:24,373170,엠아이큐브솔루션,2120.0,-8.03,488352,0,20440,0.28,3.23,0.00,N,0.00,0.00,-85.29,-63.57
2026-09-04T11:00:28,0220W0,한화머시너리앤서비스홀딩스,6440.0,4.04,3232387,0,299372,15.55,3.82,0.64,N,0.00,0.00,-50.46,-50.46
2026-09-04T11:10:14,0155E0,해치텍,12900.0,4.54,1057139,0,-6659,0.38,19.27,0.00,N,-6.65,7.21,-39.72,-39.72
2026-09-04T11:10:17,084730,팅크웨어,6330.0,0.64,57279,0,2946,2.67,0.52,0.78,N,-3.16,0.40,-41.01,-41.01
2026-09-04T11:10:19,310210,보로노이,149600.0,1.63,17774,0,-4183,5.93,0.10,0.64,N,-64.40,26.22,-60.16,-60.16
2026-09-04T11:10:23,373170,엠아이큐브솔루션,2080.0,-9.76,519035,0,21984,0.28,3.43,0.00,N,0.00,0.00,-85.57,-64.26
2026-09-04T11:10:26,0220W0,한화머시너리앤서비스홀딩스,6480.0,4.68,3259656,0,295663,15.55,3.86,0.64,N,0.00,0.00,-50.15,-50.15
2026-09-04T11:20:17,0155E0,해치텍,12710.0,3.0,1143075,0,-4693,0.38,20.83,0.00,N,-6.55,7.11,-40.61,-40.61
2026-09-04T11:20:57,084730,팅크웨어,6300.0,0.16,57318,0,2936,2.67,0.52,0.78,N,-3.14,0.39,-41.29,-41.29
2026-09-04T11:21:37,310210,보로노이,149700.0,1.7,20078,0,-5375,5.93,0.11,0.64,N,-64.44,26.24,-60.13,-60.13
2026-09-04T11:21:39,373170,엠아이큐브솔루션,2110.0,-8.46,539199,0,21992,0.28,3.57,0.00,N,0.00,0.00,-85.36,-63.75
2026-09-04T11:21:42,0220W0,한화머시너리앤서비스홀딩스,6470.0,4.52,3293213,0,295024,15.55,3.90,0.64,N,0.00,0.00,-50.23,-50.23
2026-09-04T11:30:16,417030,니어스랩,30450.0,12.36,412524,0,71144,2.50,7.14,0.00,N,-7.35,-0.66,-27.50,-27.50
2026-09-04T11:30:19,007460,에이프로젠,2360.0,13.46,2379213,0,-91552,0.00,9.58,0.02,N,-0.71,0.02,-69.74,-85.46
2026-09-04T11:30:23,310210,보로노이,149100.0,1.29,20761,0,-5672,5.93,0.11,0.64,N,-64.18,26.13,-60.29,-60.29
2026-09-04T11:30:26,373170,엠아이큐브솔루션,2095.0,-9.11,541719,0,22035,0.28,3.58,0.00,N,0.00,0.00,-85.46,-64.00
2026-09-04T11:30:30,0220W0,한화머시너리앤서비스홀딩스,6550.0,5.82,3424191,0,365232,15.55,4.05,0.64,N,0.00,0.00,-49.62,-49.62
2026-09-04T11:40:14,417030,니어스랩,30800.0,13.65,424272,0,75395,2.50,7.34,0.00,N,-7.44,-0.67,-26.67,-26.67
2026-09-04T11:40:16,007460,에이프로젠,2360.0,13.46,2395794,0,-86026,0.00,9.65,0.02,N,-0.71,0.02,-69.74,-85.46
2026-09-04T11:40:18,310210,보로노이,148900.0,1.15,21239,0,-5835,5.93,0.11,0.64,N,-64.10,26.10,-60.35,-60.35
2026-09-04T11:40:20,373170,엠아이큐브솔루션,2075.0,-9.98,560023,0,21911,0.28,3.71,0.00,N,0.00,0.00,-85.60,-64.35
2026-09-04T11:40:23,0220W0,한화머시너리앤서비스홀딩스,6530.0,5.49,3465756,0,354642,15.55,4.10,0.64,N,0.00,0.00,-49.77,-49.77
2026-09-04T11:50:14,417030,니어스랩,30450.0,12.36,428679,0,76459,2.50,7.42,0.00,N,-7.35,-0.66,-27.50,-27.50
2026-09-04T11:50:16,007460,에이프로젠,2340.0,12.5,2410806,0,-85374,0.00,9.71,0.02,N,-0.71,0.02,-70.00,-85.58
2026-09-04T11:50:18,310210,보로노이,149800.0,1.77,21810,0,-5927,5.93,0.12,0.64,N,-64.49,26.26,-60.11,-60.11
2026-09-04T11:50:20,373170,엠아이큐브솔루션,2045.0,-11.28,592797,0,29501,0.28,3.92,0.00,N,0.00,0.00,-85.81,-64.86
2026-09-04T11:51:12,386380,스카이랩스,22800.0,128.0,57034864,301873,0,1.61,303.99,0.00,N,0.00,0.00,-20.70,-20.70
2026-09-04T12:00:17,417030,니어스랩,30500.0,12.55,434077,0,77834,2.50,7.51,0.00,N,-7.36,-0.67,-27.38,-27.38
2026-09-04T12:00:19,007460,에이프로젠,2310.0,11.06,2445412,0,-90017,0.00,9.85,0.02,N,-0.70,0.02,-70.38,-85.77
2026-09-04T12:00:21,310210,보로노이,149600.0,1.63,22624,0,-6278,5.93,0.12,0.64,N,-64.40,26.22,-60.16,-60.16
2026-09-04T12:00:24,115180,큐리언트,21450.0,9.16,344702,0,3807,3.87,0.92,0.00,N,-25.38,23.73,-65.90,-65.90
2026-09-04T12:00:26,386380,스카이랩스,22350.0,123.5,57589017,301873,0,1.61,306.95,0.00,N,0.00,0.00,-22.26,-22.26
2026-09-04T12:10:16,417030,니어스랩,30700.0,13.28,461313,0,89310,2.50,7.98,0.00,N,-7.41,-0.67,-26.90,-26.90
2026-09-04T12:10:18,007460,에이프로젠,2275.0,9.38,2486300,0,-95532,0.00,10.01,0.02,N,-0.69,0.02,-70.83,-85.98
2026-09-04T12:10:20,310210,보로노이,150100.0,1.97,23292,0,-6406,5.93,0.13,0.64,N,-64.61,26.31,-60.03,-60.03
2026-09-04T12:10:22,115180,큐리언트,21600.0,9.92,364766,0,-687,3.87,0.97,0.00,N,-25.56,23.89,-65.66,-65.66
2026-09-04T12:10:24,386380,스카이랩스,20050.0,100.5,59463606,301873,0,1.61,316.94,0.00,N,0.00,0.00,-30.26,-30.26
2026-09-04T12:20:10,417030,니어스랩,30400.0,12.18,469966,0,92589,2.50,8.13,0.00,N,-7.34,-0.66,-27.62,-27.62
2026-09-04T12:20:28,007460,에이프로젠,2260.0,8.65,2508324,0,-96909,0.00,10.10,0.02,N,-0.68,0.02,-71.03,-86.08
2026-09-04T12:20:29,310210,보로노이,150300.0,2.11,23931,0,-6642,5.93,0.13,0.64,N,-64.70,26.35,-59.97,-59.97
2026-09-04T12:20:30,115180,큐리언트,21500.0,9.41,376031,0,-1355,3.87,1.00,0.00,N,-25.44,23.78,-65.82,-65.82
2026-09-04T12:20:31,386380,스카이랩스,19060.0,90.6,60844186,301873,0,1.61,324.30,0.00,N,0.00,0.00,-33.70,-33.70
2026-09-04T12:30:07,127120,제이에스링크,33100.0,10.7,286242,0,22916,3.14,0.78,0.00,N,-55.07,15.42,-33.67,-33.67
2026-09-04T12:30:08,007460,에이프로젠,2240.0,7.69,2547394,0,-105463,0.00,10.26,0.02,N,-0.68,0.02,-71.28,-86.20
2026-09-04T12:30:09,310210,보로노이,151900.0,3.19,24796,0,-6659,5.93,0.13,0.64,N,-65.39,26.63,-59.55,-59.55
2026-09-04T12:30:10,115180,큐리언트,21600.0,9.92,389225,0,-3919,3.87,1.04,0.00,N,-25.56,23.89,-65.66,-65.66
2026-09-04T12:30:11,386380,스카이랩스,22400.0,124.0,63084538,301873,0,1.61,336.24,0.00,N,0.00,0.00,-22.09,-22.09
2026-09-04T12:40:06,127120,제이에스링크,33050.0,10.54,291560,0,23964,3.14,0.80,0.00,N,-54.99,15.39,-33.77,-33.77
2026-09-04T12:40:07,007460,에이프로젠,2195.0,5.53,2606184,0,-116300,0.00,10.50,0.02,N,-0.66,0.02,-71.86,-86.48
2026-09-04T12:40:08,310210,보로노이,152500.0,3.6,27597,0,-7667,5.93,0.15,0.64,N,-65.65,26.73,-59.39,-59.39
2026-09-04T12:40:09,115180,큐리언트,21750.0,10.69,401125,0,-4066,3.87,1.07,0.00,N,-25.74,24.06,-65.42,-65.42
2026-09-04T12:40:10,386380,스카이랩스,22500.0,125.0,65358486,301873,0,1.61,348.36,0.00,N,0.00,0.00,-21.74,-21.74
2026-09-04T12:50:08,127120,제이에스링크,34000.0,13.71,313060,0,21972,3.14,0.85,0.00,N,-56.57,15.84,-31.86,-31.86
2026-09-04T12:50:09,007460,에이프로젠,2220.0,6.73,2635443,0,-111815,0.00,10.62,0.02,N,-0.67,0.02,-71.54,-86.32
2026-09-04T12:50:10,310210,보로노이,152800.0,3.8,29486,0,-7890,5.93,0.16,0.64,N,-65.78,26.78,-59.31,-59.31
2026-09-04T12:50:11,115180,큐리언트,22200.0,12.98,440634,0,-6969,3.87,1.17,0.00,N,-26.27,24.56,-64.71,-64.71
2026-09-04T12:50:12,417030,니어스랩,30350.0,11.99,481407,0,98153,2.50,8.33,0.00,N,-7.33,-0.66,-27.74,-27.74
2026-09-04T13:00:07,127120,제이에스링크,34900.0,16.72,375893,0,27526,3.14,1.03,0.00,N,-58.07,16.26,-30.06,-30.06
2026-09-04T13:00:08,007460,에이프로젠,2225.0,6.97,2652305,0,-110601,0.00,10.68,0.02,N,-0.67,0.02,-71.47,-86.29
2026-09-04T13:00:09,310210,보로노이,153500.0,4.28,30788,0,-7830,5.93,0.17,0.64,N,-66.08,26.91,-59.12,-59.12
2026-09-04T13:00:10,115180,큐리언트,22700.0,15.52,472099,0,-16041,3.87,1.26,0.00,N,-26.86,25.11,-63.91,-63.91
2026-09-04T13:00:11,417030,니어스랩,30550.0,12.73,485333,0,99467,2.50,8.40,0.00,N,-7.38,-0.67,-27.26,-27.26
2026-09-04T13:20:06,127120,제이에스링크,33750.0,12.88,406561,0,30529,3.14,1.11,0.00,N,-56.16,15.72,-32.36,-32.36
2026-09-04T13:20:07,007460,에이프로젠,2210.0,6.25,2688598,0,-118018,0.00,10.83,0.02,N,-0.67,0.02,-71.67,-86.38
2026-09-04T13:20:08,310210,보로노이,150400.0,2.17,32760,0,-8403,5.93,0.18,0.64,N,-64.74,26.36,-59.95,-59.95
2026-09-04T13:20:09,115180,큐리언트,22500.0,14.5,492383,0,-22495,3.87,1.31,0.00,N,-26.63,24.89,-64.23,-64.23
2026-09-04T13:20:10,417030,니어스랩,30650.0,13.1,503043,0,106200,2.50,8.71,0.00,N,-7.40,-0.67,-27.02,-27.02
2026-09-04T13:30:07,127120,제이에스링크,33350.0,11.54,420562,0,30683,3.14,1.15,0.00,N,-55.49,15.53,-33.17,-33.17
2026-09-04T13:30:09,007460,에이프로젠,2205.0,6.01,2706945,0,-121744,0.00,10.90,0.02,N,-0.67,0.02,-71.73,-86.41
2026-09-04T13:30:09,310210,보로노이,151500.0,2.92,33903,0,-8544,5.93,0.18,0.64,N,-65.22,26.56,-59.65,-59.65
2026-09-04T13:30:11,115180,큐리언트,22150.0,12.72,506277,0,-17190,3.87,1.35,0.00,N,-26.21,24.50,-64.79,-64.79
2026-09-04T13:30:12,417030,니어스랩,30650.0,13.1,507599,0,108360,2.50,8.79,0.00,N,-7.40,-0.67,-27.02,-27.02
2026-09-04T13:40:06,127120,제이에스링크,33650.0,12.54,424608,0,30936,3.14,1.16,0.00,N,-55.99,15.67,-32.57,-32.57
2026-09-04T13:40:07,007460,에이프로젠,2235.0,7.45,2724089,0,-128838,0.00,10.97,0.02,N,-0.68,0.02,-71.35,-86.23
2026-09-04T13:40:08,310210,보로노이,151400.0,2.85,34617,0,-8783,5.93,0.19,0.64,N,-65.17,26.54,-59.68,-59.68
2026-09-04T13:40:10,115180,큐리언트,22500.0,14.5,514215,0,-16514,3.87,1.37,0.00,N,-26.63,24.89,-64.23,-64.23
2026-09-04T13:40:11,417030,니어스랩,30800.0,13.65,512033,0,110749,2.50,8.86,0.00,N,-7.44,-0.67,-26.67,-26.67
2026-09-04T13:50:08,127120,제이에스링크,33800.0,13.04,427201,0,31416,3.14,1.17,0.00,N,-56.24,15.74,-32.26,-32.26
2026-09-04T13:50:09,007460,에이프로젠,2215.0,6.49,2733324,0,-133492,0.00,11.01,0.02,N,-0.67,0.02,-71.60,-86.35
2026-09-04T13:50:10,310210,보로노이,151800.0,3.12,35626,0,-9507,5.93,0.19,0.64,N,-65.35,26.61,-59.57,-59.57
2026-09-04T13:50:11,115180,큐리언트,23000.0,17.05,536468,0,-15362,3.87,1.43,0.00,N,-27.22,25.44,-63.43,-63.43
2026-09-04T13:50:12,417030,니어스랩,30650.0,13.1,514444,0,111453,2.50,8.90,0.00,N,-7.40,-0.67,-27.02,-27.02
2026-09-04T14:00:07,127120,제이에스링크,33850.0,13.21,429587,0,32125,3.14,1.17,0.00,N,-56.32,15.77,-32.16,-32.16
2026-09-04T14:00:08,007460,에이프로젠,2195.0,5.53,2760141,0,-133384,0.00,11.12,0.02,N,-0.66,0.02,-71.86,-86.48
2026-09-04T14:00:09,310210,보로노이,153600.0,4.35,37821,0,-9780,5.93,0.20,0.64,N,-66.12,26.92,-59.09,-59.09
2026-09-04T14:00:10,115180,큐리언트,23000.0,17.05,550066,0,-18108,3.87,1.47,0.00,N,-27.22,25.44,-63.43,-63.43
2026-09-04T14:00:11,386380,스카이랩스,19900.0,99.0,72610063,301873,0,1.61,387.01,0.00,N,0.00,0.00,-30.78,-30.78
2026-09-04T14:10:06,127120,제이에스링크,33700.0,12.71,433185,0,32780,3.14,1.18,0.00,N,-56.07,15.70,-32.46,-32.46
2026-09-04T14:10:07,007460,에이프로젠,2200.0,5.77,2765397,0,-135944,0.00,11.14,0.02,N,-0.66,0.02,-71.79,-86.44
2026-09-04T14:10:09,310210,보로노이,154300.0,4.82,39692,0,-9577,5.93,0.21,0.64,N,-66.42,27.05,-58.91,-58.91
2026-09-04T14:10:10,115180,큐리언트,22750.0,15.78,561033,0,-19009,3.87,1.49,0.00,N,-26.92,25.17,-63.83,-63.83
2026-09-04T14:10:11,386380,스카이랩스,19190.0,91.9,73763848,301873,0,1.61,393.16,0.00,N,0.00,0.00,-33.25,-33.25
2026-09-04T14:20:09,127120,제이에스링크,34050.0,13.88,438192,0,35411,3.14,1.20,0.00,N,-56.66,15.86,-31.76,-31.76
2026-09-04T14:20:10,007460,에이프로젠,2185.0,5.05,2778034,0,-138854,0.00,11.19,0.02,N,-0.66,0.02,-71.99,-86.54
2026-09-04T14:20:11,310210,보로노이,154100.0,4.69,41112,0,-10051,5.93,0.22,0.64,N,-66.34,27.01,-58.96,-58.96
2026-09-04T14:20:12,115180,큐리언트,22950.0,16.79,569457,0,-16420,3.87,1.52,0.00,N,-27.16,25.39,-63.51,-63.51
2026-09-04T14:20:13,386380,스카이랩스,19940.0,99.4,75037428,301873,0,1.61,399.94,0.00,N,0.00,0.00,-30.64,-30.64
2026-09-04T14:30:07,127120,제이에스링크,34100.0,14.05,442736,0,35886,3.14,1.21,0.00,N,-56.74,15.88,-31.66,-31.66
2026-09-04T14:30:08,007460,에이프로젠,2175.0,4.57,2798348,0,-141998,0.00,11.27,0.02,N,-0.66,0.02,-72.12,-86.60
2026-09-04T14:30:09,310210,보로노이,153000.0,3.94,42237,0,-10675,5.93,0.23,0.64,N,-65.86,26.82,-59.25,-59.25
2026-09-04T14:30:10,115180,큐리언트,23200.0,18.07,584251,0,-14688,3.87,1.56,0.00,N,-27.46,25.66,-63.12,-63.12
2026-09-04T14:30:11,386380,스카이랩스,20000.0,100.0,75938004,301873,0,1.61,404.74,0.00,N,0.00,0.00,-30.43,-30.43
2026-09-04T14:40:07,127120,제이에스링크,33900.0,13.38,446359,0,36983,3.14,1.22,0.00,N,-56.41,15.79,-32.06,-32.06
2026-09-04T14:40:08,007460,에이프로젠,2185.0,5.05,2818260,0,-133663,0.00,11.35,0.02,N,-0.66,0.02,-71.99,-86.54
2026-09-04T14:40:09,310210,보로노이,153000.0,3.94,43703,0,-11077,5.93,0.24,0.64,N,-65.86,26.82,-59.25,-59.25
2026-09-04T14:40:10,115180,큐리언트,22600.0,15.01,604259,0,-14999,3.87,1.61,0.00,N,-26.75,25.00,-64.07,-64.07
2026-09-04T14:40:11,386380,스카이랩스,19800.0,98.0,76696824,301873,0,1.61,408.79,0.00,N,0.00,0.00,-31.13,-31.13
2026-09-04T14:50:07,127120,제이에스링크,33550.0,12.21,454359,0,38870,3.14,1.24,0.00,N,-55.82,15.63,-32.77,-32.77
2026-09-04T14:50:08,007460,에이프로젠,2170.0,4.33,2831792,0,-131675,0.00,11.41,0.02,N,-0.66,0.02,-72.18,-86.63
2026-09-04T14:50:09,310210,보로노이,152300.0,3.46,45049,0,-11055,5.93,0.24,0.64,N,-65.56,26.70,-59.44,-59.44
2026-09-04T14:50:09,115180,큐리언트,22750.0,15.78,613438,0,-18090,3.87,1.63,0.00,N,-26.92,25.17,-63.83,-63.83
2026-09-04T14:50:10,386380,스카이랩스,19450.0,94.5,77369431,301873,0,1.61,412.37,0.00,N,0.00,0.00,-32.35,-32.35
2026-09-04T15:00:07,127120,제이에스링크,33500.0,12.04,458063,0,39974,3.14,1.25,0.00,N,-55.74,15.60,-32.87,-32.87
2026-09-04T15:00:07,007460,에이프로젠,2170.0,4.33,2849103,0,-126737,0.00,11.48,0.02,N,-0.66,0.02,-72.18,-86.63
2026-09-04T15:00:08,310210,보로노이,152900.0,3.87,46207,0,-10959,5.93,0.25,0.64,N,-65.82,26.80,-59.28,-59.28
2026-09-04T15:00:10,115180,큐리언트,22750.0,15.78,624587,0,-21592,3.87,1.66,0.00,N,-26.92,25.17,-63.83,-63.83
2026-09-04T15:00:11,003060,에이프로젠바이오로직스,1814.0,5.04,7876561,0,-52668,0.00,49.26,0.00,N,-0.14,0.11,-71.52,-83.57
2026-09-04T15:10:06,127120,제이에스링크,33750.0,12.88,461394,0,39864,3.14,1.26,0.00,N,-56.16,15.72,-32.36,-32.36
2026-09-04T15:10:07,007460,에이프로젠,2170.0,4.33,2857776,0,-126395,0.00,11.51,0.02,N,-0.66,0.02,-72.18,-86.63
2026-09-04T15:10:08,310210,보로노이,152800.0,3.8,47662,0,-11531,5.93,0.26,0.64,N,-65.78,26.78,-59.31,-59.31
2026-09-04T15:10:09,115180,큐리언트,22750.0,15.78,638460,0,-27275,3.87,1.70,0.00,N,-26.92,25.17,-63.83,-63.83
2026-09-04T15:10:10,003060,에이프로젠바이오로직스,1821.0,5.44,7938730,0,-62229,0.00,49.65,0.00,N,-0.14,0.11,-71.41,-83.51
2026-09-07T19:50:57,007460,에이프로젠,2120.0,-1.85,334121,0,12342,0.00,1.35,0.02,N,-0.64,0.02,-72.82,-86.94
2026-09-07T19:50:58,003060,에이프로젠바이오로직스,1818.0,0.44,787223,0,30675,0.00,4.92,0.00,N,-0.14,0.11,-71.46,-83.54
2026-09-07T19:51:00,417030,니어스랩,31050.0,-1.27,661560,0,15252,5.16,11.45,0.00,N,-7.50,-0.68,-26.07,-26.07
2026-09-07T19:51:02,127120,제이에스링크,32400.0,-3.57,202439,0,-55387,3.24,0.55,0.00,N,-53.91,15.09,-35.07,-35.07
2026-09-07T19:51:04,115180,큐리언트,25750.0,11.71,354426,0,-22351,3.89,0.94,0.00,N,-30.47,28.48,-59.06,-59.06
2026-09-07T19:51:06,386380,스카이랩스,30550.0,30.0,29477563,0,112971,0.16,157.11,0.00,N,0.00,0.00,0.00,0.00
2026-09-07T19:51:08,161580,필옵틱스,33500.0,29.84,1025064,0,-99529,1.75,4.37,0.99,N,-45.52,6.74,-48.38,-48.38
2026-09-07T19:51:10,012210,삼미금속,10200.0,22.16,17285844,0,50801,0.21,74.99,0.64,N,0.00,0.00,-51.08,-51.08
2026-09-07T19:51:12,212560,네오오토,11880.0,29.98,1438839,0,233719,0.59,10.67,4.08,N,0.00,0.00,-26.21,-26.21
2026-09-07T19:51:13,214330,금호에이치티,7130.0,20.64,1217113,0,51899,0.00,11.64,0.15,N,-3.32,0.23,-38.16,-60.22
2026-09-07T19:51:15,190510,나무가,16480.0,18.73,1852875,0,-93868,6.16,13.15,2.80,N,9.69,1.35,-42.38,-42.38
2026-09-07T19:51:17,156100,엘앤케이바이오,5090.0,20.05,1132584,0,-73492,7.72,5.07,1.78,N,-6.35,2.44,-68.96,-68.96
2026-09-07T19:51:19,100840,SNT에너지,37600.0,14.98,1163848,0,6318,1.28,5.63,3.33,N,9.22,2.04,-44.62,-44.62
2026-09-07T19:51:21,053950,경남제약,2170.0,13.02,2652907,0,-18965,0.00,13.52,0.00,N,2.17,0.29,-48.52,-61.11
2026-09-07T19:51:23,354320,알멕,37550.0,16.25,300576,0,-49069,8.65,4.70,0.62,N,-183.17,1.60,-63.89,-63.89
2026-09-07T19:51:25,052690,한전기술,122300.0,13.66,912549,0,22141,13.22,2.39,1.41,N,54.74,7.44,-38.23,-38.23
2026-09-07T19:51:27,417500,제이아이테크,4125.0,16.36,1489880,0,25751,5.90,4.54,4.14,N,20.02,1.72,-33.04,-33.04
2026-09-07T19:51:29,041930,SY동아,5170.0,3.92,5908324,0,-28384,1.59,38.87,1.99,N,2.97,0.40,-40.16,-40.16
2026-09-07T19:51:31,294630,서남,3050.0,6.46,2725288,0,-109632,0.86,10.28,0.00,N,-18.37,9.30,-57.34,-57.34
2026-09-07T19:51:33,223310,사토시홀딩스,3480.0,7.74,1660804,0,-5401,0.00,31.91,0.00,N,-0.53,1.07,-81.89,-81.89
2026-09-07T19:51:35,321550,티움바이오,4725.0,8.12,1186691,0,-188844,4.15,3.95,0.15,N,-8.09,3.63,-65.51,-65.51
2026-09-07T19:51:37,217190,제너셈,6450.0,6.79,2151041,0,-143352,5.52,16.35,3.18,N,90.85,1.69,-37.74,-33.30
2026-09-07T19:51:39,048770,TPC로보틱스,4375.0,10.34,9164275,0,-392130,4.14,58.38,0.02,N,-26.84,1.89,-59.07,-59.07
2026-09-07T19:51:41,023790,동일스틸럭스,1604.0,10.85,4918493,0,-19978,0.25,37.63,0.00,N,0.00,0.00,-63.55,-81.79
2026-09-08T09:05:08,007460,에이프로젠,2125.0,0.24,12425,0,4347,0.00,0.05,0.02,N,-0.64,0.02,-72.76,-86.91
2026-09-08T09:05:09,003060,에이프로젠바이오로직스,1826.0,0.44,11855,0,2690,0.00,0.07,0.00,N,-0.14,0.11,-71.33,-83.46
2026-09-08T09:05:10,417030,니어스랩,33650.0,8.37,184116,0,56440,5.44,3.19,0.00,Y,-8.12,-0.73,-19.88,-19.88
2026-09-08T09:05:11,127120,제이에스링크,32250.0,-0.46,4063,0,-509,3.05,0.01,0.00,N,-53.66,15.02,-35.37,-35.37
2026-09-08T09:05:12,115180,큐리언트,25350.0,-1.55,5418,0,687,3.10,0.01,0.00,N,-30.00,28.04,-59.70,-59.70
2026-09-08T09:05:13,386380,스카이랩스,34200.0,11.95,4482581,0,-83762,0.23,23.89,0.00,N,0.00,0.00,-1.16,-1.16
2026-09-08T09:05:14,069540,빛과전자,3185.0,13.75,4101101,0,1094879,0.45,3.64,0.00,Y,-8.38,3.36,-60.68,-60.68
2026-09-08T09:05:15,047040,대우건설,20000.0,8.64,2127195,0,80807,10.47,0.52,0.87,N,-9.11,2.45,-50.43,-50.43
2026-09-08T09:05:16,032820,우리기술,11850.0,8.52,830002,0,16522,5.42,0.48,0.24,N,2370.00,15.70,-60.76,-60.76
2026-09-08T09:05:17,0015N0,아로마티카,9920.0,7.59,327632,0,10649,4.87,2.61,0.27,N,22.86,5.44,-68.51,-68.51
2026-09-08T09:05:18,452190,한빛레이저,4410.0,8.49,940598,0,20778,1.80,3.93,1.78,N,42.40,3.36,-58.36,-58.36
2026-09-08T09:15:07,007460,에이프로젠,2095.0,-1.18,45573,0,3990,0.00,0.18,0.02,N,-0.63,0.02,-73.14,-87.09
2026-09-08T09:15:08,003060,에이프로젠바이오로직스,1795.0,-1.27,49803,0,13975,0.00,0.31,0.00,N,-0.14,0.11,-71.82,-83.75
2026-09-08T09:15:09,417030,니어스랩,33900.0,9.18,529736,0,124886,5.44,9.17,0.00,N,-8.18,-0.74,-19.29,-19.29
2026-09-08T09:15:10,127120,제이에스링크,31700.0,-2.16,11501,0,859,3.05,0.03,0.00,N,-52.75,14.76,-36.47,-36.47
2026-09-08T09:15:11,115180,큐리언트,25250.0,-1.94,12572,0,1428,3.10,0.03,0.00,N,-29.88,27.93,-59.86,-59.86
2026-09-08T09:15:13,0011A0,액스비스,11110.0,29.94,305651,0,-15586,5.34,3.27,0.37,N,15.45,2.75,-78.04,-78.04
2026-09-08T09:15:14,046120,오르비텍,6050.0,29.83,1195933,0,50211,6.67,3.53,0.49,N,208.62,2.65,-63.13,-63.13
2026-09-08T09:15:15,189860,서전기전,5750.0,29.8,557166,0,125522,3.22,5.74,0.03,N,51.34,1.77,-50.00,-50.00
2026-09-08T09:15:16,069540,빛과전자,3345.0,19.46,12957340,0,1970498,0.45,11.50,0.00,N,-8.80,3.53,-58.70,-58.70
2026-09-08T09:15:17,032820,우리기술,12310.0,12.73,3793387,0,-32183,5.42,2.20,0.24,N,2462.00,16.30,-59.24,-59.24
2026-09-08T09:15:18,017900,광전자,7910.0,11.57,1416517,0,156305,17.84,2.44,0.34,N,108.36,1.65,-64.77,-64.77
2026-09-08T09:15:19,105840,우진,15220.0,10.53,372117,0,-3385,9.62,1.84,3.19,N,35.40,1.55,-51.99,-51.99
2026-09-08T09:15:20,047040,대우건설,19870.0,7.93,4888592,0,95150,10.47,1.19,0.87,N,-9.05,2.44,-50.76,-50.76
2026-09-08T09:15:21,052690,한전기술,137600.0,12.51,472047,0,-68388,13.33,1.24,1.39,N,61.59,8.38,-30.51,-30.51
2026-09-08T09:15:22,131290,티에스이,275000.0,5.16,16949,0,4512,12.41,0.15,0.79,N,79.57,7.77,-6.46,-6.46
2026-09-08T09:15:23,183300,코미코,27750.0,5.31,111901,0,-2727,25.49,0.22,1.10,N,28.58,5.18,-85.52,-50.25
2026-09-08T09:15:25,051980,중앙첨단소재,1111.0,10.44,3056255,0,-198845,4.41,2.75,0.01,Y,-20.96,1.19,-74.49,-74.49
2026-09-08T09:15:26,452190,한빛레이저,4210.0,3.57,1537202,0,-65283,1.80,6.43,1.78,N,40.48,3.21,-60.25,-60.25
2026-09-08T09:15:28,004490,세방전지,64300.0,0.0,106424,0,-59793,24.62,0.77,1.41,N,6.38,0.53,-17.25,-17.25
2026-09-08T09:25:08,007460,에이프로젠,2075.0,-2.12,74534,0,-991,0.00,0.30,0.02,N,-0.63,0.02,-73.40,-87.22
2026-09-08T09:25:09,003060,에이프로젠바이오로직스,1783.0,-1.93,62822,0,10008,0.00,0.39,0.00,N,-0.14,0.11,-72.01,-83.85
2026-09-08T09:25:10,417030,니어스랩,34350.0,10.63,640332,0,147819,5.44,11.08,0.00,N,-8.29,-0.75,-18.21,-18.21
2026-09-08T09:25:11,127120,제이에스링크,31950.0,-1.39,27316,0,6537,3.05,0.07,0.00,N,-53.16,14.88,-35.97,-35.97
2026-09-08T09:25:12,115180,큐리언트,25050.0,-2.72,19501,0,2621,3.10,0.05,0.00,N,-29.64,27.71,-60.17,-60.17
2026-09-08T09:25:13,0011A0,액스비스,11110.0,29.94,392112,0,-21437,5.34,4.20,0.37,N,15.45,2.75,-78.04,-78.04
2026-09-08T09:25:14,189860,서전기전,5450.0,23.02,1160280,0,55351,3.22,11.96,0.03,N,48.66,1.68,-52.61,-52.61
2026-09-08T09:25:15,069540,빛과전자,3410.0,21.79,19659999,0,2442716,0.45,17.45,0.00,N,-8.97,3.60,-57.90,-57.90
2026-09-08T09:25:16,046120,오르비텍,5530.0,18.67,2201617,0,20517,6.67,6.50,0.49,N,190.69,2.42,-66.30,-66.30
2026-09-08T09:25:17,386380,스카이랩스,36300.0,18.82,10157654,0,-105083,0.23,54.14,0.00,N,0.00,0.00,-0.41,-0.41
2026-09-08T09:25:18,017900,광전자,8210.0,15.8,3404716,0,130728,17.84,5.88,0.34,N,112.47,1.72,-63.43,-63.43
2026-09-08T09:25:19,019990,에너토크,5690.0,16.96,670619,0,-85700,12.92,6.87,2.31,Y,-13.42,1.44,-52.02,-52.02
2026-09-08T09:25:20,011700,한신기계,2650.0,11.58,1316440,0,-228101,7.17,4.06,1.61,N,-189.29,0.98,-55.16,-55.16
2026-09-08T09:25:21,0015N0,아로마티카,10300.0,11.71,830662,0,-23815,4.87,6.60,0.27,N,23.73,5.64,-67.30,-67.30
2026-09-08T09:25:22,289080,SV인베스트먼트,2590.0,10.21,1409594,0,100664,0.93,2.34,3.05,N,-143.89,2.01,-48.51,-48.51
2026-09-08T09:25:22,183300,코미코,27800.0,5.5,155122,0,2266,25.49,0.30,1.10,N,28.63,5.19,-85.49,-50.16
2026-09-08T09:25:23,347700,스피어,20350.0,6.77,304795,0,54981,9.53,0.59,0.36,N,4070.00,13.71,-64.49,-64.49
2026-09-08T09:25:24,051980,중앙첨단소재,1097.0,9.05,3711213,0,-182008,4.41,3.34,0.01,N,-20.70,1.17,-74.81,-74.81
2026-09-08T09:25:25,452190,한빛레이저,4170.0,2.58,1664140,0,-82005,1.80,6.96,1.78,N,40.10,3.18,-60.62,-60.62
2026-09-08T09:25:26,033790,피노,8840.0,-6.55,874399,0,102558,38.84,1.05,0.17,N,-71.87,3.59,-53.84,-53.84
2026-09-08T09:25:27,181710,NHN,63500.0,-10.31,100491,0,-39708,12.83,0.31,0.42,Y,66.56,1.34,-18.80,-18.80
2026-09-08T09:35:09,007460,에이프로젠,2040.0,-3.77,104807,0,-6788,0.00,0.42,0.02,N,-0.62,0.02,-73.85,-87.43
2026-09-08T09:35:10,003060,에이프로젠바이오로직스,1742.0,-4.18,96711,0,10931,0.00,0.60,0.00,N,-0.14,0.10,-72.65,-84.23
2026-09-08T09:35:11,417030,니어스랩,34200.0,10.14,779232,0,147901,5.44,13.49,0.00,N,-8.26,-0.75,-18.57,-18.57
2026-09-08T09:35:12,127120,제이에스링크,32050.0,-1.08,31585,0,6004,3.05,0.09,0.00,N,-53.33,14.93,-35.77,-35.77
2026-09-08T09:35:13,115180,큐리언트,24800.0,-3.69,25298,0,4443,3.10,0.07,0.00,N,-29.35,27.43,-60.57,-60.57
2026-09-08T09:35:14,0011A0,액스비스,11110.0,29.94,401175,0,-21437,5.34,4.30,0.37,N,15.45,2.75,-78.04,-78.04
2026-09-08T09:35:15,386380,스카이랩스,37850.0,23.9,13637568,0,-97289,0.23,72.69,0.00,N,0.00,0.00,-3.81,-3.81
2026-09-08T09:35:16,069540,빛과전자,3515.0,25.54,23630541,0,2923738,0.45,20.97,0.00,Y,-9.25,3.71,-56.60,-56.60
2026-09-08T09:35:17,046120,오르비텍,5590.0,19.96,2743362,0,-87989,6.67,8.10,0.49,N,192.76,2.45,-65.94,-65.94
2026-09-08T09:35:18,017900,광전자,8290.0,16.93,4784825,0,154607,17.84,8.26,0.34,N,113.56,1.73,-63.07,-63.07
2026-09-08T09:35:19,189860,서전기전,5260.0,18.74,1687862,0,13647,3.22,17.40,0.03,N,46.96,1.62,-54.26,-54.26
2026-09-08T09:35:20,019990,에너토크,5630.0,15.72,762868,0,-99254,12.92,7.82,2.31,N,-13.28,1.42,-52.53,-52.53
2026-09-08T09:35:21,0155E0,해치텍,16300.0,11.26,1750615,0,22908,1.72,31.90,0.00,N,-8.40,9.12,-23.83,-23.83
2026-09-08T09:35:22,072950,빛샘전자,9160.0,9.57,355770,0,-13561,1.83,4.42,2.38,N,9.77,0.88,-64.36,-64.36
2026-09-08T09:35:23,051980,중앙첨단소재,1084.0,7.75,3928937,0,-216893,4.41,3.54,0.01,N,-20.45,1.16,-75.11,-75.11
2026-09-08T09:35:24,011700,한신기계,2605.0,9.68,1601952,0,-306876,7.17,4.94,1.61,N,-186.07,0.96,-55.92,-55.92
2026-09-08T09:35:25,033790,피노,8610.0,-8.99,1200640,0,117038,38.84,1.44,0.17,N,-70.00,3.50,-55.04,-55.04
2026-09-08T09:35:26,452190,한빛레이저,4225.0,3.94,1730702,0,-66181,1.80,7.24,1.78,N,40.62,3.22,-60.10,-60.10
2026-09-08T09:35:27,181710,NHN,64000.0,-9.6,136243,0,-52302,12.83,0.42,0.42,N,67.09,1.35,-18.16,-18.16
2026-09-08T09:45:06,007460,에이프로젠,2065.0,-2.59,111353,0,-10165,0.00,0.45,0.02,N,-0.62,0.02,-73.53,-87.28
2026-09-08T09:45:07,003060,에이프로젠바이오로직스,1746.0,-3.96,105104,0,8735,0.00,0.66,0.00,N,-0.14,0.10,-72.59,-84.19
2026-09-08T09:45:08,417030,니어스랩,33750.0,8.7,829743,0,154287,5.44,14.36,0.00,N,-8.15,-0.74,-19.64,-19.64
2026-09-08T09:45:09,127120,제이에스링크,32150.0,-0.77,36131,0,4827,3.05,0.10,0.00,N,-53.49,14.97,-35.57,-35.57
2026-09-08T09:45:10,115180,큐리언트,24750.0,-3.88,35309,0,3394,3.10,0.09,0.00,N,-29.29,27.38,-60.65,-60.65
2026-09-08T09:45:11,0011A0,액스비스,11110.0,29.94,411353,0,-21455,5.34,4.41,0.37,N,15.45,2.75,-78.04,-78.04
2026-09-08T09:45:12,0011T0,채비,5500.0,17.15,564737,0,-39345,2.75,1.20,0.12,N,-6.12,3.02,-82.11,-82.11
2026-09-08T09:45:13,386380,스카이랩스,37250.0,21.93,15016958,0,-112474,0.23,80.04,0.00,N,0.00,0.00,-5.34,-5.34
2026-09-08T09:45:13,046120,오르비텍,5650.0,21.24,3117225,0,-214167,6.67,9.21,0.49,N,194.83,2.48,-65.57,-65.57
2026-09-08T09:45:14,069540,빛과전자,3435.0,22.68,28408863,0,2682179,0.45,25.21,0.00,N,-9.04,3.63,-57.59,-57.59
2026-09-08T09:45:15,004310,현대약품,9460.0,12.35,5260875,0,228920,0.62,16.44,2.42,N,0.00,0.00,-40.73,-40.73
2026-09-08T09:45:16,017900,광전자,8100.0,14.25,5941875,0,28648,17.84,10.25,0.34,N,110.96,1.69,-63.92,-63.92
2026-09-08T09:45:17,189860,서전기전,5130.0,15.8,1922279,0,-22436,3.22,19.82,0.03,N,45.80,1.58,-55.39,-55.39
2026-09-08T09:45:18,019990,에너토크,5550.0,14.08,794271,0,-94773,12.92,8.14,2.31,N,-13.09,1.40,-53.20,-53.20
2026-09-08T09:45:19,354320,알멕,41750.0,11.19,92342,0,-25245,7.88,1.44,0.63,Y,-203.66,1.77,-59.86,-59.86
2026-09-08T09:45:20,282620,기도산업,14540.0,8.91,235447,0,32393,2.60,4.02,0.00,N,2.04,0.46,-50.71,-50.71
2026-09-08T09:45:21,067290,JW신약,3750.0,4.75,9161882,0,25945,1.56,16.35,2.63,N,13.44,5.14,-3.85,-3.85
2026-09-08T09:45:22,047040,대우건설,19940.0,8.31,8631667,0,94089,10.47,2.10,0.87,N,-9.08,2.45,-50.58,-50.58
2026-09-08T09:45:23,051980,중앙첨단소재,1069.0,6.26,4172893,0,-181801,4.41,3.76,0.01,N,-20.17,1.14,-75.45,-75.45
2026-09-08T09:45:24,033790,피노,8420.0,-10.99,1514234,0,161204,38.84,1.82,0.17,N,-68.46,3.42,-56.03,-56.03
2026-09-08T09:45:24,011700,한신기계,2575.0,8.42,1688683,0,-344251,7.17,5.20,1.61,N,-183.93,0.95,-56.43,-56.43
2026-09-08T09:45:25,452190,한빛레이저,4150.0,2.09,1829445,0,-69317,1.80,7.65,1.78,Y,39.90,3.17,-60.81,-60.81
2026-09-08T09:45:26,181710,NHN,63600.0,-10.17,146305,0,-55320,12.83,0.45,0.42,N,66.67,1.34,-18.67,-18.67
2026-09-08T09:55:06,007460,에이프로젠,2060.0,-2.83,116207,0,-13043,0.00,0.47,0.02,N,-0.62,0.02,-73.59,-87.31
2026-09-08T09:55:07,003060,에이프로젠바이오로직스,1753.0,-3.58,109659,0,7682,0.00,0.69,0.00,N,-0.14,0.10,-72.48,-84.13
2026-09-08T09:55:08,417030,니어스랩,33050.0,6.44,886756,0,159850,5.44,15.35,0.00,N,-7.98,-0.72,-21.31,-21.31
2026-09-08T09:55:09,127120,제이에스링크,32200.0,-0.62,40666,0,4704,3.05,0.11,0.00,N,-53.58,15.00,-35.47,-35.47
2026-09-08T09:55:10,115180,큐리언트,24850.0,-3.5,37936,0,2978,3.10,0.10,0.00,N,-29.41,27.49,-60.49,-60.49
2026-09-08T09:55:11,0011A0,액스비스,11110.0,29.94,411760,0,-21455,5.34,4.41,0.37,N,15.45,2.75,-78.04,-78.04
2026-09-08T09:55:12,069540,빛과전자,3640.0,30.0,39996930,0,3105594,0.45,35.49,0.00,N,-9.58,3.84,-55.06,-55.06
2026-09-08T09:55:13,017900,광전자,8710.0,22.85,8316135,0,90595,17.84,14.35,0.34,N,119.32,1.82,-61.20,-61.20
2026-09-08T09:55:14,0011T0,채비,5490.0,16.93,686192,0,-40960,2.75,1.46,0.12,N,-6.11,3.01,-82.15,-82.15
2026-09-08T09:55:14,386380,스카이랩스,37450.0,22.59,16604407,0,-112543,0.23,88.50,0.00,N,0.00,0.00,-4.83,-4.83
2026-09-08T09:55:15,046120,오르비텍,5510.0,18.24,3347108,0,-278353,6.67,9.89,0.49,N,190.00,2.41,-66.42,-66.42
2026-09-08T09:55:16,261780,아리바이오랩,3160.0,8.97,997779,0,-28023,0.00,3.45,0.00,N,0.00,0.00,-52.98,-52.98
2026-09-08T09:55:17,189860,서전기전,5270.0,18.96,2111779,0,-38139,3.22,21.77,0.03,N,47.05,1.62,-54.17,-54.17
2026-09-08T09:55:18,072950,빛샘전자,9500.0,13.64,1181007,0,-99543,1.83,14.67,2.38,N,10.13,0.92,-63.04,-63.04
2026-09-08T09:55:19,019990,에너토크,5650.0,16.14,836504,0,-87939,12.92,8.57,2.31,N,-13.33,1.43,-52.36,-52.36
2026-09-08T09:55:20,004310,현대약품,9110.0,8.19,8747551,0,144873,0.62,27.34,2.42,N,0.00,0.00,-42.92,-42.92
2026-09-08T09:55:21,049080,기가레인,8590.0,10.27,368415,0,73698,0.00,4.34,0.00,Y,-6.88,1.76,-42.54,-72.51
2026-09-08T09:55:22,082850,우리바이오,6655.0,14.15,540155,0,-360,2.41,5.57,4.35,N,-6.88,0.27,-6.14,-50.24
2026-09-08T09:55:23,354320,알멕,40850.0,8.79,108677,0,-30598,7.88,1.70,0.63,N,-199.27,1.74,-60.72,-60.72
2026-09-08T09:55:24,347700,스피어,20700.0,8.6,482242,0,68358,9.53,0.94,0.36,N,4140.00,13.95,-63.87,-63.87
2026-09-08T09:55:25,033790,피노,8300.0,-12.26,1799014,0,198870,38.84,2.16,0.17,N,-67.48,3.37,-56.66,-56.66
2026-09-08T09:55:26,051980,중앙첨단소재,1079.0,7.26,4293072,0,-161865,4.41,3.86,0.01,N,-20.36,1.15,-75.22,-75.22
2026-09-08T09:55:26,011700,한신기계,2590.0,9.05,1750548,0,-356587,7.17,5.40,1.61,N,-185.00,0.96,-56.18,-56.18
2026-09-08T09:55:27,039610,화성밸브,6110.0,6.63,755737,0,-39838,3.18,7.26,2.35,N,-32.33,0.67,-47.69,-47.69
2026-09-08T09:55:28,452190,한빛레이저,4190.0,3.08,1892478,0,-49865,1.80,7.91,1.78,N,40.29,3.20,-60.43,-60.43
2026-09-08T09:55:29,181710,NHN,62900.0,-11.16,157101,0,-58668,12.83,0.48,0.42,N,65.93,1.33,-19.57,-19.57
2026-09-08T09:55:30,032820,우리기술,11540.0,5.68,6857594,0,-660882,5.42,3.97,0.24,N,2308.00,15.28,-61.79,-61.79
2026-09-08T10:05:08,007460,에이프로젠,2055.0,-3.07,122088,0,-15838,0.00,0.49,0.02,N,-0.62,0.02,-73.65,-87.34
2026-09-08T10:05:09,003060,에이프로젠바이오로직스,1708.0,-6.05,170645,0,-8050,0.00,1.07,0.00,N,-0.13,0.10,-73.19,-84.53
2026-09-08T10:05:10,417030,니어스랩,33250.0,7.09,915205,0,163727,5.44,15.84,0.00,N,-8.03,-0.73,-20.83,-20.83
2026-09-08T10:05:11,127120,제이에스링크,32300.0,-0.31,45587,0,5867,3.05,0.12,0.00,N,-53.74,15.04,-35.27,-35.27
2026-09-08T10:05:12,115180,큐리언트,24500.0,-4.85,45889,0,2855,3.10,0.12,0.00,N,-28.99,27.10,-61.05,-61.05
2026-09-08T10:05:13,0011A0,액스비스,11110.0,29.94,412919,0,-21455,5.34,4.42,0.37,N,15.45,2.75,-78.04,-78.04
2026-09-08T10:05:14,069540,빛과전자,3640.0,30.0,40476762,0,3105731,0.45,35.92,0.00,N,-9.58,3.84,-55.06,-55.06
2026-09-08T10:05:15,017900,광전자,8620.0,21.58,9512598,0,-85924,17.84,16.42,0.34,N,118.08,1.80,-61.60,-61.60
2026-09-08T10:05:16,386380,스카이랩스,37300.0,22.09,17368061,0,-114765,0.23,92.57,0.00,N,0.00,0.00,-5.21,-5.21
2026-09-08T10:05:17,046120,오르비텍,5620.0,20.6,3548702,0,-335787,6.67,10.48,0.49,N,193.79,2.46,-65.75,-65.75
2026-09-08T10:05:18,004310,현대약품,9570.0,13.66,11201748,0,296268,0.62,35.01,2.42,N,0.00,0.00,-40.04,-40.04
2026-09-08T10:05:19,0011T0,채비,5310.0,13.1,731337,0,-41535,2.75,1.56,0.12,N,-5.91,2.91,-82.73,-82.73
2026-09-08T10:05:20,261780,아리바이오랩,3175.0,9.48,1052886,0,-13447,0.00,3.64,0.00,N,0.00,0.00,-52.75,-52.75
2026-09-08T10:05:21,049080,기가레인,8920.0,14.51,1081459,0,-11851,0.00,12.74,0.00,N,-7.14,1.83,-40.33,-71.46
2026-09-08T10:05:21,189860,서전기전,5220.0,17.83,2175835,0,-41776,3.22,22.43,0.03,N,46.61,1.61,-54.61,-54.61
2026-09-08T10:05:22,019990,에너토크,5620.0,15.52,856591,0,-94265,12.92,8.78,2.31,N,-13.25,1.42,-52.61,-52.61
2026-09-08T10:05:23,072950,빛샘전자,9280.0,11.0,1416491,0,-121753,1.83,17.59,2.38,N,9.89,0.90,-63.89,-63.89
2026-09-08T10:05:24,183300,코미코,28200.0,7.02,301652,0,-2478,25.49,0.59,1.10,N,29.04,5.26,-85.28,-49.45
2026-09-08T10:05:25,033790,피노,8340.0,-11.84,2065889,0,170554,38.84,2.48,0.17,N,-67.80,3.39,-56.45,-56.45
2026-09-08T10:05:26,051980,중앙첨단소재,1077.0,7.06,4406289,0,-158927,4.41,3.97,0.01,N,-20.32,1.15,-75.27,-75.27
2026-09-08T10:05:27,011700,한신기계,2575.0,8.42,1794794,0,-352627,7.17,5.53,1.61,N,-183.93,0.95,-56.43,-56.43
2026-09-08T10:05:28,039610,화성밸브,6030.0,5.24,793078,0,-32564,3.18,7.62,2.35,N,-31.90,0.67,-48.37,-48.37
2026-09-08T10:05:29,181710,NHN,62300.0,-12.01,207025,0,-37680,12.83,0.63,0.42,N,65.30,1.31,-20.33,-20.33
2026-09-08T10:05:30,452190,한빛레이저,4145.0,1.97,1935023,0,-53356,1.80,8.09,1.78,N,39.86,3.16,-60.86,-60.86
2026-09-08T10:05:30,032820,우리기술,11480.0,5.13,7207282,0,-653774,5.42,4.17,0.24,N,2296.00,15.21,-61.99,-61.99
2026-09-08T10:15:07,007460,에이프로젠,2065.0,-2.59,126756,0,-15356,0.00,0.51,0.02,N,-0.62,0.02,-73.53,-87.28
2026-09-08T10:15:08,003060,에이프로젠바이오로직스,1718.0,-5.5,186158,0,-11166,0.00,1.16,0.00,N,-0.13,0.10,-73.03,-84.44
2026-09-08T10:15:09,417030,니어스랩,33300.0,7.25,944803,0,167456,5.44,16.35,0.00,N,-8.04,-0.73,-20.71,-20.71
2026-09-08T10:15:09,127120,제이에스링크,32250.0,-0.46,50677,0,6530,3.05,0.14,0.00,N,-53.66,15.02,-35.37,-35.37
2026-09-08T10:15:10,115180,큐리언트,24400.0,-5.24,54767,0,3634,3.10,0.15,0.00,N,-28.88,26.99,-61.21,-61.21
2026-09-08T10:15:11,0011A0,액스비스,11110.0,29.94,414255,0,-21471,5.34,4.44,0.37,N,15.45,2.75,-78.04,-78.04
2026-09-08T10:15:12,004310,현대약품,10580.0,25.65,15594283,0,265996,0.62,48.73,2.42,N,0.00,0.00,-33.71,-33.71
2026-09-08T10:15:13,069540,빛과전자,3640.0,30.0,40693948,0,3149575,0.45,36.11,0.00,N,-9.58,3.84,-55.06,-55.06
2026-09-08T10:15:14,017900,광전자,8460.0,19.32,10224718,0,-84113,17.84,17.65,0.34,N,115.89,1.77,-62.32,-62.32
2026-09-08T10:15:15,046120,오르비텍,5610.0,20.39,3691988,0,-327085,6.67,10.91,0.49,N,193.45,2.46,-65.81,-65.81
2026-09-08T10:15:16,0011T0,채비,5430.0,15.65,771965,0,-28228,2.75,1.64,0.12,N,-6.04,2.98,-82.34,-82.34
2026-09-08T10:15:17,386380,스카이랩스,36400.0,19.15,17822056,0,-114613,0.23,94.99,0.00,N,0.00,0.00,-7.50,-7.50
2026-09-08T10:15:18,261780,아리바이오랩,3125.0,7.76,1077060,0,-8937,0.00,3.72,0.00,N,0.00,0.00,-53.50,-53.50
2026-09-08T10:15:19,019990,에너토크,5670.0,16.55,866105,0,-94552,12.92,8.88,2.31,N,-13.37,1.43,-52.19,-52.19
2026-09-08T10:15:20,189860,서전기전,5240.0,18.28,2234794,0,-55889,3.22,23.04,0.03,N,46.79,1.61,-54.43,-54.43
2026-09-08T10:15:21,067290,JW신약,4015.0,12.15,22983151,0,51073,1.56,41.01,2.63,N,14.39,5.51,0.00,0.00
2026-09-08T10:15:22,049080,기가레인,8700.0,11.68,1259212,0,-18313,0.00,14.83,0.00,N,-6.97,1.79,-41.81,-72.16
2026-09-08T10:15:23,072950,빛샘전자,9150.0,9.45,1519717,0,-131115,1.83,18.87,2.38,N,9.75,0.88,-64.40,-64.40
2026-09-08T10:15:24,051980,중앙첨단소재,1070.0,6.36,4437242,0,-162277,4.41,3.99,0.01,N,-20.19,1.14,-75.43,-75.43
2026-09-08T10:15:25,033790,피노,8280.0,-12.47,2248639,0,87786,38.84,2.70,0.17,N,-67.32,3.36,-56.76,-56.76
2026-09-08T10:15:26,011700,한신기계,2585.0,8.84,1821602,0,-350873,7.17,5.61,1.61,N,-184.64,0.96,-56.26,-56.26
2026-09-08T10:15:27,181710,NHN,61600.0,-12.99,235480,0,-29960,12.83,0.72,0.42,N,64.57,1.30,-21.23,-21.23
2026-09-08T10:15:28,452190,한빛레이저,4140.0,1.85,1988031,0,-25132,1.80,8.31,1.78,N,39.81,3.16,-60.91,-60.91
2026-09-08T10:15:29,039610,화성밸브,6110.0,6.63,806250,0,-29326,3.18,7.74,2.35,N,-32.33,0.67,-47.69,-47.69
2026-09-08T10:15:30,082850,우리바이오,6320.0,8.4,672065,0,-2562,2.41,6.93,4.35,N,-6.54,0.26,-10.86,-52.75
2026-09-08T10:15:30,0155E0,해치텍,15140.0,3.34,2472192,0,-15851,1.72,45.05,0.00,N,-7.80,8.47,-29.25,-29.25
2026-09-08T10:25:07,007460,에이프로젠,2040.0,-3.77,156894,0,-12116,0.00,0.63,0.02,N,-0.62,0.02,-73.85,-87.43
2026-09-08T10:25:08,003060,에이프로젠바이오로직스,1725.0,-5.12,196568,0,-9227,0.00,1.23,0.00,N,-0.13,0.10,-72.92,-84.38
2026-09-08T10:25:09,417030,니어스랩,33350.0,7.41,961786,0,168172,5.44,16.65,0.00,N,-8.05,-0.73,-20.60,-20.60
2026-09-08T10:25:10,127120,제이에스링크,32700.0,0.93,59470,0,4873,3.05,0.16,0.00,N,-54.41,15.23,-34.47,-34.47
2026-09-08T10:25:11,115180,큐리언트,24450.0,-5.05,57015,0,3397,3.10,0.15,0.00,N,-28.93,27.05,-61.13,-61.13
2026-09-08T10:25:12,0011A0,액스비스,11110.0,29.94,415103,0,-21471,5.34,4.45,0.37,N,15.45,2.75,-78.04,-78.04
2026-09-08T10:25:13,004310,현대약품,10650.0,26.48,18662132,0,184617,0.62,58.32,2.42,N,0.00,0.00,-33.27,-33.27
2026-09-08T10:25:14,069540,빛과전자,3640.0,30.0,40833188,0,3149575,0.45,36.23,0.00,N,-9.58,3.84,-55.06,-55.06
2026-09-08T10:25:15,950250,테라뷰,2880.0,24.14,1294565,0,0,0.00,3.63,0.32,N,-10.63,3.22,-86.15,-86.15
2026-09-08T10:25:16,067290,JW신약,4095.0,14.39,34006849,0,530189,1.56,60.69,2.63,N,14.68,5.62,-2.50,-2.50
2026-09-08T10:25:17,046120,오르비텍,5610.0,20.39,3775962,0,-326527,6.67,11.15,0.49,N,193.45,2.46,-65.81,-65.81
2026-09-08T10:25:18,017900,광전자,8410.0,18.62,10769271,0,-84720,17.84,18.59,0.34,N,115.21,1.76,-62.54,-62.54
2026-09-08T10:25:19,0011T0,채비,5380.0,14.59,793966,0,-21161,2.75,1.69,0.12,N,-5.98,2.95,-82.50,-82.50
2026-09-08T10:25:20,386380,스카이랩스,36550.0,19.64,18604027,0,-115265,0.23,99.16,0.00,N,0.00,0.00,-7.12,-7.12
2026-09-08T10:25:21,261780,아리바이오랩,3165.0,9.14,1106469,0,3281,0.00,3.82,0.00,N,0.00,0.00,-52.90,-52.90
2026-09-08T10:25:22,189860,서전기전,5220.0,17.83,2280810,0,-80550,3.22,23.52,0.03,N,46.61,1.61,-54.61,-54.61
2026-09-08T10:25:23,019990,에너토크,5680.0,16.75,882761,0,-93320,12.92,9.05,2.31,N,-13.40,1.44,-52.11,-52.11
2026-09-08T10:25:24,049080,기가레인,8860.0,13.74,1360627,0,-29559,0.00,16.03,0.00,N,-7.09,1.82,-40.74,-71.65
2026-09-08T10:25:25,008930,한미사이언스,59200.0,9.23,233176,0,41154,0.98,0.34,0.62,N,34.20,4.17,-0.67,-0.67
2026-09-08T10:25:26,491000,리브스메드,37350.0,10.67,118210,0,-3722,3.74,0.47,1.11,Y,-36.44,5.10,-61.05,-61.05
2026-09-08T10:25:27,330350,위더스제약,8000.0,5.82,549894,0,52237,0.69,4.17,3.93,N,22.10,1.13,-33.05,-33.05
2026-09-08T10:25:28,051980,중앙첨단소재,1071.0,6.46,4492905,0,-139405,4.41,4.04,0.01,N,-20.21,1.14,-75.41,-75.41
2026-09-08T10:25:29,033790,피노,8400.0,-11.21,2382701,0,50238,38.84,2.86,0.17,N,-68.29,3.41,-56.14,-56.14
2026-09-08T10:25:30,181710,NHN,61000.0,-13.84,254595,0,-33651,12.83,0.78,0.42,N,63.94,1.29,-21.99,-21.99
2026-09-08T10:25:31,011700,한신기계,2600.0,9.47,1856557,0,-364256,7.17,5.72,1.61,N,-185.71,0.96,-56.01,-56.01
2026-09-08T10:25:32,082850,우리바이오,6280.0,7.72,685593,0,-3915,2.41,7.07,4.35,N,-6.49,0.26,-11.42,-53.05
2026-09-08T10:25:33,452190,한빛레이저,4160.0,2.34,2014549,0,-21686,1.80,8.42,1.78,N,40.00,3.17,-60.72,-60.72
2026-09-08T10:25:34,039610,화성밸브,6140.0,7.16,822255,0,-29625,3.18,7.90,2.35,N,-32.49,0.68,-47.43,-47.43
2026-09-08T10:25:35,0155E0,해치텍,14900.0,1.71,2554339,0,-13648,1.72,46.55,0.00,N,-7.68,8.33,-30.37,-30.37
2026-09-08T10:35:06,007460,에이프로젠,2050.0,-3.3,159700,0,-12393,0.00,0.64,0.02,N,-0.62,0.02,-73.72,-87.37
2026-09-08T10:35:07,003060,에이프로젠바이오로직스,1722.0,-5.28,204321,0,-10132,0.00,1.28,0.00,N,-0.13,0.10,-72.97,-84.41
2026-09-08T10:35:08,417030,니어스랩,33800.0,8.86,997218,0,176688,5.44,17.26,0.00,N,-8.16,-0.74,-19.52,-19.52
2026-09-08T10:35:09,127120,제이에스링크,33100.0,2.16,66866,0,5263,3.05,0.18,0.00,N,-55.07,15.42,-33.67,-33.67
2026-09-08T10:35:10,115180,큐리언트,24950.0,-3.11,68391,0,6733,3.10,0.18,0.00,N,-29.53,27.60,-60.33,-60.33
2026-09-08T10:35:11,0011A0,액스비스,11110.0,29.94,416850,0,-21486,5.34,4.47,0.37,N,15.45,2.75,-78.04,-78.04
2026-09-08T10:35:12,004310,현대약품,10660.0,26.6,23515048,0,21427,0.62,73.48,2.42,N,0.00,0.00,-33.21,-33.21
2026-09-08T10:35:13,950250,테라뷰,2890.0,24.57,1482235,0,0,0.00,4.15,0.32,N,-10.66,3.23,-86.11,-86.11
2026-09-08T10:35:14,069540,빛과전자,3640.0,30.0,40929330,0,3149575,0.45,36.32,0.00,N,-9.58,3.84,-55.06,-55.06
2026-09-08T10:35:15,067290,JW신약,4165.0,16.34,45606598,0,-216261,1.56,81.39,2.63,N,14.93,5.71,-3.92,-3.92
2026-09-08T10:35:16,046120,오르비텍,5720.0,22.75,3956580,0,-301417,6.67,11.69,0.49,N,197.24,2.51,-65.14,-65.14
2026-09-08T10:35:17,017900,광전자,8390.0,18.34,11109689,0,-97745,17.84,19.17,0.34,N,114.93,1.75,-62.63,-62.63
2026-09-08T10:35:18,0011T0,채비,5340.0,13.74,816459,0,-20101,2.75,1.74,0.12,N,-5.94,2.93,-82.63,-82.63
2026-09-08T10:35:19,261780,아리바이오랩,3200.0,10.34,1140248,0,21015,0.00,3.94,0.00,N,0.00,0.00,-52.38,-52.38
2026-09-08T10:35:20,386380,스카이랩스,36400.0,19.15,18965106,0,-115228,0.23,101.08,0.00,N,0.00,0.00,-7.50,-7.50
2026-09-08T10:35:21,019990,에너토크,5670.0,16.55,892568,0,-92155,12.92,9.15,2.31,N,-13.37,1.43,-52.19,-52.19
2026-09-08T10:35:22,189860,서전기전,5230.0,18.06,2339556,0,-71238,3.22,24.12,0.03,N,46.70,1.61,-54.52,-54.52
2026-09-08T10:35:23,049080,기가레인,8760.0,12.45,1483241,0,-32468,0.00,17.47,0.00,N,-7.01,1.80,-41.40,-71.97
2026-09-08T10:35:24,047040,대우건설,20650.0,12.17,13028382,0,626116,10.47,3.17,0.87,N,-9.41,2.53,-48.82,-48.82
2026-09-08T10:35:25,347700,스피어,21000.0,10.18,682282,0,76203,9.53,1.32,0.36,N,4200.00,14.15,-63.35,-63.35
2026-09-08T10:35:26,051980,중앙첨단소재,1074.0,6.76,4516967,0,-143900,4.41,4.07,0.01,N,-20.26,1.15,-75.34,-75.34
2026-09-08T10:35:26,033790,피노,8430.0,-10.89,2500684,0,8473,38.84,3.00,0.17,N,-68.54,3.42,-55.98,-55.98
2026-09-08T10:35:27,181710,NHN,60900.0,-13.98,268428,0,-33791,12.83,0.82,0.42,N,63.84,1.28,-22.12,-22.12
2026-09-08T10:35:28,011700,한신기계,2595.0,9.26,1893016,0,-359205,7.17,5.83,1.61,N,-185.36,0.96,-56.09,-56.09
2026-09-08T10:35:29,082850,우리바이오,6240.0,7.03,707125,0,-3789,2.41,7.30,4.35,N,-6.45,0.26,-11.99,-53.35
2026-09-08T10:35:30,452190,한빛레이저,4140.0,1.85,2060318,0,-16185,1.80,8.61,1.78,N,39.81,3.16,-60.91,-60.91
2026-09-08T10:35:31,039610,화성밸브,6180.0,7.85,837114,0,-30515,3.18,8.04,2.35,N,-32.70,0.68,-47.09,-47.09
2026-09-08T10:35:32,0155E0,해치텍,15170.0,3.55,2647140,0,-29083,1.72,48.24,0.00,N,-7.82,8.48,-29.11,-29.11
2026-09-08T10:45:06,007460,에이프로젠,2040.0,-3.77,162913,0,-12758,0.00,0.66,0.02,N,-0.62,0.02,-73.85,-87.43
2026-09-08T10:45:07,003060,에이프로젠바이오로직스,1722.0,-5.28,210938,0,-11872,0.00,1.32,0.00,N,-0.13,0.10,-72.97,-84.41
2026-09-08T10:45:08,417030,니어스랩,34500.0,11.11,1030608,0,186413,5.44,17.84,0.00,N,-8.33,-0.75,-17.86,-17.86
2026-09-08T10:45:09,127120,제이에스링크,33350.0,2.93,74354,0,5053,3.05,0.20,0.00,N,-55.49,15.53,-33.17,-33.17
2026-09-08T10:45:10,115180,큐리언트,24650.0,-4.27,74822,0,3712,3.10,0.20,0.00,N,-29.17,27.27,-60.81,-60.81
2026-09-08T10:45:11,0011A0,액스비스,11110.0,29.94,417642,0,-21486,5.34,4.47,0.37,N,15.45,2.75,-78.04,-78.04
2026-09-08T10:45:12,004310,현대약품,10670.0,26.72,24337155,0,25389,0.62,76.05,2.42,N,0.00,0.00,-33.15,-33.15
2026-09-08T10:45:13,069540,빛과전자,3640.0,30.0,41012569,0,3149575,0.45,36.39,0.00,N,-9.58,3.84,-55.06,-55.06
2026-09-08T10:45:13,053950,경남제약,2510.0,15.67,1800689,0,-57347,0.00,9.18,0.00,N,2.52,0.34,-40.45,-55.02
2026-09-08T10:45:14,067290,JW신약,4155.0,16.06,50609287,0,-479232,1.56,90.31,2.63,N,14.89,5.70,-4.15,-4.15
2026-09-08T10:45:15,950250,테라뷰,2735.0,17.89,1721514,0,0,0.00,4.82,0.32,N,-10.09,3.06,-86.85,-86.85
2026-09-08T10:45:16,046120,오르비텍,5620.0,20.6,4051152,0,-310767,6.67,11.97,0.49,N,193.79,2.46,-65.75,-65.75
2026-09-08T10:45:17,0011T0,채비,5430.0,15.65,832357,0,-23006,2.75,1.77,0.12,N,-6.04,2.98,-82.34,-82.34
2026-09-08T10:45:18,017900,광전자,8360.0,17.91,11293830,0,-80783,17.84,19.49,0.34,N,114.52,1.75,-62.76,-62.76
2026-09-08T10:45:19,386380,스카이랩스,36750.0,20.29,19395276,0,-115057,0.23,103.38,0.00,N,0.00,0.00,-6.61,-6.61
2026-09-08T10:45:20,261780,아리바이오랩,3180.0,9.66,1152198,0,20045,0.00,3.98,0.00,N,0.00,0.00,-52.68,-52.68
2026-09-08T10:45:21,049080,기가레인,9010.0,15.66,1547091,0,-38989,0.00,18.23,0.00,N,-7.21,1.85,-39.73,-71.17
2026-09-08T10:45:22,189860,서전기전,5220.0,17.83,2368245,0,-67590,3.22,24.42,0.03,N,46.61,1.61,-54.61,-54.61
2026-09-08T10:45:23,019990,에너토크,5650.0,16.14,897412,0,-93353,12.92,9.20,2.31,N,-13.33,1.43,-52.36,-52.36
2026-09-08T10:45:24,354320,알멕,42250.0,12.52,148485,0,-24238,7.88,2.32,0.63,N,-206.10,1.80,-59.38,-59.38
2026-09-08T10:45:25,047040,대우건설,20400.0,10.81,14045218,0,582747,10.47,3.42,0.87,N,-9.29,2.50,-49.44,-49.44
2026-09-08T10:45:26,051980,중앙첨단소재,1070.0,6.36,4537275,0,-143798,4.41,4.08,0.01,N,-20.19,1.14,-75.43,-75.43
2026-09-08T10:45:27,181710,NHN,60700.0,-14.27,283158,0,-37346,12.83,0.86,0.42,N,63.63,1.28,-22.38,-22.38
2026-09-08T10:45:28,033790,피노,8400.0,-11.21,2612138,0,-52356,38.84,3.13,0.17,N,-68.29,3.41,-56.14,-56.14
2026-09-08T10:45:29,011700,한신기계,2590.0,9.05,1915741,0,-362271,7.17,5.90,1.61,N,-185.00,0.96,-56.18,-56.18
2026-09-08T10:45:30,082850,우리바이오,6240.0,7.03,717020,0,-4218,2.41,7.40,4.35,N,-6.45,0.26,-11.99,-53.35
2026-09-08T10:45:31,452190,한빛레이저,4135.0,1.72,2079662,0,-12277,1.80,8.69,1.78,N,39.76,3.15,-60.95,-60.95
2026-09-08T10:45:32,039610,화성밸브,6140.0,7.16,851075,0,-28925,3.18,8.18,2.35,N,-32.49,0.68,-47.43,-47.43
2026-09-08T10:45:33,0155E0,해치텍,15030.0,2.59,2681304,0,-31065,1.72,48.87,0.00,N,-7.75,8.41,-29.77,-29.77
2026-09-08T10:55:06,007460,에이프로젠,2050.0,-3.3,166243,0,-12959,0.00,0.67,0.02,N,-0.62,0.02,-73.72,-87.37
2026-09-08T10:55:07,003060,에이프로젠바이오로직스,1714.0,-5.72,231203,0,-12411,0.00,1.45,0.00,N,-0.13,0.10,-73.09,-84.48
2026-09-08T10:55:08,417030,니어스랩,34150.0,9.98,1056137,0,184901,5.44,18.28,0.00,N,-8.24,-0.75,-18.69,-18.69
2026-09-08T10:55:09,127120,제이에스링크,33150.0,2.31,78115,0,4404,3.05,0.21,0.00,N,-55.16,15.44,-33.57,-33.57
2026-09-08T10:55:10,115180,큐리언트,24600.0,-4.47,78644,0,1719,3.10,0.21,0.00,N,-29.11,27.21,-60.89,-60.89
2026-09-08T10:55:11,0011A0,액스비스,11110.0,29.94,420152,0,-21486,5.34,4.50,0.37,N,15.45,2.75,-78.04,-78.04
2026-09-08T10:55:12,004310,현대약품,10480.0,24.47,24825858,0,14905,0.62,77.58,2.42,N,0.00,0.00,-34.34,-34.34
2026-09-08T10:55:13,069540,빛과전자,3640.0,30.0,41070510,0,3149575,0.45,36.44,0.00,N,-9.58,3.84,-55.06,-55.06
2026-09-08T10:55:14,046120,오르비텍,5690.0,22.1,4169453,0,-282854,6.67,12.32,0.49,N,196.21,2.49,-65.33,-65.33
2026-09-08T10:55:15,067290,JW신약,4115.0,14.94,52740927,0,-493462,1.56,94.12,2.63,N,14.75,5.64,-5.07,-5.07
2026-09-08T10:55:16,0011T0,채비,5430.0,15.65,849828,0,-22911,2.75,1.81,0.12,N,-6.04,2.98,-82.34,-82.34
2026-09-08T10:55:17,950250,테라뷰,2710.0,16.81,1869001,0,0,0.00,5.24,0.32,N,-10.00,3.03,-86.97,-86.97
2026-09-08T10:55:18,017900,광전자,8370.0,18.05,11433485,0,-92866,17.84,19.73,0.34,N,114.66,1.75,-62.72,-62.72
2026-09-08T10:55:18,386380,스카이랩스,36650.0,19.97,19607719,0,-115083,0.23,104.51,0.00,N,0.00,0.00,-6.86,-6.86
2026-09-08T10:55:19,053950,경남제약,2420.0,11.52,2105569,0,-61668,0.00,10.73,0.00,N,2.42,0.33,-42.59,-56.63
2026-09-08T10:55:20,189860,서전기전,5280.0,19.19,2426188,0,-67954,3.22,25.02,0.03,N,47.14,1.63,-54.09,-54.09
2026-09-08T10:55:21,261780,아리바이오랩,3150.0,8.62,1165265,0,22587,0.00,4.02,0.00,N,0.00,0.00,-53.12,-53.12
2026-09-08T10:55:22,049080,기가레인,8940.0,14.76,1617943,0,-38343,0.00,19.06,0.00,N,-7.16,1.84,-40.20,-71.39
2026-09-08T10:55:23,030530,원익홀딩스,24400.0,9.17,3248023,0,-149456,5.59,4.21,1.23,N,68.73,1.86,-51.78,-51.78
2026-09-08T10:55:24,019990,에너토크,5660.0,16.34,903454,0,-93212,12.92,9.26,2.31,N,-13.35,1.43,-52.28,-52.28
2026-09-08T10:55:25,047040,대우건설,20550.0,11.62,14896330,0,565640,10.47,3.63,0.87,N,-9.36,2.52,-49.07,-49.07
2026-09-08T10:55:26,354320,알멕,41600.0,10.79,155400,0,-26843,7.88,2.43,0.63,N,-202.93,1.77,-60.00,-60.00
2026-09-08T10:55:27,051980,중앙첨단소재,1067.0,6.06,4608994,0,-145942,4.41,4.15,0.01,N,-20.13,1.14,-75.50,-75.50
2026-09-08T10:55:28,181710,NHN,60800.0,-14.12,297420,0,-42398,12.83,0.91,0.42,N,63.73,1.28,-22.25,-22.25
2026-09-08T10:55:29,033790,피노,8440.0,-10.78,2711419,0,-59674,38.84,3.25,0.17,N,-68.62,3.43,-55.93,-55.93
2026-09-08T10:55:30,011700,한신기계,2605.0,9.68,1936141,0,-362520,7.17,5.97,1.61,N,-186.07,0.96,-55.92,-55.92
2026-09-08T10:55:31,082850,우리바이오,6230.0,6.86,724884,0,-4716,2.41,7.48,4.35,N,-6.44,0.26,-12.13,-53.42
2026-09-08T10:55:32,452190,한빛레이저,4145.0,1.97,2092878,0,-15998,1.80,8.75,1.78,N,39.86,3.16,-60.86,-60.86
2026-09-08T11:05:06,007460,에이프로젠,2050.0,-3.3,168538,0,-13207,0.00,0.68,0.02,N,-0.62,0.02,-73.72,-87.37
2026-09-08T11:05:07,003060,에이프로젠바이오로직스,1716.0,-5.61,233563,0,-12731,0.00,1.46,0.00,N,-0.13,0.10,-73.06,-84.46
2026-09-08T11:05:08,417030,니어스랩,34150.0,9.98,1072099,0,188301,5.44,18.56,0.00,N,-8.24,-0.75,-18.69,-18.69
2026-09-08T11:05:08,127120,제이에스링크,33150.0,2.31,80793,0,3688,3.05,0.22,0.00,N,-55.16,15.44,-33.57,-33.57
2026-09-08T11:05:09,115180,큐리언트,24500.0,-4.85,80026,0,1915,3.10,0.21,0.00,N,-28.99,27.10,-61.05,-61.05
2026-09-08T11:05:10,0011A0,액스비스,11110.0,29.94,420459,0,-21503,5.34,4.50,0.37,N,15.45,2.75,-78.04,-78.04
2026-09-08T11:05:11,004310,현대약품,10510.0,24.82,25237072,0,36023,0.62,78.87,2.42,N,0.00,0.00,-34.15,-34.15
2026-09-08T11:05:12,069540,빛과전자,3640.0,30.0,41116105,0,3149575,0.45,36.49,0.00,N,-9.58,3.84,-55.06,-55.06
2026-09-08T11:05:13,053950,경남제약,2505.0,15.44,2455555,0,-64186,0.00,12.52,0.00,N,2.51,0.34,-40.57,-55.11
2026-09-08T11:05:14,046120,오르비텍,5680.0,21.89,4239303,0,-311227,6.67,12.52,0.49,N,195.86,2.49,-65.39,-65.39
2026-09-08T11:05:15,067290,JW신약,4095.0,14.39,54621752,0,-489492,1.56,97.47,2.63,N,14.68,5.62,-5.54,-5.54
2026-09-08T11:05:16,0011T0,채비,5420.0,15.44,859050,0,-23186,2.75,1.83,0.12,N,-6.03,2.97,-82.37,-82.37
2026-09-08T11:05:17,017900,광전자,8365.0,17.98,11580785,0,-101516,17.84,19.99,0.34,N,114.59,1.75,-62.74,-62.74
2026-09-08T11:05:18,386380,스카이랩스,36750.0,20.29,19838040,0,-113303,0.23,105.74,0.00,N,0.00,0.00,-6.61,-6.61
2026-09-08T11:05:19,950250,테라뷰,2670.0,15.09,1988313,0,0,0.00,5.57,0.32,N,-9.85,2.98,-87.16,-87.16
2026-09-08T11:05:20,261780,아리바이오랩,3190.0,10.0,1183260,0,26258,0.00,4.09,0.00,N,0.00,0.00,-52.53,-52.53
2026-09-08T11:05:21,189860,서전기전,5270.0,18.96,2449184,0,-64515,3.22,25.25,0.03,N,47.05,1.62,-54.17,-54.17
2026-09-08T11:05:21,030530,원익홀딩스,24450.0,9.4,3836243,0,-199692,5.59,4.97,1.23,N,68.87,1.87,-51.68,-51.68
2026-09-08T11:05:22,019990,에너토크,5690.0,16.96,909937,0,-92571,12.92,9.33,2.31,N,-13.42,1.44,-52.02,-52.02
2026-09-08T11:05:23,049080,기가레인,8780.0,12.71,1682938,0,-39793,0.00,19.83,0.00,N,-7.03,1.80,-41.27,-71.90
2026-09-08T11:05:24,047040,대우건설,20700.0,12.44,15372757,0,599646,10.47,3.74,0.87,N,-9.43,2.54,-48.70,-48.70
2026-09-08T11:05:25,051980,중앙첨단소재,1072.0,6.56,4634605,0,-154156,4.41,4.17,0.01,N,-20.23,1.15,-75.38,-75.38
2026-09-08T11:05:26,181710,NHN,60300.0,-14.83,313764,0,-43949,12.83,0.96,0.42,N,63.21,1.27,-22.89,-22.89
2026-09-08T11:05:27,033790,피노,8350.0,-11.73,2790132,0,-98254,38.84,3.35,0.17,N,-67.89,3.39,-56.40,-56.40
2026-09-08T11:05:28,082850,우리바이오,6190.0,6.17,736841,0,-3280,2.41,7.60,4.35,N,-6.40,0.26,-12.69,-53.72
2026-09-08T11:05:29,011700,한신기계,2600.0,9.47,1947290,0,-360203,7.17,6.00,1.61,N,-185.71,0.96,-56.01,-56.01
2026-09-08T11:05:30,452190,한빛레이저,4140.0,1.85,2111677,0,-20930,1.80,8.83,1.78,N,39.81,3.16,-60.91,-60.91
2026-09-08T11:15:06,007460,에이프로젠,2045.0,-3.54,174591,0,-15862,0.00,0.70,0.02,N,-0.62,0.02,-73.78,-87.40
2026-09-08T11:15:07,003060,에이프로젠바이오로직스,1718.0,-5.5,236628,0,-12956,0.00,1.48,0.00,N,-0.13,0.10,-73.03,-84.44
2026-09-08T11:15:08,417030,니어스랩,34500.0,11.11,1085423,0,189482,5.44,18.79,0.00,N,-8.33,-0.75,-17.86,-17.86
2026-09-08T11:15:09,127120,제이에스링크,33400.0,3.09,84073,0,2883,3.05,0.23,0.00,N,-55.57,15.56,-33.07,-33.07
2026-09-08T11:15:10,115180,큐리언트,24500.0,-4.85,83645,0,2278,3.10,0.22,0.00,N,-28.99,27.10,-61.05,-61.05
2026-09-08T11:15:11,0011A0,액스비스,11110.0,29.94,422377,0,-21503,5.34,4.53,0.37,N,15.45,2.75,-78.04,-78.04
2026-09-08T11:15:12,004310,현대약품,10400.0,23.52,25618393,0,36243,0.62,80.06,2.42,N,0.00,0.00,-34.84,-34.84
2026-09-08T11:15:12,069540,빛과전자,3640.0,30.0,41162896,0,3149575,0.45,36.53,0.00,N,-9.58,3.84,-55.06,-55.06
2026-09-08T11:15:13,046120,오르비텍,5930.0,27.25,4772665,0,-301024,6.67,14.10,0.49,N,204.48,2.60,-63.86,-63.86
2026-09-08T11:15:14,386380,스카이랩스,37500.0,22.75,20212338,0,-112984,0.23,107.73,0.00,N,0.00,0.00,-4.70,-4.70
2026-09-08T11:15:15,0011T0,채비,5440.0,15.87,864086,0,-23316,2.75,1.84,0.12,N,-6.05,2.99,-82.31,-82.31
2026-09-08T11:15:16,189860,서전기전,5410.0,22.12,2567657,0,-43108,3.22,26.47,0.03,N,48.30,1.67,-52.96,-52.96
2026-09-08T11:15:17,067290,JW신약,4035.0,12.71,56296062,0,-467895,1.56,100.46,2.63,N,14.46,5.53,-6.92,-6.92
2026-09-08T11:15:18,950250,테라뷰,2680.0,15.52,2006385,0,0,0.00,5.62,0.32,N,-9.89,2.99,-87.12,-87.12
2026-09-08T11:15:19,017900,광전자,8240.0,16.22,11869994,0,-91841,17.84,20.49,0.34,N,112.88,1.72,-63.30,-63.30
2026-09-08T11:15:20,053950,경남제약,2410.0,11.06,2593705,0,-53163,0.00,13.22,0.00,N,2.41,0.33,-42.82,-56.81
2026-09-08T11:15:21,019990,에너토크,5730.0,17.78,946172,0,-85249,12.92,9.70,2.31,N,-13.51,1.45,-51.69,-51.69
2026-09-08T11:15:22,261780,아리바이오랩,3150.0,8.62,1220264,0,19760,0.00,4.21,0.00,N,0.00,0.00,-53.12,-53.12
2026-09-08T11:15:23,459550,알트,2970.0,11.86,9034728,0,-398390,2.88,35.82,1.37,N,13.94,1.54,-52.48,-52.48
2026-09-08T11:15:24,049080,기가레인,8760.0,12.45,1708697,0,-38235,0.00,20.13,0.00,N,-7.01,1.80,-41.40,-71.97
2026-09-08T11:15:25,011700,한신기계,2685.0,13.05,2027731,0,-323497,7.17,6.25,1.61,N,-191.79,0.99,-54.57,-54.57
2026-09-08T11:15:26,354320,알멕,41900.0,11.58,162572,0,-28998,7.88,2.54,0.63,N,-204.39,1.78,-59.71,-59.71
2026-09-08T11:15:27,030530,원익홀딩스,23700.0,6.04,4277016,0,-194190,5.59,5.54,1.23,N,66.76,1.81,-53.16,-53.16
2026-09-08T11:15:28,051980,중앙첨단소재,1071.0,6.46,4685999,0,-123741,4.41,4.22,0.01,N,-20.21,1.14,-75.41,-75.41
2026-09-08T11:15:29,033790,피노,8410.0,-11.1,2880284,0,-101341,38.84,3.46,0.17,N,-68.37,3.42,-56.08,-56.08
2026-09-08T11:15:30,181710,NHN,60700.0,-14.27,328511,0,-44298,12.83,1.00,0.42,N,63.63,1.28,-22.38,-22.38
2026-09-08T11:15:31,452190,한빛레이저,4155.0,2.21,2120055,0,-21564,1.80,8.86,1.78,N,39.95,3.17,-60.76,-60.76
2026-09-08T11:15:32,039610,화성밸브,6180.0,7.85,935034,0,-26214,3.18,8.98,2.35,N,-32.70,0.68,-47.09,-47.09
2026-09-08T11:25:06,007460,에이프로젠,2040.0,-3.77,177250,0,-16775,0.00,0.71,0.02,N,-0.62,0.02,-73.85,-87.43
2026-09-08T11:25:07,003060,에이프로젠바이오로직스,1717.0,-5.56,238704,0,-12757,0.00,1.49,0.00,N,-0.13,0.10,-73.05,-84.45
2026-09-08T11:25:08,417030,니어스랩,34050.0,9.66,1096855,0,190406,5.44,18.98,0.00,N,-8.22,-0.74,-18.93,-18.93
2026-09-08T11:25:09,127120,제이에스링크,33450.0,3.24,87972,0,2321,3.05,0.24,0.00,N,-55.66,15.58,-32.97,-32.97
2026-09-08T11:25:09,115180,큐리언트,24500.0,-4.85,84662,0,2187,3.10,0.23,0.00,N,-28.99,27.10,-61.05,-61.05
2026-09-08T11:25:10,0011A0,액스비스,11110.0,29.94,423658,0,-21503,5.34,4.54,0.37,N,15.45,2.75,-78.04,-78.04
2026-09-08T11:25:11,004310,현대약품,10360.0,23.04,25947076,0,45807,0.62,81.08,2.42,N,0.00,0.00,-35.09,-35.09
2026-09-08T11:25:12,046120,오르비텍,5970.0,28.11,4999114,0,-293176,6.67,14.77,0.49,N,205.86,2.62,-63.62,-63.62
2026-09-08T11:25:13,069540,빛과전자,3640.0,30.0,41205181,0,3149575,0.45,36.56,0.00,N,-9.58,3.84,-55.06,-55.06
2026-09-08T11:25:14,386380,스카이랩스,37400.0,22.42,20825883,0,-115548,0.23,111.00,0.00,N,0.00,0.00,-4.96,-4.96
2026-09-08T11:25:15,0011T0,채비,5490.0,16.93,883211,0,-15666,2.75,1.88,0.12,N,-6.11,3.01,-82.15,-82.15
2026-09-08T11:25:16,053950,경남제약,2460.0,13.36,2749596,0,-66281,0.00,14.01,0.00,N,2.46,0.33,-41.64,-55.91
2026-09-08T11:25:17,189860,서전기전,5380.0,21.44,2662272,0,-58514,3.22,27.45,0.03,N,48.04,1.66,-53.22,-53.22
2026-09-08T11:25:18,950250,테라뷰,2710.0,16.81,2077846,0,0,0.00,5.82,0.32,N,-10.00,3.03,-86.97,-86.97
2026-09-08T11:25:19,017900,광전자,8330.0,17.49,12096149,0,-74028,17.84,20.88,0.34,N,114.11,1.74,-62.90,-62.90
2026-09-08T11:25:20,067290,JW신약,4015.0,12.15,58259712,0,-293018,1.56,103.97,2.63,N,14.39,5.51,-7.38,-7.38
2026-09-08T11:25:21,019990,에너토크,5740.0,17.99,955854,0,-86843,12.92,9.80,2.31,N,-13.54,1.45,-51.60,-51.60
2026-09-08T11:25:22,261780,아리바이오랩,3150.0,8.62,1230442,0,15244,0.00,4.25,0.00,N,0.00,0.00,-53.12,-53.12
2026-09-08T11:25:22,049080,기가레인,8850.0,13.61,1761408,0,-36172,0.00,20.75,0.00,N,-7.09,1.82,-40.80,-71.68
2026-09-08T11:25:23,047040,대우건설,20800.0,12.98,16287822,0,635922,10.47,3.96,0.87,N,-9.48,2.55,-48.45,-48.45
2026-09-08T11:25:24,011700,한신기계,2695.0,13.47,2068551,0,-311798,7.17,6.38,1.61,N,-192.50,1.00,-54.40,-54.40
2026-09-08T11:25:25,289080,SV인베스트먼트,2675.0,13.83,4905800,0,-130025,0.93,8.16,3.05,N,-148.61,2.08,-46.82,-46.82
2026-09-08T11:25:26,030530,원익홀딩스,23600.0,5.59,4470471,0,-211158,5.59,5.79,1.23,N,66.48,1.80,-53.36,-53.36
2026-09-08T11:25:27,181710,NHN,60200.0,-14.97,337913,0,-46624,12.83,1.03,0.42,N,63.10,1.27,-23.02,-23.02
2026-09-08T11:25:28,051980,중앙첨단소재,1071.0,6.46,4692795,0,-123744,4.41,4.22,0.01,N,-20.21,1.14,-75.41,-75.41
2026-09-08T11:25:29,033790,피노,8410.0,-11.1,2925119,0,-92091,38.84,3.51,0.17,N,-68.37,3.42,-56.08,-56.08
2026-09-08T11:25:30,452190,한빛레이저,4195.0,3.2,2147250,0,-18800,1.80,8.98,1.78,N,40.34,3.20,-60.39,-60.39
2026-09-08T11:25:31,039610,화성밸브,6160.0,7.5,949411,0,-21251,3.18,9.12,2.35,N,-32.59,0.68,-47.26,-47.26
2026-09-08T11:35:06,007460,에이프로젠,2035.0,-4.01,188307,0,-15807,0.00,0.76,0.02,N,-0.61,0.02,-73.91,-87.46
2026-09-08T11:35:07,003060,에이프로젠바이오로직스,1716.0,-5.61,241583,0,-12898,0.00,1.51,0.00,N,-0.13,0.10,-73.06,-84.46
2026-09-08T11:35:08,417030,니어스랩,33850.0,9.02,1106592,0,191444,5.44,19.15,0.00,N,-8.17,-0.74,-19.40,-19.40
2026-09-08T11:35:09,127120,제이에스링크,33350.0,2.93,93583,0,3625,3.05,0.25,0.00,N,-55.49,15.53,-33.17,-33.17
2026-09-08T11:35:10,115180,큐리언트,24450.0,-5.05,85889,0,2586,3.10,0.23,0.00,N,-28.93,27.05,-61.13,-61.13
2026-09-08T11:35:11,0011A0,액스비스,11110.0,29.94,423852,0,-21521,5.34,4.54,0.37,N,15.45,2.75,-78.04,-78.04
2026-09-08T11:35:12,004310,현대약품,10420.0,23.75,26154291,0,53935,0.62,81.73,2.42,N,0.00,0.00,-34.71,-34.71
2026-09-08T11:35:13,069540,빛과전자,3640.0,30.0,41223695,0,3149575,0.45,36.58,0.00,N,-9.58,3.84,-55.06,-55.06
2026-09-08T11:35:14,046120,오르비텍,5890.0,26.39,5123332,0,-292840,6.67,15.13,0.49,N,203.10,2.58,-64.11,-64.11
2026-09-08T11:35:15,950250,테라뷰,2740.0,18.1,2186953,0,0,0.00,6.13,0.32,N,-10.11,3.06,-86.83,-86.83
2026-09-08T11:35:16,386380,스카이랩스,36950.0,20.95,21040192,0,-115587,0.23,112.14,0.00,N,0.00,0.00,-6.10,-6.10
2026-09-08T11:35:17,0011T0,채비,5380.0,14.59,889591,0,-18137,2.75,1.89,0.12,N,-5.98,2.95,-82.50,-82.50
2026-09-08T11:35:18,067290,JW신약,4035.0,12.71,59060753,0,-366824,1.56,105.40,2.63,N,14.46,5.53,-6.92,-6.92
2026-09-08T11:35:19,475040,스트라드비젼,3310.0,17.79,1437136,0,-81339,0.52,2.67,0.04,N,-2.32,6.04,-70.13,-70.13
2026-09-08T11:35:20,017900,광전자,8270.0,16.64,12219359,0,-96407,17.84,21.09,0.34,N,113.29,1.73,-63.16,-63.16
2026-09-08T11:35:21,189860,서전기전,5320.0,20.09,2720103,0,-58955,3.22,28.05,0.03,N,47.50,1.64,-53.74,-53.74
2026-09-08T11:35:22,019990,에너토크,5710.0,17.37,964954,0,-83990,12.92,9.89,2.31,N,-13.47,1.44,-51.85,-51.85
2026-09-08T11:35:23,053950,경남제약,2365.0,8.99,2846335,0,-29482,0.00,14.51,0.00,N,2.37,0.32,-43.89,-57.62
2026-09-08T11:35:24,261780,아리바이오랩,3140.0,8.28,1241151,0,11249,0.00,4.29,0.00,N,0.00,0.00,-53.27,-53.27
2026-09-08T11:35:25,047040,대우건설,20900.0,13.53,17065026,0,684770,10.47,4.15,0.87,N,-9.52,2.57,-48.20,-48.20
2026-09-08T11:35:25,011700,한신기계,2695.0,13.47,2103998,0,-305570,7.17,6.48,1.61,N,-192.50,1.00,-54.40,-54.40
2026-09-08T11:35:26,030530,원익홀딩스,23850.0,6.71,4596415,0,-226353,5.59,5.95,1.23,N,67.18,1.82,-52.87,-52.87
2026-09-08T11:35:27,049080,기가레인,8710.0,11.81,1796676,0,-43835,0.00,21.17,0.00,N,-6.97,1.79,-41.74,-72.13
2026-09-08T11:35:28,181710,NHN,60200.0,-14.97,342052,0,-46748,12.83,1.04,0.42,N,63.10,1.27,-23.02,-23.02
2026-09-08T11:35:29,051980,중앙첨단소재,1076.0,6.96,4719512,0,-126683,4.41,4.25,0.01,N,-20.30,1.15,-75.29,-75.29
2026-09-08T11:35:30,033790,피노,8410.0,-11.1,2969004,0,-84747,38.84,3.56,0.17,N,-68.37,3.42,-56.08,-56.08
2026-09-08T11:35:31,082850,우리바이오,6280.0,7.72,882710,0,-5255,2.41,9.11,4.35,N,-6.49,0.26,-11.42,-53.05
2026-09-08T11:35:32,452190,한빛레이저,4165.0,2.46,2165164,0,-18994,1.80,9.05,1.78,N,40.05,3.18,-60.67,-60.67
2026-09-08T11:35:33,0155E0,해치텍,15050.0,2.73,2836875,0,-26037,1.72,51.70,0.00,N,-7.76,8.42,-29.67,-29.67
2026-09-08T11:45:06,007460,에이프로젠,2050.0,-3.3,189413,0,-16064,0.00,0.76,0.02,N,-0.62,0.02,-73.72,-87.37
2026-09-08T11:45:07,003060,에이프로젠바이오로직스,1710.0,-5.94,250076,0,-15362,0.00,1.56,0.00,N,-0.13,0.10,-73.16,-84.52
2026-09-08T11:45:08,417030,니어스랩,34100.0,9.82,1112141,0,191802,5.44,19.25,0.00,N,-8.23,-0.74,-18.81,-18.81
2026-09-08T11:45:09,127120,제이에스링크,33300.0,2.78,96120,0,3650,3.05,0.26,0.00,N,-55.41,15.51,-33.27,-33.27
2026-09-08T11:45:10,115180,큐리언트,24450.0,-5.05,88193,0,2175,3.10,0.23,0.00,N,-28.93,27.05,-61.13,-61.13
2026-09-08T11:45:11,0011A0,액스비스,11110.0,29.94,424260,0,-21521,5.34,4.55,0.37,N,15.45,2.75,-78.04,-78.04
2026-09-08T11:45:12,004310,현대약품,10360.0,23.04,26288050,0,56383,0.62,82.15,2.42,N,0.00,0.00,-35.09,-35.09
2026-09-08T11:45:12,069540,빛과전자,3640.0,30.0,41249634,0,3149575,0.45,36.60,0.00,N,-9.58,3.84,-55.06,-55.06
2026-09-08T11:45:13,046120,오르비텍,5920.0,27.04,5313747,0,-255065,6.67,15.70,0.49,N,204.14,2.59,-63.92,-63.92
2026-09-08T11:45:14,950250,테라뷰,2705.0,16.59,2215442,0,0,0.00,6.21,0.32,N,-9.98,3.02,-87.00,-87.00
2026-09-08T11:45:15,189860,서전기전,5380.0,21.44,2783512,0,-51202,3.22,28.70,0.03,N,48.04,1.66,-53.22,-53.22
2026-09-08T11:45:16,386380,스카이랩스,36700.0,20.13,21227728,0,-115587,0.23,113.14,0.00,N,0.00,0.00,-6.73,-6.73
2026-09-08T11:45:17,0011T0,채비,5350.0,13.95,895069,0,-16572,2.75,1.91,0.12,N,-5.95,2.94,-82.60,-82.60
2026-09-08T11:45:18,067290,JW신약,3995.0,11.59,59942315,0,-494627,1.56,106.97,2.63,N,14.32,5.48,-7.84,-7.84
2026-09-08T11:45:19,017900,광전자,8200.0,15.66,12294233,0,-102300,17.84,21.22,0.34,N,112.33,1.71,-63.47,-63.47
2026-09-08T11:45:20,261780,아리바이오랩,3150.0,8.62,1257073,0,5530,0.00,4.34,0.00,N,0.00,0.00,-53.12,-53.12
2026-09-08T11:45:21,019990,에너토크,5700.0,17.16,968354,0,-84085,12.92,9.93,2.31,N,-13.44,1.44,-51.94,-51.94
2026-09-08T11:45:22,053950,경남제약,2385.0,9.91,2879777,0,-17926,0.00,14.68,0.00,N,2.39,0.32,-43.42,-57.26
2026-09-08T11:45:23,047040,대우건설,20850.0,13.25,17551909,0,625972,10.47,4.27,0.87,N,-9.50,2.56,-48.33,-48.33
2026-09-08T11:45:24,475040,스트라드비젼,3170.0,12.81,2663991,0,-175531,0.52,4.95,0.04,N,-2.22,5.78,-71.39,-71.39
2026-09-08T11:45:25,049080,기가레인,8750.0,12.32,1815645,0,-35793,0.00,21.39,0.00,N,-7.01,1.80,-41.47,-72.00
2026-09-08T11:45:25,289080,SV인베스트먼트,2685.0,14.26,6626611,0,-6241,0.93,11.02,3.05,N,-149.17,2.09,-46.62,-46.62
2026-09-08T11:45:26,033790,피노,8330.0,-11.95,3135240,0,-51864,38.84,3.76,0.17,N,-67.72,3.38,-56.50,-56.50
2026-09-08T11:45:27,051980,중앙첨단소재,1072.0,6.56,4739631,0,-127140,4.41,4.27,0.01,N,-20.23,1.15,-75.38,-75.38
2026-09-08T11:45:28,181710,NHN,60600.0,-14.41,354021,0,-50194,12.83,1.08,0.42,N,63.52,1.28,-22.51,-22.51
2026-09-08T11:45:29,452190,한빛레이저,4185.0,2.95,2243291,0,-871,1.80,9.38,1.78,N,40.24,3.19,-60.48,-60.48
2026-09-08T11:45:30,082850,우리바이오,6350.0,8.92,888735,0,-5985,2.41,9.17,4.35,N,-6.57,0.26,-10.44,-52.52
2026-09-08T11:45:31,011700,한신기계,2650.0,11.58,2126866,0,-302442,7.17,6.56,1.61,N,-189.29,0.98,-55.16,-55.16
2026-09-08T11:55:06,007460,에이프로젠,2055.0,-3.07,189998,0,-16330,0.00,0.77,0.02,N,-0.62,0.02,-73.65,-87.34
2026-09-08T11:55:07,003060,에이프로젠바이오로직스,1712.0,-5.83,257752,0,-15353,0.00,1.61,0.00,N,-0.13,0.10,-73.12,-84.50
2026-09-08T11:55:08,417030,니어스랩,34300.0,10.47,1121011,0,191221,5.44,19.40,0.00,N,-8.28,-0.75,-18.33,-18.33
2026-09-08T11:55:09,127120,제이에스링크,33250.0,2.62,98860,0,3819,3.05,0.27,0.00,N,-55.32,15.49,-33.37,-33.37
2026-09-08T11:55:09,115180,큐리언트,24400.0,-5.24,89470,0,2392,3.10,0.24,0.00,N,-28.88,26.99,-61.21,-61.21
2026-09-08T11:55:10,0011A0,액스비스,11110.0,29.94,424349,0,-21521,5.34,4.55,0.37,N,15.45,2.75,-78.04,-78.04
2026-09-08T11:55:11,004310,현대약품,10370.0,23.16,26416830,0,59505,0.62,82.55,2.42,N,0.00,0.00,-35.03,-35.03
2026-09-08T11:55:12,069540,빛과전자,3640.0,30.0,41262687,0,3149575,0.45,36.62,0.00,N,-9.58,3.84,-55.06,-55.06
2026-09-08T11:55:13,046120,오르비텍,5890.0,26.39,5431526,0,-278334,6.67,16.04,0.49,N,203.10,2.58,-64.11,-64.11
2026-09-08T11:55:14,475040,스트라드비젼,3315.0,17.97,3591519,0,-98910,0.52,6.67,0.04,N,-2.32,6.05,-70.08,-70.08
2026-09-08T11:55:15,386380,스카이랩스,37000.0,21.11,21368417,0,-115587,0.23,113.89,0.00,N,0.00,0.00,-5.97,-5.97
2026-09-08T11:55:16,189860,서전기전,5390.0,21.67,2817475,0,-42742,3.22,29.05,0.03,N,48.12,1.66,-53.13,-53.13
2026-09-08T11:55:17,0011T0,채비,5340.0,13.74,901830,0,-16484,2.75,1.92,0.12,N,-5.94,2.93,-82.63,-82.63
2026-09-08T11:55:18,950250,테라뷰,2670.0,15.09,2273235,0,0,0.00,6.37,0.32,N,-9.85,2.98,-87.16,-87.16
2026-09-08T11:55:19,017900,광전자,8220.0,15.94,12388990,0,-96462,17.84,21.38,0.34,N,112.60,1.72,-63.39,-63.39
2026-09-08T11:55:20,067290,JW신약,3970.0,10.89,60392588,0,-547794,1.56,107.77,2.63,N,14.23,5.45,-8.42,-8.42
2026-09-08T11:55:21,019990,에너토크,5680.0,16.75,973476,0,-83131,12.92,9.98,2.31,N,-13.40,1.44,-52.11,-52.11
2026-09-08T11:55:22,047040,대우건설,20900.0,13.53,18360392,0,814570,10.47,4.47,0.87,N,-9.52,2.57,-48.20,-48.20
2026-09-08T11:55:23,261780,아리바이오랩,3130.0,7.93,1264417,0,2208,0.00,4.37,0.00,N,0.00,0.00,-53.42,-53.42
2026-09-08T11:55:24,053950,경남제약,2305.0,6.22,3004107,0,-39594,0.00,15.31,0.00,N,2.31,0.31,-45.31,-58.69
2026-09-08T11:55:25,049080,기가레인,8710.0,11.81,1832011,0,-42247,0.00,21.58,0.00,N,-6.97,1.79,-41.74,-72.13
2026-09-08T11:55:25,289080,SV인베스트먼트,2675.0,13.83,7869308,0,13905,0.93,13.09,3.05,N,-148.61,2.08,-46.82,-46.82
2026-09-08T11:55:26,051980,중앙첨단소재,1072.0,6.56,4774058,0,-127817,4.41,4.30,0.01,N,-20.23,1.15,-75.38,-75.38
2026-09-08T11:55:27,033790,피노,8330.0,-11.95,3179935,0,-58561,38.84,3.82,0.17,N,-67.72,3.38,-56.50,-56.50
2026-09-08T11:55:28,181710,NHN,61100.0,-13.7,366649,0,-53496,12.83,1.12,0.42,N,64.05,1.29,-21.87,-21.87
2026-09-08T11:55:29,011700,한신기계,2630.0,10.74,2142353,0,-300744,7.17,6.60,1.61,N,-187.86,0.97,-55.50,-55.50
2026-09-08T11:55:30,452190,한빛레이저,4185.0,2.95,2261744,0,-7429,1.80,9.46,1.78,N,40.24,3.19,-60.48,-60.48
2026-09-08T11:55:31,082850,우리바이오,6370.0,9.26,894844,0,-6762,2.41,9.23,4.35,N,-6.59,0.26,-10.16,-52.37
2026-09-08T11:55:32,0155E0,해치텍,15020.0,2.53,2859907,0,-28648,1.72,52.12,0.00,N,-7.74,8.40,-29.81,-29.81
2026-09-08T12:05:06,007460,에이프로젠,2050.0,-3.3,192733,0,-17617,0.00,0.78,0.02,N,-0.62,0.02,-73.72,-87.37
2026-09-08T12:05:07,003060,에이프로젠바이오로직스,1714.0,-5.72,260651,0,-15722,0.00,1.63,0.00,N,-0.13,0.10,-73.09,-84.48
2026-09-08T12:05:08,417030,니어스랩,34650.0,11.59,1131995,0,191143,5.44,19.59,0.00,N,-8.37,-0.76,-17.50,-17.50
2026-09-08T12:05:09,127120,제이에스링크,33350.0,2.93,102857,0,3919,3.05,0.28,0.00,N,-55.49,15.53,-33.17,-33.17
2026-09-08T12:05:10,115180,큐리언트,24350.0,-5.44,90836,0,2478,3.10,0.24,0.00,N,-28.82,26.94,-61.29,-61.29
2026-09-08T12:05:10,0011A0,액스비스,11110.0,29.94,424421,0,-21521,5.34,4.55,0.37,N,15.45,2.75,-78.04,-78.04
2026-09-08T12:05:11,004310,현대약품,10440.0,23.99,26498635,0,73146,0.62,82.81,2.42,N,0.00,0.00,-34.59,-34.59
2026-09-08T12:05:13,069540,빛과전자,3640.0,30.0,41282625,0,3149575,0.45,36.63,0.00,N,-9.58,3.84,-55.06,-55.06
2026-09-08T12:05:14,475040,스트라드비젼,3470.0,23.49,5257257,0,-187396,0.52,9.77,0.04,N,-2.43,6.33,-68.68,-68.68
2026-09-08T12:05:15,046120,오르비텍,5870.0,25.97,5545862,0,-293605,6.67,16.38,0.49,N,202.41,2.57,-64.23,-64.23
2026-09-08T12:05:16,950250,테라뷰,2715.0,17.03,2303403,0,0,0.00,6.45,0.32,N,-10.02,3.03,-86.95,-86.95
2026-09-08T12:05:17,386380,스카이랩스,36950.0,20.95,21449866,0,-115587,0.23,114.33,0.00,N,0.00,0.00,-6.10,-6.10
2026-09-08T12:05:18,189860,서전기전,5380.0,21.44,2846631,0,-41145,3.22,29.35,0.03,N,48.04,1.66,-53.22,-53.22
2026-09-08T12:05:19,053950,경남제약,2410.0,11.06,3193548,0,-64888,0.00,16.28,0.00,N,2.41,0.33,-42.82,-56.81
2026-09-08T12:05:20,261780,아리바이오랩,3200.0,10.34,1309109,0,-5516,0.00,4.52,0.00,N,0.00,0.00,-52.38,-52.38
2026-09-08T12:05:20,0011T0,채비,5330.0,13.53,905488,0,-16484,2.75,1.93,0.12,N,-5.93,2.93,-82.67,-82.67
2026-09-08T12:05:21,067290,JW신약,3995.0,11.59,61256057,0,-488619,1.56,109.31,2.63,N,14.32,5.48,-7.84,-7.84
2026-09-08T12:05:22,017900,광전자,8220.0,15.94,12472115,0,-116552,17.84,21.52,0.34,N,112.60,1.72,-63.39,-63.39
2026-09-08T12:05:23,019990,에너토크,5700.0,17.16,977578,0,-83135,12.92,10.02,2.31,N,-13.44,1.44,-51.94,-51.94
2026-09-08T12:05:24,047040,대우건설,21000.0,14.07,19260040,0,559728,10.47,4.69,0.87,N,-9.57,2.58,-47.96,-47.96
2026-09-08T12:05:25,049080,기가레인,8680.0,11.42,1846560,0,-42200,0.00,21.75,0.00,N,-6.95,1.78,-41.94,-72.22
2026-09-08T12:05:26,033790,피노,8310.0,-12.16,3216259,0,-55488,38.84,3.86,0.17,N,-67.56,3.38,-56.61,-56.61
2026-09-08T12:05:27,051980,중앙첨단소재,1073.0,6.66,4788452,0,-128418,4.41,4.31,0.01,N,-20.25,1.15,-75.36,-75.36
2026-09-08T12:05:28,181710,NHN,61100.0,-13.7,372271,0,-54311,12.83,1.14,0.42,N,64.05,1.29,-21.87,-21.87
2026-09-08T12:05:29,082850,우리바이오,6250.0,7.2,900279,0,-6404,2.41,9.29,4.35,N,-6.46,0.26,-11.85,-53.27
2026-09-08T12:05:30,452190,한빛레이저,4160.0,2.34,2282301,0,-16434,1.80,9.54,1.78,N,40.00,3.17,-60.72,-60.72
2026-09-08T12:05:31,011700,한신기계,2650.0,11.58,2153206,0,-295458,7.17,6.64,1.61,N,-189.29,0.98,-55.16,-55.16
2026-09-08T12:05:32,039610,화성밸브,6170.0,7.68,995040,0,-21521,3.18,9.56,2.35,N,-32.65,0.68,-47.17,-47.17
2026-09-08T12:05:32,0155E0,해치텍,14990.0,2.32,2874266,0,-27391,1.72,52.38,0.00,N,-7.73,8.38,-29.95,-29.95
2026-09-08T12:15:06,007460,에이프로젠,2045.0,-3.54,195419,0,-17617,0.00,0.79,0.02,N,-0.62,0.02,-73.78,-87.40
2026-09-08T12:15:07,003060,에이프로젠바이오로직스,1719.0,-5.45,262388,0,-15852,0.00,1.64,0.00,N,-0.13,0.10,-73.01,-84.43
2026-09-08T12:15:08,417030,니어스랩,34350.0,10.63,1145409,0,188680,5.44,19.83,0.00,N,-8.29,-0.75,-18.21,-18.21
2026-09-08T12:15:09,127120,제이에스링크,33600.0,3.7,106289,0,3465,3.05,0.29,0.00,N,-55.91,15.65,-32.67,-32.67
2026-09-08T12:15:10,115180,큐리언트,24400.0,-5.24,91711,0,1982,3.10,0.24,0.00,N,-28.88,26.99,-61.21,-61.21
2026-09-08T12:15:11,0011A0,액스비스,11110.0,29.94,425162,0,-21538,5.34,4.56,0.37,N,15.45,2.75,-78.04,-78.04
2026-09-08T12:15:12,046120,오르비텍,6050.0,29.83,6118547,0,-258192,6.67,18.07,0.49,N,208.62,2.65,-63.13,-63.13
2026-09-08T12:15:13,069540,빛과전자,3640.0,30.0,41306760,0,3149575,0.45,36.65,0.00,N,-9.58,3.84,-55.06,-55.06
2026-09-08T12:15:13,950250,테라뷰,2890.0,24.57,2437486,0,0,0.00,6.83,0.32,N,-10.66,3.23,-86.11,-86.11
2026-09-08T12:15:15,004310,현대약품,10260.0,21.85,26734101,0,64609,0.62,83.54,2.42,N,0.00,0.00,-35.71,-35.71
2026-09-08T12:15:15,475040,스트라드비젼,3415.0,21.53,5955538,0,-144305,0.52,11.06,0.04,N,-2.39,6.23,-69.18,-69.18
2026-09-08T12:15:16,189860,서전기전,5530.0,24.83,2978390,0,-13102,3.22,30.71,0.03,N,49.38,1.70,-51.91,-51.91
2026-09-08T12:15:17,261780,아리바이오랩,3235.0,11.55,1380776,0,26078,0.00,4.77,0.00,N,0.00,0.00,-51.86,-51.86
2026-09-08T12:15:18,386380,스카이랩스,36800.0,20.46,21550746,0,-115587,0.23,114.86,0.00,N,0.00,0.00,-6.48,-6.48
2026-09-08T12:15:19,0011T0,채비,5350.0,13.95,912601,0,-13817,2.75,1.94,0.12,N,-5.95,2.94,-82.60,-82.60
2026-09-08T12:15:20,017900,광전자,8270.0,16.64,12539735,0,-108224,17.84,21.64,0.34,N,113.29,1.73,-63.16,-63.16
2026-09-08T12:15:21,019990,에너토크,5740.0,17.99,994141,0,-82053,12.92,10.19,2.31,N,-13.54,1.45,-51.60,-51.60
2026-09-08T12:15:22,049080,기가레인,8960.0,15.02,1918676,0,-39514,0.00,22.60,0.00,N,-7.17,1.84,-40.07,-71.33
2026-09-08T12:15:23,067290,JW신약,3920.0,9.5,62027200,0,-545109,1.56,110.69,2.63,N,14.05,5.38,-9.57,-9.57
2026-09-08T12:15:24,047040,대우건설,20950.0,13.8,19809691,0,546043,10.47,4.82,0.87,N,-9.54,2.57,-48.08,-48.08
2026-09-08T12:15:25,011700,한신기계,2700.0,13.68,2175771,0,-284898,7.17,6.71,1.61,N,-192.86,1.00,-54.31,-54.31
2026-09-08T12:15:25,052690,한전기술,143600.0,17.42,1300553,0,-12101,13.33,3.40,1.39,N,64.28,8.74,-27.47,-27.47
2026-09-08T12:15:26,033790,피노,8260.0,-12.68,3272386,0,-46102,38.84,3.93,0.17,N,-67.15,3.35,-56.87,-56.87
2026-09-08T12:15:27,181710,NHN,60400.0,-14.69,378441,0,-57145,12.83,1.16,0.42,N,63.31,1.27,-22.76,-22.76
2026-09-08T12:15:28,051980,중앙첨단소재,1078.0,7.16,4821367,0,-114147,4.41,4.34,0.01,N,-20.34,1.15,-75.25,-75.25
2026-09-08T12:15:29,053950,경남제약,2300.0,5.99,3302376,0,-58323,0.00,16.83,0.00,N,2.30,0.31,-45.43,-58.78
2026-09-08T12:15:30,082850,우리바이오,6160.0,5.66,908686,0,-6645,2.41,9.38,4.35,N,-6.37,0.25,-13.12,-53.94
2026-09-08T12:15:31,452190,한빛레이저,4150.0,2.09,2297631,0,-16584,1.80,9.61,1.78,N,39.90,3.17,-60.81,-60.81
2026-09-08T12:15:32,039610,화성밸브,6160.0,7.5,1002226,0,-22054,3.18,9.63,2.35,N,-32.59,0.68,-47.26,-47.26
2026-09-08T12:15:33,0155E0,해치텍,15000.0,2.39,2891914,0,-28837,1.72,52.70,0.00,N,-7.73,8.39,-29.91,-29.91
2026-09-08T12:25:06,007460,에이프로젠,2050.0,-3.3,196409,0,-17781,0.00,0.79,0.02,N,-0.62,0.02,-73.72,-87.37
2026-09-08T12:25:07,003060,에이프로젠바이오로직스,1718.0,-5.5,265282,0,-16514,0.00,1.66,0.00,N,-0.13,0.10,-73.03,-84.44
2026-09-08T12:25:08,417030,니어스랩,33900.0,9.18,1161295,0,186478,5.44,20.10,0.00,N,-8.18,-0.74,-19.29,-19.29
2026-09-08T12:25:09,127120,제이에스링크,33950.0,4.78,114722,0,2751,3.05,0.31,0.00,N,-56.49,15.81,-31.96,-31.96
2026-09-08T12:25:10,115180,큐리언트,24350.0,-5.44,93964,0,804,3.10,0.25,0.00,N,-28.82,26.94,-61.29,-61.29
2026-09-08T12:25:11,0011A0,액스비스,11110.0,29.94,426528,0,-21538,5.34,4.57,0.37,N,15.45,2.75,-78.04,-78.04
2026-09-08T12:25:12,950250,테라뷰,2955.0,27.37,2698033,0,0,0.00,7.56,0.32,N,-10.90,3.30,-85.79,-85.79
2026-09-08T12:25:13,046120,오르비텍,6050.0,29.83,6163933,0,-258192,6.67,18.21,0.49,N,208.62,2.65,-63.13,-63.13
2026-09-08T12:25:14,069540,빛과전자,3640.0,30.0,41326651,0,3149575,0.45,36.67,0.00,N,-9.58,3.84,-55.06,-55.06
2026-09-08T12:25:15,004310,현대약품,10210.0,21.26,26956536,0,105962,0.62,84.24,2.42,N,0.00,0.00,-36.03,-36.03
2026-09-08T12:25:16,475040,스트라드비젼,3390.0,20.64,6221038,0,-122946,0.52,11.56,0.04,N,-2.37,6.19,-69.40,-69.40
2026-09-08T12:25:17,189860,서전기전,5550.0,25.28,3203145,0,-48982,3.22,33.03,0.03,N,49.55,1.71,-51.74,-51.74
2026-09-08T12:25:18,261780,아리바이오랩,3240.0,11.72,1434145,0,18506,0.00,4.95,0.00,N,0.00,0.00,-51.79,-51.79
2026-09-08T12:25:19,386380,스카이랩스,36800.0,20.46,21938511,0,-110421,0.23,116.93,0.00,N,0.00,0.00,-6.48,-6.48
2026-09-08T12:25:20,017900,광전자,8320.0,17.35,12771133,0,-109155,17.84,22.04,0.34,N,113.97,1.74,-62.94,-62.94
2026-09-08T12:25:20,0011T0,채비,5370.0,14.38,924377,0,-7755,2.75,1.97,0.12,N,-5.97,2.95,-82.54,-82.54
2026-09-08T12:25:22,019990,에너토크,5820.0,19.63,1038946,0,-84189,12.92,10.65,2.31,N,-13.73,1.47,-50.93,-50.93
2026-09-08T12:25:23,388050,지투파워,11850.0,13.29,4894603,0,87025,1.04,26.16,5.92,N,39.90,5.26,-35.81,-35.81
2026-09-08T12:25:23,067290,JW신약,3895.0,8.8,63149760,0,-445528,1.56,112.69,2.63,N,13.96,5.34,-10.15,-10.15
2026-09-08T12:25:24,049080,기가레인,8770.0,12.58,1960665,0,-40204,0.00,23.10,0.00,N,-7.02,1.80,-41.34,-71.94
2026-09-08T12:25:25,011700,한신기계,2690.0,13.26,2218285,0,-287663,7.17,6.84,1.61,N,-192.14,1.00,-54.48,-54.48
2026-09-08T12:25:26,052690,한전기술,143300.0,17.17,1370461,0,-20879,13.33,3.59,1.39,N,64.15,8.72,-27.63,-27.63
2026-09-08T12:25:27,033790,피노,8250.0,-12.79,3327932,0,-27739,38.84,3.99,0.17,N,-67.07,3.35,-56.92,-56.92
2026-09-08T12:25:28,051980,중앙첨단소재,1077.0,7.06,4836659,0,-118859,4.41,4.35,0.01,N,-20.32,1.15,-75.27,-75.27
2026-09-08T12:25:29,053950,경남제약,2270.0,4.61,3366215,0,-34321,0.00,17.16,0.00,Y,2.27,0.31,-46.14,-59.32
2026-09-08T12:25:30,181710,NHN,60500.0,-14.55,383254,0,-59580,12.83,1.17,0.42,N,63.42,1.27,-22.63,-22.63
2026-09-08T12:25:31,082850,우리바이오,6210.0,6.52,920340,0,-7215,2.41,9.50,4.35,N,-6.42,0.26,-12.41,-53.57
2026-09-08T12:25:32,452190,한빛레이저,4140.0,1.85,2325511,0,-28180,1.80,9.72,1.78,N,39.81,3.16,-60.91,-60.91
2026-09-08T12:25:33,0155E0,해치텍,14940.0,1.98,2914898,0,-33562,1.72,53.12,0.00,N,-7.70,8.36,-30.19,-30.19
2026-09-08T12:25:34,039610,화성밸브,6160.0,7.5,1012035,0,-22427,3.18,9.72,2.35,N,-32.59,0.68,-47.26,-47.26
2026-09-08T12:35:06,007460,에이프로젠,2050.0,-3.3,197075,0,-18167,0.00,0.79,0.02,N,-0.62,0.02,-73.72,-87.37
2026-09-08T12:35:07,003060,에이프로젠바이오로직스,1719.0,-5.45,268717,0,-18298,0.00,1.68,0.00,N,-0.13,0.10,-73.01,-84.43
2026-09-08T12:35:08,417030,니어스랩,33850.0,9.02,1166955,0,185428,5.44,20.20,0.00,N,-8.17,-0.74,-19.40,-19.40
2026-09-08T12:35:09,127120,제이에스링크,33650.0,3.86,118258,0,1899,3.05,0.32,0.00,N,-55.99,15.67,-32.57,-32.57
2026-09-08T12:35:10,115180,큐리언트,24100.0,-6.41,104028,0,-2885,3.10,0.28,0.00,N,-28.52,26.66,-61.69,-61.69
2026-09-08T12:35:10,950250,테라뷰,3015.0,29.96,2981127,0,0,0.00,8.35,0.32,N,-11.13,3.37,-85.50,-85.50
2026-09-08T12:35:11,0011A0,액스비스,11110.0,29.94,426564,0,-21538,5.34,4.57,0.37,N,15.45,2.75,-78.04,-78.04
2026-09-08T12:35:12,046120,오르비텍,6050.0,29.83,6233657,0,-258192,6.67,18.41,0.49,N,208.62,2.65,-63.13,-63.13
2026-09-08T12:35:13,069540,빛과전자,3640.0,30.0,41354667,0,3149575,0.45,36.70,0.00,N,-9.58,3.84,-55.06,-55.06
2026-09-08T12:35:14,475040,스트라드비젼,3445.0,22.6,6835780,0,-188662,0.52,12.70,0.04,N,-2.41,6.29,-68.91,-68.91
2026-09-08T12:35:15,004310,현대약품,10210.0,21.26,27094581,0,121428,0.62,84.67,2.42,N,0.00,0.00,-36.03,-36.03
2026-09-08T12:35:16,189860,서전기전,5530.0,24.83,3274805,0,-77453,3.22,33.77,0.03,N,49.38,1.70,-51.91,-51.91
2026-09-08T12:35:17,261780,아리바이오랩,3250.0,12.07,1480189,0,23049,0.00,5.11,0.00,N,0.00,0.00,-51.64,-51.64
2026-09-08T12:35:18,0011T0,채비,5390.0,14.8,931188,0,-7889,2.75,1.98,0.12,N,-6.00,2.96,-82.47,-82.47
2026-09-08T12:35:19,017900,광전자,8290.0,16.93,12859774,0,-112556,17.84,22.19,0.34,N,113.56,1.73,-63.07,-63.07
2026-09-08T12:35:20,019990,에너토크,5740.0,17.99,1062823,0,-88520,12.92,10.89,2.31,N,-13.54,1.45,-51.60,-51.60
2026-09-08T12:35:21,386380,스카이랩스,36250.0,18.66,22134667,0,-108560,0.23,117.98,0.00,N,0.00,0.00,-7.88,-7.88
2026-09-08T12:35:21,388050,지투파워,11670.0,11.57,5980140,0,66732,1.04,31.96,5.92,N,39.29,5.18,-36.78,-36.78
2026-09-08T12:35:22,067290,JW신약,3880.0,8.38,63867466,0,-397060,1.56,113.97,2.63,N,13.91,5.32,-10.50,-10.50
2026-09-08T12:35:23,047040,대우건설,20700.0,12.44,20907968,0,470898,10.47,5.09,0.87,N,-9.43,2.54,-48.70,-48.70
2026-09-08T12:35:24,033790,피노,8250.0,-12.79,3376060,0,-18231,38.84,4.05,0.17,N,-67.07,3.35,-56.92,-56.92
2026-09-08T12:35:25,051980,중앙첨단소재,1069.0,6.26,4867300,0,-117415,4.41,4.38,0.01,N,-20.17,1.14,-75.45,-75.45
2026-09-08T12:35:26,053950,경남제약,2270.0,4.61,3433635,0,-46805,0.00,17.50,0.00,N,2.27,0.31,-46.14,-59.32
2026-09-08T12:35:27,181710,NHN,60500.0,-14.55,388662,0,-62592,12.83,1.19,0.42,N,63.42,1.27,-22.63,-22.63
2026-09-08T12:35:28,452190,한빛레이저,4130.0,1.6,2350903,0,-22516,1.80,9.83,1.78,N,39.71,3.15,-61.00,-61.00
2026-09-08T12:35:29,082850,우리바이오,6260.0,7.38,923957,0,-7499,2.41,9.53,4.35,N,-6.47,0.26,-11.71,-53.20
2026-09-08T12:35:30,011700,한신기계,2635.0,10.95,2241281,0,-285064,7.17,6.91,1.61,N,-188.21,0.97,-55.41,-55.41
2026-09-08T12:35:30,039610,화성밸브,6150.0,7.33,1014668,0,-24063,3.18,9.75,2.35,N,-32.54,0.68,-47.35,-47.35
2026-09-08T12:45:07,007460,에이프로젠,2045.0,-3.54,208644,0,-18460,0.00,0.84,0.02,N,-0.62,0.02,-73.78,-87.40
2026-09-08T12:45:08,003060,에이프로젠바이오로직스,1716.0,-5.61,270214,0,-19015,0.00,1.69,0.00,N,-0.13,0.10,-73.06,-84.46
2026-09-08T12:45:09,417030,니어스랩,33950.0,9.34,1175280,0,184731,5.44,20.34,0.00,N,-8.20,-0.74,-19.17,-19.17
2026-09-08T12:45:10,127120,제이에스링크,33700.0,4.01,120800,0,1259,3.05,0.33,0.00,N,-56.07,15.70,-32.46,-32.46
2026-09-08T12:45:11,115180,큐리언트,24300.0,-5.63,107180,0,-3613,3.10,0.29,0.00,N,-28.76,26.88,-61.37,-61.37
2026-09-08T12:45:12,950250,테라뷰,3015.0,29.96,3006947,0,0,0.00,8.42,0.32,N,-11.13,3.37,-85.50,-85.50
2026-09-08T12:45:13,0011A0,액스비스,11110.0,29.94,426822,0,-21538,5.34,4.57,0.37,N,15.45,2.75,-78.04,-78.04
2026-09-08T12:45:14,046120,오르비텍,6050.0,29.83,6257518,0,-258192,6.67,18.48,0.49,N,208.62,2.65,-63.13,-63.13
2026-09-08T12:45:15,069540,빛과전자,3640.0,30.0,41375198,0,3149575,0.45,36.72,0.00,N,-9.58,3.84,-55.06,-55.06
2026-09-08T12:45:16,475040,스트라드비젼,3495.0,24.38,7468768,0,-241001,0.52,13.88,0.04,N,-2.45,6.38,-68.46,-68.46
2026-09-08T12:45:17,004310,현대약품,10230.0,21.5,27327381,0,160864,0.62,85.40,2.42,N,0.00,0.00,-35.90,-35.90
2026-09-08T12:45:18,189860,서전기전,5510.0,24.38,3348326,0,-71651,3.22,34.52,0.03,N,49.20,1.70,-52.09,-52.09
2026-09-08T12:45:18,261780,아리바이오랩,3275.0,12.93,1540255,0,9156,0.00,5.32,0.00,N,0.00,0.00,-51.26,-51.26
2026-09-08T12:45:19,388050,지투파워,12060.0,15.3,7525684,0,155611,1.04,40.22,5.92,N,40.61,5.36,-34.67,-34.67
2026-09-08T12:45:20,386380,스카이랩스,36500.0,19.48,22362072,0,-114838,0.23,119.19,0.00,N,0.00,0.00,-7.24,-7.24
2026-09-08T12:45:21,017900,광전자,8250.0,16.36,12953979,0,-122713,17.84,22.36,0.34,N,113.01,1.72,-63.25,-63.25
2026-09-08T12:45:22,0011T0,채비,5330.0,13.53,940905,0,-12453,2.75,2.00,0.12,N,-5.93,2.93,-82.67,-82.67
2026-09-08T12:45:23,019990,에너토크,5690.0,16.96,1076042,0,-86195,12.92,11.03,2.31,N,-13.42,1.44,-52.02,-52.02
2026-09-08T12:45:24,067290,JW신약,3865.0,7.96,64729481,0,-175484,1.56,115.51,2.63,N,13.85,5.30,-10.84,-10.84
2026-09-08T12:45:25,047040,대우건설,20650.0,12.17,21183834,0,472780,10.47,5.16,0.87,N,-9.41,2.53,-48.82,-48.82
2026-09-08T12:45:26,033790,피노,8280.0,-12.47,3427346,0,-10959,38.84,4.11,0.17,N,-67.32,3.36,-56.76,-56.76
2026-09-08T12:45:27,053950,경남제약,2250.0,3.69,3478614,0,-29851,0.00,17.73,0.00,N,2.25,0.31,-46.62,-59.68
2026-09-08T12:45:28,051980,중앙첨단소재,1078.0,7.16,4880733,0,-117198,4.41,4.39,0.01,N,-20.34,1.15,-75.25,-75.25
2026-09-08T12:45:29,181710,NHN,60900.0,-13.98,394500,0,-63433,12.83,1.20,0.42,N,63.84,1.28,-22.12,-22.12
2026-09-08T12:45:30,024850,HLB이노베이션,14410.0,-11.6,209712,0,-38378,0.00,0.66,0.20,N,-12.47,1.98,-48.72,-50.48
2026-09-08T12:45:30,452190,한빛레이저,4115.0,1.23,2364183,0,-21885,1.80,9.88,1.78,N,39.57,3.14,-61.14,-61.14
2026-09-08T12:45:31,039610,화성밸브,6130.0,6.98,1022634,0,-26387,3.18,9.82,2.35,N,-32.43,0.68,-47.52,-47.52
2026-09-08T12:45:32,011700,한신기계,2645.0,11.37,2255788,0,-285654,7.17,6.95,1.61,N,-188.93,0.98,-55.25,-55.25
2026-09-08T12:55:06,007460,에이프로젠,2050.0,-3.3,208840,0,-18516,0.00,0.84,0.02,N,-0.62,0.02,-73.72,-87.37
2026-09-08T12:55:07,003060,에이프로젠바이오로직스,1715.0,-5.67,272933,0,-20363,0.00,1.71,0.00,N,-0.13,0.10,-73.08,-84.47
2026-09-08T12:55:08,417030,니어스랩,34250.0,10.31,1182497,0,184780,5.44,20.47,0.00,N,-8.27,-0.75,-18.45,-18.45
2026-09-08T12:55:09,127120,제이에스링크,33500.0,3.4,124358,0,1296,3.05,0.34,0.00,N,-55.74,15.60,-32.87,-32.87
2026-09-08T12:55:10,115180,큐리언트,24350.0,-5.44,107930,0,-3382,3.10,0.29,0.00,N,-28.82,26.94,-61.29,-61.29
2026-09-08T12:55:11,950250,테라뷰,3015.0,29.96,3013466,0,0,0.00,8.44,0.32,N,-11.13,3.37,-85.50,-85.50
2026-09-08T12:55:12,0011A0,액스비스,11110.0,29.94,426879,0,-21556,5.34,4.57,0.37,N,15.45,2.75,-78.04,-78.04
2026-09-08T12:55:13,046120,오르비텍,5960.0,27.9,6593015,0,-308198,6.67,19.47,0.49,N,205.52,2.61,-63.68,-63.68
2026-09-08T12:55:14,069540,빛과전자,3640.0,30.0,41399440,0,3149575,0.45,36.74,0.00,N,-9.58,3.84,-55.06,-55.06
2026-09-08T12:55:15,004310,현대약품,10300.0,22.33,27572311,0,156570,0.62,86.16,2.42,N,0.00,0.00,-35.46,-35.46
2026-09-08T12:55:16,475040,스트라드비젼,3440.0,22.42,8552449,0,-344944,0.52,15.89,0.04,N,-2.41,6.28,-68.95,-68.95
2026-09-08T12:55:17,261780,아리바이오랩,3315.0,14.31,1629492,0,13206,0.00,5.63,0.00,N,0.00,0.00,-50.67,-50.67
2026-09-08T12:55:18,189860,서전기전,5390.0,21.67,3433893,0,-90125,3.22,35.41,0.03,N,48.12,1.66,-53.13,-53.13
2026-09-08T12:55:18,386380,스카이랩스,36800.0,20.46,22700379,0,-86314,0.23,120.99,0.00,N,0.00,0.00,-6.48,-6.48
2026-09-08T12:55:19,388050,지투파워,11880.0,13.58,8495328,0,62987,1.04,45.41,5.92,N,40.00,5.28,-35.64,-35.64
2026-09-08T12:55:20,0011T0,채비,5340.0,13.74,951461,0,-19357,2.75,2.03,0.12,N,-5.94,2.93,-82.63,-82.63
2026-09-08T12:55:21,017900,광전자,8240.0,16.22,13008984,0,-122685,17.84,22.45,0.34,N,112.88,1.72,-63.30,-63.30
2026-09-08T12:55:22,019990,에너토크,5660.0,16.34,1087475,0,-87360,12.92,11.15,2.31,N,-13.35,1.43,-52.28,-52.28
2026-09-08T12:55:23,047040,대우건설,20800.0,12.98,21407606,0,478115,10.47,5.21,0.87,N,-9.48,2.55,-48.45,-48.45
2026-09-08T12:55:24,033790,피노,8220.0,-13.11,3495409,0,-22379,38.84,4.20,0.17,N,-66.83,3.34,-57.08,-57.08
2026-09-08T12:55:25,053950,경남제약,2245.0,3.46,3502128,0,-24775,0.00,17.85,0.00,N,2.25,0.30,-46.74,-59.77
2026-09-08T12:55:26,181710,NHN,60300.0,-14.83,399128,0,-64532,12.83,1.22,0.42,N,63.21,1.27,-22.89,-22.89
2026-09-08T12:55:27,051980,중앙첨단소재,1077.0,7.06,4911739,0,-125086,4.41,4.42,0.01,N,-20.32,1.15,-75.27,-75.27
2026-09-08T12:55:28,024850,HLB이노베이션,14660.0,-10.06,215939,0,-37537,0.00,0.68,0.20,N,-12.68,2.01,-47.83,-49.62
2026-09-08T12:55:29,082850,우리바이오,6280.0,7.72,993484,0,-7579,2.41,10.25,4.35,N,-6.49,0.26,-11.42,-53.05
2026-09-08T12:55:30,452190,한빛레이저,4145.0,1.97,2371323,0,-21682,1.80,9.91,1.78,N,39.86,3.16,-60.86,-60.86
2026-09-08T12:55:31,039610,화성밸브,6120.0,6.81,1031056,0,-28420,3.18,9.90,2.35,N,-32.38,0.68,-47.60,-47.60
2026-09-08T12:55:31,067290,JW신약,3855.0,7.68,65315966,0,-241495,1.56,116.56,2.63,N,13.82,5.29,-11.07,-11.07
2026-09-08T13:05:06,007460,에이프로젠,2045.0,-3.54,210614,0,-18725,0.00,0.85,0.02,N,-0.62,0.02,-73.78,-87.40
2026-09-08T13:05:07,003060,에이프로젠바이오로직스,1718.0,-5.5,273432,0,-20827,0.00,1.71,0.00,N,-0.13,0.10,-73.03,-84.44
2026-09-08T13:05:08,417030,니어스랩,33950.0,9.34,1189808,0,185586,5.44,20.59,0.00,N,-8.20,-0.74,-19.17,-19.17
2026-09-08T13:05:08,127120,제이에스링크,33550.0,3.55,126782,0,972,3.05,0.34,0.00,N,-55.82,15.63,-32.77,-32.77
2026-09-08T13:05:09,115180,큐리언트,24350.0,-5.44,110552,0,-2332,3.10,0.29,0.00,N,-28.82,26.94,-61.29,-61.29
2026-09-08T13:05:10,950250,테라뷰,3015.0,29.96,3017025,0,0,0.00,8.45,0.32,N,-11.13,3.37,-85.50,-85.50
2026-09-08T13:05:11,0011A0,액스비스,11110.0,29.94,427507,0,-20931,5.34,4.58,0.37,N,15.45,2.75,-78.04,-78.04
2026-09-08T13:05:12,069540,빛과전자,3640.0,30.0,41408722,0,3149575,0.45,36.75,0.00,N,-9.58,3.84,-55.06,-55.06
2026-09-08T13:05:13,004310,현대약품,10290.0,22.21,27719730,0,173097,0.62,86.62,2.42,N,0.00,0.00,-35.53,-35.53
2026-09-08T13:05:14,046120,오르비텍,5930.0,27.25,6919842,0,-283520,6.67,20.44,0.49,N,204.48,2.60,-63.86,-63.86
2026-09-08T13:05:15,475040,스트라드비젼,3405.0,21.17,8893889,0,-348106,0.52,16.52,0.04,N,-2.38,6.21,-69.27,-69.27
2026-09-08T13:05:16,261780,아리바이오랩,3275.0,12.93,1671308,0,15405,0.00,5.77,0.00,N,0.00,0.00,-51.26,-51.26
2026-09-08T13:05:17,0011T0,채비,5410.0,15.23,959587,0,-21109,2.75,2.04,0.12,N,-6.02,2.97,-82.41,-82.41
2026-09-08T13:05:18,386380,스카이랩스,36750.0,20.29,22874702,0,-67215,0.23,121.92,0.00,N,0.00,0.00,-6.61,-6.61
2026-09-08T13:05:19,189860,서전기전,5380.0,21.44,3477194,0,-102110,3.22,35.85,0.03,N,48.04,1.66,-53.22,-53.22
2026-09-08T13:05:20,017900,광전자,8250.0,16.36,13081920,0,-118749,17.84,22.58,0.34,N,113.01,1.72,-63.25,-63.25
2026-09-08T13:05:21,388050,지투파워,11830.0,13.1,9075662,0,24375,1.04,48.51,5.92,N,39.83,5.25,-35.92,-35.92
2026-09-08T13:05:22,019990,에너토크,5640.0,15.93,1095596,0,-88148,12.92,11.23,2.31,N,-13.30,1.42,-52.45,-52.45
2026-09-08T13:05:22,067290,JW신약,3880.0,8.38,65955617,0,-359028,1.56,117.70,2.63,N,13.91,5.32,-10.50,-10.50
2026-09-08T13:05:23,181710,NHN,59200.0,-16.38,479241,0,-83244,12.83,1.46,0.42,N,62.05,1.25,-24.30,-24.30
2026-09-08T13:05:24,033790,피노,8230.0,-13.0,3605933,0,-12951,38.84,4.33,0.17,N,-66.91,3.34,-57.02,-57.02
2026-09-08T13:05:25,051980,중앙첨단소재,1068.0,6.16,4931835,0,-118893,4.41,4.44,0.01,N,-20.15,1.14,-75.48,-75.48
2026-09-08T13:05:26,053950,경남제약,2265.0,4.38,3520173,0,-31160,0.00,17.94,0.00,N,2.27,0.31,-46.26,-59.41
2026-09-08T13:05:27,452190,한빛레이저,4125.0,1.48,2379226,0,-24103,1.80,9.95,1.78,N,39.66,3.15,-61.05,-61.05
2026-09-08T13:05:28,024850,HLB이노베이션,14640.0,-10.18,220301,0,-38709,0.00,0.69,0.20,N,-12.66,2.01,-47.90,-49.69
2026-09-08T13:05:29,082850,우리바이오,6300.0,8.06,1015226,0,-10881,2.41,10.48,4.35,N,-6.51,0.26,-11.14,-52.90
2026-09-08T13:05:30,039610,화성밸브,6100.0,6.46,1043789,0,-32262,3.18,10.03,2.35,N,-32.28,0.67,-47.77,-47.77
2026-09-08T13:05:31,011700,한신기계,2645.0,11.37,2282905,0,-293868,7.17,7.04,1.61,N,-188.93,0.98,-55.25,-55.25
2026-09-08T13:15:06,007460,에이프로젠,2045.0,-3.54,212694,0,-20057,0.00,0.86,0.02,N,-0.62,0.02,-73.78,-87.40
2026-09-08T13:15:07,003060,에이프로젠바이오로직스,1717.0,-5.56,274493,0,-21016,0.00,1.72,0.00,N,-0.13,0.10,-73.05,-84.45
2026-09-08T13:15:08,417030,니어스랩,33650.0,8.37,1203740,0,183648,5.44,20.83,0.00,N,-8.12,-0.73,-19.88,-19.88
2026-09-08T13:15:08,127120,제이에스링크,33450.0,3.24,130650,0,1376,3.05,0.35,0.00,N,-55.66,15.58,-32.97,-32.97
2026-09-08T13:15:09,115180,큐리언트,24400.0,-5.24,111825,0,-1906,3.10,0.30,0.00,N,-28.88,26.99,-61.21,-61.21
2026-09-08T13:15:10,950250,테라뷰,3015.0,29.96,3024515,0,0,0.00,8.47,0.32,N,-11.13,3.37,-85.50,-85.50
2026-09-08T13:15:11,0011A0,액스비스,11110.0,29.94,427525,0,-20913,5.34,4.58,0.37,N,15.45,2.75,-78.04,-78.04
2026-09-08T13:15:12,069540,빛과전자,3640.0,30.0,41470710,0,3149575,0.45,36.80,0.00,N,-9.58,3.84,-55.06,-55.06
2026-09-08T13:15:13,046120,오르비텍,5940.0,27.47,7045746,0,-322318,6.67,20.81,0.49,N,204.83,2.60,-63.80,-63.80
2026-09-08T13:15:14,004310,현대약품,10280.0,22.09,27817233,0,191400,0.62,86.93,2.42,N,0.00,0.00,-35.59,-35.59
2026-09-08T13:15:15,261780,아리바이오랩,3280.0,13.1,1699305,0,27834,0.00,5.87,0.00,N,0.00,0.00,-51.19,-51.19
2026-09-08T13:15:16,475040,스트라드비젼,3315.0,17.97,9367761,0,-296225,0.52,17.40,0.04,N,-2.32,6.05,-70.08,-70.08
2026-09-08T13:15:17,0011T0,채비,5410.0,15.23,968464,0,-20532,2.75,2.06,0.12,N,-6.02,2.97,-82.41,-82.41
2026-09-08T13:15:18,189860,서전기전,5380.0,21.44,3542404,0,-128363,3.22,36.52,0.03,N,48.04,1.66,-53.22,-53.22
2026-09-08T13:15:19,386380,스카이랩스,36600.0,19.8,22997075,0,-72946,0.23,122.57,0.00,N,0.00,0.00,-6.99,-6.99
2026-09-08T13:15:20,264850,이랜시스,6410.0,14.06,934972,0,-89439,1.40,3.09,4.80,N,45.79,3.60,-32.74,-32.74
2026-09-08T13:15:21,017900,광전자,8180.0,15.37,13148873,0,-119590,17.84,22.69,0.34,N,112.05,1.71,-63.56,-63.56
2026-09-08T13:15:21,019990,에너토크,5630.0,15.72,1099271,0,-88311,12.92,11.27,2.31,N,-13.28,1.42,-52.53,-52.53
2026-09-08T13:15:22,388050,지투파워,11530.0,10.23,9467620,0,26426,1.04,50.60,5.92,N,38.82,5.12,-37.54,-37.54
2026-09-08T13:15:23,047040,대우건설,20700.0,12.44,21774350,0,531716,10.47,5.30,0.87,N,-9.43,2.54,-48.70,-48.70
2026-09-08T13:15:24,181710,NHN,58700.0,-17.09,497795,0,-89543,12.83,1.52,0.42,N,61.53,1.24,-24.94,-24.94
2026-09-08T13:15:25,033790,피노,8260.0,-12.68,3648872,0,-2443,38.84,4.38,0.17,N,-67.15,3.35,-56.87,-56.87
2026-09-08T13:15:26,051980,중앙첨단소재,1067.0,6.06,4949374,0,-119767,4.41,4.46,0.01,N,-20.13,1.14,-75.50,-75.50
2026-09-08T13:15:27,053950,경남제약,2260.0,4.15,3542807,0,-37772,0.00,18.06,0.00,N,2.26,0.31,-46.38,-59.50
2026-09-08T13:15:28,082850,우리바이오,6130.0,5.15,1034836,0,-10728,2.41,10.68,4.35,N,-6.34,0.25,-13.54,-54.17
2026-09-08T13:15:29,024850,HLB이노베이션,14540.0,-10.8,225100,0,-39937,0.00,0.71,0.20,N,-12.58,2.00,-48.26,-50.03
2026-09-08T13:15:30,452190,한빛레이저,4120.0,1.35,2388511,0,-27689,1.80,9.99,1.78,N,39.62,3.14,-61.10,-61.10
2026-09-08T13:15:31,039610,화성밸브,6070.0,5.93,1051938,0,-31502,3.18,10.10,2.35,N,-32.12,0.67,-48.03,-48.03
2026-09-08T13:15:31,067290,JW신약,3840.0,7.26,66401744,0,-423124,1.56,118.50,2.63,N,13.76,5.27,-11.42,-11.42
2026-09-08T13:25:06,007460,에이프로젠,2050.0,-3.3,215059,0,-20226,0.00,0.87,0.02,N,-0.62,0.02,-73.72,-87.37
2026-09-08T13:25:07,003060,에이프로젠바이오로직스,1715.0,-5.67,277447,0,-21134,0.00,1.74,0.00,N,-0.13,0.10,-73.08,-84.47
2026-09-08T13:25:07,417030,니어스랩,33050.0,6.44,1226853,0,185749,5.44,21.23,0.00,N,-7.98,-0.72,-21.31,-21.31
2026-09-08T13:25:08,127120,제이에스링크,33600.0,3.7,138993,0,6143,3.05,0.38,0.00,N,-55.91,15.65,-32.67,-32.67
2026-09-08T13:25:09,115180,큐리언트,24400.0,-5.24,112641,0,-1660,3.10,0.30,0.00,N,-28.88,26.99,-61.21,-61.21
2026-09-08T13:25:10,950250,테라뷰,3015.0,29.96,3027895,0,0,0.00,8.48,0.32,N,-11.13,3.37,-85.50,-85.50
2026-09-08T13:25:11,0011A0,액스비스,11110.0,29.94,428356,0,-20741,5.34,4.59,0.37,N,15.45,2.75,-78.04,-78.04
2026-09-08T13:25:12,046120,오르비텍,6050.0,29.83,7211998,0,-323805,6.67,21.30,0.49,N,208.62,2.65,-63.13,-63.13
2026-09-08T13:25:13,069540,빛과전자,3640.0,30.0,41480497,0,3149575,0.45,36.81,0.00,N,-9.58,3.84,-55.06,-55.06
2026-09-08T13:25:14,004310,현대약품,10260.0,21.85,27904976,0,192803,0.62,87.20,2.42,N,0.00,0.00,-35.71,-35.71
2026-09-08T13:25:15,475040,스트라드비젼,3320.0,18.15,9548417,0,-257982,0.52,17.74,0.04,N,-2.32,6.06,-70.04,-70.04
2026-09-08T13:25:16,0011T0,채비,5420.0,15.44,1008920,0,-26545,2.75,2.15,0.12,N,-6.03,2.97,-82.37,-82.37
2026-09-08T13:25:17,189860,서전기전,5440.0,22.8,3618064,0,-139513,3.22,37.30,0.03,N,48.57,1.68,-52.70,-52.70
2026-09-08T13:25:18,261780,아리바이오랩,3260.0,12.41,1736391,0,44958,0.00,6.00,0.00,N,0.00,0.00,-51.49,-51.49
2026-09-08T13:25:18,490470,세미파이브,17060.0,18.64,603778,0,-30615,5.73,1.77,0.70,N,-8.62,2.62,-66.74,-66.74
2026-09-08T13:25:19,386380,스카이랩스,36200.0,18.49,23105237,0,-72957,0.23,123.15,0.00,N,0.00,0.00,-8.01,-8.01
2026-09-08T13:25:20,017900,광전자,8160.0,15.09,13311442,0,-110851,17.84,22.97,0.34,N,111.78,1.71,-63.65,-63.65
2026-09-08T13:25:21,019990,에너토크,5680.0,16.75,1103053,0,-88766,12.92,11.31,2.31,N,-13.40,1.44,-52.11,-52.11
2026-09-08T13:25:22,388050,지투파워,11620.0,11.09,9779435,0,28755,1.04,52.27,5.92,N,39.12,5.16,-37.05,-37.05
2026-09-08T13:25:23,181710,NHN,59100.0,-16.53,508727,0,-90373,12.83,1.55,0.42,N,61.95,1.25,-24.42,-24.42
2026-09-08T13:25:24,051980,중앙첨단소재,1067.0,6.06,4969557,0,-113347,4.41,4.47,0.01,N,-20.13,1.14,-75.50,-75.50
2026-09-08T13:25:25,033790,피노,8290.0,-12.37,3703611,0,17393,38.84,4.44,0.17,N,-67.40,3.37,-56.71,-56.71
2026-09-08T13:25:26,053950,경남제약,2300.0,5.99,3581366,0,-25928,0.00,18.25,0.00,N,2.30,0.31,-45.43,-58.78
2026-09-08T13:25:27,082850,우리바이오,6220.0,6.69,1038710,0,-10969,2.41,10.72,4.35,N,-6.43,0.26,-12.27,-53.50
2026-09-08T13:25:28,024850,HLB이노베이션,14600.0,-10.43,228600,0,-39463,0.00,0.72,0.20,N,-12.63,2.00,-48.04,-49.83
2026-09-08T13:25:28,067290,JW신약,3830.0,6.98,67018301,0,-354751,1.56,119.60,2.63,N,13.73,5.25,-11.65,-11.65
2026-09-08T13:25:29,452190,한빛레이저,4150.0,2.09,2399766,0,-30106,1.80,10.03,1.78,N,39.90,3.17,-60.81,-60.81
2026-09-08T13:25:30,039610,화성밸브,6120.0,6.81,1053152,0,-31757,3.18,10.12,2.35,N,-32.38,0.68,-47.60,-47.60
2026-09-08T13:25:31,0155E0,해치텍,14840.0,1.3,3014344,0,-37115,1.72,54.93,0.00,N,-7.65,8.30,-30.65,-30.65
2026-09-08T13:35:06,007460,에이프로젠,2040.0,-3.77,218137,0,-22709,0.00,0.88,0.02,N,-0.62,0.02,-73.85,-87.43
2026-09-08T13:35:07,003060,에이프로젠바이오로직스,1718.0,-5.5,280554,0,-21256,0.00,1.75,0.00,N,-0.13,0.10,-73.03,-84.44
2026-09-08T13:35:08,417030,니어스랩,33050.0,6.44,1247256,0,192021,5.44,21.59,0.00,N,-7.98,-0.72,-21.31,-21.31
2026-09-08T13:35:08,127120,제이에스링크,32850.0,1.39,147212,0,5720,3.05,0.40,0.00,N,-54.66,15.30,-34.17,-34.17
2026-09-08T13:35:09,115180,큐리언트,24350.0,-5.44,114067,0,-1637,3.10,0.30,0.00,N,-28.82,26.94,-61.29,-61.29
2026-09-08T13:35:10,950250,테라뷰,3015.0,29.96,3030210,0,0,0.00,8.49,0.32,N,-11.13,3.37,-85.50,-85.50
2026-09-08T13:35:11,0011A0,액스비스,11110.0,29.94,428392,0,-20705,5.34,4.59,0.37,N,15.45,2.75,-78.04,-78.04
2026-09-08T13:35:12,046120,오르비텍,6050.0,29.83,7442275,0,-311864,6.67,21.98,0.49,N,208.62,2.65,-63.13,-63.13
2026-09-08T13:35:13,004310,현대약품,10440.0,23.99,28203273,0,203040,0.62,88.14,2.42,N,0.00,0.00,-34.59,-34.59
2026-09-08T13:35:14,069540,빛과전자,3640.0,30.0,41507887,0,3149575,0.45,36.83,0.00,N,-9.58,3.84,-55.06,-55.06
2026-09-08T13:35:15,010580,에스엠벡셀,2055.0,21.17,4180540,0,-80077,0.66,3.76,0.34,N,205.50,3.39,-41.20,-41.20
2026-09-08T13:35:16,261780,아리바이오랩,3295.0,13.62,1753757,0,54389,0.00,6.06,0.00,N,0.00,0.00,-50.97,-50.97
2026-09-08T13:35:17,475040,스트라드비젼,3295.0,17.26,9663509,0,-223252,0.52,17.95,0.04,N,-2.31,6.01,-70.26,-70.26
2026-09-08T13:35:18,490470,세미파이브,16960.0,17.94,1363241,0,-141405,5.73,4.01,0.70,N,-8.57,2.60,-66.94,-66.94
2026-09-08T13:35:18,0011T0,채비,5440.0,15.87,1018651,0,-24352,2.75,2.17,0.12,N,-6.05,2.99,-82.31,-82.31
2026-09-08T13:35:19,189860,서전기전,5400.0,21.9,3685177,0,-119495,3.22,38.00,0.03,N,48.21,1.66,-53.04,-53.04
2026-09-08T13:35:20,386380,스카이랩스,36400.0,19.15,23256778,0,-60665,0.23,123.96,0.00,N,0.00,0.00,-7.50,-7.50
2026-09-08T13:35:21,017900,광전자,8170.0,15.23,13362034,0,-117780,17.84,23.06,0.34,N,111.92,1.71,-63.61,-63.61
2026-09-08T13:35:22,019990,에너토크,5680.0,16.75,1106929,0,-89630,12.92,11.35,2.31,N,-13.40,1.44,-52.11,-52.11
2026-09-08T13:35:23,067290,JW신약,3900.0,8.94,68156567,0,-549816,1.56,121.63,2.63,N,13.98,5.35,-10.03,-10.03
2026-09-08T13:35:24,388050,지투파워,11570.0,10.61,9972705,0,33244,1.04,53.30,5.92,N,38.96,5.14,-37.32,-37.32
2026-09-08T13:35:25,047040,대우건설,20900.0,13.53,22223533,0,618850,10.47,5.41,0.87,N,-9.52,2.57,-48.20,-48.20
2026-09-08T13:35:26,052690,한전기술,144700.0,18.32,1549583,0,652,13.33,4.05,1.39,N,64.77,8.81,-26.92,-26.92
2026-09-08T13:35:27,181710,NHN,59100.0,-16.53,520937,0,-93608,12.83,1.59,0.42,N,61.95,1.25,-24.42,-24.42
2026-09-08T13:35:28,033790,피노,8230.0,-13.0,3738980,0,12877,38.84,4.49,0.17,N,-66.91,3.34,-57.02,-57.02
2026-09-08T13:35:28,051980,중앙첨단소재,1069.0,6.26,4973034,0,-113118,4.41,4.48,0.01,N,-20.17,1.14,-75.45,-75.45
2026-09-08T13:35:29,082850,우리바이오,6040.0,3.6,1057865,0,-9893,2.41,10.92,4.35,N,-6.25,0.25,-14.81,-54.84
2026-09-08T13:35:30,053950,경남제약,2270.0,4.61,3702791,0,-69507,0.00,18.87,0.00,N,2.27,0.31,-46.14,-59.32
2026-09-08T13:35:31,039610,화성밸브,6090.0,6.28,1060262,0,-30538,3.18,10.18,2.35,N,-32.22,0.67,-47.86,-47.86
2026-09-08T13:35:32,452190,한빛레이저,4140.0,1.85,2411676,0,-32163,1.80,10.08,1.78,N,39.81,3.16,-60.91,-60.91
2026-09-08T13:35:33,024850,HLB이노베이션,14740.0,-9.57,236634,0,-44893,0.00,0.75,0.20,N,-12.75,2.02,-47.54,-49.35
2026-09-08T13:35:34,0155E0,해치텍,14820.0,1.16,3038487,0,-37430,1.72,55.37,0.00,N,-7.64,8.29,-30.75,-30.75
2026-09-08T13:45:06,007460,에이프로젠,2045.0,-3.54,218861,0,-22894,0.00,0.88,0.02,N,-0.62,0.02,-73.78,-87.40
2026-09-08T13:45:07,003060,에이프로젠바이오로직스,1716.0,-5.61,286309,0,-22888,0.00,1.79,0.00,N,-0.13,0.10,-73.06,-84.46
2026-09-08T13:45:07,417030,니어스랩,33050.0,6.44,1260277,0,189520,5.44,21.81,0.00,N,-7.98,-0.72,-21.31,-21.31
2026-09-08T13:45:08,127120,제이에스링크,32700.0,0.93,152362,0,4615,3.05,0.41,0.00,N,-54.41,15.23,-34.47,-34.47
2026-09-08T13:45:09,115180,큐리언트,24200.0,-6.02,118958,0,-3416,3.10,0.32,0.00,N,-28.64,26.77,-61.53,-61.53
2026-09-08T13:45:10,950250,테라뷰,3015.0,29.96,3035285,0,0,0.00,8.50,0.32,N,-11.13,3.37,-85.50,-85.50
2026-09-08T13:45:11,0011A0,액스비스,11110.0,29.94,428544,0,-20553,5.34,4.59,0.37,N,15.45,2.75,-78.04,-78.04
2026-09-08T13:45:12,046120,오르비텍,6050.0,29.83,7458459,0,-311864,6.67,22.03,0.49,N,208.62,2.65,-63.13,-63.13
2026-09-08T13:45:13,069540,빛과전자,3640.0,30.0,41513750,0,3149575,0.45,36.84,0.00,N,-9.58,3.84,-55.06,-55.06
2026-09-08T13:45:14,010580,에스엠벡셀,2105.0,24.12,7031855,0,-239465,0.66,6.32,0.34,N,210.50,3.47,-39.77,-39.77
2026-09-08T13:45:15,004310,현대약품,10230.0,21.5,28488476,0,148461,0.62,89.03,2.42,N,0.00,0.00,-35.90,-35.90
2026-09-08T13:45:16,261780,아리바이오랩,3300.0,13.79,1787045,0,59664,0.00,6.17,0.00,N,0.00,0.00,-50.89,-50.89
2026-09-08T13:45:17,189860,서전기전,5490.0,23.93,3742481,0,-126397,3.22,38.59,0.03,N,49.02,1.69,-52.26,-52.26
2026-09-08T13:45:18,475040,스트라드비젼,3315.0,17.97,9800197,0,-176788,0.52,18.21,0.04,N,-2.32,6.05,-70.08,-70.08
2026-09-08T13:45:19,0011T0,채비,5460.0,16.29,1028030,0,-20645,2.75,2.19,0.12,N,-6.07,3.00,-82.24,-82.24
2026-09-08T13:45:20,386380,스카이랩스,36450.0,19.31,23428469,0,-85432,0.23,124.87,0.00,N,0.00,0.00,-7.37,-7.37
2026-09-08T13:45:20,490470,세미파이브,16530.0,14.95,1765981,0,-207784,5.73,5.19,0.70,N,-8.36,2.54,-67.78,-67.78
2026-09-08T13:45:21,388050,지투파워,11650.0,11.38,10244194,0,30308,1.04,54.75,5.92,N,39.23,5.17,-36.89,-36.89
2026-09-08T13:45:22,017900,광전자,8120.0,14.53,13425576,0,-115283,17.84,23.17,0.34,N,111.23,1.70,-63.83,-63.83
2026-09-08T13:45:23,019990,에너토크,5670.0,16.55,1111631,0,-88247,12.92,11.39,2.31,N,-13.37,1.43,-52.19,-52.19
2026-09-08T13:45:24,052690,한전기술,144000.0,17.74,1636439,0,2037,13.33,4.28,1.39,N,64.46,8.77,-27.27,-27.27
2026-09-08T13:45:25,047040,대우건설,20700.0,12.44,22475756,0,583688,10.47,5.47,0.87,N,-9.43,2.54,-48.70,-48.70
2026-09-08T13:45:26,183300,코미코,29200.0,10.82,631303,0,-1233,25.49,1.23,1.10,N,30.07,5.45,-84.76,-47.65
2026-09-08T13:45:27,181710,NHN,58800.0,-16.95,535552,0,-95684,12.83,1.64,0.42,N,61.64,1.24,-24.81,-24.81
2026-09-08T13:45:28,033790,피노,8230.0,-13.0,3788810,0,16665,38.84,4.55,0.17,N,-66.91,3.34,-57.02,-57.02
2026-09-08T13:45:29,053950,경남제약,2270.0,4.61,3711301,0,-70016,0.00,18.92,0.00,N,2.27,0.31,-46.14,-59.32
2026-09-08T13:45:30,051980,중앙첨단소재,1081.0,7.46,4991921,0,-113460,4.41,4.49,0.01,N,-20.40,1.15,-75.18,-75.18
2026-09-08T13:45:31,082850,우리바이오,6160.0,5.66,1066594,0,-11258,2.41,11.01,4.35,N,-6.37,0.25,-13.12,-53.94
2026-09-08T13:45:32,452190,한빛레이저,4130.0,1.6,2418771,0,-33842,1.80,10.11,1.78,N,39.71,3.15,-61.00,-61.00
2026-09-08T13:45:33,024850,HLB이노베이션,14680.0,-9.94,242285,0,-47183,0.00,0.76,0.20,N,-12.70,2.02,-47.76,-49.55
2026-09-08T13:45:33,039610,화성밸브,6100.0,6.46,1061898,0,-29882,3.18,10.20,2.35,N,-32.28,0.67,-47.77,-47.77
2026-09-08T13:45:34,067290,JW신약,3840.0,7.26,68716161,0,-566251,1.56,122.63,2.63,N,13.76,5.27,-11.42,-11.42
2026-09-08T13:55:06,007460,에이프로젠,2040.0,-3.77,228147,0,-23126,0.00,0.92,0.02,N,-0.62,0.02,-73.85,-87.43
2026-09-08T13:55:07,003060,에이프로젠바이오로직스,1731.0,-4.79,363324,0,-23636,0.00,2.27,0.00,N,-0.13,0.10,-72.83,-84.32
2026-09-08T13:55:08,417030,니어스랩,33450.0,7.73,1267520,0,188147,5.44,21.94,0.00,N,-8.08,-0.73,-20.36,-20.36
2026-09-08T13:55:08,127120,제이에스링크,33100.0,2.16,176635,0,18464,3.05,0.48,0.00,N,-55.07,15.42,-33.67,-33.67
2026-09-08T13:55:09,115180,큐리언트,23850.0,-7.38,131055,0,-8150,3.10,0.35,0.00,N,-28.22,26.38,-62.08,-62.08
2026-09-08T13:55:10,950250,테라뷰,3015.0,29.96,3035999,0,0,0.00,8.50,0.32,N,-11.13,3.37,-85.50,-85.50
2026-09-08T13:55:11,0011A0,액스비스,11110.0,29.94,428899,0,-20215,5.34,4.60,0.37,N,15.45,2.75,-78.04,-78.04
2026-09-08T13:55:12,046120,오르비텍,6050.0,29.83,7468974,0,-311922,6.67,22.06,0.49,N,208.62,2.65,-63.13,-63.13
2026-09-08T13:55:13,069540,빛과전자,3640.0,30.0,41528960,0,3149575,0.45,36.85,0.00,N,-9.58,3.84,-55.06,-55.06
2026-09-08T13:55:14,010580,에스엠벡셀,2080.0,22.64,7824666,0,-233755,0.66,7.03,0.34,N,208.00,3.43,-40.49,-40.49
2026-09-08T13:55:15,004310,현대약품,10240.0,21.62,28650207,0,126778,0.62,89.53,2.42,N,0.00,0.00,-35.84,-35.84
2026-09-08T13:55:16,261780,아리바이오랩,3270.0,12.76,1799164,0,67227,0.00,6.21,0.00,N,0.00,0.00,-51.34,-51.34
2026-09-08T13:55:17,189860,서전기전,5430.0,22.57,3835842,0,-146611,3.22,39.55,0.03,N,48.48,1.67,-52.78,-52.78
2026-09-08T13:55:17,0011T0,채비,5450.0,16.08,1034728,0,-21554,2.75,2.20,0.12,N,-6.06,2.99,-82.28,-82.28
2026-09-08T13:55:18,475040,스트라드비젼,3280.0,16.73,9855940,0,-168639,0.52,18.31,0.04,N,-2.30,5.99,-70.40,-70.40
2026-09-08T13:55:19,490470,세미파이브,16840.0,17.11,2312795,0,-298464,5.73,6.80,0.70,N,-8.51,2.59,-67.17,-67.17
2026-09-08T13:55:20,386380,스카이랩스,36450.0,19.31,23655227,0,-111706,0.23,126.08,0.00,N,0.00,0.00,-7.37,-7.37
2026-09-08T13:55:21,017900,광전자,8240.0,16.22,13597656,0,-111347,17.84,23.47,0.34,N,112.88,1.72,-63.30,-63.30
2026-09-08T13:55:22,019990,에너토크,5610.0,15.31,1120900,0,-89623,12.92,11.49,2.31,N,-13.23,1.42,-52.70,-52.70
2026-09-08T13:55:23,388050,지투파워,11390.0,8.89,10496168,0,27688,1.04,56.10,5.92,N,38.35,5.06,-38.30,-38.30
2026-09-08T13:55:24,183300,코미코,28800.0,9.3,656748,0,6388,25.49,1.28,1.10,N,29.66,5.37,-84.97,-48.37
2026-09-08T13:55:25,241770,메카로,42200.0,12.08,81005,0,34560,2.72,0.79,1.19,N,34.09,2.05,-12.08,-12.08
2026-09-08T13:55:25,212560,네오오토,13090.0,10.19,1751677,0,193890,2.45,12.99,4.01,N,0.00,0.00,-18.70,-18.70
2026-09-08T13:55:26,033790,피노,8210.0,-13.21,3868304,0,23221,38.84,4.64,0.17,N,-66.75,3.33,-57.13,-57.13
2026-09-08T13:55:27,053950,경남제약,2235.0,3.0,3755324,0,-65186,0.00,19.14,0.00,N,2.24,0.30,-46.98,-59.95
2026-09-08T13:55:28,181710,NHN,59900.0,-15.4,572371,0,-98114,12.83,1.75,0.42,N,62.79,1.26,-23.40,-23.40
2026-09-08T13:55:29,082850,우리바이오,6050.0,3.77,1072259,0,-10702,2.41,11.06,4.35,N,-6.26,0.25,-14.67,-54.77
2026-09-08T13:55:30,051980,중앙첨단소재,1080.0,7.36,5022851,0,-122985,4.41,4.52,0.01,N,-20.38,1.15,-75.20,-75.20
2026-09-08T13:55:31,024850,HLB이노베이션,14630.0,-10.25,251989,0,-53255,0.00,0.79,0.20,N,-12.66,2.01,-47.94,-49.73
2026-09-08T13:55:32,0155E0,해치텍,14740.0,0.61,3065695,0,-39918,1.72,55.87,0.00,N,-7.60,8.24,-31.12,-31.12
2026-09-08T13:55:33,067290,JW신약,3850.0,7.54,69053995,0,-561836,1.56,123.23,2.63,N,13.80,5.28,-11.19,-11.19
2026-09-08T13:55:34,039610,화성밸브,6120.0,6.81,1064123,0,-30680,3.18,10.22,2.35,N,-32.38,0.68,-47.60,-47.60
2026-09-08T14:05:06,007460,에이프로젠,2035.0,-4.01,234218,0,-24025,0.00,0.94,0.02,N,-0.61,0.02,-73.91,-87.46
2026-09-08T14:05:07,003060,에이프로젠바이오로직스,1727.0,-5.01,363388,0,-23622,0.00,2.27,0.00,N,-0.13,0.10,-72.89,-84.36
2026-09-08T14:05:08,417030,니어스랩,32650.0,5.15,1280580,0,186714,5.44,22.16,0.00,N,-7.88,-0.71,-22.26,-22.26
2026-09-08T14:05:09,127120,제이에스링크,32850.0,1.39,180751,0,17523,3.05,0.49,0.00,N,-54.66,15.30,-34.17,-34.17
2026-09-08T14:05:09,115180,큐리언트,23450.0,-8.93,145301,0,-9448,3.10,0.39,0.00,N,-27.75,25.94,-62.72,-62.72
2026-09-08T14:05:10,950250,테라뷰,3015.0,29.96,3036666,0,0,0.00,8.51,0.32,N,-11.13,3.37,-85.50,-85.50
2026-09-08T14:05:11,0011A0,액스비스,11110.0,29.94,429645,0,-20007,5.34,4.60,0.37,N,15.45,2.75,-78.04,-78.04
2026-09-08T14:05:12,046120,오르비텍,6050.0,29.83,7481881,0,-311922,6.67,22.10,0.49,N,208.62,2.65,-63.13,-63.13
2026-09-08T14:05:13,069540,빛과전자,3640.0,30.0,41576551,0,3149575,0.45,36.89,0.00,N,-9.58,3.84,-55.06,-55.06
2026-09-08T14:05:14,004310,현대약품,10080.0,19.71,28983755,0,143201,0.62,90.57,2.42,N,0.00,0.00,-36.84,-36.84
2026-09-08T14:05:15,010580,에스엠벡셀,2040.0,20.28,8428517,0,-195138,0.66,7.58,0.34,N,204.00,3.37,-41.63,-41.63
2026-09-08T14:05:16,0011T0,채비,5480.0,16.72,1044413,0,-22238,2.75,2.22,0.12,N,-6.10,3.01,-82.18,-82.18
2026-09-08T14:05:17,261780,아리바이오랩,3260.0,12.41,1821336,0,77346,0.00,6.29,0.00,N,0.00,0.00,-51.49,-51.49
2026-09-08T14:05:17,189860,서전기전,5410.0,22.12,3867351,0,-163921,3.22,39.87,0.03,N,48.30,1.67,-52.96,-52.96
2026-09-08T14:05:18,475040,스트라드비젼,3260.0,16.01,9967085,0,-130887,0.52,18.52,0.04,N,-2.28,5.95,-70.58,-70.58
2026-09-08T14:05:19,386380,스카이랩스,36400.0,19.15,23839385,0,-115858,0.23,127.06,0.00,N,0.00,0.00,-7.50,-7.50
2026-09-08T14:05:20,017900,광전자,8190.0,15.51,13680977,0,-111952,17.84,23.61,0.34,N,112.19,1.71,-63.52,-63.52
2026-09-08T14:05:21,119850,지엔씨에너지,47000.0,5.62,1046650,0,116426,7.23,6.36,4.12,N,19.36,3.47,-18.97,-18.97
2026-09-08T14:05:22,351320,넥사다이내믹스,5050.0,16.49,1119657,0,20644,4.45,3.77,0.00,N,-10.29,7.06,-0.98,-0.98
2026-09-08T14:05:23,490470,세미파이브,16100.0,11.96,2712249,0,-355206,5.73,7.97,0.70,N,-8.14,2.47,-68.62,-68.62
2026-09-08T14:05:24,452190,한빛레이저,4650.0,14.39,5283214,0,-61820,1.80,22.09,1.78,N,44.71,3.55,-56.09,-56.09
2026-09-08T14:05:25,019990,에너토크,5620.0,15.52,1124568,0,-89485,12.92,11.53,2.31,N,-13.25,1.42,-52.61,-52.61
2026-09-08T14:05:26,008930,한미사이언스,59800.0,10.33,559505,0,68434,0.98,0.82,0.62,Y,34.55,4.21,0.00,0.00
2026-09-08T14:05:27,082850,우리바이오,5750.0,-1.37,1095952,0,-11207,2.41,11.31,4.35,N,-5.95,0.24,-18.90,-57.01
2026-09-08T14:05:28,053950,경남제약,2220.0,2.3,3819439,0,-37964,0.00,19.47,0.00,N,2.22,0.30,-47.33,-60.22
2026-09-08T14:05:28,033790,피노,8160.0,-13.74,3987993,0,32349,38.84,4.79,0.17,N,-66.34,3.31,-57.39,-57.39
2026-09-08T14:05:29,181710,NHN,60400.0,-14.69,597964,0,-98950,12.83,1.83,0.42,N,63.31,1.27,-22.76,-22.76
2026-09-08T14:05:30,051980,중앙첨단소재,1075.0,6.86,5044058,0,-121295,4.41,4.54,0.01,N,-20.28,1.15,-75.32,-75.32
2026-09-08T14:05:31,0155E0,해치텍,14620.0,-0.2,3101215,0,-44499,1.72,56.52,0.00,N,-7.54,8.18,-31.68,-31.68
2026-09-08T14:05:32,024850,HLB이노베이션,14520.0,-10.92,257562,0,-57296,0.00,0.81,0.20,N,-12.56,1.99,-48.33,-50.10
2026-09-08T14:05:33,067290,JW신약,3825.0,6.84,69368801,0,-563599,1.56,123.79,2.63,N,13.71,5.25,-11.76,-11.76
2026-09-08T14:05:34,039610,화성밸브,6100.0,6.46,1069127,0,-33354,3.18,10.27,2.35,N,-32.28,0.67,-47.77,-47.77
2026-09-08T14:15:06,007460,에이프로젠,2035.0,-4.01,238155,0,-25105,0.00,0.96,0.02,N,-0.61,0.02,-73.91,-87.46
2026-09-08T14:15:07,003060,에이프로젠바이오로직스,1729.0,-4.9,372762,0,-27954,0.00,2.33,0.00,N,-0.13,0.10,-72.86,-84.34
2026-09-08T14:15:07,417030,니어스랩,32850.0,5.8,1292159,0,189549,5.44,22.37,0.00,N,-7.93,-0.72,-21.79,-21.79
2026-09-08T14:15:08,127120,제이에스링크,32800.0,1.23,184178,0,16796,3.05,0.50,0.00,N,-54.58,15.28,-34.27,-34.27
2026-09-08T14:15:09,115180,큐리언트,23450.0,-8.93,158211,0,-5691,3.10,0.42,0.00,N,-27.75,25.94,-62.72,-62.72
2026-09-08T14:15:10,950250,테라뷰,3015.0,29.96,3040145,0,0,0.00,8.52,0.32,N,-11.13,3.37,-85.50,-85.50
2026-09-08T14:15:11,0011A0,액스비스,11110.0,29.94,430116,0,-20007,5.34,4.61,0.37,N,15.45,2.75,-78.04,-78.04
2026-09-08T14:15:12,046120,오르비텍,6050.0,29.83,7504735,0,-311922,6.67,22.17,0.49,N,208.62,2.65,-63.13,-63.13
2026-09-08T14:15:13,069540,빛과전자,3640.0,30.0,41587448,0,3149575,0.45,36.90,0.00,N,-9.58,3.84,-55.06,-55.06
2026-09-08T14:15:14,302430,이노메트리,8650.0,25.91,956612,0,-62395,0.90,9.76,1.76,N,-19.79,1.43,-25.04,-25.04
2026-09-08T14:15:15,004310,현대약품,10160.0,20.67,29396806,0,160457,0.62,91.87,2.42,N,0.00,0.00,-36.34,-36.34
2026-09-08T14:15:16,189860,서전기전,5550.0,25.28,3951157,0,-147216,3.22,40.74,0.03,N,49.55,1.71,-51.74,-51.74
2026-09-08T14:15:17,261780,아리바이오랩,3305.0,13.97,1863949,0,99818,0.00,6.44,0.00,N,0.00,0.00,-50.82,-50.82
2026-09-08T14:15:18,010580,에스엠벡셀,1991.0,17.39,8846658,0,-166343,0.66,7.95,0.34,N,199.10,3.29,-43.03,-43.03
2026-09-08T14:15:19,0011T0,채비,5450.0,16.08,1049820,0,-24059,2.75,2.24,0.12,N,-6.06,2.99,-82.28,-82.28
2026-09-08T14:15:20,452190,한빛레이저,4860.0,19.56,7271238,0,-142165,1.80,30.40,1.78,N,46.73,3.71,-54.11,-54.11
2026-09-08T14:15:21,475040,스트라드비젼,3265.0,16.19,10009798,0,-124158,0.52,18.60,0.04,N,-2.29,5.96,-70.53,-70.53
2026-09-08T14:15:22,078150,HB테크놀러지,2240.0,16.73,3293344,0,-380110,1.87,3.47,1.27,N,7.32,0.70,-63.52,-63.52
2026-09-08T14:15:23,351320,넥사다이내믹스,5030.0,16.03,1237100,0,16586,4.45,4.17,0.00,N,-10.24,7.03,-3.08,-3.08
2026-09-08T14:15:24,017900,광전자,8140.0,14.81,13786506,0,-108836,17.84,23.79,0.34,N,111.51,1.70,-63.74,-63.74
2026-09-08T14:15:25,183300,코미코,29450.0,11.76,707036,0,18210,25.49,1.38,1.10,N,30.33,5.49,-84.63,-47.21
2026-09-08T14:15:38,019990,에너토크,5680.0,16.75,1131141,0,-87366,12.92,11.59,2.31,N,-13.40,1.44,-52.11,-52.11
2026-09-08T14:15:39,008930,한미사이언스,59600.0,9.96,645354,0,69469,0.98,0.94,0.62,N,34.43,4.20,-2.30,-2.30
2026-09-08T14:15:40,082850,우리바이오,5660.0,-2.92,1107738,0,-10432,2.41,11.43,4.35,N,-5.85,0.23,-20.17,-57.68
2026-09-08T14:15:40,053950,경남제약,2165.0,-0.23,3836974,0,-31349,0.00,19.56,0.00,N,2.17,0.29,-48.64,-61.20
2026-09-08T14:15:41,033790,피노,8230.0,-13.0,4061079,0,50178,38.84,4.87,0.17,N,-66.91,3.34,-57.02,-57.02
2026-09-08T14:15:42,051980,중앙첨단소재,1069.0,6.26,5067283,0,-111572,4.41,4.56,0.01,N,-20.17,1.14,-75.45,-75.45
2026-09-08T14:15:43,181710,NHN,60100.0,-15.11,618342,0,-101330,12.83,1.89,0.42,N,63.00,1.27,-23.15,-23.15
2026-09-08T14:15:44,0155E0,해치텍,14450.0,-1.37,3135122,0,-42189,1.72,57.14,0.00,N,-7.45,8.08,-32.48,-32.48
2026-09-08T14:15:45,490470,세미파이브,15830.0,10.08,2973080,0,-386621,5.73,8.74,0.70,N,-8.00,2.43,-69.14,-69.14
2026-09-08T14:15:46,024850,HLB이노베이션,14470.0,-11.23,262108,0,-59421,0.00,0.83,0.20,N,-12.52,1.99,-48.51,-50.27
2026-09-08T14:15:47,039610,화성밸브,6060.0,5.76,1090993,0,-29650,3.18,10.48,2.35,N,-32.06,0.67,-48.12,-48.12
2026-09-08T14:15:48,386380,스카이랩스,34500.0,12.93,24467089,0,-112591,0.23,130.41,0.00,N,0.00,0.00,-12.33,-12.33
2026-09-08T14:15:49,067290,JW신약,3820.0,6.7,70075540,0,-552629,1.56,125.05,2.63,N,13.69,5.24,-11.88,-11.88
2026-09-08T14:25:06,007460,에이프로젠,2040.0,-3.77,238982,0,-25922,0.00,0.96,0.02,N,-0.62,0.02,-73.85,-87.43
2026-09-08T14:25:07,003060,에이프로젠바이오로직스,1728.0,-4.95,372988,0,-28152,0.00,2.33,0.00,N,-0.13,0.10,-72.87,-84.35
2026-09-08T14:25:08,417030,니어스랩,32800.0,5.64,1296416,0,189031,5.44,22.44,0.00,N,-7.92,-0.72,-21.90,-21.90
2026-09-08T14:25:09,127120,제이에스링크,32750.0,1.08,188317,0,16781,3.05,0.51,0.00,N,-54.49,15.25,-34.37,-34.37
2026-09-08T14:25:09,115180,큐리언트,23650.0,-8.16,169101,0,-502,3.10,0.45,0.00,N,-27.99,26.16,-62.40,-62.40
2026-09-08T14:25:10,950250,테라뷰,3015.0,29.96,3040678,0,0,0.00,8.52,0.32,N,-11.13,3.37,-85.50,-85.50
2026-09-08T14:25:11,0011A0,액스비스,11110.0,29.94,430211,0,-20024,5.34,4.61,0.37,N,15.45,2.75,-78.04,-78.04
2026-09-08T14:25:12,046120,오르비텍,6050.0,29.83,7509584,0,-311922,6.67,22.18,0.49,N,208.62,2.65,-63.13,-63.13
2026-09-08T14:25:13,368600,아이씨에이치,1243.0,25.05,3630581,0,166672,0.80,14.07,0.00,N,-0.99,0.90,-50.28,-48.40
2026-09-08T14:25:14,069540,빛과전자,3640.0,30.0,41604295,0,3149575,0.45,36.92,0.00,N,-9.58,3.84,-55.06,-55.06
2026-09-08T14:25:15,189860,서전기전,5680.0,28.22,4224998,0,-146702,3.22,43.56,0.03,N,50.71,1.75,-50.61,-50.61
2026-09-08T14:25:16,261780,아리바이오랩,3395.0,17.07,2128534,0,65120,0.00,7.35,0.00,N,0.00,0.00,-49.48,-49.48
2026-09-08T14:25:17,004310,현대약품,10110.0,20.07,29569793,0,151960,0.62,92.41,2.42,N,0.00,0.00,-36.65,-36.65
2026-09-08T14:25:18,302430,이노메트리,8230.0,19.8,1333220,0,-62290,0.90,13.60,1.76,N,-18.83,1.36,-28.68,-28.68
2026-09-08T14:25:19,0011T0,채비,5480.0,16.72,1059604,0,-22927,2.75,2.26,0.12,N,-6.10,3.01,-82.18,-82.18
2026-09-08T14:25:20,010580,에스엠벡셀,1955.0,15.27,9161545,0,-166764,0.66,8.23,0.34,N,195.50,3.23,-44.06,-44.06
2026-09-08T14:25:21,475040,스트라드비젼,3235.0,15.12,10067751,0,-101185,0.52,18.70,0.04,N,-2.27,5.90,-70.80,-70.80
2026-09-08T14:25:22,452190,한빛레이저,4690.0,15.38,7992909,0,-159027,1.80,33.41,1.78,N,45.10,3.58,-55.71,-55.71
2026-09-08T14:25:22,351320,넥사다이내믹스,5060.0,16.72,1251416,0,16710,4.45,4.21,0.00,N,-10.31,7.08,-2.50,-2.50
2026-09-08T14:25:23,019990,에너토크,5680.0,16.75,1140511,0,-86890,12.92,11.69,2.31,N,-13.40,1.44,-52.11,-52.11
2026-09-08T14:25:24,017900,광전자,8120.0,14.53,13839028,0,-92756,17.84,23.88,0.34,N,111.23,1.70,-63.83,-63.83
2026-09-08T14:25:25,386380,스카이랩스,35400.0,15.88,25313179,0,-115677,0.23,134.92,0.00,N,0.00,0.00,-10.04,-10.04
2026-09-08T14:25:26,052690,한전기술,145000.0,18.56,1779639,0,17381,13.33,4.66,1.39,N,64.91,8.83,-26.77,-26.77
2026-09-08T14:25:27,183300,코미코,29050.0,10.25,728615,0,20467,25.49,1.42,1.10,N,29.92,5.42,-84.84,-47.92
2026-09-08T14:25:28,082850,우리바이오,5260.0,-9.78,1135805,0,-10117,2.41,11.72,4.35,N,-5.44,0.22,-25.81,-60.67
2026-09-08T14:25:29,053950,경남제약,2195.0,1.15,3854160,0,-27581,0.00,19.64,0.00,N,2.20,0.30,-47.92,-60.66
2026-09-08T14:25:30,033790,피노,8150.0,-13.85,4125265,0,52866,38.84,4.95,0.17,N,-66.26,3.31,-57.44,-57.44
2026-09-08T14:25:31,181710,NHN,59900.0,-15.4,631954,0,-104862,12.83,1.93,0.42,N,62.79,1.26,-23.40,-23.40
2026-09-08T14:25:31,051980,중앙첨단소재,1074.0,6.76,5081015,0,-104861,4.41,4.57,0.01,N,-20.26,1.15,-75.34,-75.34
2026-09-08T14:25:32,490470,세미파이브,15770.0,9.67,3166752,0,-411624,5.73,9.31,0.70,N,-7.97,2.42,-69.26,-69.26
2026-09-08T14:25:33,024850,HLB이노베이션,14320.0,-12.15,272098,0,-60237,0.00,0.86,0.20,N,-12.39,1.97,-49.04,-50.79
2026-09-08T14:25:34,0155E0,해치텍,14400.0,-1.71,3172342,0,-36008,1.72,57.81,0.00,N,-7.42,8.05,-32.71,-32.71
2026-09-08T14:25:35,067290,JW신약,3815.0,6.56,70353564,0,-477301,1.56,125.55,2.63,N,13.67,5.23,-12.00,-12.00
2026-09-08T14:25:36,039610,화성밸브,6080.0,6.11,1091605,0,-29585,3.18,10.49,2.35,N,-32.17,0.67,-47.95,-47.95
2026-09-08T14:25:37,049080,기가레인,8450.0,8.47,2154367,0,-41302,0.00,25.38,0.00,N,-6.77,1.73,-43.48,-72.96
2026-09-08T14:35:06,007460,에이프로젠,2040.0,-3.77,240193,0,-26145,0.00,0.97,0.02,N,-0.62,0.02,-73.85,-87.43
2026-09-08T14:35:06,003060,에이프로젠바이오로직스,1717.0,-5.56,375110,0,-29353,0.00,2.35,0.00,N,-0.13,0.10,-73.05,-84.45
2026-09-08T14:35:07,417030,니어스랩,32900.0,5.96,1303066,0,187304,5.44,22.55,0.00,N,-7.94,-0.72,-21.67,-21.67
2026-09-08T14:35:08,127120,제이에스링크,32600.0,0.62,192185,0,16104,3.05,0.52,0.00,N,-54.24,15.18,-34.67,-34.67
2026-09-08T14:35:09,115180,큐리언트,23350.0,-9.32,184532,0,5148,3.10,0.49,0.00,N,-27.63,25.83,-62.88,-62.88
2026-09-08T14:35:10,950250,테라뷰,3015.0,29.96,3043034,0,0,0.00,8.52,0.32,N,-11.13,3.37,-85.50,-85.50
2026-09-08T14:35:11,0011A0,액스비스,11110.0,29.94,430266,0,-20024,5.34,4.61,0.37,N,15.45,2.75,-78.04,-78.04
2026-09-08T14:35:12,046120,오르비텍,6050.0,29.83,7517524,0,-311922,6.67,22.20,0.49,N,208.62,2.65,-63.13,-63.13
2026-09-08T14:35:13,368600,아이씨에이치,1208.0,21.53,6588761,0,21164,0.80,25.54,0.00,N,-0.96,0.87,-51.68,-49.85
2026-09-08T14:35:14,069540,빛과전자,3640.0,30.0,41615220,0,3149575,0.45,36.93,0.00,N,-9.58,3.84,-55.06,-55.06
2026-09-08T14:35:15,261780,아리바이오랩,3440.0,18.62,2308136,0,19025,0.00,7.97,0.00,N,0.00,0.00,-48.81,-48.81
2026-09-08T14:35:16,302430,이노메트리,8580.0,24.89,1676207,0,-60107,0.90,17.10,1.76,N,-19.63,1.42,-25.65,-25.65
2026-09-08T14:35:17,189860,서전기전,5620.0,26.86,4341671,0,-156358,3.22,44.77,0.03,N,50.18,1.73,-51.13,-51.13
2026-09-08T14:35:17,004310,현대약품,10050.0,19.36,29683457,0,148147,0.62,92.76,2.42,N,0.00,0.00,-37.03,-37.03
2026-09-08T14:35:18,0011T0,채비,5420.0,15.44,1075926,0,-21401,2.75,2.29,0.12,N,-6.03,2.97,-82.37,-82.37
2026-09-08T14:35:19,351320,넥사다이내믹스,5210.0,20.18,1306304,0,21561,4.45,4.40,0.00,N,-10.61,7.29,0.00,0.00
2026-09-08T14:35:20,010580,에스엠벡셀,1988.0,17.22,9359660,0,-136454,0.66,8.41,0.34,N,198.80,3.28,-43.12,-43.12
2026-09-08T14:35:21,475040,스트라드비젼,3245.0,15.48,10137986,0,-64744,0.52,18.83,0.04,N,-2.27,5.92,-70.71,-70.71
2026-09-08T14:35:22,019990,에너토크,5670.0,16.55,1157970,0,-90425,12.92,11.87,2.31,N,-13.37,1.43,-52.19,-52.19
2026-09-08T14:35:23,017900,광전자,8110.0,14.39,13873718,0,-89548,17.84,23.94,0.34,N,111.10,1.70,-63.88,-63.88
2026-09-08T14:35:24,004770,써니전자,2210.0,9.14,2158076,0,-75115,5.49,6.08,2.28,Y,18.42,0.96,-14.67,-14.67
2026-09-08T14:35:25,290650,엘앤씨바이오,52600.0,12.27,195698,0,43196,21.76,0.73,1.36,N,-9.10,6.47,-57.92,-56.55
2026-09-08T14:35:26,082850,우리바이오,5260.0,-9.78,1156454,0,-10084,2.41,11.93,4.35,N,-5.44,0.22,-25.81,-60.67
2026-09-08T14:35:27,053950,경남제약,2185.0,0.69,3862372,0,-26590,0.00,19.69,0.00,N,2.19,0.30,-48.16,-60.84
2026-09-08T14:35:28,033790,피노,8140.0,-13.95,4227046,0,65642,38.84,5.07,0.17,N,-66.18,3.31,-57.49,-57.49
2026-09-08T14:35:28,181710,NHN,60000.0,-15.25,662991,0,-107193,12.83,2.02,0.42,N,62.89,1.26,-23.27,-23.27
2026-09-08T14:35:29,051980,중앙첨단소재,1073.0,6.66,5088970,0,-103910,4.41,4.58,0.01,N,-20.25,1.15,-75.36,-75.36
2026-09-08T14:35:30,0155E0,해치텍,14270.0,-2.59,3210118,0,-32819,1.72,58.50,0.00,N,-7.36,7.98,-33.32,-33.32
2026-09-08T14:35:31,490470,세미파이브,15630.0,8.69,3286646,0,-436293,5.73,9.66,0.70,N,-7.90,2.40,-69.53,-69.53
2026-09-08T14:35:32,024850,HLB이노베이션,14310.0,-12.21,283104,0,-66385,0.00,0.89,0.20,N,-12.38,1.97,-49.07,-50.82
2026-09-08T14:35:33,039610,화성밸브,6050.0,5.58,1096092,0,-29453,3.18,10.53,2.35,N,-32.01,0.67,-48.20,-48.20
2026-09-08T14:35:34,092870,엑시콘,27000.0,-11.48,338894,0,1947,3.89,2.60,3.35,N,39.30,1.79,-35.25,-35.25
2026-09-08T14:35:35,386380,스카이랩스,34800.0,13.91,25992382,0,-116027,0.23,138.54,0.00,N,0.00,0.00,-11.56,-11.56
2026-09-08T14:45:08,007460,에이프로젠,2040.0,-3.77,241709,0,-26880,0.00,0.97,0.02,N,-0.62,0.02,-73.85,-87.43
2026-09-08T14:45:09,003060,에이프로젠바이오로직스,1711.0,-5.89,396858,0,-36033,0.00,2.48,0.00,N,-0.13,0.10,-73.14,-84.51
2026-09-08T14:45:10,417030,니어스랩,32550.0,4.83,1310400,0,186951,5.44,22.68,0.00,N,-7.86,-0.71,-22.50,-22.50
2026-09-08T14:45:11,127120,제이에스링크,32600.0,0.62,196089,0,15972,3.05,0.53,0.00,N,-54.24,15.18,-34.67,-34.67
2026-09-08T14:45:12,115180,큐리언트,23050.0,-10.49,203687,0,13936,3.10,0.54,0.00,N,-27.28,25.50,-63.35,-63.35
2026-09-08T14:45:13,950250,테라뷰,3015.0,29.96,3044009,0,0,0.00,8.53,0.32,N,-11.13,3.37,-85.50,-85.50
2026-09-08T14:45:14,0011A0,액스비스,11110.0,29.94,430446,0,-20024,5.34,4.61,0.37,N,15.45,2.75,-78.04,-78.04
2026-09-08T14:45:15,046120,오르비텍,6050.0,29.83,7535003,0,-310270,6.67,22.26,0.49,N,208.62,2.65,-63.13,-63.13
2026-09-08T14:45:16,368600,아이씨에이치,1215.0,22.23,8012051,0,-109111,0.80,31.06,0.00,N,-0.97,0.88,-51.40,-49.56
2026-09-08T14:45:17,069540,빛과전자,3640.0,30.0,41644422,0,3149575,0.45,36.95,0.00,N,-9.58,3.84,-55.06,-55.06
2026-09-08T14:45:18,010580,에스엠벡셀,2110.0,24.41,10917812,0,-203379,0.66,9.81,0.34,N,211.00,3.48,-39.63,-39.63
2026-09-08T14:45:18,261780,아리바이오랩,3435.0,18.45,2366496,0,29278,0.00,8.17,0.00,N,0.00,0.00,-48.88,-48.88
2026-09-08T14:45:19,189860,서전기전,5730.0,29.35,4427364,0,-145419,3.22,45.65,0.03,N,51.16,1.77,-50.17,-50.17
2026-09-08T14:45:20,004310,현대약품,10050.0,19.36,29798779,0,148673,0.62,93.12,2.42,N,0.00,0.00,-37.03,-37.03
2026-09-08T14:45:21,302430,이노메트리,8110.0,18.05,1849628,0,-61465,0.90,18.87,1.76,N,-18.56,1.34,-29.72,-29.72
2026-09-08T14:45:22,0011T0,채비,5410.0,15.23,1086987,0,-21600,2.75,2.32,0.12,N,-6.02,2.97,-82.41,-82.41
2026-09-08T14:45:23,475040,스트라드비젼,3235.0,15.12,10202356,0,-35437,0.52,18.95,0.04,N,-2.27,5.90,-70.80,-70.80
2026-09-08T14:45:24,351320,넥사다이내믹스,5090.0,17.42,1381451,0,20357,4.45,4.65,0.00,N,-10.37,7.12,-2.86,-2.86
2026-09-08T14:45:25,019990,에너토크,5680.0,16.75,1167373,0,-86360,12.92,11.97,2.31,N,-13.40,1.44,-52.11,-52.11
2026-09-08T14:45:26,0015N0,아로마티카,10860.0,17.79,1926621,0,10244,4.87,15.32,0.27,N,25.02,5.95,-65.52,-65.52
2026-09-08T14:45:27,017900,광전자,8110.0,14.39,13945432,0,-74628,17.84,24.07,0.34,N,111.10,1.70,-63.88,-63.88
2026-09-08T14:45:27,052690,한전기술,145000.0,18.56,1923349,0,20425,13.33,5.03,1.39,N,64.91,8.83,-26.77,-26.77
2026-09-08T14:45:28,047040,대우건설,20700.0,12.44,24517340,0,944636,10.47,5.97,0.87,N,-9.43,2.54,-48.70,-48.70
2026-09-08T14:45:29,004770,써니전자,2180.0,7.65,2458378,0,-136112,5.49,6.92,2.28,N,18.17,0.95,-15.83,-15.83
2026-09-08T14:45:30,082850,우리바이오,5090.0,-12.69,1179116,0,-10115,2.41,12.17,4.35,N,-5.26,0.21,-28.21,-61.94
2026-09-08T14:45:31,053950,경남제약,2170.0,0.0,3877263,0,-23407,0.00,19.76,0.00,N,2.17,0.29,-48.52,-61.11
2026-09-08T14:45:32,386380,스카이랩스,32500.0,6.38,27255157,0,-110829,0.23,145.27,0.00,N,0.00,0.00,-17.41,-17.41
2026-09-08T14:45:33,033790,피노,8110.0,-14.27,4308094,0,69224,38.84,5.17,0.17,N,-65.93,3.29,-57.65,-57.65
2026-09-08T14:45:34,0155E0,해치텍,14120.0,-3.62,3256213,0,-16060,1.72,59.34,0.00,N,-7.28,7.90,-34.02,-34.02
2026-09-08T14:45:35,051980,중앙첨단소재,1078.0,7.16,5103468,0,-102020,4.41,4.59,0.01,N,-20.34,1.15,-75.25,-75.25
2026-09-08T14:45:36,181710,NHN,60600.0,-14.41,687173,0,-112412,12.83,2.10,0.42,N,63.52,1.28,-22.51,-22.51
2026-09-08T14:45:36,024850,HLB이노베이션,14320.0,-12.15,286345,0,-68755,0.00,0.90,0.20,N,-12.39,1.97,-49.04,-50.79
2026-09-08T14:45:37,092870,엑시콘,26950.0,-11.64,353154,0,4369,3.89,2.71,3.35,N,39.23,1.78,-35.37,-35.37
2026-09-08T14:45:38,490470,세미파이브,15980.0,11.13,3489464,0,-415942,5.73,10.26,0.70,N,-8.08,2.45,-68.85,-68.85
2026-09-08T14:45:39,039610,화성밸브,6060.0,5.76,1098515,0,-29384,3.18,10.55,2.35,N,-32.06,0.67,-48.12,-48.12
2026-09-08T14:45:40,067290,JW신약,3815.0,6.56,70838688,0,-336202,1.56,126.41,2.63,N,13.67,5.23,-12.00,-12.00
2026-09-08T14:55:06,007460,에이프로젠,2030.0,-4.25,247111,0,-29667,0.00,1.00,0.02,N,-0.61,0.02,-73.97,-87.49
2026-09-08T14:55:07,003060,에이프로젠바이오로직스,1710.0,-5.94,402889,0,-35134,0.00,2.52,0.00,N,-0.13,0.10,-73.16,-84.52
2026-09-08T14:55:08,417030,니어스랩,32850.0,5.8,1321136,0,187500,5.44,22.87,0.00,N,-7.93,-0.72,-21.79,-21.79
2026-09-08T14:55:09,127120,제이에스링크,32400.0,0.0,201411,0,15475,3.05,0.54,0.00,N,-53.91,15.09,-35.07,-35.07
2026-09-08T14:55:09,115180,큐리언트,22900.0,-11.07,213287,0,19984,3.10,0.57,0.00,Y,-27.10,25.33,-63.59,-63.59
2026-09-08T14:55:10,950250,테라뷰,3015.0,29.96,3048737,0,0,0.00,8.54,0.32,N,-11.13,3.37,-85.50,-85.50
2026-09-08T14:55:11,010580,에스엠벡셀,2190.0,29.13,11757487,0,-155728,0.66,10.57,0.34,N,219.00,3.61,-37.34,-37.34
2026-09-08T14:55:12,0011A0,액스비스,11110.0,29.94,431590,0,-20034,5.34,4.62,0.37,N,15.45,2.75,-78.04,-78.04
2026-09-08T14:55:13,046120,오르비텍,6050.0,29.83,7538985,0,-310270,6.67,22.27,0.49,N,208.62,2.65,-63.13,-63.13
2026-09-08T14:55:14,069540,빛과전자,3640.0,30.0,41667729,0,3149575,0.45,36.97,0.00,N,-9.58,3.84,-55.06,-55.06
2026-09-08T14:55:15,189860,서전기전,5750.0,29.8,4638148,0,-158049,3.22,47.82,0.03,N,51.34,1.77,-50.00,-50.00
2026-09-08T14:55:16,004310,현대약품,10190.0,21.02,30200726,0,178381,0.62,94.38,2.42,N,0.00,0.00,-36.15,-36.15
2026-09-08T14:55:17,261780,아리바이오랩,3415.0,17.76,2445715,0,20025,0.00,8.45,0.00,N,0.00,0.00,-49.18,-49.18
2026-09-08T14:55:17,368600,아이씨에이치,1164.0,17.1,9323029,0,-98093,0.80,36.14,0.00,N,-0.93,0.84,-53.44,-51.68
2026-09-08T14:55:18,302430,이노메트리,8380.0,21.98,1973254,0,-61731,0.90,20.13,1.76,N,-19.18,1.38,-27.38,-27.38
2026-09-08T14:55:19,0011T0,채비,5390.0,14.8,1099675,0,-24010,2.75,2.34,0.12,N,-6.00,2.96,-82.47,-82.47
2026-09-08T14:55:20,475040,스트라드비젼,3245.0,15.48,10248422,0,-38072,0.52,19.04,0.04,N,-2.27,5.92,-70.71,-70.71
2026-09-08T14:55:21,351320,넥사다이내믹스,5010.0,15.57,1465966,0,18493,4.45,4.94,0.00,N,-10.20,7.01,-4.39,-4.39
2026-09-08T14:55:22,019990,에너토크,5650.0,16.14,1176527,0,-89618,12.92,12.06,2.31,N,-13.33,1.43,-52.36,-52.36
2026-09-08T14:55:23,017900,광전자,8050.0,13.54,14044384,0,-59366,17.84,24.24,0.34,N,110.27,1.68,-64.14,-64.14
2026-09-08T14:55:24,052690,한전기술,144700.0,18.32,2025514,0,7175,13.33,5.30,1.39,N,64.77,8.81,-26.92,-26.92
2026-09-08T14:55:25,490470,세미파이브,16110.0,12.03,3672617,0,-390821,5.73,10.79,0.70,N,-8.14,2.47,-68.60,-68.60
2026-09-08T14:55:26,452190,한빛레이저,4615.0,13.53,10444222,0,-200503,1.80,43.66,1.78,N,44.38,3.52,-56.42,-56.42
2026-09-08T14:55:26,067290,JW신약,3840.0,7.26,71285327,0,-195262,1.56,127.21,2.63,N,13.76,5.27,-11.42,-11.42
2026-09-08T14:55:27,082850,우리바이오,5160.0,-11.49,1190146,0,-10445,2.41,12.28,4.35,N,-5.34,0.21,-27.22,-61.42
2026-09-08T14:55:28,033790,피노,8030.0,-15.12,4433306,0,119261,38.84,5.32,0.17,N,-65.28,3.26,-58.07,-58.07
2026-09-08T14:55:29,053950,경남제약,2200.0,1.38,3889761,0,-23913,0.00,19.83,0.00,N,2.20,0.30,-47.81,-60.57
2026-09-08T14:55:30,386380,스카이랩스,32950.0,7.86,28010349,0,-115322,0.23,149.29,0.00,N,0.00,0.00,-16.26,-16.26
2026-09-08T14:55:31,0155E0,해치텍,14000.0,-4.44,3318019,0,-6319,1.72,60.47,0.00,N,-7.22,7.83,-34.58,-34.58
2026-09-08T14:55:32,051980,중앙첨단소재,1071.0,6.46,5124038,0,-103396,4.41,4.61,0.01,N,-20.21,1.14,-75.41,-75.41
2026-09-08T14:55:33,181710,NHN,60400.0,-14.69,705025,0,-115866,12.83,2.15,0.42,N,63.31,1.27,-22.76,-22.76
2026-09-08T14:55:34,024850,HLB이노베이션,14440.0,-11.41,300167,0,-73476,0.00,0.95,0.20,N,-12.49,1.98,-48.61,-50.38
2026-09-08T14:55:35,092870,엑시콘,26700.0,-12.46,376446,0,9864,3.89,2.88,3.35,N,38.86,1.77,-35.97,-35.97
2026-09-08T14:55:35,039610,화성밸브,6050.0,5.58,1100966,0,-29181,3.18,10.58,2.35,N,-32.01,0.67,-48.20,-48.20
2026-09-08T14:55:36,049080,기가레인,8460.0,8.6,2179295,0,-40876,0.00,25.67,0.00,N,-6.77,1.74,-43.41,-72.93
2026-09-08T15:05:08,007460,에이프로젠,2035.0,-4.01,253679,0,-35705,0.00,1.02,0.02,N,-0.61,0.02,-73.91,-87.46
2026-09-08T15:05:09,003060,에이프로젠바이오로직스,1718.0,-5.5,437743,0,-36891,0.00,2.74,0.00,N,-0.13,0.10,-73.03,-84.44
2026-09-08T15:05:10,417030,니어스랩,32550.0,4.83,1341934,0,182188,5.44,23.23,0.00,N,-7.86,-0.71,-22.50,-22.50
2026-09-08T15:05:11,127120,제이에스링크,32100.0,-0.93,204692,0,15420,3.05,0.55,0.00,N,-53.41,14.95,-35.67,-35.67
2026-09-08T15:05:12,115180,큐리언트,22750.0,-11.65,227914,0,27602,3.10,0.61,0.00,N,-26.92,25.17,-63.83,-63.83
2026-09-08T15:05:13,950250,테라뷰,3015.0,29.96,3057055,0,0,0.00,8.56,0.32,N,-11.13,3.37,-85.50,-85.50
2026-09-08T15:05:14,0011A0,액스비스,11110.0,29.94,443873,0,-20020,5.34,4.76,0.37,N,15.45,2.75,-78.04,-78.04
2026-09-08T15:05:15,010580,에스엠벡셀,2145.0,26.47,12852897,0,-232316,0.66,11.55,0.34,N,214.50,3.54,-38.63,-38.63
2026-09-08T15:05:16,046120,오르비텍,6050.0,29.83,7549666,0,-309344,6.67,22.30,0.49,N,208.62,2.65,-63.13,-63.13
2026-09-08T15:05:17,368600,아이씨에이치,1190.0,19.72,10322763,0,-111975,0.80,40.02,0.00,N,-0.95,0.86,-52.40,-50.60
2026-09-08T15:05:18,069540,빛과전자,3640.0,30.0,41693646,0,3149575,0.45,37.00,0.00,N,-9.58,3.84,-55.06,-55.06
2026-09-08T15:05:19,189860,서전기전,5730.0,29.35,4925338,0,-164529,3.22,50.78,0.03,N,51.16,1.77,-50.17,-50.17
2026-09-08T15:05:20,004310,현대약품,10150.0,20.55,30505166,0,147385,0.62,95.33,2.42,N,0.00,0.00,-36.40,-36.40
2026-09-08T15:05:21,261780,아리바이오랩,3350.0,15.52,2552025,0,4254,0.00,8.81,0.00,N,0.00,0.00,-50.15,-50.15
2026-09-08T15:05:22,475040,스트라드비젼,3245.0,15.48,10309309,0,-30863,0.52,19.15,0.04,N,-2.27,5.92,-70.71,-70.71
2026-09-08T15:05:23,0011T0,채비,5340.0,13.74,1123023,0,-21965,2.75,2.39,0.12,N,-5.94,2.93,-82.63,-82.63
2026-09-08T15:05:24,302430,이노메트리,8030.0,16.89,2096163,0,-61801,0.90,21.38,1.76,N,-18.38,1.33,-30.42,-30.42
2026-09-08T15:05:25,017900,광전자,8080.0,13.96,14120636,0,-33044,17.84,24.37,0.34,N,110.68,1.69,-64.01,-64.01
2026-09-08T15:05:26,019990,에너토크,5650.0,16.14,1186993,0,-91931,12.92,12.17,2.31,N,-13.33,1.43,-52.36,-52.36
2026-09-08T15:05:27,351320,넥사다이내믹스,4945.0,14.07,1521176,0,14102,4.45,5.12,0.00,N,-10.07,6.92,-5.63,-5.63
2026-09-08T15:05:28,490470,세미파이브,16050.0,11.61,3797643,0,-349769,5.73,11.16,0.70,N,-8.11,2.46,-68.71,-68.71
2026-09-08T15:05:29,241770,메카로,42000.0,11.55,90254,0,33740,2.72,0.89,1.19,N,33.93,2.04,-12.50,-12.50
2026-09-08T15:05:30,052690,한전기술,141600.0,15.78,2098575,0,12004,13.33,5.49,1.39,N,63.38,8.62,-28.48,-28.48
2026-09-08T15:05:31,082850,우리바이오,5080.0,-12.86,1210061,0,-11555,2.41,12.49,4.35,N,-5.25,0.21,-28.35,-62.02
2026-09-08T15:05:31,033790,피노,7990.0,-15.54,4626512,0,121020,38.84,5.55,0.17,N,-64.96,3.25,-58.28,-58.28
2026-09-08T15:05:32,053950,경남제약,2185.0,0.69,3912011,0,-18216,0.00,19.94,0.00,N,2.19,0.30,-48.16,-60.84
2026-09-08T15:05:33,0155E0,해치텍,13890.0,-5.19,3358295,0,-5176,1.72,61.20,0.00,N,-7.16,7.77,-35.09,-35.09
2026-09-08T15:05:34,386380,스카이랩스,33500.0,9.66,29738907,0,-115557,0.23,158.51,0.00,N,0.00,0.00,-14.87,-14.87
2026-09-08T15:05:35,051980,중앙첨단소재,1065.0,5.86,5152669,0,-93068,4.41,4.64,0.01,N,-20.09,1.14,-75.55,-75.55
2026-09-08T15:05:36,181710,NHN,60200.0,-14.97,722065,0,-120595,12.83,2.20,0.42,N,63.10,1.27,-23.02,-23.02
2026-09-08T15:05:37,092870,엑시콘,26350.0,-13.61,403550,0,10788,3.89,3.09,3.35,N,38.36,1.74,-36.81,-36.81
2026-09-08T15:05:38,078150,HB테크놀러지,1990.0,3.7,6548501,0,-953473,1.87,6.90,1.27,N,6.50,0.62,-67.59,-67.59
2026-09-08T15:15:06,007460,에이프로젠,2035.0,-4.01,257253,0,-37242,0.00,1.04,0.02,N,-0.61,0.02,-73.91,-87.46
2026-09-08T15:15:07,003060,에이프로젠바이오로직스,1710.0,-5.94,458416,0,-38886,0.00,2.87,0.00,N,-0.13,0.10,-73.16,-84.52
2026-09-08T15:15:08,417030,니어스랩,32750.0,5.48,1359190,0,188846,5.44,23.53,0.00,N,-7.91,-0.71,-22.02,-22.02
2026-09-08T15:15:09,127120,제이에스링크,32050.0,-1.08,207785,0,16117,3.05,0.56,0.00,N,-53.33,14.93,-35.77,-35.77
2026-09-08T15:15:10,115180,큐리언트,22850.0,-11.26,239666,0,29473,3.10,0.64,0.00,N,-27.04,25.28,-63.67,-63.67
2026-09-08T15:15:11,950250,테라뷰,3015.0,29.96,3064336,0,0,0.00,8.58,0.32,N,-11.13,3.37,-85.50,-85.50
2026-09-08T15:15:12,0011A0,액스비스,11110.0,29.94,453750,0,-20026,5.34,4.86,0.37,N,15.45,2.75,-78.04,-78.04
2026-09-08T15:15:13,046120,오르비텍,6050.0,29.83,7710330,0,-315388,6.67,22.77,0.49,N,208.62,2.65,-63.13,-63.13
2026-09-08T15:15:14,368600,아이씨에이치,1194.0,20.12,11181231,0,-115160,0.80,43.35,0.00,N,-0.95,0.86,-52.24,-50.44
2026-09-08T15:15:15,010580,에스엠벡셀,2115.0,24.71,13328246,0,-222786,0.66,11.98,0.34,N,211.50,3.49,-39.48,-39.48
2026-09-08T15:15:16,069540,빛과전자,3640.0,30.0,41765550,0,3149575,0.45,37.06,0.00,N,-9.58,3.84,-55.06,-55.06
2026-09-08T15:15:17,004310,현대약품,10270.0,21.97,31268927,0,119569,0.62,97.72,2.42,N,0.00,0.00,-35.65,-35.65
2026-09-08T15:15:17,261780,아리바이오랩,3365.0,16.03,2649814,0,38032,0.00,9.15,0.00,N,0.00,0.00,-49.93,-49.93
2026-09-08T15:15:18,189860,서전기전,5650.0,27.54,5149739,0,-134577,3.22,53.10,0.03,N,50.45,1.74,-50.87,-50.87
2026-09-08T15:15:19,475040,스트라드비젼,3290.0,17.08,10487800,0,-56756,0.52,19.48,0.04,N,-2.30,6.00,-70.31,-70.31
2026-09-08T15:15:20,0011T0,채비,5300.0,12.89,1139131,0,-19063,2.75,2.43,0.12,N,-5.90,2.91,-82.76,-82.76
2026-09-08T15:15:21,302430,이노메트리,7860.0,14.41,2195846,0,-61793,0.90,22.40,1.76,N,-17.99,1.30,-31.89,-31.89
2026-09-08T15:15:22,017900,광전자,8050.0,13.54,14256289,0,-2351,17.84,24.60,0.34,N,110.27,1.68,-64.14,-64.14
2026-09-08T15:15:23,351320,넥사다이내믹스,4940.0,13.96,1536657,0,13248,4.45,5.17,0.00,N,-10.06,6.91,-5.73,-5.73
2026-09-08T15:15:24,019990,에너토크,5590.0,14.9,1213791,0,-94956,12.92,12.44,2.31,N,-13.18,1.41,-52.87,-52.87
2026-09-08T15:15:25,067290,JW신약,3865.0,7.96,72439136,0,12260,1.56,129.27,2.63,N,13.85,5.30,-10.84,-10.84
2026-09-08T15:15:26,004770,써니전자,2170.0,7.16,2716859,0,-92646,5.49,7.65,2.28,N,18.08,0.95,-16.22,-16.22
2026-09-08T15:15:27,241770,메카로,42100.0,11.82,94142,0,36697,2.72,0.92,1.19,N,34.01,2.04,-12.29,-12.29
2026-09-08T15:15:27,490470,세미파이브,15960.0,10.99,3910172,0,-296045,5.73,11.49,0.70,N,-8.07,2.45,-68.89,-68.89
2026-09-08T15:15:28,082850,우리바이오,5070.0,-13.04,1218500,0,-12718,2.41,12.57,4.35,N,-5.24,0.21,-28.49,-62.09
2026-09-08T15:15:29,386380,스카이랩스,31200.0,2.13,31251133,0,-114165,0.23,166.57,0.00,N,0.00,0.00,-20.71,-20.71
2026-09-08T15:15:30,033790,피노,7960.0,-15.86,4788399,0,153812,38.84,5.75,0.17,N,-64.72,3.23,-58.43,-58.43
2026-09-08T15:15:31,053950,경남제약,2185.0,0.69,3928404,0,-8025,0.00,20.02,0.00,N,2.19,0.30,-48.16,-60.84
2026-09-08T15:15:32,0155E0,해치텍,13940.0,-4.85,3389466,0,2045,1.72,61.77,0.00,N,-7.19,7.80,-34.86,-34.86
2026-09-08T15:15:33,181710,NHN,59900.0,-15.4,735212,0,-123590,12.83,2.24,0.42,N,62.79,1.26,-23.40,-23.40
2026-09-08T15:15:34,051980,중앙첨단소재,1074.0,6.76,5180686,0,-90512,4.41,4.66,0.01,N,-20.26,1.15,-75.34,-75.34
2026-09-08T15:15:35,049080,기가레인,8330.0,6.93,2209268,0,-36192,0.00,26.03,0.00,N,-6.67,1.71,-44.28,-73.34
2026-09-08T15:15:36,039610,화성밸브,6030.0,5.24,1117550,0,-33814,3.18,10.73,2.35,N,-31.90,0.67,-48.37,-48.37
2026-09-08T15:15:37,092870,엑시콘,26850.0,-11.97,414749,0,9349,3.89,3.18,3.35,N,39.08,1.78,-35.61,-35.61
2026-09-08T15:25:06,007460,에이프로젠,2040.0,-3.77,260852,0,-39698,0.00,1.05,0.02,N,-0.62,0.02,-73.85,-87.43
2026-09-08T15:25:07,003060,에이프로젠바이오로직스,1708.0,-6.05,462826,0,-39029,0.00,2.89,0.00,N,-0.13,0.10,-73.19,-84.53
2026-09-08T15:25:08,417030,니어스랩,33000.0,6.28,1370337,0,185874,5.44,23.72,0.00,N,-7.97,-0.72,-21.43,-21.43
2026-09-08T15:25:09,127120,제이에스링크,31900.0,-1.54,211666,0,16889,3.05,0.57,0.00,N,-53.08,14.86,-36.07,-36.07
2026-09-08T15:25:10,115180,큐리언트,22850.0,-11.26,244046,0,30194,3.10,0.65,0.00,N,-27.04,25.28,-63.67,-63.67
2026-09-08T15:25:11,950250,테라뷰,3015.0,29.96,3065056,0,0,0.00,8.59,0.32,N,-11.13,3.37,-85.50,-85.50
2026-09-08T15:25:12,0011A0,액스비스,11110.0,29.94,464591,0,-20032,5.34,4.98,0.37,N,15.45,2.75,-78.04,-78.04
2026-09-08T15:25:13,046120,오르비텍,6050.0,29.83,7754680,0,-315388,6.67,22.91,0.49,N,208.62,2.65,-63.13,-63.13
2026-09-08T15:25:14,010580,에스엠벡셀,2115.0,24.71,13636136,0,-234799,0.66,12.26,0.34,N,211.50,3.49,-39.48,-39.48
2026-09-08T15:25:15,069540,빛과전자,3640.0,30.0,41787483,0,3149575,0.45,37.08,0.00,N,-9.58,3.84,-55.06,-55.06
2026-09-08T15:25:15,004310,현대약품,10330.0,22.68,31633436,0,115013,0.62,98.85,2.42,N,0.00,0.00,-35.28,-35.28
2026-09-08T15:25:16,189860,서전기전,5750.0,29.8,5302849,0,-127448,3.22,54.68,0.03,N,51.34,1.77,-50.00,-50.00
2026-09-08T15:25:17,261780,아리바이오랩,3345.0,15.34,2672204,0,41469,0.00,9.23,0.00,N,0.00,0.00,-50.22,-50.22
2026-09-08T15:25:18,475040,스트라드비젼,3310.0,17.79,10595406,0,-96188,0.52,19.68,0.04,N,-2.32,6.04,-70.13,-70.13
2026-09-08T15:25:19,368600,아이씨에이치,1104.0,11.07,11716483,0,-44473,0.80,45.42,0.00,N,-0.88,0.80,-55.84,-54.17
2026-09-08T15:25:20,0011T0,채비,5290.0,12.67,1143540,0,-17280,2.75,2.44,0.12,N,-5.88,2.90,-82.80,-82.80
2026-09-08T15:25:21,017900,광전자,8150.0,14.95,14340558,0,-8102,17.84,24.75,0.34,N,111.64,1.70,-63.70,-63.70
2026-09-08T15:25:22,351320,넥사다이내믹스,4980.0,14.88,1554767,0,13146,4.45,5.24,0.00,N,-10.14,6.97,-4.96,-4.96
2026-09-08T15:25:23,067290,JW신약,3865.0,7.96,72904098,0,198397,1.56,130.10,2.63,N,13.85,5.30,-10.84,-10.84
2026-09-08T15:25:24,302430,이노메트리,7740.0,12.66,2228702,0,-55133,0.90,22.73,1.76,N,-17.71,1.28,-32.93,-32.93
2026-09-08T15:25:25,052690,한전기술,142800.0,16.76,2211678,0,-7107,13.33,5.79,1.39,N,63.92,8.69,-27.88,-27.88
2026-09-08T15:25:25,082850,우리바이오,4990.0,-14.41,1239569,0,-14890,2.41,12.79,4.35,N,-5.16,0.21,-29.62,-62.69
2026-09-08T15:25:26,386380,스카이랩스,30000.0,-1.8,32053790,0,-116044,0.23,170.84,0.00,N,0.00,0.00,-23.76,-23.76
2026-09-08T15:25:27,033790,피노,7890.0,-16.6,4885428,0,144098,38.84,5.86,0.17,N,-64.15,3.20,-58.80,-58.80
2026-09-08T15:25:28,053950,경남제약,2190.0,0.92,3933118,0,-6258,0.00,20.05,0.00,N,2.19,0.30,-48.04,-60.75
2026-09-08T15:25:29,0155E0,해치텍,13900.0,-5.12,3411151,0,856,1.72,62.17,0.00,N,-7.16,7.77,-35.05,-35.05
2026-09-08T15:25:30,181710,NHN,59900.0,-15.4,740503,0,-124488,12.83,2.26,0.42,N,62.79,1.26,-23.40,-23.40
2026-09-08T15:25:31,051980,중앙첨단소재,1083.0,7.65,5258470,0,-132702,4.41,4.73,0.01,N,-20.43,1.16,-75.13,-75.13
2026-09-08T15:25:32,049080,기가레인,8290.0,6.42,2217367,0,-34334,0.00,26.12,0.00,N,-6.64,1.70,-44.55,-73.47
2026-09-08T15:25:33,290740,액트로,12300.0,8.56,248752,0,-9552,12.43,2.47,0.92,N,16.78,1.54,-62.39,-62.39
2026-09-08T15:25:34,078150,HB테크놀러지,1991.0,3.75,6700420,0,-994415,1.87,7.06,1.27,N,6.51,0.62,-67.57,-67.57
2026-09-09T09:05:09,007460,에이프로젠,2010.0,-0.74,14340,0,-2363,0.00,0.06,0.02,N,-0.61,0.02,-74.23,-87.62
2026-09-09T09:05:10,003060,에이프로젠바이오로직스,1706.0,0.0,11517,0,-1323,0.00,0.07,0.00,N,-0.13,0.10,-73.22,-84.55
2026-09-09T09:05:11,417030,니어스랩,32400.0,-3.14,39008,0,-5723,8.57,0.68,0.00,N,-7.82,-0.71,-22.86,-22.86
2026-09-09T09:05:12,127120,제이에스링크,31950.0,0.79,424,0,-111,3.22,0.00,0.00,N,-53.16,14.88,-35.97,-35.97
2026-09-09T09:05:13,115180,큐리언트,22700.0,-1.09,1816,0,-385,3.16,0.00,0.00,N,-26.86,25.11,-63.91,-63.91
2026-09-09T09:05:14,069540,빛과전자,4115.0,13.05,12960256,0,1157980,3.19,11.50,0.00,Y,-10.83,4.35,-49.20,-49.20
2026-09-09T09:05:15,032820,우리기술,13210.0,11.85,1746060,0,534462,5.64,1.01,0.26,N,2642.00,17.50,-56.26,-56.26
2026-09-09T09:05:16,000500,가온전선,255000.0,12.09,80869,0,11688,1.82,0.27,0.52,N,142.70,15.70,-59.84,-27.73
2026-09-09T09:05:17,386380,스카이랩스,33700.0,13.28,1732923,0,-1443,0.31,9.24,0.00,N,0.00,0.00,-14.36,-14.36
2026-09-09T09:05:18,082740,한화엔진,51000.0,11.72,299379,0,136452,15.07,0.36,1.08,N,24.50,7.65,-45.97,-45.97
2026-09-09T09:05:19,204270,제이앤티씨,21950.0,8.93,217677,0,94137,2.66,0.38,2.09,N,-13.87,5.07,-27.08,-27.08
2026-09-09T09:05:21,043260,성호전자,17400.0,6.62,310189,0,96189,2.43,0.42,0.24,N,12.98,4.92,-70.81,-70.81
2026-09-09T09:05:22,036540,SFA반도체,6390.0,5.79,485334,0,166550,5.72,0.30,0.93,N,-55.09,2.22,-45.10,-45.10
2026-09-09T09:05:23,010170,대한광통신,15010.0,9.56,4209195,0,1409490,1.55,2.71,0.00,N,-62.02,30.57,-52.35,-52.35
2026-09-09T09:05:24,0011A0,액스비스,10380.0,-6.57,321596,0,-26839,4.91,3.45,0.37,N,14.44,2.57,-79.49,-79.49
2026-09-09T09:15:10,007460,에이프로젠,1999.0,-1.28,28735,0,1529,0.00,0.12,0.02,N,-0.60,0.02,-74.37,-87.68
2026-09-09T09:15:11,003060,에이프로젠바이오로직스,1703.0,-0.18,20787,0,-3628,0.00,0.13,0.00,N,-0.13,0.10,-73.27,-84.58
2026-09-09T09:15:12,417030,니어스랩,32600.0,-2.54,76971,0,-27072,8.57,1.33,0.00,N,-7.87,-0.71,-22.38,-22.38
2026-09-09T09:15:13,127120,제이에스링크,32500.0,2.52,8955,0,3248,3.22,0.02,0.00,N,-54.08,15.14,-34.87,-34.87
2026-09-09T09:15:14,115180,큐리언트,22850.0,-0.44,4019,0,-583,3.16,0.01,0.00,N,-27.04,25.28,-63.67,-63.67
2026-09-09T09:15:15,046970,우리로,6570.0,29.84,2033243,0,256514,2.46,4.64,0.00,N,-365.00,7.28,-59.44,-59.44
2026-09-09T09:15:16,115440,우리넷,9100.0,24.49,660167,0,-16346,6.08,6.12,0.89,N,26.76,0.99,-57.38,-57.38
2026-09-09T09:15:17,069540,빛과전자,4395.0,20.74,29844955,0,195841,3.19,26.48,0.00,N,-11.57,4.64,-45.74,-45.74
2026-09-09T09:15:18,032820,우리기술,13680.0,15.83,5920337,0,1165186,5.64,3.43,0.26,N,2736.00,18.12,-54.70,-54.70
2026-09-09T09:15:19,049080,기가레인,9330.0,12.0,403446,0,9654,0.00,4.75,0.00,N,-7.47,1.92,-37.59,-70.14
2026-09-09T09:15:19,138080,오이솔루션,24000.0,13.74,196707,0,47659,3.18,1.59,0.00,N,-9.58,4.16,-58.55,-58.55
2026-09-09T09:15:20,0001A0,덕양에너젠,10100.0,12.47,478124,0,-15634,1.99,1.88,0.75,N,40.24,4.27,-76.40,-76.40
2026-09-09T09:15:21,010170,대한광통신,15680.0,14.45,9453463,0,2648023,1.55,6.08,0.00,Y,-64.79,31.93,-50.22,-50.22
2026-09-09T09:15:22,017900,광전자,9080.0,11.0,3705754,0,31536,17.82,6.40,0.36,N,124.38,1.90,-59.55,-59.55
2026-09-09T09:15:23,043260,성호전자,17940.0,9.93,696759,0,209669,2.43,0.95,0.24,N,13.38,5.07,-69.90,-69.90
2026-09-09T09:15:24,204270,제이앤티씨,22450.0,11.41,517492,0,164202,2.66,0.89,2.09,N,-14.18,5.18,-25.42,-25.42
2026-09-09T09:15:25,105840,우진,15660.0,9.13,361622,0,-50608,8.88,1.79,3.20,N,36.42,1.59,-50.60,-50.60
2026-09-09T09:15:26,950250,테라뷰,3085.0,2.32,1040696,0,0,0.00,2.92,0.32,N,-11.38,3.45,-85.17,-85.17
2026-09-09T09:25:08,007460,에이프로젠,2005.0,-0.99,38730,0,-238,0.00,0.16,0.02,N,-0.61,0.02,-74.29,-87.65
2026-09-09T09:25:09,003060,에이프로젠바이오로직스,1701.0,-0.29,26549,0,-4967,0.00,0.17,0.00,N,-0.13,0.10,-73.30,-84.60
2026-09-09T09:25:10,417030,니어스랩,33000.0,-1.35,118833,0,-25636,8.57,2.06,0.00,N,-7.97,-0.72,-21.43,-21.43
2026-09-09T09:25:11,127120,제이에스링크,33050.0,4.26,14589,0,3899,3.22,0.04,0.00,N,-54.99,15.39,-33.77,-33.77
2026-09-09T09:25:12,115180,큐리언트,22300.0,-2.83,8217,0,-277,3.16,0.02,0.00,N,-26.39,24.67,-64.55,-64.55
2026-09-09T09:25:13,046970,우리로,6570.0,29.84,2165326,0,256512,2.46,4.94,0.00,N,-365.00,7.28,-59.44,-59.44
2026-09-09T09:25:14,115440,우리넷,8780.0,20.11,1199135,0,-106744,6.08,11.11,0.89,N,25.82,0.95,-58.88,-58.88
2026-09-09T09:25:15,043260,성호전자,18540.0,13.6,1546297,0,88193,2.43,2.11,0.24,N,13.83,5.24,-68.89,-68.89
2026-09-09T09:25:16,069540,빛과전자,4050.0,11.26,40488462,0,-473243,3.19,35.93,0.00,N,-10.66,4.28,-50.00,-50.00
2026-09-09T09:25:16,388790,라이콤,4735.0,12.2,712348,0,5228,1.40,2.33,0.05,N,0.00,0.00,-49.25,-49.25
2026-09-09T09:25:17,032820,우리기술,13170.0,11.52,8005281,0,756202,5.64,4.63,0.26,N,2634.00,17.44,-56.39,-56.39
2026-09-09T09:25:18,138080,오이솔루션,23700.0,12.32,293267,0,44166,3.18,2.37,0.00,N,-9.46,4.10,-59.07,-59.07
2026-09-09T09:25:19,0001A0,덕양에너젠,9890.0,10.13,654236,0,-34384,1.99,2.57,0.75,N,39.40,4.18,-76.89,-76.89
2026-09-09T09:25:20,950250,테라뷰,3005.0,-0.33,1364040,0,0,0.00,3.82,0.32,N,-11.09,3.36,-85.55,-85.55
2026-09-09T09:25:21,386380,스카이랩스,31800.0,6.89,4227136,0,719,0.31,22.53,0.00,N,0.00,0.00,-19.19,-19.19
2026-09-09T09:35:06,007460,에이프로젠,2005.0,-0.99,61602,0,-10687,0.00,0.25,0.02,N,-0.61,0.02,-74.29,-87.65
2026-09-09T09:35:07,003060,에이프로젠바이오로직스,1701.0,-0.29,30966,0,-5119,0.00,0.19,0.00,N,-0.13,0.10,-73.30,-84.60
2026-09-09T09:35:08,417030,니어스랩,32600.0,-2.54,140402,0,-31174,8.57,2.43,0.00,N,-7.87,-0.71,-22.38,-22.38
2026-09-09T09:35:09,127120,제이에스링크,32850.0,3.63,19765,0,3032,3.22,0.05,0.00,N,-54.66,15.30,-34.17,-34.17
2026-09-09T09:35:10,115180,큐리언트,22250.0,-3.05,20322,0,6056,3.16,0.05,0.00,N,-26.33,24.61,-64.63,-64.63
2026-09-09T09:35:11,046970,우리로,6300.0,24.51,4074421,0,84447,2.46,9.30,0.00,N,-350.00,6.98,-61.11,-61.11
2026-09-09T09:35:12,100590,머큐리,4045.0,20.75,1240500,0,92783,6.57,7.24,0.49,N,-25.93,0.45,-68.27,-68.27
2026-09-09T09:35:13,043260,성호전자,18780.0,15.07,2028164,0,100170,2.43,2.76,0.24,N,14.00,5.31,-68.49,-68.49
2026-09-09T09:35:14,115440,우리넷,8300.0,13.54,1457982,0,-137416,6.08,13.51,0.89,N,24.41,0.90,-61.12,-61.12
2026-09-09T09:35:15,032820,우리기술,13340.0,12.96,9430525,0,583227,5.64,5.46,0.26,N,2668.00,17.67,-55.83,-55.83
2026-09-09T09:35:16,388790,라이콤,4705.0,11.49,810665,0,-10543,1.40,2.65,0.05,N,0.00,0.00,-49.57,-49.57
2026-09-09T09:35:16,004310,현대약품,11150.0,6.8,5649142,0,157927,0.94,17.65,2.97,N,0.00,0.00,-30.14,-30.14
2026-09-09T09:35:17,011170,롯데케미칼,62400.0,8.71,131885,0,57843,21.01,0.31,0.73,N,-1.31,0.21,-47.78,-47.78
2026-09-09T09:35:18,138080,오이솔루션,23300.0,10.43,323708,0,42337,3.18,2.62,0.00,N,-9.31,4.04,-59.76,-59.76
2026-09-09T09:35:19,336260,두산퓨얼셀,55700.0,13.1,934233,0,-67988,14.96,1.43,0.67,N,-34.32,12.40,-48.85,-48.85
2026-09-09T09:35:20,0001A0,덕양에너젠,9830.0,9.47,796215,0,-35631,1.99,3.13,0.75,N,39.16,4.15,-77.03,-77.03
2026-09-09T09:35:21,069540,빛과전자,3950.0,8.52,46106890,0,-1086275,3.19,40.91,0.00,N,-10.39,4.17,-51.23,-51.23
2026-09-09T09:35:22,950250,테라뷰,3015.0,0.0,1458951,0,0,0.00,4.09,0.32,N,-11.13,3.37,-85.50,-85.50
2026-09-09T09:35:23,049080,기가레인,8680.0,4.2,659462,0,3872,0.00,7.77,0.00,N,-6.95,1.78,-41.94,-72.22
2026-09-09T09:45:10,007460,에이프로젠,2000.0,-1.23,70353,0,-11387,0.00,0.28,0.02,N,-0.60,0.02,-74.36,-87.68
2026-09-09T09:45:11,003060,에이프로젠바이오로직스,1700.0,-0.35,33363,0,-5516,0.00,0.21,0.00,N,-0.13,0.10,-73.31,-84.61
2026-09-09T09:45:12,417030,니어스랩,32600.0,-2.54,145963,0,-33239,8.57,2.53,0.00,N,-7.87,-0.71,-22.38,-22.38
2026-09-09T09:45:13,127120,제이에스링크,32950.0,3.94,23436,0,2657,3.22,0.06,0.00,N,-54.83,15.35,-33.97,-33.97
2026-09-09T09:45:14,115180,큐리언트,21900.0,-4.58,32337,0,5803,3.16,0.09,0.00,N,-25.92,24.23,-65.18,-65.18
2026-09-09T09:45:14,046970,우리로,6570.0,29.84,5151939,0,226278,2.46,11.76,0.00,N,-365.00,7.28,-59.44,-59.44
2026-09-09T09:45:15,100590,머큐리,4262.0,27.22,1641333,0,57818,6.57,9.58,0.49,N,-27.32,0.48,-66.57,-66.57
2026-09-09T09:45:16,043260,성호전자,19490.0,19.42,2896740,0,216431,2.43,3.94,0.24,N,14.53,5.51,-67.30,-67.30
2026-09-09T09:45:17,115440,우리넷,8540.0,16.83,1612107,0,-174866,6.08,14.93,0.89,N,25.12,0.93,-60.00,-60.00
2026-09-09T09:45:18,388790,라이콤,4955.0,17.42,1042256,0,5629,1.40,3.40,0.05,N,0.00,0.00,-46.89,-46.89
2026-09-09T09:45:19,356680,엑스게이트,13260.0,14.31,1232846,0,-95268,2.97,4.32,1.61,N,94.71,8.52,-56.60,-56.60
2026-09-09T09:45:20,138080,오이솔루션,24350.0,15.4,388124,0,47282,3.18,3.14,0.00,N,-9.72,4.22,-57.94,-57.94
2026-09-09T09:45:21,032820,우리기술,13320.0,12.79,10296652,0,636250,5.64,5.96,0.26,N,2664.00,17.64,-55.89,-55.89
2026-09-09T09:45:22,052710,아모텍,11680.0,9.98,263449,0,97062,7.90,1.41,0.87,N,26.01,1.32,-67.78,-63.88
2026-09-09T09:45:23,336260,두산퓨얼셀,56400.0,14.52,1242262,0,-83833,14.96,1.90,0.67,N,-34.75,12.56,-48.21,-48.21
2026-09-09T09:45:24,069540,빛과전자,4000.0,9.89,49533879,0,-1268430,3.19,43.96,0.00,N,-10.53,4.22,-50.62,-50.62
2026-09-09T09:45:24,0001A0,덕양에너젠,9900.0,10.24,860198,0,-27727,1.99,3.38,0.75,N,39.44,4.18,-76.87,-76.87
2026-09-09T09:45:25,950250,테라뷰,3000.0,-0.5,1582789,0,0,0.00,4.43,0.32,N,-11.07,3.35,-85.58,-85.58
2026-09-09T09:45:26,386380,스카이랩스,31150.0,4.71,5407885,0,1257,0.31,28.82,0.00,N,0.00,0.00,-20.84,-20.84
2026-09-09T09:45:27,317400,자이에스앤디,10060.0,-6.85,488934,0,38444,4.30,1.26,2.51,N,13.84,0.85,-15.60,-15.60
2026-09-09T09:45:28,049080,기가레인,8710.0,4.56,697020,0,-197,0.00,8.21,0.00,N,-6.97,1.79,-41.74,-72.13
2026-09-09T09:55:08,007460,에이프로젠,2000.0,-1.23,73319,0,-11907,0.00,0.30,0.02,N,-0.60,0.02,-74.36,-87.68
2026-09-09T09:55:09,003060,에이프로젠바이오로직스,1691.0,-0.88,45450,0,-5671,0.00,0.28,0.00,N,-0.13,0.10,-73.45,-84.69
2026-09-09T09:55:10,417030,니어스랩,32350.0,-3.29,158948,0,-40151,8.57,2.75,0.00,N,-7.81,-0.71,-22.98,-22.98
2026-09-09T09:55:11,127120,제이에스링크,33150.0,4.57,28673,0,1922,3.22,0.08,0.00,N,-55.16,15.44,-33.57,-33.57
2026-09-09T09:55:12,115180,큐리언트,21650.0,-5.66,39173,0,5846,3.16,0.10,0.00,N,-25.62,23.95,-65.58,-65.58
2026-09-09T09:55:13,046970,우리로,6570.0,29.84,5229202,0,226276,2.46,11.93,0.00,N,-365.00,7.28,-59.44,-59.44
2026-09-09T09:55:14,100590,머큐리,4165.0,24.33,1901814,0,25822,6.57,11.10,0.49,N,-26.70,0.47,-67.33,-67.33
2026-09-09T09:55:15,115440,우리넷,8550.0,16.96,1715835,0,-181553,6.08,15.90,0.89,N,25.15,0.93,-59.95,-59.95
2026-09-09T09:55:16,043260,성호전자,19200.0,17.65,3485930,0,207057,2.43,4.75,0.24,N,14.32,5.43,-67.79,-67.79
2026-09-09T09:55:17,010580,에스엠벡셀,2345.0,11.93,2175530,0,79058,0.44,1.96,0.36,N,234.50,3.87,-32.90,-32.90
2026-09-09T09:55:18,388790,라이콤,4905.0,16.23,1164936,0,7963,1.40,3.81,0.05,N,0.00,0.00,-47.43,-47.43
2026-09-09T09:55:19,336260,두산퓨얼셀,58200.0,18.17,1538492,0,-88210,14.96,2.35,0.67,N,-35.86,12.96,-46.56,-46.56
2026-09-09T09:55:20,032820,우리기술,13500.0,14.31,11923845,0,913995,5.64,6.90,0.26,N,2700.00,17.88,-55.30,-55.30
2026-09-09T09:55:21,138080,오이솔루션,24150.0,14.45,420471,0,50431,3.18,3.40,0.00,N,-9.64,4.18,-58.29,-58.29
2026-09-09T09:55:22,036540,SFA반도체,6580.0,8.94,1686350,0,562478,5.72,1.03,0.93,N,-56.72,2.28,-43.47,-43.47
2026-09-09T09:55:22,356680,엑스게이트,12810.0,10.43,2671444,0,-278776,2.97,9.36,1.61,N,91.50,8.23,-58.07,-58.07
2026-09-09T09:55:23,950250,테라뷰,2940.0,-2.49,1651132,0,0,0.00,4.63,0.32,N,-10.85,3.28,-85.87,-85.87
2026-09-09T09:55:24,069540,빛과전자,3950.0,8.52,52423080,0,-1376042,3.19,46.52,0.00,N,-10.39,4.17,-51.23,-51.23
2026-09-09T09:55:25,0001A0,덕양에너젠,9790.0,9.02,877473,0,-28523,1.99,3.45,0.75,N,39.00,4.13,-77.13,-77.13
2026-09-09T09:55:26,016740,두올,4160.0,13.04,814273,0,-17522,3.34,2.84,0.59,N,4.40,0.43,-23.25,-23.25
2026-09-09T09:55:27,386380,스카이랩스,31100.0,4.54,5617289,0,363,0.31,29.94,0.00,N,0.00,0.00,-20.97,-20.97
2026-09-09T09:55:28,049080,기가레인,8740.0,4.92,717572,0,4663,0.00,8.45,0.00,N,-7.00,1.79,-41.54,-72.03
2026-09-09T09:55:29,317400,자이에스앤디,10030.0,-7.13,579245,0,32944,4.30,1.49,2.51,N,13.80,0.85,-15.86,-15.86
2026-09-09T10:05:08,007460,에이프로젠,2005.0,-0.99,79201,0,-12759,0.00,0.32,0.02,N,-0.61,0.02,-74.29,-87.65
2026-09-09T10:05:10,003060,에이프로젠바이오로직스,1679.0,-1.58,60303,0,-6351,0.00,0.38,0.00,N,-0.13,0.10,-73.64,-84.80
2026-09-09T10:05:11,417030,니어스랩,31800.0,-4.93,185596,0,-49933,8.57,3.21,0.00,N,-7.68,-0.69,-24.29,-24.29
2026-09-09T10:05:11,127120,제이에스링크,32950.0,3.94,32416,0,2031,3.22,0.09,0.00,N,-54.83,15.35,-33.97,-33.97
2026-09-09T10:05:12,115180,큐리언트,22050.0,-3.92,47869,0,6406,3.16,0.13,0.00,N,-26.09,24.39,-64.94,-64.94
2026-09-09T10:05:13,046970,우리로,6570.0,29.84,5324338,0,226273,2.46,12.15,0.00,N,-365.00,7.28,-59.44,-59.44
2026-09-09T10:05:15,010580,에스엠벡셀,2465.0,17.66,5293698,0,-28305,0.44,4.76,0.36,N,246.50,4.07,-29.47,-29.47
2026-09-09T10:05:15,100590,머큐리,4080.0,21.79,2163916,0,-76218,6.57,12.63,0.49,N,-26.15,0.46,-68.00,-68.00
2026-09-09T10:05:16,032820,우리기술,14180.0,20.07,14710286,0,1345459,5.64,8.51,0.26,N,2836.00,18.78,-53.05,-53.05
2026-09-09T10:05:18,115440,우리넷,8440.0,15.46,1833897,0,-196223,6.08,16.99,0.89,N,24.82,0.92,-60.47,-60.47
2026-09-09T10:05:19,043260,성호전자,18760.0,14.95,3789306,0,185522,2.43,5.16,0.24,N,13.99,5.31,-68.52,-68.52
2026-09-09T10:05:20,336260,두산퓨얼셀,58700.0,19.19,1756721,0,-135162,14.96,2.68,0.67,N,-36.17,13.07,-46.10,-46.10
2026-09-09T10:05:21,036540,SFA반도체,6760.0,11.92,2457242,0,736508,5.72,1.49,0.93,N,-58.28,2.34,-41.92,-41.92
2026-09-09T10:05:22,388790,라이콤,4825.0,14.34,1239716,0,21397,1.40,4.05,0.05,N,0.00,0.00,-48.29,-48.29
2026-09-09T10:05:23,138080,오이솔루션,24250.0,14.93,448620,0,63207,3.18,3.62,0.00,N,-9.68,4.20,-58.12,-58.12
2026-09-09T10:05:24,105840,우진,16055.0,11.88,670929,0,-29611,8.88,3.32,3.20,Y,37.34,1.63,-49.35,-49.35
2026-09-09T10:05:24,000500,가온전선,258000.0,13.41,266207,0,49495,1.82,0.89,0.52,N,144.38,15.88,-59.37,-26.88
2026-09-09T10:05:25,950250,테라뷰,2860.0,-5.14,1851757,0,0,0.00,5.19,0.32,N,-10.55,3.20,-86.25,-86.25
2026-09-09T10:05:26,069540,빛과전자,3865.0,6.18,54202126,0,-1378611,3.19,48.10,0.00,N,-10.17,4.08,-52.28,-52.28
2026-09-09T10:05:27,0001A0,덕양에너젠,9840.0,9.58,888669,0,-24870,1.99,3.49,0.75,N,39.20,4.16,-77.01,-77.01
2026-09-09T10:05:28,016740,두올,4080.0,10.87,841679,0,-2107,3.34,2.94,0.59,N,4.32,0.42,-24.72,-24.72
2026-09-09T10:05:29,386380,스카이랩스,30500.0,2.52,5868182,0,294,0.31,31.28,0.00,N,0.00,0.00,-22.49,-22.49
2026-09-09T10:05:30,017900,광전자,8380.0,2.44,6705660,0,-62206,17.82,11.57,0.36,N,114.79,1.75,-62.67,-62.67
2026-09-09T10:05:31,004310,현대약품,10400.0,-0.38,10271355,0,36587,0.94,32.10,2.97,N,0.00,0.00,-34.84,-34.84
2026-09-09T10:05:32,049080,기가레인,8730.0,4.8,733307,0,912,0.00,8.64,0.00,N,-6.99,1.79,-41.61,-72.06
2026-09-09T10:15:08,007460,에이프로젠,2000.0,-1.23,84077,0,-13586,0.00,0.34,0.02,N,-0.60,0.02,-74.36,-87.68
2026-09-09T10:15:09,003060,에이프로젠바이오로직스,1678.0,-1.64,65860,0,-5431,0.00,0.41,0.00,N,-0.13,0.10,-73.66,-84.80
2026-09-09T10:15:10,417030,니어스랩,31850.0,-4.78,194857,0,-55288,8.57,3.37,0.00,N,-7.69,-0.70,-24.17,-24.17
2026-09-09T10:15:11,127120,제이에스링크,33000.0,4.1,34355,0,3277,3.22,0.09,0.00,N,-54.91,15.37,-33.87,-33.87
2026-09-09T10:15:12,115180,큐리언트,21950.0,-4.36,51486,0,7477,3.16,0.14,0.00,N,-25.98,24.28,-65.10,-65.10
2026-09-09T10:15:13,046970,우리로,6570.0,29.84,5353548,0,226271,2.46,12.22,0.00,N,-365.00,7.28,-59.44,-59.44
2026-09-09T10:15:14,010580,에스엠벡셀,2480.0,18.38,7216902,0,-19095,0.44,6.49,0.36,N,248.00,4.09,-29.04,-29.04
2026-09-09T10:15:15,100590,머큐리,4095.0,22.24,2355489,0,-122718,6.57,13.74,0.49,N,-26.25,0.46,-67.88,-67.88
2026-09-09T10:15:16,388790,라이콤,5070.0,20.14,1369180,0,47932,1.40,4.47,0.05,N,0.00,0.00,-45.66,-45.66
2026-09-09T10:15:17,115440,우리넷,8500.0,16.28,1946860,0,-196862,6.08,18.04,0.89,N,25.00,0.92,-60.19,-60.19
2026-09-09T10:15:18,000500,가온전선,270500.0,18.9,353024,0,71043,1.82,1.19,0.52,N,151.37,16.65,-57.40,-23.34
2026-09-09T10:15:19,032820,우리기술,13600.0,15.16,16674298,0,1020895,5.64,9.65,0.26,N,2720.00,18.01,-54.97,-54.97
2026-09-09T10:15:20,138080,오이솔루션,24500.0,16.11,505558,0,77537,3.18,4.08,0.00,N,-9.78,4.24,-57.69,-57.69
2026-09-09T10:15:21,043260,성호전자,18630.0,14.15,4022540,0,154329,2.43,5.48,0.24,N,13.89,5.27,-68.74,-68.74
2026-09-09T10:15:22,105840,우진,15910.0,10.87,772240,0,-61434,8.88,3.82,3.20,N,37.00,1.62,-49.81,-49.81
2026-09-09T10:15:23,052710,아모텍,11800.0,11.11,302301,0,105401,7.90,1.62,0.87,N,26.28,1.33,-67.45,-63.51
2026-09-09T10:15:24,036540,SFA반도체,6620.0,9.6,2751942,0,787149,5.72,1.67,0.93,N,-57.07,2.30,-43.13,-43.13
2026-09-09T10:15:24,189330,씨이랩,12350.0,10.17,358464,0,-14689,4.59,3.82,0.18,N,-30.95,4.61,-35.34,-35.34
2026-09-09T10:15:25,183300,코미코,30050.0,8.68,156192,0,-34902,25.60,0.30,1.07,N,30.95,5.61,-84.32,-46.13
2026-09-09T10:15:26,950250,테라뷰,2895.0,-3.98,1898586,0,0,0.00,5.32,0.32,N,-10.68,3.23,-86.08,-86.08
2026-09-09T10:15:27,0001A0,덕양에너젠,9720.0,8.24,908193,0,-30243,1.99,3.57,0.75,N,38.73,4.10,-77.29,-77.29
2026-09-09T10:15:28,069540,빛과전자,3925.0,7.83,55374815,0,-1210055,3.19,49.14,0.00,N,-10.33,4.14,-51.54,-51.54
2026-09-09T10:15:29,386380,스카이랩스,30200.0,1.51,6329445,0,7458,0.31,33.74,0.00,N,0.00,0.00,-23.25,-23.25
2026-09-09T10:15:30,016740,두올,4100.0,11.41,855129,0,6578,3.34,2.98,0.59,N,4.34,0.42,-24.35,-24.35
2026-09-09T10:15:31,004310,현대약품,10380.0,-0.57,10599213,0,-17110,0.94,33.12,2.97,N,0.00,0.00,-34.96,-34.96
2026-09-09T10:25:06,007460,에이프로젠,2010.0,-0.74,94088,0,-15064,0.00,0.38,0.02,N,-0.61,0.02,-74.23,-87.62
2026-09-09T10:25:07,003060,에이프로젠바이오로직스,1677.0,-1.7,79579,0,-5369,0.00,0.50,0.00,N,-0.13,0.10,-73.67,-84.81
2026-09-09T10:25:08,417030,니어스랩,31775.0,-5.01,207171,0,-59665,8.57,3.59,0.00,N,-7.67,-0.69,-24.35,-24.35
2026-09-09T10:25:09,127120,제이에스링크,33000.0,4.1,40486,0,5401,3.22,0.11,0.00,N,-54.91,15.37,-33.87,-33.87
2026-09-09T10:25:10,115180,큐리언트,22050.0,-3.92,55714,0,7571,3.16,0.15,0.00,N,-26.09,24.39,-64.94,-64.94
2026-09-09T10:25:11,010580,에스엠벡셀,2670.0,27.45,9009294,0,-5283,0.44,8.10,0.36,N,267.00,4.41,-23.61,-23.61
2026-09-09T10:25:12,046970,우리로,6570.0,29.84,5379054,0,226269,2.46,12.27,0.00,N,-365.00,7.28,-59.44,-59.44
2026-09-09T10:25:13,100590,머큐리,4252.0,26.93,2576128,0,-132720,6.57,15.03,0.49,N,-27.26,0.48,-66.65,-66.65
2026-09-09T10:25:14,388790,라이콤,5140.0,21.8,1695778,0,-32115,1.40,5.54,0.05,N,0.00,0.00,-44.91,-44.91
2026-09-09T10:25:15,032820,우리기술,13900.0,17.7,17483501,0,1047594,5.64,10.12,0.26,N,2780.00,18.41,-53.97,-53.97
2026-09-09T10:25:15,043260,성호전자,18860.0,15.56,4144805,0,166868,2.43,5.64,0.24,N,14.06,5.33,-68.36,-68.36
2026-09-09T10:25:16,115440,우리넷,8420.0,15.18,1973207,0,-202619,6.08,18.28,0.89,N,24.76,0.91,-60.56,-60.56
2026-09-09T10:25:17,000500,가온전선,266500.0,17.14,405752,0,67476,1.82,1.36,0.52,N,149.13,16.40,-58.03,-24.47
2026-09-09T10:25:18,138080,오이솔루션,24350.0,15.4,536052,0,83480,3.18,4.33,0.00,N,-9.72,4.22,-57.94,-57.94
2026-09-09T10:25:19,0220W0,한화머시너리앤서비스홀딩스,7030.0,9.33,993923,0,-155255,16.71,1.18,0.95,Y,0.00,0.00,-45.92,-45.92
2026-09-09T10:25:20,105840,우진,16130.0,12.4,828773,0,-52214,8.88,4.10,3.20,N,37.51,1.64,-49.12,-49.12
2026-09-09T10:25:21,356680,엑스게이트,13010.0,12.16,3952658,0,-155321,2.97,13.85,1.61,N,92.93,8.36,-57.41,-57.41
2026-09-09T10:25:22,048410,현대바이오,6760.0,7.99,1802327,0,-232926,7.40,1.87,0.54,N,-28.77,5.86,-68.56,-68.56
2026-09-09T10:25:23,036540,SFA반도체,6600.0,9.27,2883661,0,797584,5.72,1.75,0.93,N,-56.90,2.29,-43.30,-43.30
2026-09-09T10:25:24,950250,테라뷰,2885.0,-4.31,1933532,0,0,0.00,5.42,0.32,N,-10.65,3.22,-86.13,-86.13
2026-09-09T10:25:25,0001A0,덕양에너젠,9680.0,7.8,919969,0,-26046,1.99,3.61,0.75,N,38.57,4.09,-77.38,-77.38
2026-09-09T10:25:25,069540,빛과전자,3895.0,7.01,56788787,0,-1581619,3.19,50.39,0.00,N,-10.25,4.11,-51.91,-51.91
2026-09-09T10:25:26,016740,두올,4130.0,12.23,869186,0,9599,3.34,3.03,0.59,N,4.37,0.42,-23.80,-23.80
2026-09-09T10:25:27,386380,스카이랩스,30800.0,3.53,6746393,0,2251,0.31,35.96,0.00,N,0.00,0.00,-21.73,-21.73
2026-09-14T09:05:10,007460,에이프로젠,1981.0,-2.41,11814,0,-302,0.00,0.05,0.02,N,-0.60,0.01,-74.60,-87.79
2026-09-14T09:05:11,003060,에이프로젠바이오로직스,1640.0,-2.32,6484,0,1980,0.00,0.04,0.00,N,-0.13,0.10,-74.25,-85.15
2026-09-14T09:05:12,417030,니어스랩,29750.0,3.66,21686,0,-1895,5.20,0.38,0.00,N,-7.18,-0.65,-29.17,-29.17
2026-09-14T09:05:13,127120,제이에스링크,30950.0,-1.59,5347,0,2499,3.30,0.01,0.00,N,-51.50,14.42,-37.98,-37.98
2026-09-14T09:05:14,115180,큐리언트,21450.0,-1.61,1448,0,-824,3.05,0.00,0.00,N,-25.38,23.73,-65.90,-65.90
2026-09-14T09:05:15,411080,샌즈랩,6670.0,21.05,2160826,0,-88194,1.67,14.15,1.23,N,-185.28,1.89,-35.62,-35.62
2026-09-14T09:05:16,003350,한국화장품제조,17690.0,12.6,1056064,0,26667,1.48,4.66,3.20,Y,0.00,0.00,-71.33,-0.06
2026-09-14T09:05:17,000670,영풍,49600.0,29.0,131428,0,-41711,16.30,0.71,0.13,N,-117.54,0.25,-32.79,-30.92
2026-09-14T09:15:06,007460,에이프로젠,2000.0,-1.48,19341,0,2753,0.00,0.08,0.02,N,-0.60,0.02,-74.36,-87.68
2026-09-14T09:15:07,003060,에이프로젠바이오로직스,1645.0,-2.03,8151,0,1915,0.00,0.05,0.00,N,-0.13,0.10,-74.18,-85.10
2026-09-14T09:15:07,417030,니어스랩,29050.0,1.22,53121,0,-726,5.20,0.92,0.00,N,-7.01,-0.63,-30.83,-30.83
2026-09-14T09:15:08,127120,제이에스링크,31000.0,-1.43,8857,0,912,3.30,0.02,0.00,N,-51.58,14.44,-37.88,-37.88
2026-09-14T09:15:09,115180,큐리언트,21350.0,-2.06,6353,0,1146,3.05,0.02,0.00,N,-25.27,23.62,-66.06,-66.06
2026-09-14T09:15:10,411080,샌즈랩,7160.0,29.95,3646961,0,-66199,1.67,23.89,1.23,N,-198.89,2.02,-30.89,-30.89
2026-09-14T09:15:11,434480,모니터랩,3560.0,22.97,1365504,0,-38385,3.49,11.09,0.37,N,68.46,1.15,-34.68,-34.68
2026-09-14T09:15:12,203650,드림시큐리티,3015.0,15.08,11653293,0,97390,1.44,11.46,0.52,Y,35.89,2.42,-37.32,-37.32
2026-09-14T09:15:13,356680,엑스게이트,17890.0,11.39,7024205,0,-313135,2.70,24.61,1.80,N,127.79,11.49,-41.44,-41.44
2026-09-14T09:15:14,0220W0,한화머시너리앤서비스홀딩스,6580.0,5.11,779250,0,213383,14.94,0.92,1.22,N,0.00,0.00,-49.38,-49.38
2026-09-14T09:15:15,000670,영풍,49950.0,29.91,176927,0,-53745,16.30,0.96,0.13,N,-118.36,0.26,-32.32,-30.43
2026-09-14T09:15:16,443670,에스피소프트,5190.0,9.84,2798714,0,-23260,2.21,11.66,4.34,N,33.48,1.87,-28.81,-28.81
2026-09-14T09:15:17,446540,메가터치,8930.0,5.93,649263,0,176904,35.61,2.23,1.21,N,0.00,0.00,-18.74,-18.74
2026-09-14T09:15:17,003350,한국화장품제조,15980.0,1.72,2394750,0,-124715,1.48,10.57,3.20,N,0.00,0.00,-74.10,-10.78
2026-09-14T09:15:18,386380,스카이랩스,24750.0,-3.13,753489,0,-49606,0.92,4.02,0.00,N,0.00,0.00,-37.10,-37.10
2026-09-14T09:25:06,007460,에이프로젠,2000.0,-1.48,20243,0,2439,0.00,0.08,0.02,N,-0.60,0.02,-74.36,-87.68
2026-09-14T09:25:06,003060,에이프로젠바이오로직스,1626.0,-3.16,25039,0,328,0.00,0.15,0.00,N,-0.13,0.10,-74.47,-85.28
2026-09-14T09:25:07,417030,니어스랩,29100.0,1.39,63244,0,-1260,5.20,1.09,0.00,N,-7.03,-0.64,-30.71,-30.71
2026-09-14T09:25:08,127120,제이에스링크,30950.0,-1.59,11755,0,2382,3.30,0.03,0.00,N,-51.50,14.42,-37.98,-37.98
2026-09-14T09:25:09,115180,큐리언트,21300.0,-2.29,8507,0,1557,3.05,0.02,0.00,N,-25.21,23.56,-66.14,-66.14
2026-09-14T09:25:10,042510,라온시큐어,11780.0,25.59,1164555,0,24468,0.90,10.49,3.73,Y,39.01,2.37,-30.54,-30.54
2026-09-14T09:25:11,411080,샌즈랩,7160.0,29.95,3675576,0,-65364,1.67,24.07,1.23,N,-198.89,2.02,-30.89,-30.89
2026-09-14T09:25:12,434480,모니터랩,3505.0,21.07,1743153,0,-55410,3.49,14.16,0.37,N,67.40,1.14,-35.69,-35.69
2026-09-14T09:25:13,203650,드림시큐리티,3065.0,16.98,18787165,0,-402005,1.44,18.47,0.52,N,36.49,2.46,-36.28,-36.28
2026-09-14T09:25:14,441270,파인엠텍,9270.0,11.82,1729365,0,507568,0.83,4.10,6.36,N,-23.59,2.08,-27.58,-34.07
2026-09-14T09:25:15,150900,파수AI,4310.0,14.17,750743,0,-81890,8.23,6.41,0.23,N,18.90,1.30,-37.45,-37.45
2026-09-14T09:25:16,048410,현대바이오,6670.0,-0.45,470982,0,-69340,6.22,0.49,0.66,N,-28.38,5.78,-68.98,-68.98
2026-09-14T09:25:17,017900,광전자,8550.0,8.23,970989,0,84456,17.67,1.68,0.90,N,117.12,1.79,-61.92,-61.92
2026-09-14T09:25:18,003350,한국화장품제조,15370.0,-2.16,2876454,0,-81433,1.48,12.69,3.20,N,0.00,0.00,-75.09,-14.18
2026-09-14T09:25:19,024060,흥구석유,15190.0,3.97,4378883,0,-60417,1.17,29.19,4.51,N,370.49,2.86,-58.04,-58.04
2026-09-14T09:35:06,007460,에이프로젠,2000.0,-1.48,20694,0,2453,0.00,0.08,0.02,N,-0.60,0.02,-74.36,-87.68
2026-09-14T09:35:07,003060,에이프로젠바이오로직스,1626.0,-3.16,28154,0,638,0.00,0.17,0.00,N,-0.13,0.10,-74.47,-85.28
2026-09-14T09:35:08,417030,니어스랩,28800.0,0.35,67349,0,-3087,5.20,1.17,0.00,N,-6.95,-0.63,-31.43,-31.43
2026-09-14T09:35:09,127120,제이에스링크,31000.0,-1.43,13966,0,2805,3.30,0.04,0.00,N,-51.58,14.44,-37.88,-37.88
2026-09-14T09:35:10,115180,큐리언트,21300.0,-2.29,13482,0,-1210,3.05,0.04,0.00,N,-25.21,23.56,-66.14,-66.14
2026-09-14T09:35:11,042510,라온시큐어,11760.0,25.37,1756388,0,10826,0.90,15.82,3.73,N,38.94,2.36,-30.66,-30.66
2026-09-14T09:35:12,411080,샌즈랩,7160.0,29.95,3704927,0,-59277,1.67,24.27,1.23,N,-198.89,2.02,-30.89,-30.89
2026-09-14T09:35:13,017900,광전자,9120.0,15.44,3768644,0,95537,17.67,6.50,0.90,N,124.93,1.91,-59.38,-59.38
2026-09-14T09:35:14,263860,지니언스,18880.0,11.39,509909,0,-105339,26.37,5.62,1.49,N,22.86,2.63,-37.07,-37.07
2026-09-14T09:35:15,0007C0,아크릴,18780.0,8.87,246967,0,6011,4.65,3.08,1.19,N,-39.29,3.45,-75.61,-75.61
2026-09-14T09:35:16,052710,아모텍,16260.0,7.47,2659376,0,-84851,8.09,14.24,0.95,N,36.21,1.84,-55.14,-49.72
2026-09-14T09:35:17,203650,드림시큐리티,2970.0,13.36,22081942,0,-256215,1.44,21.71,0.52,N,35.36,2.39,-38.25,-38.25
2026-09-14T09:35:18,441270,파인엠텍,9110.0,9.89,2131045,0,497597,0.83,5.05,6.36,N,-23.18,2.04,-28.83,-35.21
2026-09-14T09:35:19,069540,빛과전자,4095.0,5.81,8747054,0,-159114,0.59,7.76,0.00,N,-10.78,4.32,-49.44,-49.44
2026-09-14T09:35:20,446540,메가터치,8960.0,6.29,785335,0,199437,35.61,2.70,1.21,N,0.00,0.00,-18.47,-18.47
2026-09-14T09:35:21,117670,알파칩스,12510.0,-7.88,262186,0,2005,0.88,3.94,0.00,N,-5.88,1.83,-41.27,-41.27
2026-09-14T09:35:22,003350,한국화장품제조,15630.0,-0.51,3235277,0,-26070,1.48,14.28,3.20,N,0.00,0.00,-74.67,-12.73
2026-09-14T09:35:22,434480,모니터랩,3315.0,14.51,1990104,0,-53328,3.49,16.17,0.37,N,63.75,1.07,-39.17,-39.17
2026-09-14T09:35:23,150900,파수AI,4255.0,12.72,833658,0,-92623,8.23,7.12,0.23,N,18.66,1.29,-38.24,-38.24
2026-09-14T09:45:10,007460,에이프로젠,1998.0,-1.58,27107,0,-3585,0.00,0.11,0.02,N,-0.60,0.02,-74.38,-87.69
2026-09-14T09:45:11,003060,에이프로젠바이오로직스,1615.0,-3.81,42831,0,-4081,0.00,0.26,0.00,N,-0.13,0.10,-74.65,-85.38
2026-09-14T09:45:12,417030,니어스랩,28750.0,0.17,78642,0,-4918,5.20,1.36,0.00,N,-6.94,-0.63,-31.55,-31.55
2026-09-14T09:45:13,127120,제이에스링크,30900.0,-1.75,15117,0,2653,3.30,0.04,0.00,N,-51.41,14.39,-38.08,-38.08
2026-09-14T09:45:14,115180,큐리언트,21450.0,-1.61,14242,0,-956,3.05,0.04,0.00,N,-25.38,23.73,-65.90,-65.90
2026-09-14T09:45:15,017900,광전자,9230.0,16.84,7162408,0,46663,17.67,12.36,0.90,N,126.44,1.93,-58.89,-58.89
2026-09-14T09:45:16,042510,라온시큐어,10970.0,16.95,2080010,0,30913,0.90,18.73,3.73,N,36.32,2.21,-35.32,-35.32
2026-09-14T09:45:17,0007C0,아크릴,19420.0,12.58,273953,0,7413,4.65,3.41,1.19,N,-40.63,3.56,-74.78,-74.78
2026-09-14T09:45:18,411080,샌즈랩,6650.0,20.69,5049415,0,-101567,1.67,33.07,1.23,N,-184.72,1.88,-35.81,-35.81
2026-09-14T09:45:19,441270,파인엠텍,9290.0,12.06,2448744,0,515339,0.83,5.80,6.36,N,-23.64,2.08,-27.42,-33.93
2026-09-14T09:45:20,115440,우리넷,9000.0,8.43,486145,0,-52574,3.69,4.50,1.34,N,26.47,0.98,-57.85,-57.85
2026-09-14T09:45:21,434480,모니터랩,3065.0,5.87,2282958,0,-56482,3.49,18.55,0.37,N,58.94,0.99,-43.76,-43.76
2026-09-14T09:45:22,117670,알파칩스,12490.0,-8.03,272385,0,1654,0.88,4.09,0.00,N,-5.87,1.83,-41.36,-41.36
2026-09-14T09:45:23,150900,파수AI,4075.0,7.95,920008,0,-93003,8.23,7.86,0.23,N,17.87,1.23,-40.86,-40.86
2026-09-14T09:45:24,003350,한국화장품제조,15320.0,-2.48,3337639,0,-25470,1.48,14.73,3.20,N,0.00,0.00,-75.17,-14.46
2026-09-14T09:55:06,007460,에이프로젠,1995.0,-1.72,31437,0,-7501,0.00,0.13,0.02,N,-0.60,0.02,-74.42,-87.71
2026-09-14T09:55:07,003060,에이프로젠바이오로직스,1605.0,-4.41,56537,0,-4229,0.00,0.35,0.00,N,-0.12,0.10,-74.80,-85.47
2026-09-14T09:55:08,417030,니어스랩,28450.0,-0.87,94691,0,-10682,5.20,1.64,0.00,N,-6.87,-0.62,-32.26,-32.26
2026-09-14T09:55:09,127120,제이에스링크,30950.0,-1.59,16178,0,2255,3.30,0.04,0.00,N,-51.50,14.42,-37.98,-37.98
2026-09-14T09:55:10,115180,큐리언트,21550.0,-1.15,15028,0,-540,3.05,0.04,0.00,N,-25.50,23.84,-65.74,-65.74
2026-09-14T09:55:11,017900,광전자,9280.0,17.47,9965534,0,55483,17.67,17.20,0.90,N,127.12,1.94,-58.66,-58.66
2026-09-14T09:55:13,042510,라온시큐어,11060.0,17.91,2178270,0,31181,0.90,19.61,3.73,N,36.62,2.22,-34.79,-34.79
2026-09-14T09:55:14,411080,샌즈랩,6780.0,23.05,5569959,0,-165581,1.67,36.48,1.23,N,-188.33,1.92,-34.56,-34.56
2026-09-14T09:55:15,0007C0,아크릴,19260.0,11.65,307707,0,12670,4.65,3.83,1.19,N,-40.29,3.54,-74.99,-74.99
2026-09-14T09:55:16,441270,파인엠텍,9210.0,11.1,2633920,0,497854,0.83,6.24,6.36,N,-23.44,2.07,-28.05,-34.50
2026-09-14T09:55:17,290550,디케이티,16590.0,5.07,185578,0,17283,7.09,0.93,4.16,N,14.31,1.64,-52.53,-52.53
2026-09-14T09:55:18,052710,아모텍,16310.0,7.8,2973012,0,-125574,8.09,15.91,0.95,N,36.33,1.84,-55.01,-49.57
2026-09-14T09:55:19,048410,현대바이오,6550.0,-2.24,651162,0,-107235,6.22,0.67,0.66,N,-27.87,5.68,-69.53,-69.53
2026-09-14T09:55:20,117670,알파칩스,12340.0,-9.13,286202,0,-576,0.88,4.30,0.00,N,-5.80,1.80,-42.07,-42.07
2026-09-14T09:55:21,434480,모니터랩,3125.0,7.94,2370861,0,-51011,3.49,19.26,0.37,N,60.10,1.01,-42.66,-42.66
2026-09-14T09:55:22,150900,파수AI,4060.0,7.55,957118,0,-90177,8.23,8.18,0.23,N,17.81,1.23,-41.07,-41.07
2026-09-14T09:55:23,003350,한국화장품제조,15790.0,0.51,3545959,0,33386,1.48,15.65,3.20,N,0.00,0.00,-74.41,-11.84
2026-09-14T10:05:10,007460,에이프로젠,2000.0,-1.48,33895,0,-7965,0.00,0.14,0.02,N,-0.60,0.02,-74.36,-87.68
2026-09-14T10:05:11,003060,에이프로젠바이오로직스,1595.0,-5.0,74041,0,-1952,0.00,0.46,0.00,N,-0.12,0.10,-74.96,-85.56
2026-09-14T10:05:12,417030,니어스랩,28300.0,-1.39,98731,0,-10646,5.20,1.71,0.00,N,-6.83,-0.62,-32.62,-32.62
2026-09-14T10:05:13,127120,제이에스링크,31000.0,-1.43,17499,0,2501,3.30,0.05,0.00,N,-51.58,14.44,-37.88,-37.88
2026-09-14T10:05:14,115180,큐리언트,21800.0,0.0,28051,0,3622,3.05,0.07,0.00,N,-25.80,24.12,-65.34,-65.34
2026-09-14T10:05:15,042510,라온시큐어,11310.0,20.58,2501892,0,13086,0.90,22.53,3.73,N,37.45,2.27,-33.31,-33.31
2026-09-14T10:05:16,017900,광전자,9060.0,14.68,11760998,0,84412,17.67,20.30,0.90,N,124.11,1.89,-59.64,-59.64
2026-09-14T10:05:17,411080,샌즈랩,6740.0,22.32,5876752,0,-164720,1.67,38.49,1.23,N,-187.22,1.91,-34.94,-34.94
2026-09-14T10:05:18,0007C0,아크릴,19120.0,10.84,322095,0,10045,4.65,4.01,1.19,N,-40.00,3.51,-75.17,-75.17
2026-09-14T10:05:19,441270,파인엠텍,9260.0,11.7,2784501,0,485690,0.83,6.60,6.36,N,-23.56,2.08,-27.66,-34.14
2026-09-14T10:05:20,0015N0,아로마티카,11640.0,9.92,733219,0,37492,3.63,5.83,0.92,N,26.82,6.38,-63.05,-63.05
2026-09-14T10:05:21,048410,현대바이오,6610.0,-1.34,683364,0,-102268,6.22,0.71,0.66,N,-28.13,5.73,-69.26,-69.26
2026-09-14T10:05:21,117670,알파칩스,12060.0,-11.19,307010,0,455,0.88,4.61,0.00,N,-5.67,1.76,-43.38,-43.38
2026-09-14T10:05:22,434480,모니터랩,3065.0,5.87,2439444,0,-57362,3.49,19.82,0.37,N,58.94,0.99,-43.76,-43.76
2026-09-14T10:05:23,150900,파수AI,4025.0,6.62,985567,0,-87899,8.23,8.42,0.23,N,17.65,1.22,-41.58,-41.58
2026-09-14T10:05:24,488280,에스투더블유,15330.0,3.23,1141415,0,-18054,1.03,10.54,2.09,N,-27.38,7.06,-61.67,-61.67
2026-09-14T10:15:07,007460,에이프로젠,2000.0,-1.48,34152,0,-7952,0.00,0.14,0.02,N,-0.60,0.02,-74.36,-87.68
2026-09-14T10:15:08,003060,에이프로젠바이오로직스,1587.0,-5.48,81180,0,-1318,0.00,0.50,0.00,N,-0.12,0.09,-75.09,-85.63
2026-09-14T10:15:09,417030,니어스랩,28200.0,-1.74,101100,0,-10107,5.20,1.75,0.00,N,-6.81,-0.62,-32.86,-32.86
2026-09-14T10:15:10,127120,제이에스링크,30700.0,-2.38,22216,0,2843,3.30,0.06,0.00,N,-51.08,14.30,-38.48,-38.48
2026-09-14T10:15:10,115180,큐리언트,21750.0,-0.23,29478,0,3757,3.05,0.08,0.00,N,-25.74,24.06,-65.42,-65.42
2026-09-14T10:15:11,006490,프리티,2800.0,17.15,1118799,0,-51512,0.00,6.30,0.00,N,-0.99,2.76,-7.44,-62.01
2026-09-14T10:15:12,042510,라온시큐어,11140.0,18.76,2599976,0,25806,0.90,23.41,3.73,N,36.89,2.24,-34.32,-34.32
2026-09-14T10:15:13,017900,광전자,8990.0,13.8,12474841,0,98482,17.67,21.53,0.90,N,123.15,1.88,-59.96,-59.96
2026-09-14T10:15:14,411080,샌즈랩,6750.0,22.5,6107800,0,-179544,1.67,40.00,1.23,N,-187.50,1.91,-34.85,-34.85
2026-09-14T10:15:15,003200,일신방직,12190.0,18.01,302732,0,-63603,10.38,1.32,0.90,N,8.44,0.29,-31.52,-31.52
2026-09-14T10:15:16,0007C0,아크릴,18770.0,8.81,336656,0,8815,4.65,4.19,1.19,N,-39.27,3.45,-75.62,-75.62
2026-09-14T10:15:17,441270,파인엠텍,9160.0,10.49,2906582,0,481470,0.83,6.89,6.36,N,-23.31,2.05,-28.44,-34.85
2026-09-14T10:15:18,048410,현대바이오,6590.0,-1.64,711450,0,-103153,6.22,0.74,0.66,N,-28.04,5.72,-69.35,-69.35
2026-09-14T10:15:19,117670,알파칩스,12100.0,-10.9,314005,0,-358,0.88,4.71,0.00,N,-5.69,1.77,-43.19,-43.19
2026-09-14T10:15:20,434480,모니터랩,3075.0,6.22,2474792,0,-60314,3.49,20.10,0.37,N,59.13,1.00,-43.58,-43.58
2026-09-14T10:15:21,224060,더코디,8620.0,-12.84,451323,0,576,0.00,8.75,0.00,N,1.83,0.37,-32.39,-32.39
2026-09-14T10:15:21,150900,파수AI,4135.0,9.54,1019833,0,-88450,8.23,8.71,0.23,N,18.14,1.25,-39.99,-39.99
2026-09-14T10:25:06,007460,에이프로젠,2010.0,-0.99,37651,0,-8041,0.00,0.15,0.02,N,-0.61,0.02,-74.23,-87.62
2026-09-14T10:25:07,003060,에이프로젠바이오로직스,1589.0,-5.36,89234,0,-372,0.00,0.55,0.00,N,-0.12,0.09,-75.05,-85.61
2026-09-14T10:25:08,417030,니어스랩,28300.0,-1.39,104195,0,-10217,5.20,1.80,0.00,N,-6.83,-0.62,-32.62,-32.62
2026-09-14T10:25:09,127120,제이에스링크,30750.0,-2.23,27447,0,6888,3.30,0.07,0.00,N,-51.16,14.32,-38.38,-38.38
2026-09-14T10:25:10,115180,큐리언트,21550.0,-1.15,31245,0,2870,3.05,0.08,0.00,N,-25.50,23.84,-65.74,-65.74
2026-09-14T10:25:11,006490,프리티,2800.0,17.15,1165478,0,-52333,0.00,6.57,0.00,N,-0.99,2.76,-7.44,-62.01
2026-09-14T10:25:12,017900,광전자,9200.0,16.46,13669389,0,110585,17.67,23.59,0.90,N,126.03,1.92,-59.02,-59.02
2026-09-14T10:25:13,042510,라온시큐어,11160.0,18.98,2655336,0,35699,0.90,23.91,3.73,N,36.95,2.24,-34.20,-34.20
2026-09-14T10:25:14,411080,샌즈랩,6810.0,23.59,6211038,0,-189828,1.67,40.68,1.23,N,-189.17,1.92,-34.27,-34.27
2026-09-14T10:25:14,900270,헝셩그룹,3730.0,4.63,1014428,0,0,42.80,9.47,0.00,N,219.41,1.56,-19.00,-72.69
2026-09-14T10:25:15,0007C0,아크릴,18870.0,9.39,343437,0,10242,4.65,4.28,1.19,N,-39.48,3.46,-75.49,-75.49
2026-09-14T10:25:16,003200,일신방직,12070.0,16.84,347104,0,-59905,10.38,1.51,0.90,N,8.35,0.28,-32.19,-32.19
2026-09-14T10:25:17,0015N0,아로마티카,11560.0,9.16,923722,0,67297,3.63,7.34,0.92,N,26.64,6.33,-63.30,-63.30
2026-09-14T10:25:18,117670,알파칩스,12160.0,-10.46,316154,0,-1460,0.88,4.75,0.00,N,-5.72,1.78,-42.91,-42.91
2026-09-14T10:25:19,434480,모니터랩,3065.0,5.87,2508480,0,-59205,3.49,20.38,0.37,N,58.94,0.99,-43.76,-43.76
2026-09-14T10:25:20,150900,파수AI,4090.0,8.34,1035404,0,-91417,8.23,8.85,0.23,N,17.94,1.24,-40.64,-40.64
2026-09-14T10:25:21,224060,더코디,8710.0,-11.93,465820,0,1213,0.00,9.03,0.00,N,1.85,0.38,-31.69,-31.69
2026-09-14T10:25:21,488280,에스투더블유,15500.0,4.38,1237978,0,-14655,1.03,11.44,2.09,N,-27.68,7.14,-61.25,-61.25
2026-09-14T10:35:06,007460,에이프로젠,1993.0,-1.82,40864,0,-8732,0.00,0.16,0.02,N,-0.60,0.02,-74.45,-87.72
2026-09-14T10:35:07,003060,에이프로젠바이오로직스,1594.0,-5.06,107299,0,996,0.00,0.66,0.00,N,-0.12,0.10,-74.98,-85.57
2026-09-14T10:35:08,417030,니어스랩,28450.0,-0.87,106283,0,-10542,5.20,1.84,0.00,N,-6.87,-0.62,-32.26,-32.26
2026-09-14T10:35:09,127120,제이에스링크,30850.0,-1.91,30203,0,8878,3.30,0.08,0.00,N,-51.33,14.37,-38.18,-38.18
2026-09-14T10:35:10,115180,큐리언트,21650.0,-0.69,31927,0,2870,3.05,0.09,0.00,N,-25.62,23.95,-65.58,-65.58
2026-09-14T10:35:11,006490,프리티,2770.0,15.9,1201727,0,-46178,0.00,6.77,0.00,N,-0.98,2.73,-8.43,-62.42
2026-09-14T10:35:13,017900,광전자,9330.0,18.1,14427378,0,168051,17.67,24.90,0.90,N,127.81,1.95,-58.44,-58.44
2026-09-14T10:35:14,042510,라온시큐어,11170.0,19.08,2677751,0,31995,0.90,24.11,3.73,N,36.99,2.25,-34.14,-34.14
2026-09-14T10:35:14,0015N0,아로마티카,12040.0,13.69,1611756,0,86,3.63,12.82,0.92,N,27.74,6.60,-61.78,-61.78
2026-09-14T10:35:15,411080,샌즈랩,6720.0,21.96,6356021,0,-196809,1.67,41.63,1.23,N,-186.67,1.90,-35.14,-35.14
2026-09-14T10:35:16,0007C0,아크릴,18830.0,9.16,348465,0,11630,4.65,4.34,1.19,N,-39.39,3.46,-75.55,-75.55
2026-09-14T10:35:17,048410,현대바이오,6670.0,-0.45,752485,0,-104756,6.22,0.78,0.66,N,-28.38,5.78,-68.98,-68.98
2026-09-14T10:35:18,117670,알파칩스,12050.0,-11.27,318768,0,-1635,0.88,4.79,0.00,N,-5.67,1.76,-43.43,-43.43
2026-09-14T10:35:19,434480,모니터랩,3080.0,6.39,2526252,0,-58778,3.49,20.52,0.37,N,59.23,1.00,-43.49,-43.49
2026-09-14T10:35:20,150900,파수AI,4132.0,9.46,1060107,0,-94810,8.23,9.06,0.23,N,18.12,1.25,-40.03,-40.03
2026-09-14T10:35:21,224060,더코디,8730.0,-11.73,474496,0,1314,0.00,9.19,0.00,N,1.86,0.38,-31.53,-31.53
2026-09-14T10:35:22,488280,에스투더블유,15350.0,3.37,1253039,0,-17742,1.03,11.57,2.09,N,-27.41,7.07,-61.62,-61.62
2026-09-14T10:45:07,007460,에이프로젠,1999.0,-1.53,40899,0,-8732,0.00,0.16,0.02,N,-0.60,0.02,-74.37,-87.68
2026-09-14T10:45:08,003060,에이프로젠바이오로직스,1595.0,-5.0,112901,0,890,0.00,0.69,0.00,N,-0.12,0.10,-74.96,-85.56
2026-09-14T10:45:08,417030,니어스랩,28400.0,-1.05,107698,0,-10416,5.20,1.86,0.00,N,-6.86,-0.62,-32.38,-32.38
2026-09-14T10:45:09,127120,제이에스링크,30900.0,-1.75,31163,0,8751,3.30,0.08,0.00,N,-51.41,14.39,-38.08,-38.08
2026-09-14T10:45:10,115180,큐리언트,21600.0,-0.92,32318,0,2721,3.05,0.09,0.00,N,-25.56,23.89,-65.66,-65.66
2026-09-14T10:45:11,017900,광전자,9570.0,21.14,16905553,0,131145,17.67,29.18,0.90,N,131.10,2.00,-57.37,-57.37
2026-09-14T10:45:12,006490,프리티,2760.0,15.48,1233093,0,-51840,0.00,6.95,0.00,N,-0.98,2.72,-8.76,-62.56
2026-09-14T10:45:13,042510,라온시큐어,11010.0,17.38,2726719,0,33424,0.90,24.55,3.73,N,36.46,2.21,-35.08,-35.08
2026-09-14T10:45:14,0015N0,아로마티카,12030.0,13.6,1924468,0,7153,3.63,15.30,0.92,N,27.72,6.59,-61.81,-61.81
2026-09-14T10:45:15,411080,샌즈랩,6700.0,21.6,6503495,0,-183113,1.67,42.60,1.23,N,-186.11,1.89,-35.33,-35.33
2026-09-14T10:45:16,446540,메가터치,9220.0,9.37,1409981,0,159228,35.61,4.85,1.21,N,0.00,0.00,-16.11,-16.11
2026-09-14T10:45:17,048410,현대바이오,6680.0,-0.3,763157,0,-105425,6.22,0.79,0.66,N,-28.43,5.79,-68.93,-68.93
2026-09-14T10:45:18,285800,진영,4945.0,3.89,644821,0,-20594,0.83,17.94,0.12,Y,-6.25,0.49,-18.67,-66.64
2026-09-14T10:45:18,0007C0,아크릴,18600.0,7.83,357375,0,7452,4.65,4.45,1.19,N,-38.91,3.41,-75.84,-75.84
2026-09-14T10:45:19,441270,파인엠텍,9170.0,10.62,3109943,0,507995,0.83,7.37,6.36,N,-23.33,2.06,-28.36,-34.78
2026-09-14T10:45:20,434480,모니터랩,3075.0,6.22,2541329,0,-60264,3.49,20.64,0.37,N,59.13,1.00,-43.58,-43.58
2026-09-14T10:45:21,117670,알파칩스,12230.0,-9.94,321866,0,-2087,0.88,4.83,0.00,N,-5.75,1.79,-42.58,-42.58
2026-09-14T10:45:22,150900,파수AI,4075.0,7.95,1069413,0,-96230,8.23,9.14,0.23,N,17.87,1.23,-40.86,-40.86
2026-09-14T10:45:23,224060,더코디,8600.0,-13.04,489347,0,508,0.00,9.48,0.00,N,1.83,0.37,-32.55,-32.55
2026-09-14T10:55:06,007460,에이프로젠,2000.0,-1.48,41706,0,-9083,0.00,0.17,0.02,N,-0.60,0.02,-74.36,-87.68
2026-09-14T10:55:07,003060,에이프로젠바이오로직스,1595.0,-5.0,117804,0,-809,0.00,0.72,0.00,N,-0.12,0.10,-74.96,-85.56
2026-09-14T10:55:08,417030,니어스랩,28500.0,-0.7,108293,0,-10585,5.20,1.87,0.00,N,-6.88,-0.62,-32.14,-32.14
2026-09-14T10:55:09,127120,제이에스링크,31050.0,-1.27,32339,0,9392,3.30,0.09,0.00,N,-51.66,14.46,-37.78,-37.78
2026-09-14T10:55:10,115180,큐리언트,21600.0,-0.92,32580,0,2735,3.05,0.09,0.00,N,-25.56,23.89,-65.66,-65.66
2026-09-14T10:55:11,006490,프리티,2860.0,19.67,1270141,0,-53430,0.00,7.16,0.00,N,-1.01,2.81,-5.45,-61.20
2026-09-14T10:55:12,017900,광전자,9430.0,19.37,18404706,0,115770,17.67,31.76,0.90,N,129.18,1.97,-58.00,-58.00
2026-09-14T10:55:13,010580,에스엠벡셀,2960.0,15.62,4121548,0,-268564,0.99,3.70,0.43,N,296.00,4.88,-15.31,-15.31
2026-09-14T10:55:13,042510,라온시큐어,11040.0,17.7,2747015,0,32474,0.90,24.73,3.73,N,36.56,2.22,-34.91,-34.91
2026-09-14T10:55:14,446540,메가터치,9430.0,11.86,1777985,0,190560,35.61,6.11,1.21,N,0.00,0.00,-14.19,-14.19
2026-09-14T10:55:15,411080,샌즈랩,6710.0,21.78,6543598,0,-175333,1.67,42.86,1.23,N,-186.39,1.90,-35.23,-35.23
2026-09-14T10:55:16,0015N0,아로마티카,11940.0,12.75,2016753,0,4803,3.63,16.04,0.92,N,27.51,6.54,-62.10,-62.10
2026-09-14T10:55:17,285800,진영,5090.0,6.93,797114,0,-21841,0.83,22.18,0.12,N,-6.43,0.51,-16.28,-65.67
2026-09-14T10:55:18,048410,현대바이오,6700.0,0.0,780887,0,-103956,6.22,0.81,0.66,N,-28.51,5.81,-68.84,-68.84
2026-09-14T10:55:19,252990,샘씨엔에스,16740.0,6.08,787439,0,-14623,8.41,1.31,1.24,N,0.00,0.00,-1.30,-1.30
2026-09-14T10:55:20,441270,파인엠텍,9160.0,10.49,3204814,0,536931,0.83,7.59,6.36,N,-23.31,2.05,-28.44,-34.85
2026-09-14T10:55:20,434480,모니터랩,3090.0,6.74,2550853,0,-64798,3.49,20.72,0.37,N,59.42,1.00,-43.30,-43.30
2026-09-14T10:55:21,117670,알파칩스,12360.0,-8.98,330072,0,-2642,0.88,4.95,0.00,N,-5.81,1.81,-41.97,-41.97
2026-09-14T10:55:22,150900,파수AI,4115.0,9.01,1073632,0,-94406,8.23,9.17,0.23,N,18.05,1.25,-40.28,-40.28
2026-09-14T10:55:23,003350,한국화장품제조,15370.0,-2.16,4232936,0,-128,1.48,18.68,3.20,N,0.00,0.00,-75.09,-14.18
2026-09-14T10:55:24,224060,더코디,8660.0,-12.44,501322,0,454,0.00,9.71,0.00,N,1.84,0.37,-32.08,-32.08
2026-09-14T11:05:08,007460,에이프로젠,2000.0,-1.48,42052,0,-9094,0.00,0.17,0.02,N,-0.60,0.02,-74.36,-87.68
2026-09-14T11:05:09,003060,에이프로젠바이오로직스,1591.0,-5.24,117959,0,-900,0.00,0.73,0.00,N,-0.12,0.09,-75.02,-85.59
2026-09-14T11:05:10,417030,니어스랩,28950.0,0.87,116707,0,-11218,5.20,2.02,0.00,N,-6.99,-0.63,-31.07,-31.07
2026-09-14T11:05:11,127120,제이에스링크,31050.0,-1.27,34016,0,10014,3.30,0.09,0.00,N,-51.66,14.46,-37.78,-37.78
2026-09-14T11:05:12,115180,큐리언트,21650.0,-0.69,32958,0,2657,3.05,0.09,0.00,N,-25.62,23.95,-65.58,-65.58
2026-09-14T11:05:13,321820,아티스트컴퍼니,3360.0,28.98,912361,0,-5788,0.74,5.85,0.05,N,40.00,1.28,-44.55,-46.75
2026-09-14T11:05:14,006490,프리티,2850.0,19.25,1284306,0,-49647,0.00,7.24,0.00,N,-1.01,2.81,-5.79,-61.33
2026-09-14T11:05:15,017900,광전자,9600.0,21.52,19215634,0,206892,17.67,33.16,0.90,N,131.51,2.01,-57.24,-57.24
2026-09-14T11:05:16,010580,에스엠벡셀,2935.0,14.65,6089144,0,-270293,0.99,5.47,0.43,N,293.50,4.84,-16.02,-16.02
2026-09-14T11:05:17,042510,라온시큐어,11000.0,17.27,2773250,0,37926,0.90,24.97,3.73,N,36.42,2.21,-35.14,-35.14
2026-09-14T11:05:18,0015N0,아로마티카,12080.0,14.07,2120195,0,2961,3.63,16.86,0.92,N,27.83,6.62,-61.65,-61.65
2026-09-14T11:05:19,411080,샌즈랩,6720.0,21.96,6587218,0,-160841,1.67,43.14,1.23,N,-186.67,1.90,-35.14,-35.14
2026-09-14T11:05:20,048410,현대바이오,6660.0,-0.6,795866,0,-106180,6.22,0.82,0.66,N,-28.34,5.78,-69.02,-69.02
2026-09-14T11:05:21,285800,진영,4920.0,3.36,831305,0,-21832,0.83,23.13,0.12,N,-6.22,0.49,-19.08,-66.81
2026-09-14T11:05:21,252990,샘씨엔에스,16770.0,6.27,832146,0,-10119,8.41,1.38,1.24,N,0.00,0.00,-1.12,-1.12
2026-09-14T11:05:22,459550,알트,2490.0,10.67,2972758,0,-59154,1.93,11.79,2.54,N,11.69,1.29,-60.16,-60.16
2026-09-14T11:05:23,434480,모니터랩,3060.0,5.7,2561556,0,-66856,3.49,20.81,0.37,N,58.85,0.99,-43.85,-43.85
2026-09-14T11:05:24,117670,알파칩스,12470.0,-8.17,336311,0,-4803,0.88,5.05,0.00,N,-5.86,1.82,-41.46,-41.46
2026-09-14T11:05:25,003350,한국화장품제조,15290.0,-2.67,4287865,0,-1254,1.48,18.92,3.20,N,0.00,0.00,-75.22,-14.63
2026-09-14T11:05:26,224060,더코디,8620.0,-12.84,523828,0,494,0.00,10.15,0.00,N,1.83,0.37,-32.39,-32.39
2026-09-14T11:05:27,150900,파수AI,4170.0,10.46,1082706,0,-93928,8.23,9.25,0.23,N,18.29,1.26,-39.48,-39.48
2026-09-14T11:05:28,488280,에스투더블유,15290.0,2.96,1324916,0,-20924,1.03,12.24,2.09,N,-27.30,7.05,-61.77,-61.77
2026-09-14T11:15:07,007460,에이프로젠,1999.0,-1.53,42474,0,-9115,0.00,0.17,0.02,N,-0.60,0.02,-74.37,-87.68
2026-09-14T11:15:08,003060,에이프로젠바이오로직스,1605.0,-4.41,151828,0,15063,0.00,0.93,0.00,N,-0.12,0.10,-74.80,-85.47
2026-09-14T11:15:09,417030,니어스랩,28950.0,0.87,117656,0,-11113,5.20,2.04,0.00,N,-6.99,-0.63,-31.07,-31.07
2026-09-14T11:15:10,127120,제이에스링크,31050.0,-1.27,35979,0,10969,3.30,0.10,0.00,N,-51.66,14.46,-37.78,-37.78
2026-09-14T11:15:11,115180,큐리언트,21650.0,-0.69,33509,0,2690,3.05,0.09,0.00,N,-25.62,23.95,-65.58,-65.58
2026-09-14T11:15:12,321820,아티스트컴퍼니,3385.0,29.94,954838,0,-6413,0.74,6.12,0.05,N,40.30,1.29,-44.14,-46.35
2026-09-14T11:15:13,006490,프리티,2830.0,18.41,1299705,0,-53383,0.00,7.32,0.00,N,-1.00,2.79,-6.45,-61.61
2026-09-14T11:15:13,017900,광전자,9570.0,21.14,20537912,0,172233,17.67,35.44,0.90,N,131.10,2.00,-57.37,-57.37
2026-09-14T11:15:14,042510,라온시큐어,11090.0,18.23,2808392,0,39395,0.90,25.29,3.73,N,36.72,2.23,-34.61,-34.61
2026-09-14T11:15:15,048770,TPC로보틱스,4700.0,12.44,1853598,0,26271,0.54,11.81,0.18,N,-28.83,2.03,-56.03,-56.03
2026-09-14T11:15:16,0015N0,아로마티카,11950.0,12.84,2165609,0,9877,3.63,17.22,0.92,N,27.53,6.55,-62.06,-62.06
2026-09-14T11:15:17,411080,샌즈랩,6710.0,21.78,6654973,0,-165368,1.67,43.59,1.23,N,-186.39,1.90,-35.23,-35.23
2026-09-14T11:15:18,256840,한국비엔씨,2850.0,10.25,1335590,0,-87802,3.60,1.95,3.54,N,67.86,0.83,-53.88,-53.88
2026-09-14T11:15:19,252990,샘씨엔에스,16900.0,7.1,862829,0,-474,8.41,1.43,1.24,N,0.00,0.00,-0.35,-0.35
2026-09-14T11:15:20,0007C0,아크릴,18760.0,8.75,390318,0,10544,4.65,4.86,1.19,N,-39.25,3.44,-75.64,-75.64
2026-09-14T11:15:21,048410,현대바이오,6660.0,-0.6,821706,0,-93262,6.22,0.85,0.66,N,-28.34,5.78,-69.02,-69.02
2026-09-14T11:15:22,036540,SFA반도체,7565.0,7.46,2996897,0,-106623,6.47,1.82,0.90,N,-65.22,2.62,-35.01,-35.01
2026-09-14T11:15:23,285800,진영,4790.0,0.63,859295,0,-20563,0.83,23.91,0.12,N,-6.06,0.48,-21.22,-67.69
2026-09-14T11:15:24,434480,모니터랩,3045.0,5.18,2576986,0,-68518,3.49,20.93,0.37,N,58.56,0.99,-44.13,-44.13
2026-09-14T11:15:25,117670,알파칩스,12210.0,-10.09,340547,0,-5648,0.88,5.11,0.00,N,-5.74,1.78,-42.68,-42.68
2026-09-14T11:15:25,010580,에스엠벡셀,2610.0,1.95,7577111,0,-449057,0.99,6.81,0.43,N,261.00,4.31,-25.32,-25.32
2026-09-14T11:15:26,224060,더코디,8580.0,-13.25,534485,0,492,0.00,10.36,0.00,N,1.82,0.37,-32.71,-32.71
2026-09-14T11:15:27,150900,파수AI,4100.0,8.61,1088152,0,-93702,8.23,9.30,0.23,N,17.98,1.24,-40.49,-40.49
2026-09-14T11:15:28,003350,한국화장품제조,15370.0,-2.16,4317233,0,-4482,1.48,19.05,3.20,N,0.00,0.00,-75.09,-14.18
2026-09-14T11:15:29,488280,에스투더블유,15160.0,2.09,1366140,0,-21295,1.03,12.62,2.09,N,-27.07,6.99,-62.10,-62.10
2026-09-14T11:25:08,007460,에이프로젠,1993.0,-1.82,42894,0,-9117,0.00,0.17,0.02,N,-0.60,0.02,-74.45,-87.72
2026-09-14T11:25:09,003060,에이프로젠바이오로직스,1607.0,-4.29,152862,0,15064,0.00,0.94,0.00,N,-0.12,0.10,-74.77,-85.45
2026-09-14T11:25:10,417030,니어스랩,29400.0,2.44,122666,0,-10015,5.20,2.12,0.00,N,-7.10,-0.64,-30.00,-30.00
2026-09-14T11:25:11,127120,제이에스링크,30900.0,-1.75,37553,0,12081,3.30,0.10,0.00,N,-51.41,14.39,-38.08,-38.08
2026-09-14T11:25:12,115180,큐리언트,21600.0,-0.92,34898,0,3075,3.05,0.09,0.00,N,-25.56,23.89,-65.66,-65.66
2026-09-14T11:25:13,321820,아티스트컴퍼니,3385.0,29.94,955238,0,-6413,0.74,6.13,0.05,N,40.30,1.29,-44.14,-46.35
2026-09-14T11:25:13,017900,광전자,9730.0,23.16,21790231,0,208689,17.67,37.61,0.90,N,133.29,2.03,-56.66,-56.66
2026-09-14T11:25:14,006490,프리티,2810.0,17.57,1360093,0,-51837,0.00,7.66,0.00,N,-1.00,2.77,-7.11,-61.88
2026-09-14T11:25:15,042510,라온시큐어,11170.0,19.08,2831324,0,42045,0.90,25.49,3.73,N,36.99,2.25,-34.14,-34.14
2026-09-14T11:25:16,256840,한국비엔씨,2885.0,11.61,4091628,0,-50374,3.60,5.98,3.54,N,68.69,0.84,-53.32,-53.32
2026-09-14T11:25:17,0015N0,아로마티카,11960.0,12.94,2203389,0,16742,3.63,17.52,0.92,N,27.56,6.55,-62.03,-62.03
2026-09-14T11:25:18,252990,샘씨엔에스,17140.0,8.62,1037212,0,-27486,8.41,1.72,1.24,N,0.00,0.00,-0.64,-0.64
2026-09-14T11:25:19,411080,샌즈랩,6640.0,20.51,6755184,0,-143509,1.67,44.25,1.23,N,-184.44,1.88,-35.91,-35.91
2026-09-14T11:25:20,0007C0,아크릴,18870.0,9.39,400261,0,12819,4.65,4.98,1.19,N,-39.48,3.46,-75.49,-75.49
2026-09-14T11:25:21,003200,일신방직,12130.0,17.42,451853,0,-40567,10.38,1.97,0.90,N,8.39,0.29,-31.85,-31.85
2026-09-14T11:25:21,052400,코나아이,37900.0,8.29,94465,0,-10318,3.83,0.65,1.79,N,7.42,2.11,-47.72,-47.72
2026-09-14T11:25:22,069540,빛과전자,4177.0,7.93,20703694,0,692901,0.59,18.37,0.00,N,-10.99,4.41,-48.43,-48.43
2026-09-14T11:25:23,285800,진영,4785.0,0.53,868525,0,-22191,0.83,24.17,0.12,N,-6.05,0.48,-21.30,-67.72
2026-09-14T11:25:24,434480,모니터랩,3050.0,5.35,2582371,0,-69623,3.49,20.98,0.37,N,58.65,0.99,-44.04,-44.04
2026-09-14T11:25:25,117670,알파칩스,12170.0,-10.38,343574,0,-5365,0.88,5.16,0.00,N,-5.72,1.78,-42.86,-42.86
2026-09-14T11:25:26,010580,에스엠벡셀,2550.0,-0.39,8122199,0,-526920,0.99,7.30,0.43,Y,255.00,4.21,-27.04,-27.04
2026-09-14T11:25:27,003350,한국화장품제조,15150.0,-3.56,4362455,0,-10499,1.48,19.25,3.20,N,0.00,0.00,-75.45,-15.41
2026-09-14T11:25:28,150900,파수AI,4145.0,9.8,1094283,0,-94026,8.23,9.35,0.23,N,18.18,1.25,-39.84,-39.84
2026-09-14T11:25:29,224060,더코디,8660.0,-12.44,553062,0,870,0.00,10.72,0.00,N,1.84,0.37,-32.08,-32.08
2026-09-14T11:25:29,488280,에스투더블유,15110.0,1.75,1380000,0,-23681,1.03,12.75,2.09,N,-26.98,6.96,-62.23,-62.23
2026-09-14T11:35:10,007460,에이프로젠,1994.0,-1.77,45715,0,-8615,0.00,0.18,0.02,N,-0.60,0.02,-74.44,-87.71
2026-09-14T11:35:11,003060,에이프로젠바이오로직스,1598.0,-4.82,155727,0,13272,0.00,0.96,0.00,N,-0.12,0.10,-74.91,-85.53
2026-09-14T11:35:12,417030,니어스랩,29450.0,2.61,128160,0,-10008,5.20,2.22,0.00,N,-7.11,-0.64,-29.88,-29.88
2026-09-14T11:35:13,127120,제이에스링크,30800.0,-2.07,39533,0,12780,3.30,0.11,0.00,N,-51.25,14.35,-38.28,-38.28
2026-09-14T11:35:14,115180,큐리언트,21650.0,-0.69,35686,0,3796,3.05,0.10,0.00,N,-25.62,23.95,-65.58,-65.58
2026-09-14T11:35:14,321820,아티스트컴퍼니,3385.0,29.94,956617,0,-6413,0.74,6.14,0.05,N,40.30,1.29,-44.14,-46.35
2026-09-14T11:35:15,017900,광전자,9870.0,24.94,23148939,0,136946,17.67,39.95,0.90,N,135.21,2.06,-56.04,-56.04
2026-09-14T11:35:16,006490,프리티,2815.0,17.78,1386331,0,-54339,0.00,7.81,0.00,N,-1.00,2.77,-6.94,-61.81
2026-09-14T11:35:17,052400,코나아이,40900.0,16.86,141755,0,-20405,3.83,0.97,1.79,N,8.00,2.27,-43.59,-43.59
2026-09-14T11:35:18,042510,라온시큐어,10960.0,16.84,2855736,0,42049,0.90,25.71,3.73,N,36.29,2.20,-35.38,-35.38
2026-09-14T11:35:19,0015N0,아로마티카,12080.0,14.07,2272882,0,39847,3.63,18.07,0.92,N,27.83,6.62,-61.65,-61.65
2026-09-14T11:35:20,256840,한국비엔씨,2835.0,9.67,4850837,0,12963,3.60,7.09,3.54,N,67.50,0.83,-54.13,-54.13
2026-09-14T11:35:21,069540,빛과전자,4190.0,8.27,24101022,0,687581,0.59,21.39,0.00,N,-11.03,4.42,-48.27,-48.27
2026-09-14T11:35:22,003200,일신방직,12140.0,17.52,463929,0,-39602,10.38,2.02,0.90,N,8.40,0.29,-31.80,-31.80
2026-09-14T11:35:23,252990,샘씨엔에스,16870.0,6.91,1095931,0,-28774,8.41,1.82,1.24,N,0.00,0.00,-2.20,-2.20
2026-09-14T11:35:23,036540,SFA반도체,7570.0,7.53,3349119,0,-70266,6.47,2.04,0.90,N,-65.26,2.62,-34.97,-34.97
2026-09-14T11:35:24,441270,파인엠텍,9200.0,10.98,3363260,0,558504,0.83,7.97,6.36,N,-23.41,2.06,-28.12,-34.57
2026-09-14T11:35:25,0007C0,아크릴,18660.0,8.17,406079,0,12634,4.65,5.06,1.19,N,-39.04,3.43,-75.77,-75.77
2026-09-14T11:35:26,411080,샌즈랩,6530.0,18.51,6939217,0,-153626,1.67,45.45,1.23,N,-181.39,1.85,-36.97,-36.97
2026-09-14T11:35:27,285800,진영,4760.0,0.0,876135,0,-22233,0.83,24.38,0.12,N,-6.02,0.47,-21.71,-67.89
2026-09-14T11:35:28,434480,모니터랩,3030.0,4.66,2596874,0,-70133,3.49,21.10,0.37,N,58.27,0.98,-44.40,-44.40
2026-09-14T11:35:29,010580,에스엠벡셀,2485.0,-2.93,8510806,0,-623787,0.99,7.65,0.43,N,248.50,4.10,-28.90,-28.90
2026-09-14T11:35:30,117670,알파칩스,12310.0,-9.35,351735,0,-7053,0.88,5.28,0.00,N,-5.79,1.80,-42.21,-42.21
2026-09-14T11:35:31,003350,한국화장품제조,15180.0,-3.37,4388662,0,-4217,1.48,19.37,3.20,N,0.00,0.00,-75.40,-15.24
2026-09-14T11:35:31,488280,에스투더블유,14960.0,0.74,1407478,0,-24293,1.03,13.00,2.09,N,-26.71,6.89,-62.60,-62.60
2026-09-14T11:35:32,150900,파수AI,4185.0,10.86,1113827,0,-91295,8.23,9.52,0.23,N,18.36,1.27,-39.26,-39.26
2026-09-14T11:45:07,007460,에이프로젠,1992.0,-1.87,52685,0,-8127,0.00,0.21,0.02,N,-0.60,0.02,-74.46,-87.73
2026-09-14T11:45:08,003060,에이프로젠바이오로직스,1606.0,-4.35,158259,0,13894,0.00,0.97,0.00,N,-0.12,0.10,-74.79,-85.46
2026-09-14T11:45:09,417030,니어스랩,29600.0,3.14,134519,0,-7961,5.20,2.33,0.00,N,-7.15,-0.65,-29.52,-29.52
2026-09-14T11:45:09,127120,제이에스링크,31000.0,-1.43,40060,0,12746,3.30,0.11,0.00,N,-51.58,14.44,-37.88,-37.88
2026-09-14T11:45:10,115180,큐리언트,21650.0,-0.69,37030,0,3996,3.05,0.10,0.00,N,-25.62,23.95,-65.58,-65.58
2026-09-14T11:45:11,321820,아티스트컴퍼니,3385.0,29.94,958880,0,-6413,0.74,6.15,0.05,N,40.30,1.29,-44.14,-46.35
2026-09-14T11:45:12,017900,광전자,9890.0,25.19,24169375,0,117791,17.67,41.71,0.90,N,135.48,2.07,-55.95,-55.95
2026-09-14T11:45:13,006490,프리티,2810.0,17.57,1398949,0,-54799,0.00,7.88,0.00,N,-1.00,2.77,-7.11,-61.88
2026-09-14T11:45:14,052400,코나아이,40800.0,16.57,263920,0,-52494,3.83,1.81,1.79,N,7.98,2.27,-43.72,-43.72
2026-09-14T11:45:15,0015N0,아로마티카,12170.0,14.92,2319052,0,47276,3.63,18.44,0.92,N,28.04,6.67,-61.37,-61.37
2026-09-14T11:45:16,042510,라온시큐어,10910.0,16.31,2889474,0,34120,0.90,26.02,3.73,N,36.13,2.19,-35.67,-35.67
2026-09-14T11:45:17,256840,한국비엔씨,2830.0,9.48,5191362,0,84157,3.60,7.59,3.54,N,67.38,0.83,-54.21,-54.21
2026-09-14T11:45:18,069540,빛과전자,4195.0,8.4,27821454,0,375173,0.59,24.69,0.00,N,-11.04,4.43,-48.21,-48.21
2026-09-14T11:45:19,003200,일신방직,12080.0,16.94,480417,0,-32528,10.38,2.09,0.90,N,8.36,0.28,-32.13,-32.13
2026-09-14T11:45:20,036540,SFA반도체,7580.0,7.67,3456693,0,-41007,6.47,2.10,0.90,N,-65.34,2.63,-34.88,-34.88
2026-09-14T11:45:21,411080,샌즈랩,6530.0,18.51,7029935,0,-127341,1.67,46.04,1.23,N,-181.39,1.85,-36.97,-36.97
2026-09-14T11:45:21,010580,에스엠벡셀,2445.0,-4.49,8780024,0,-631213,0.99,7.89,0.43,N,244.50,4.03,-30.04,-30.04
2026-09-14T11:45:22,285800,진영,4900.0,2.94,919125,0,-22087,0.83,25.58,0.12,N,-6.19,0.49,-19.41,-66.95
2026-09-14T11:45:23,434480,모니터랩,3060.0,5.7,2604304,0,-70263,3.49,21.16,0.37,N,58.85,0.99,-43.85,-43.85
2026-09-14T11:45:24,117670,알파칩스,12280.0,-9.57,353652,0,-7199,0.88,5.31,0.00,N,-5.77,1.79,-42.35,-42.35
2026-09-14T11:45:25,003350,한국화장품제조,15250.0,-2.93,4408430,0,1475,1.48,19.45,3.20,N,0.00,0.00,-75.28,-14.85
2026-09-14T11:45:26,488280,에스투더블유,14900.0,0.34,1429524,0,-19182,1.03,13.21,2.09,N,-26.61,6.87,-62.75,-62.75
2026-09-14T11:45:27,150900,파수AI,4190.0,10.99,1133816,0,-89862,8.23,9.69,0.23,N,18.38,1.27,-39.19,-39.19
2026-09-14T11:45:28,024060,흥구석유,14530.0,-0.55,6315844,0,-242373,1.17,42.11,4.51,N,354.39,2.74,-59.86,-59.86
2026-09-14T11:55:07,007460,에이프로젠,1992.0,-1.87,53972,0,-8424,0.00,0.22,0.02,N,-0.60,0.02,-74.46,-87.73
2026-09-14T11:55:08,003060,에이프로젠바이오로직스,1610.0,-4.11,161193,0,13672,0.00,0.99,0.00,N,-0.13,0.10,-74.73,-85.42
2026-09-14T11:55:08,417030,니어스랩,29950.0,4.36,147673,0,-6031,5.20,2.56,0.00,N,-7.23,-0.65,-28.69,-28.69
2026-09-14T11:55:09,127120,제이에스링크,31150.0,-0.95,40577,0,12894,3.30,0.11,0.00,N,-51.83,14.51,-37.58,-37.58
2026-09-14T11:55:10,115180,큐리언트,21650.0,-0.69,37956,0,4445,3.05,0.10,0.00,N,-25.62,23.95,-65.58,-65.58
2026-09-14T11:55:11,321820,아티스트컴퍼니,3385.0,29.94,959771,0,-6413,0.74,6.16,0.05,N,40.30,1.29,-44.14,-46.35
2026-09-14T11:55:12,017900,광전자,9700.0,22.78,24904962,0,139473,17.67,42.98,0.90,N,132.88,2.03,-56.79,-56.79
2026-09-14T11:55:13,006490,프리티,2840.0,18.83,1406363,0,-55104,0.00,7.92,0.00,N,-1.01,2.80,-6.12,-61.47
2026-09-14T11:55:14,0015N0,아로마티카,12390.0,17.0,2668058,0,32736,3.63,21.21,0.92,N,28.55,6.79,-60.67,-60.67
2026-09-14T11:55:15,052400,코나아이,39700.0,13.43,305794,0,-57840,3.83,2.10,1.79,N,7.77,2.21,-45.24,-45.24
2026-09-14T11:55:16,042510,라온시큐어,11070.0,18.02,2900628,0,37289,0.90,26.12,3.73,N,36.66,2.23,-34.73,-34.73
2026-09-14T11:55:16,256840,한국비엔씨,2915.0,12.77,6037283,0,96785,3.60,8.83,3.54,N,69.40,0.85,-52.83,-52.83
2026-09-14T11:55:17,036540,SFA반도체,7630.0,8.38,3671565,0,-33949,6.47,2.23,0.90,N,-65.78,2.65,-34.45,-34.45
2026-09-14T11:55:18,411080,샌즈랩,6590.0,19.6,7108956,0,-128040,1.67,46.56,1.23,N,-183.06,1.86,-36.39,-36.39
2026-09-14T11:55:19,252990,샘씨엔에스,16830.0,6.65,1141192,0,-18728,8.41,1.90,1.24,N,0.00,0.00,-2.43,-2.43
2026-09-14T11:55:20,003200,일신방직,12040.0,16.55,487849,0,-31808,10.38,2.12,0.90,N,8.33,0.28,-32.36,-32.36
2026-09-14T11:55:21,048410,현대바이오,6640.0,-0.9,878827,0,-96132,6.22,0.91,0.66,N,-28.26,5.76,-69.12,-69.12
2026-09-14T11:55:22,285800,진영,4820.0,1.26,933612,0,-21251,0.83,25.98,0.12,N,-6.09,0.48,-20.72,-67.49
2026-09-14T11:55:23,010580,에스엠벡셀,2435.0,-4.88,8928104,0,-616339,0.99,8.03,0.43,N,243.50,4.02,-30.33,-30.33
2026-09-14T11:55:24,434480,모니터랩,3050.0,5.35,2609176,0,-70501,3.49,21.20,0.37,N,58.65,0.99,-44.04,-44.04
2026-09-14T11:55:25,117670,알파칩스,12400.0,-8.69,356422,0,-7701,0.88,5.35,0.00,N,-5.83,1.81,-41.78,-41.78
2026-09-14T11:55:26,003350,한국화장품제조,15300.0,-2.61,4427628,0,2072,1.48,19.54,3.20,N,0.00,0.00,-75.20,-14.57
2026-09-14T11:55:27,488280,에스투더블유,14960.0,0.74,1447850,0,-18207,1.03,13.37,2.09,N,-26.71,6.89,-62.60,-62.60
2026-09-14T11:55:27,150900,파수AI,4200.0,11.26,1139499,0,-88058,8.23,9.74,0.23,N,18.42,1.27,-39.04,-39.04
2026-09-14T12:05:08,007460,에이프로젠,1993.0,-1.82,55239,0,-8568,0.00,0.22,0.02,N,-0.60,0.02,-74.45,-87.72
2026-09-14T12:05:09,003060,에이프로젠바이오로직스,1612.0,-3.99,162594,0,13605,0.00,1.00,0.00,N,-0.13,0.10,-74.69,-85.40
2026-09-14T12:05:10,417030,니어스랩,29900.0,4.18,192360,0,-1670,5.20,3.33,0.00,N,-7.22,-0.65,-28.81,-28.81
2026-09-14T12:05:10,127120,제이에스링크,31050.0,-1.27,42008,0,13063,3.30,0.11,0.00,N,-51.66,14.46,-37.78,-37.78
2026-09-14T12:05:11,115180,큐리언트,21700.0,-0.46,39011,0,4492,3.05,0.10,0.00,N,-25.68,24.00,-65.50,-65.50
2026-09-14T12:05:12,321820,아티스트컴퍼니,3385.0,29.94,959793,0,-6413,0.74,6.16,0.05,N,40.30,1.29,-44.14,-46.35
2026-09-14T12:05:13,017900,광전자,9920.0,25.57,25816040,0,136735,17.67,44.55,0.90,N,135.89,2.07,-55.81,-55.81
2026-09-14T12:05:14,006490,프리티,2765.0,15.69,1429466,0,-54218,0.00,8.05,0.00,N,-0.98,2.72,-8.60,-62.49
2026-09-14T12:05:15,256840,한국비엔씨,3000.0,16.05,8081145,0,78680,3.60,11.82,3.54,N,71.43,0.88,-51.46,-51.46
2026-09-14T12:05:16,042510,라온시큐어,11050.0,17.8,2918291,0,42066,0.90,26.28,3.73,N,36.59,2.22,-34.85,-34.85
2026-09-14T12:05:17,052400,코나아이,39350.0,12.43,319801,0,-59242,3.83,2.20,1.79,N,7.70,2.19,-45.72,-45.72
2026-09-14T12:05:18,0015N0,아로마티카,12170.0,14.92,2768746,0,42082,3.63,22.01,0.92,N,28.04,6.67,-61.37,-61.37
2026-09-14T12:05:19,036540,SFA반도체,7690.0,9.23,3913773,0,-18100,6.47,2.38,0.90,N,-66.29,2.67,-33.93,-33.93
2026-09-14T12:05:19,069540,빛과전자,4185.0,8.14,30880427,0,249076,0.59,27.40,0.00,N,-11.01,4.42,-48.33,-48.33
2026-09-14T12:05:20,252990,샘씨엔에스,16860.0,6.84,1152118,0,-18696,8.41,1.91,1.24,N,0.00,0.00,-2.26,-2.26
2026-09-14T12:05:21,048410,현대바이오,6640.0,-0.9,887788,0,-92150,6.22,0.92,0.66,N,-28.26,5.76,-69.12,-69.12
2026-09-14T12:05:22,010580,에스엠벡셀,2380.0,-7.03,9203419,0,-600279,0.99,8.27,0.43,N,238.00,3.93,-31.90,-31.90
2026-09-14T12:05:23,285800,진영,4865.0,2.21,938234,0,-22411,0.83,26.11,0.12,N,-6.15,0.48,-19.98,-67.18
2026-09-14T12:05:24,434480,모니터랩,3045.0,5.18,2612992,0,-71551,3.49,21.23,0.37,N,58.56,0.99,-44.13,-44.13
2026-09-14T12:05:25,117670,알파칩스,12180.0,-10.31,358499,0,-7411,0.88,5.38,0.00,N,-5.73,1.78,-42.82,-42.82
2026-09-14T12:05:26,003350,한국화장품제조,15370.0,-2.16,4441727,0,3379,1.48,19.60,3.20,N,0.00,0.00,-75.09,-14.18
2026-09-14T12:05:27,488280,에스투더블유,15090.0,1.62,1463497,0,-22160,1.03,13.52,2.09,N,-26.95,6.95,-62.27,-62.27
2026-09-14T12:05:27,224060,더코디,8730.0,-11.73,603435,0,528,0.00,11.69,0.00,N,1.86,0.38,-31.53,-31.53
2026-09-14T12:05:28,150900,파수AI,4215.0,11.66,1146391,0,-87828,8.23,9.79,0.23,N,18.49,1.28,-38.82,-38.82
2026-09-14T12:15:06,007460,에이프로젠,1993.0,-1.82,55982,0,-8576,0.00,0.23,0.02,N,-0.60,0.02,-74.45,-87.72
2026-09-14T12:15:07,003060,에이프로젠바이오로직스,1613.0,-3.93,163422,0,13588,0.00,1.00,0.00,N,-0.13,0.10,-74.68,-85.39
2026-09-14T12:15:08,417030,니어스랩,29800.0,3.83,200114,0,2233,5.20,3.46,0.00,N,-7.19,-0.65,-29.05,-29.05
2026-09-14T12:15:09,127120,제이에스링크,31050.0,-1.27,43748,0,14056,3.30,0.12,0.00,N,-51.66,14.46,-37.78,-37.78
2026-09-14T12:15:10,115180,큐리언트,21650.0,-0.69,39550,0,4627,3.05,0.11,0.00,N,-25.62,23.95,-65.58,-65.58
2026-09-14T12:15:11,017900,광전자,10270.0,30.0,28248621,0,156844,17.67,48.75,0.90,N,140.68,2.15,-54.25,-54.25
2026-09-14T12:15:12,321820,아티스트컴퍼니,3385.0,29.94,961360,0,-6413,0.74,6.17,0.05,N,40.30,1.29,-44.14,-46.35
2026-09-14T12:15:13,069540,빛과전자,4610.0,19.12,42548574,0,744317,0.59,37.76,0.00,N,-12.13,4.87,-43.09,-43.09
2026-09-14T12:15:13,006490,프리티,2735.0,14.44,1450602,0,-54878,0.00,8.17,0.00,N,-0.97,2.69,-9.59,-62.90
2026-09-14T12:15:15,072950,빛샘전자,10200.0,14.61,1260303,0,-8062,0.41,15.65,2.47,N,10.87,0.98,-60.31,-60.31
2026-09-14T12:15:16,042510,라온시큐어,11030.0,17.59,2937079,0,42873,0.90,26.45,3.73,N,36.52,2.22,-34.96,-34.96
2026-09-14T12:15:17,256840,한국비엔씨,2880.0,11.41,9149184,0,151629,3.60,13.38,3.54,N,68.57,0.84,-53.40,-53.40
2026-09-14T12:15:17,263860,지니언스,19350.0,14.16,1017995,0,-134579,26.37,11.21,1.49,N,23.43,2.69,-35.50,-35.50
2026-09-14T12:15:18,052400,코나아이,38650.0,10.43,337511,0,-54912,3.83,2.32,1.79,N,7.56,2.15,-46.69,-46.69
2026-09-14T12:15:19,0015N0,아로마티카,11850.0,11.9,2870362,0,54439,3.63,22.82,0.92,N,27.30,6.49,-62.38,-62.38
2026-09-14T12:15:20,036540,SFA반도체,7640.0,8.52,4082261,0,-1638,6.47,2.48,0.90,N,-65.86,2.65,-34.36,-34.36
2026-09-14T12:15:21,010580,에스엠벡셀,2360.0,-7.81,9384198,0,-623423,0.99,8.44,0.43,N,236.00,3.89,-32.47,-32.47
2026-09-14T12:15:22,285800,진영,4810.0,1.05,950323,0,-22283,0.83,26.44,0.12,N,-6.08,0.48,-20.89,-67.55
2026-09-14T12:15:23,434480,모니터랩,3005.0,3.8,2636570,0,-72022,3.49,21.42,0.37,N,57.79,0.97,-44.86,-44.86
2026-09-14T12:15:24,117670,알파칩스,12110.0,-10.82,360732,0,-7628,0.88,5.41,0.00,N,-5.69,1.77,-43.15,-43.15
2026-09-14T12:15:25,488280,에스투더블유,14770.0,-0.54,1497845,0,-25758,1.03,13.84,2.09,N,-26.38,6.81,-63.08,-63.08
2026-09-14T12:15:26,003350,한국화장품제조,15190.0,-3.31,4471075,0,10030,1.48,19.73,3.20,N,0.00,0.00,-75.38,-15.19
2026-09-14T12:15:27,224060,더코디,8680.0,-12.23,615929,0,492,0.00,11.93,0.00,N,1.84,0.38,-31.92,-31.92
2026-09-14T12:15:27,150900,파수AI,4190.0,10.99,1151067,0,-86616,8.23,9.83,0.23,N,18.38,1.27,-39.19,-39.19
2026-09-14T12:25:06,007460,에이프로젠,1993.0,-1.82,56012,0,-8577,0.00,0.23,0.02,N,-0.60,0.02,-74.45,-87.72
2026-09-14T12:25:07,003060,에이프로젠바이오로직스,1608.0,-4.23,163953,0,13693,0.00,1.01,0.00,N,-0.12,0.10,-74.76,-85.44
2026-09-14T12:25:07,417030,니어스랩,29800.0,3.83,202832,0,3534,5.20,3.51,0.00,N,-7.19,-0.65,-29.05,-29.05
2026-09-14T12:25:08,127120,제이에스링크,31050.0,-1.27,44139,0,14013,3.30,0.12,0.00,N,-51.66,14.46,-37.78,-37.78
2026-09-14T12:25:09,115180,큐리언트,21700.0,-0.46,39902,0,4643,3.05,0.11,0.00,N,-25.68,24.00,-65.50,-65.50
2026-09-14T12:25:10,017900,광전자,10270.0,30.0,28397614,0,156801,17.67,49.01,0.90,N,140.68,2.15,-54.25,-54.25
2026-09-14T12:25:11,321820,아티스트컴퍼니,3385.0,29.94,961443,0,-6413,0.74,6.17,0.05,N,40.30,1.29,-44.14,-46.35
2026-09-14T12:25:12,006490,프리티,2775.0,16.11,1476142,0,-55152,0.00,8.32,0.00,N,-0.98,2.73,-8.26,-62.35
2026-09-14T12:25:13,069540,빛과전자,4510.0,16.54,47743114,0,412776,0.59,42.37,0.00,N,-11.87,4.76,-44.32,-44.32
2026-09-14T12:25:14,042510,라온시큐어,11240.0,19.83,2968779,0,52380,0.90,26.73,3.73,N,37.22,2.26,-33.73,-33.73
2026-09-14T12:25:15,072950,빛샘전자,10070.0,13.15,1660395,0,-13826,0.41,20.62,2.47,N,10.74,0.97,-60.82,-60.82
2026-09-14T12:25:16,0015N0,아로마티카,12020.0,13.5,2913789,0,54352,3.63,23.17,0.92,N,27.70,6.59,-61.84,-61.84
2026-09-14T12:25:17,256840,한국비엔씨,2885.0,11.61,9646102,0,134002,3.60,14.10,3.54,N,68.69,0.84,-53.32,-53.32
2026-09-14T12:25:18,052400,코나아이,38750.0,10.71,344047,0,-53920,3.83,2.36,1.79,N,7.58,2.15,-46.55,-46.55
2026-09-14T12:25:19,263860,지니언스,19300.0,13.86,1283794,0,-143945,26.37,14.14,1.49,N,23.37,2.68,-35.67,-35.67
2026-09-14T12:25:20,441270,파인엠텍,9340.0,12.67,3842954,0,644383,0.83,9.11,6.36,N,-23.77,2.09,-27.03,-33.57
2026-09-14T12:25:20,411080,샌즈랩,6630.0,20.33,7294463,0,-125677,1.67,47.78,1.23,N,-184.17,1.87,-36.00,-36.00
2026-09-14T12:25:21,046970,우리로,7580.0,5.42,5749537,0,-433119,1.64,13.12,0.00,N,-421.11,8.39,-53.21,-53.21
2026-09-14T12:25:22,252990,샘씨엔에스,16870.0,6.91,1181754,0,-19260,8.41,1.96,1.24,N,0.00,0.00,-2.20,-2.20
2026-09-14T12:25:23,010580,에스엠벡셀,2370.0,-7.42,9480674,0,-597345,0.99,8.52,0.43,N,237.00,3.91,-32.19,-32.19
2026-09-14T12:25:24,285800,진영,4780.0,0.42,956286,0,-22244,0.83,26.61,0.12,N,-6.04,0.48,-21.38,-67.76
2026-09-14T12:25:25,117670,알파칩스,12090.0,-10.97,365528,0,-6878,0.88,5.49,0.00,N,-5.68,1.77,-43.24,-43.24
2026-09-14T12:25:26,434480,모니터랩,3050.0,5.35,2652397,0,-72720,3.49,21.55,0.37,N,58.65,0.99,-44.04,-44.04
2026-09-14T12:25:27,003350,한국화장품제조,15350.0,-2.29,4491810,0,10482,1.48,19.82,3.20,N,0.00,0.00,-75.12,-14.29
2026-09-14T12:25:28,224060,더코디,8640.0,-12.64,624270,0,492,0.00,12.10,0.00,N,1.84,0.37,-32.24,-32.24
2026-09-14T12:25:29,900270,헝셩그룹,3460.0,-2.95,1433206,0,0,42.80,13.38,0.00,N,203.53,1.45,-24.86,-74.67
2026-09-14T12:35:06,007460,에이프로젠,1991.0,-1.92,56471,0,-8628,0.00,0.23,0.02,N,-0.60,0.02,-74.47,-87.73
2026-09-14T12:35:07,003060,에이프로젠바이오로직스,1607.0,-4.29,164541,0,13663,0.00,1.01,0.00,N,-0.12,0.10,-74.77,-85.45
2026-09-14T12:35:08,417030,니어스랩,29925.0,4.27,205838,0,3269,5.20,3.56,0.00,N,-7.22,-0.65,-28.75,-28.75
2026-09-14T12:35:09,127120,제이에스링크,31050.0,-1.27,45785,0,14218,3.30,0.12,0.00,N,-51.66,14.46,-37.78,-37.78
2026-09-14T12:35:10,115180,큐리언트,21600.0,-0.92,41555,0,5048,3.05,0.11,0.00,N,-25.56,23.89,-65.66,-65.66
2026-09-14T12:35:11,017900,광전자,10270.0,30.0,28463677,0,156799,17.67,49.12,0.90,N,140.68,2.15,-54.25,-54.25
2026-09-14T12:35:11,321820,아티스트컴퍼니,3385.0,29.94,962402,0,-6413,0.74,6.17,0.05,N,40.30,1.29,-44.14,-46.35
2026-09-14T12:35:12,072950,빛샘전자,10825.0,21.63,2212193,0,-5007,0.41,27.47,2.47,N,11.54,1.05,-57.88,-57.88
2026-09-14T12:35:13,006490,프리티,2735.0,14.44,1479897,0,-55088,0.00,8.34,0.00,N,-0.97,2.69,-9.59,-62.90
2026-09-14T12:35:14,069540,빛과전자,4510.0,16.54,51075670,0,50413,0.59,45.32,0.00,N,-11.87,4.76,-44.32,-44.32
2026-09-14T12:35:15,042510,라온시큐어,11080.0,18.12,3054498,0,38324,0.90,27.50,3.73,N,36.69,2.23,-34.67,-34.67
2026-09-14T12:35:16,0015N0,아로마티카,12000.0,13.31,2942331,0,55337,3.63,23.39,0.92,N,27.65,6.58,-61.90,-61.90
2026-09-14T12:35:17,285800,진영,5120.0,7.56,1015203,0,-22850,0.83,28.25,0.12,N,-6.47,0.51,-15.79,-65.46
2026-09-14T12:35:18,256840,한국비엔씨,2870.0,11.03,10028092,0,120946,3.60,14.66,3.54,N,68.33,0.84,-53.56,-53.56
2026-09-14T12:35:19,052400,코나아이,38550.0,10.14,350514,0,-54386,3.83,2.41,1.79,N,7.54,2.14,-46.83,-46.83
2026-09-14T12:35:20,046970,우리로,7560.0,5.15,6387478,0,-431283,1.64,14.57,0.00,N,-420.00,8.37,-53.33,-53.33
2026-09-14T12:35:21,263860,지니언스,19110.0,12.74,1381271,0,-162577,26.37,15.21,1.49,N,23.14,2.66,-36.30,-36.30
2026-09-14T12:35:22,411080,샌즈랩,6590.0,19.6,7326847,0,-137204,1.67,47.99,1.23,N,-183.06,1.86,-36.39,-36.39
2026-09-14T12:35:23,036540,SFA반도체,7650.0,8.66,4306879,0,23500,6.47,2.62,0.90,N,-65.95,2.65,-34.28,-34.28
2026-09-14T12:35:23,010580,에스엠벡셀,2370.0,-7.42,9516198,0,-599410,0.99,8.55,0.43,N,237.00,3.91,-32.19,-32.19
2026-09-14T12:35:24,434480,모니터랩,3020.0,4.32,2671849,0,-73312,3.49,21.70,0.37,N,58.08,0.98,-44.59,-44.59
2026-09-14T12:35:25,117670,알파칩스,12210.0,-10.09,369740,0,-8718,0.88,5.55,0.00,N,-5.74,1.78,-42.68,-42.68
2026-09-14T12:35:26,003350,한국화장품제조,15210.0,-3.18,4506209,0,9454,1.48,19.89,3.20,N,0.00,0.00,-75.35,-15.08
2026-09-14T12:35:27,224060,더코디,8630.0,-12.74,629340,0,492,0.00,12.19,0.00,N,1.83,0.37,-32.31,-32.31
2026-09-14T12:35:28,488280,에스투더블유,15160.0,2.09,1663042,0,-25319,1.03,15.36,2.09,N,-27.07,6.99,-62.10,-62.10
2026-09-14T12:35:29,900270,헝셩그룹,3475.0,-2.52,1445440,0,0,42.80,13.49,0.00,N,204.41,1.46,-24.54,-74.56
2026-09-14T12:35:30,386380,스카이랩스,23700.0,-7.24,2129940,0,-80856,0.92,11.35,0.00,N,0.00,0.00,-39.77,-39.77
2026-09-14T12:45:06,007460,에이프로젠,1993.0,-1.82,57210,0,-8879,0.00,0.23,0.02,N,-0.60,0.02,-74.45,-87.72
2026-09-14T12:45:07,003060,에이프로젠바이오로직스,1610.0,-4.11,166322,0,13606,0.00,1.02,0.00,N,-0.13,0.10,-74.73,-85.42
2026-09-14T12:45:08,417030,니어스랩,30300.0,5.57,260861,0,3550,5.20,4.52,0.00,N,-7.32,-0.66,-27.86,-27.86
2026-09-14T12:45:09,127120,제이에스링크,31050.0,-1.27,46511,0,14246,3.30,0.13,0.00,N,-51.66,14.46,-37.78,-37.78
2026-09-14T12:45:10,115180,큐리언트,21600.0,-0.92,42520,0,5124,3.05,0.11,0.00,N,-25.56,23.89,-65.66,-65.66
2026-09-14T12:45:10,017900,광전자,10270.0,30.0,28516296,0,156799,17.67,49.21,0.90,N,140.68,2.15,-54.25,-54.25
2026-09-14T12:45:11,072950,빛샘전자,11270.0,26.63,3190306,0,-14727,0.41,39.62,2.47,N,12.01,1.09,-56.15,-56.15
2026-09-14T12:45:12,321820,아티스트컴퍼니,3385.0,29.94,974127,0,-6413,0.74,6.25,0.05,N,40.30,1.29,-44.14,-46.35
2026-09-14T12:45:13,069540,빛과전자,4505.0,16.41,53751416,0,-114440,0.59,47.70,0.00,N,-11.86,4.76,-44.38,-44.38
2026-09-14T12:45:14,115440,우리넷,9640.0,16.14,2547403,0,-105407,3.69,23.60,1.34,N,28.35,1.05,-54.85,-54.85
2026-09-14T12:45:15,006490,프리티,2670.0,11.72,1507927,0,-55330,0.00,8.50,0.00,N,-0.95,2.63,-11.74,-63.78
2026-09-14T12:45:16,049080,기가레인,9400.0,14.36,727382,0,-4536,0.00,8.57,0.00,N,-7.53,1.93,-37.12,-69.92
2026-09-14T12:45:17,256840,한국비엔씨,2930.0,13.35,10423365,0,135774,3.60,15.24,3.54,N,69.76,0.86,-52.59,-52.59
2026-09-14T12:45:18,042510,라온시큐어,11020.0,17.48,3094845,0,20849,0.90,27.87,3.73,N,36.49,2.22,-35.02,-35.02
2026-09-14T12:45:19,052400,코나아이,39000.0,11.43,355969,0,-54144,3.83,2.44,1.79,N,7.63,2.17,-46.21,-46.21
2026-09-14T12:45:20,0015N0,아로마티카,11990.0,13.22,2958152,0,56249,3.63,23.52,0.92,N,27.63,6.57,-61.94,-61.94
2026-09-14T12:45:21,046970,우리로,7530.0,4.73,6777508,0,-428738,1.64,15.46,0.00,N,-418.33,8.34,-53.52,-53.52
2026-09-14T12:45:22,263860,지니언스,19110.0,12.74,1411775,0,-161838,26.37,15.55,1.49,N,23.14,2.66,-36.30,-36.30
2026-09-14T12:45:22,010580,에스엠벡셀,2375.0,-7.23,9544232,0,-598293,0.99,8.58,0.43,N,237.50,3.92,-32.05,-32.05
2026-09-14T12:45:24,434480,모니터랩,3010.0,3.97,2676172,0,-73346,3.49,21.74,0.37,N,57.88,0.98,-44.77,-44.77
2026-09-14T12:45:25,285800,진영,4885.0,2.63,1040334,0,-22187,0.83,28.95,0.12,N,-6.18,0.49,-19.65,-67.05
2026-09-14T12:45:25,117670,알파칩스,12150.0,-10.53,370836,0,-8704,0.88,5.57,0.00,N,-5.71,1.78,-42.96,-42.96
2026-09-14T12:45:26,003350,한국화장품제조,15210.0,-3.18,4520344,0,7282,1.48,19.95,3.20,N,0.00,0.00,-75.35,-15.08
2026-09-14T12:45:27,224060,더코디,8740.0,-11.63,632889,0,492,0.00,12.26,0.00,N,1.86,0.38,-31.45,-31.45
2026-09-14T12:45:28,488280,에스투더블유,15200.0,2.36,1675313,0,-26574,1.03,15.48,2.09,N,-27.14,7.00,-62.00,-62.00
2026-09-14T12:45:29,900270,헝셩그룹,3480.0,-2.38,1459770,0,0,42.80,13.63,0.00,N,204.71,1.46,-24.43,-74.52
2026-09-14T12:55:06,007460,에이프로젠,1993.0,-1.82,57331,0,-8879,0.00,0.23,0.02,N,-0.60,0.02,-74.45,-87.72
2026-09-14T12:55:07,003060,에이프로젠바이오로직스,1612.0,-3.99,166549,0,13564,0.00,1.02,0.00,N,-0.13,0.10,-74.69,-85.40
2026-09-14T12:55:08,417030,니어스랩,30450.0,6.1,272126,0,7812,5.20,4.71,0.00,N,-7.35,-0.66,-27.50,-27.50
2026-09-14T12:55:09,127120,제이에스링크,31050.0,-1.27,47786,0,15038,3.30,0.13,0.00,N,-51.66,14.46,-37.78,-37.78
2026-09-14T12:55:10,115180,큐리언트,21550.0,-1.15,43309,0,5385,3.05,0.12,0.00,N,-25.50,23.84,-65.74,-65.74
2026-09-14T12:55:11,017900,광전자,10270.0,30.0,28556997,0,156799,17.67,49.28,0.90,N,140.68,2.15,-54.25,-54.25
2026-09-14T12:55:12,072950,빛샘전자,11320.0,27.19,3519364,0,-15733,0.41,43.70,2.47,N,12.07,1.09,-55.95,-55.95
2026-09-14T12:55:13,321820,아티스트컴퍼니,3385.0,29.94,975455,0,-6413,0.74,6.26,0.05,N,40.30,1.29,-44.14,-46.35
2026-09-14T12:55:14,115440,우리넷,9840.0,18.55,3576291,0,-109681,3.69,33.13,1.34,N,28.94,1.07,-53.91,-53.91
2026-09-14T12:55:15,069540,빛과전자,4500.0,16.28,56339516,0,-218593,0.59,49.99,0.00,N,-11.84,4.75,-44.44,-44.44
2026-09-14T12:55:16,006490,프리티,2690.0,12.55,1517650,0,-54934,0.00,8.55,0.00,N,-0.95,2.65,-11.07,-63.51
2026-09-14T12:55:17,256840,한국비엔씨,3005.0,16.25,11186003,0,210558,3.60,16.36,3.54,N,71.55,0.88,-51.38,-51.38
2026-09-14T12:55:18,049080,기가레인,9370.0,13.99,1085310,0,-5359,0.00,12.79,0.00,N,-7.50,1.92,-37.32,-70.02
2026-09-14T12:55:19,046970,우리로,7780.0,8.21,8186082,0,-418820,1.64,18.68,0.00,N,-432.22,8.62,-51.98,-51.98
2026-09-14T12:55:19,042510,라온시큐어,10950.0,16.74,3111884,0,13666,0.90,28.02,3.73,N,36.26,2.20,-35.44,-35.44
2026-09-14T12:55:20,052400,코나아이,39250.0,12.14,362798,0,-52481,3.83,2.49,1.79,N,7.68,2.18,-45.86,-45.86
2026-09-14T12:55:21,0015N0,아로마티카,11980.0,13.13,2982419,0,60768,3.63,23.71,0.92,N,27.60,6.56,-61.97,-61.97
2026-09-14T12:55:22,217590,티엠씨,11800.0,8.46,599878,0,18590,1.75,2.49,2.96,N,-536.36,2.54,-69.51,-69.51
2026-09-14T12:55:23,036540,SFA반도체,7630.0,8.38,4477963,0,29426,6.47,2.72,0.90,N,-65.78,2.65,-34.45,-34.45
2026-09-14T12:55:24,010580,에스엠벡셀,2350.0,-8.2,9584438,0,-588383,0.99,8.62,0.43,N,235.00,3.88,-32.76,-32.76
2026-09-14T12:55:25,285800,진영,4845.0,1.79,1051812,0,-21307,0.83,29.27,0.12,N,-6.13,0.48,-20.31,-67.32
2026-09-14T12:55:26,434480,모니터랩,3000.0,3.63,2679373,0,-73277,3.49,21.77,0.37,N,57.69,0.97,-44.95,-44.95
2026-09-14T12:55:27,117670,알파칩스,12140.0,-10.6,371745,0,-8776,0.88,5.58,0.00,N,-5.71,1.77,-43.00,-43.00
2026-09-14T12:55:28,003350,한국화장품제조,15200.0,-3.25,4535364,0,7331,1.48,20.01,3.20,N,0.00,0.00,-75.36,-15.13
2026-09-14T12:55:28,900270,헝셩그룹,3465.0,-2.81,1463133,0,0,42.80,13.66,0.00,N,203.82,1.45,-24.76,-74.63
2026-09-14T12:55:29,150900,파수AI,4195.0,11.13,1224068,0,-84695,8.23,10.46,0.23,N,18.40,1.27,-39.11,-39.11
2026-09-14T13:05:06,007460,에이프로젠,1992.0,-1.87,59112,0,-8878,0.00,0.24,0.02,N,-0.60,0.02,-74.46,-87.73
2026-09-14T13:05:07,003060,에이프로젠바이오로직스,1612.0,-3.99,168617,0,13300,0.00,1.04,0.00,N,-0.13,0.10,-74.69,-85.40
2026-09-14T13:05:08,417030,니어스랩,30650.0,6.79,277554,0,10128,5.20,4.80,0.00,N,-7.40,-0.67,-27.02,-27.02
2026-09-14T13:05:08,127120,제이에스링크,31050.0,-1.27,48238,0,15090,3.30,0.13,0.00,N,-51.66,14.46,-37.78,-37.78
2026-09-14T13:05:09,115180,큐리언트,21900.0,0.46,46636,0,7088,3.05,0.12,0.00,N,-25.92,24.23,-65.18,-65.18
2026-09-14T13:05:10,017900,광전자,10270.0,30.0,28592697,0,156799,17.67,49.35,0.90,N,140.68,2.15,-54.25,-54.25
2026-09-14T13:05:11,072950,빛샘전자,11310.0,27.08,3685417,0,-15766,0.41,45.77,2.47,N,12.06,1.09,-55.99,-55.99
2026-09-14T13:05:12,321820,아티스트컴퍼니,3385.0,29.94,976405,0,-6413,0.74,6.26,0.05,N,40.30,1.29,-44.14,-46.35
2026-09-14T13:05:13,115440,우리넷,9890.0,19.16,4037681,0,-118337,3.69,37.41,1.34,N,29.09,1.07,-53.68,-53.68
2026-09-14T13:05:14,006490,프리티,2665.0,11.51,1577504,0,-53688,0.00,8.89,0.00,N,-0.94,2.62,-11.90,-63.84
2026-09-14T13:05:15,069540,빛과전자,4425.0,14.34,57614437,0,-212281,0.59,51.13,0.00,N,-11.64,4.67,-45.37,-45.37
2026-09-14T13:05:16,217590,티엠씨,12320.0,13.24,1117425,0,309,1.75,4.64,2.96,N,-560.00,2.65,-68.17,-68.17
2026-09-14T13:05:17,256840,한국비엔씨,2945.0,13.93,11631271,0,172225,3.60,17.01,3.54,N,70.12,0.86,-52.35,-52.35
2026-09-14T13:05:17,042510,라온시큐어,11000.0,17.27,3123695,0,8433,0.90,28.13,3.73,N,36.42,2.21,-35.14,-35.14
2026-09-14T13:05:18,052400,코나아이,38850.0,11.0,374346,0,-58173,3.83,2.57,1.79,N,7.60,2.16,-46.41,-46.41
2026-09-14T13:05:19,0220W0,한화머시너리앤서비스홀딩스,6920.0,10.54,4593439,0,309660,14.94,5.44,1.22,N,0.00,0.00,-46.77,-46.77
2026-09-14T13:05:20,0015N0,아로마티카,11990.0,13.22,2995065,0,61042,3.63,23.81,0.92,N,27.63,6.57,-61.94,-61.94
2026-09-14T13:05:21,046970,우리로,7670.0,6.68,9078803,0,-432188,1.64,20.72,0.00,N,-426.11,8.49,-52.65,-52.65
2026-09-14T13:05:22,049080,기가레인,9070.0,10.34,1220736,0,-17216,0.00,14.38,0.00,N,-7.26,1.86,-39.33,-70.98
2026-09-14T13:05:23,036540,SFA반도체,7685.0,9.16,4570734,0,47433,6.47,2.78,0.90,N,-66.25,2.66,-33.98,-33.98
2026-09-14T13:05:24,010580,에스엠벡셀,2375.0,-7.23,9605086,0,-588084,0.99,8.63,0.43,N,237.50,3.92,-32.05,-32.05
2026-09-14T13:05:25,285800,진영,4865.0,2.21,1063039,0,-22929,0.83,29.58,0.12,N,-6.15,0.48,-19.98,-67.18
2026-09-14T13:05:26,434480,모니터랩,3030.0,4.66,2681558,0,-73873,3.49,21.78,0.37,N,58.27,0.98,-44.40,-44.40
2026-09-14T13:05:27,117670,알파칩스,12180.0,-10.31,372924,0,-9020,0.88,5.60,0.00,N,-5.73,1.78,-42.82,-42.82
2026-09-14T13:05:27,003350,한국화장품제조,15230.0,-3.06,4544554,0,6880,1.48,20.06,3.20,N,0.00,0.00,-75.32,-14.96
2026-09-14T13:05:28,900270,헝셩그룹,3425.0,-3.93,1494371,0,0,42.80,13.95,0.00,N,201.47,1.44,-25.62,-74.92
2026-09-14T13:05:29,192250,케이사인,7870.0,0.9,386216,0,-42065,3.80,5.46,1.44,N,23.22,0.60,-50.81,-50.81
2026-09-14T13:05:30,150900,파수AI,4185.0,10.86,1228877,0,-84694,8.23,10.50,0.23,N,18.36,1.27,-39.26,-39.26
2026-09-14T13:15:06,007460,에이프로젠,1989.0,-2.02,61653,0,-9009,0.00,0.25,0.02,N,-0.60,0.02,-74.50,-87.74
2026-09-14T13:15:07,003060,에이프로젠바이오로직스,1610.0,-4.11,169284,0,13289,0.00,1.04,0.00,N,-0.13,0.10,-74.73,-85.42
2026-09-14T13:15:08,417030,니어스랩,30750.0,7.14,287023,0,13518,5.20,4.97,0.00,N,-7.42,-0.67,-26.79,-26.79
2026-09-14T13:15:09,127120,제이에스링크,31100.0,-1.11,48991,0,15579,3.30,0.13,0.00,N,-51.75,14.49,-37.68,-37.68
2026-09-14T13:15:10,115180,큐리언트,22050.0,1.15,50818,0,7550,3.05,0.14,0.00,N,-26.09,24.39,-64.94,-64.94
2026-09-14T13:15:11,017900,광전자,10270.0,30.0,28631683,0,156799,17.67,49.41,0.90,N,140.68,2.15,-54.25,-54.25
2026-09-14T13:15:12,321820,아티스트컴퍼니,3385.0,29.94,977584,0,-6413,0.74,6.27,0.05,N,40.30,1.29,-44.14,-46.35
2026-09-14T13:15:12,072950,빛샘전자,10960.0,23.15,3936889,0,-1615,0.41,48.89,2.47,N,11.68,1.06,-57.35,-57.35
2026-09-14T13:15:13,256840,한국비엔씨,2995.0,15.86,12216358,0,177317,3.60,17.86,3.54,N,71.31,0.88,-51.54,-51.54
2026-09-14T13:15:14,006490,프리티,2730.0,14.23,1608465,0,-55864,0.00,9.06,0.00,N,-0.97,2.69,-9.75,-62.96
2026-09-14T13:15:15,217590,티엠씨,12250.0,12.59,1861293,0,-52259,1.75,7.73,2.96,N,-556.82,2.64,-68.35,-68.35
2026-09-14T13:15:16,115440,우리넷,9450.0,13.86,4324107,0,-104261,3.69,40.06,1.34,N,27.79,1.03,-55.74,-55.74
2026-09-14T13:15:17,069540,빛과전자,4355.0,12.53,60589580,0,38968,0.59,53.77,0.00,N,-11.46,4.60,-46.23,-46.23
2026-09-14T13:15:18,042510,라온시큐어,10960.0,16.84,3131715,0,6365,0.90,28.20,3.73,N,36.29,2.20,-35.38,-35.38
2026-09-14T13:15:19,052400,코나아이,39000.0,11.43,380656,0,-57722,3.83,2.61,1.79,N,7.63,2.17,-46.21,-46.21
2026-09-14T13:15:20,0220W0,한화머시너리앤서비스홀딩스,6930.0,10.7,5063505,0,360311,14.94,5.99,1.22,N,0.00,0.00,-46.69,-46.69
2026-09-14T13:15:21,0015N0,아로마티카,11960.0,12.94,3009035,0,65197,3.63,23.93,0.92,N,27.56,6.55,-62.03,-62.03
2026-09-14T13:15:22,036540,SFA반도체,7730.0,9.8,4950449,0,-32193,6.47,3.01,0.90,N,-66.64,2.68,-33.59,-33.59
2026-09-14T13:15:22,049080,기가레인,9050.0,10.1,1308720,0,-20320,0.00,15.42,0.00,N,-7.25,1.86,-39.46,-71.04
2026-09-14T13:15:23,010580,에스엠벡셀,2340.0,-8.59,9658788,0,-582464,0.99,8.68,0.43,N,234.00,3.86,-33.05,-33.05
2026-09-14T13:15:24,285800,진영,4835.0,1.58,1066402,0,-23271,0.83,29.67,0.12,N,-6.11,0.48,-20.48,-67.39
2026-09-14T13:15:25,434480,모니터랩,3000.0,3.63,2685382,0,-74332,3.49,21.81,0.37,N,57.69,0.97,-44.95,-44.95
2026-09-14T13:15:26,117670,알파칩스,12250.0,-9.79,373385,0,-9080,0.88,5.60,0.00,N,-5.76,1.79,-42.49,-42.49
2026-09-14T13:15:27,003350,한국화장품제조,15260.0,-2.86,4555553,0,8046,1.48,20.10,3.20,N,0.00,0.00,-75.27,-14.80
2026-09-14T13:15:28,900270,헝셩그룹,3430.0,-3.79,1505851,0,0,42.80,14.06,0.00,N,201.76,1.44,-25.52,-74.89
2026-09-14T13:15:29,192250,케이사인,7870.0,0.9,386340,0,-42063,3.80,5.47,1.44,N,23.22,0.60,-50.81,-50.81
2026-09-14T13:25:06,007460,에이프로젠,1993.0,-1.82,63179,0,-9458,0.00,0.25,0.02,N,-0.60,0.02,-74.45,-87.72
2026-09-14T13:25:07,003060,에이프로젠바이오로직스,1607.0,-4.29,172125,0,13250,0.00,1.06,0.00,N,-0.12,0.10,-74.77,-85.45
2026-09-14T13:25:08,417030,니어스랩,30450.0,6.1,293176,0,15914,5.20,5.07,0.00,N,-7.35,-0.66,-27.50,-27.50
2026-09-14T13:25:09,127120,제이에스링크,31050.0,-1.27,49751,0,15366,3.30,0.13,0.00,N,-51.66,14.46,-37.78,-37.78
2026-09-14T13:25:09,115180,큐리언트,22400.0,2.75,57085,0,8076,3.05,0.15,0.00,N,-26.51,24.78,-64.39,-64.39
2026-09-14T13:25:10,017900,광전자,10270.0,30.0,28666577,0,156799,17.67,49.47,0.90,N,140.68,2.15,-54.25,-54.25
2026-09-14T13:25:11,321820,아티스트컴퍼니,3385.0,29.94,977680,0,-6413,0.74,6.27,0.05,N,40.30,1.29,-44.14,-46.35
2026-09-14T13:25:12,072950,빛샘전자,11110.0,24.83,4171339,0,-6953,0.41,51.80,2.47,N,11.84,1.07,-56.77,-56.77
2026-09-14T13:25:13,256840,한국비엔씨,2960.0,14.51,12428868,0,181538,3.60,18.17,3.54,N,70.48,0.87,-52.10,-52.10
2026-09-14T13:25:14,006490,프리티,2645.0,10.67,1683523,0,-55293,0.00,9.49,0.00,N,-0.94,2.60,-12.56,-64.12
2026-09-14T13:25:15,069540,빛과전자,4385.0,13.31,62385634,0,-145566,0.59,55.36,0.00,N,-11.54,4.63,-45.86,-45.86
2026-09-14T13:25:16,217590,티엠씨,12320.0,13.24,2057600,0,6158,1.75,8.54,2.96,N,-560.00,2.65,-68.17,-68.17
2026-09-14T13:25:17,042510,라온시큐어,11070.0,18.02,3154728,0,3599,0.90,28.41,3.73,N,36.66,2.23,-34.73,-34.73
2026-09-14T13:25:18,115440,우리넷,9340.0,12.53,4447595,0,-111005,3.69,41.20,1.34,N,27.47,1.01,-56.25,-56.25
2026-09-14T13:25:19,101730,위메이드맥스,4985.0,24.47,2260612,0,48518,9.20,2.70,0.80,N,-11.70,0.90,-38.91,-38.91
2026-09-14T13:25:19,052400,코나아이,38650.0,10.43,384378,0,-57556,3.83,2.64,1.79,N,7.56,2.15,-46.69,-46.69
2026-09-14T13:25:20,0220W0,한화머시너리앤서비스홀딩스,6890.0,10.06,5466970,0,355200,14.94,6.47,1.22,N,0.00,0.00,-47.00,-47.00
2026-09-14T13:25:21,0015N0,아로마티카,11860.0,11.99,3028380,0,62795,3.63,24.08,0.92,N,27.33,6.50,-62.35,-62.35
2026-09-14T13:25:22,036540,SFA반도체,7650.0,8.66,5124129,0,-69060,6.47,3.12,0.90,N,-65.95,2.65,-34.28,-34.28
2026-09-14T13:25:23,010580,에스엠벡셀,2350.0,-8.2,9736178,0,-562565,0.99,8.75,0.43,N,235.00,3.88,-32.76,-32.76
2026-09-14T13:25:24,285800,진영,4835.0,1.58,1086567,0,-23542,0.83,30.23,0.12,N,-6.11,0.48,-20.48,-67.39
2026-09-14T13:25:25,434480,모니터랩,3000.0,3.63,2694951,0,-76552,3.49,21.89,0.37,N,57.69,0.97,-44.95,-44.95
2026-09-14T13:25:26,117670,알파칩스,12150.0,-10.53,374743,0,-9542,0.88,5.63,0.00,N,-5.71,1.78,-42.96,-42.96
2026-09-14T13:25:27,003350,한국화장품제조,15290.0,-2.67,4574203,0,2428,1.48,20.19,3.20,N,0.00,0.00,-75.22,-14.63
2026-09-14T13:25:27,900270,헝셩그룹,3405.0,-4.49,1515597,0,0,42.80,14.15,0.00,N,200.29,1.43,-26.06,-75.07
2026-09-14T13:25:28,192250,케이사인,7840.0,0.51,389152,0,-42442,3.80,5.51,1.44,N,23.13,0.60,-51.00,-51.00
2026-09-14T13:35:07,007460,에이프로젠,1995.0,-1.72,63286,0,-9467,0.00,0.25,0.02,N,-0.60,0.02,-74.42,-87.71
2026-09-14T13:35:08,003060,에이프로젠바이오로직스,1609.0,-4.17,172249,0,13156,0.00,1.06,0.00,N,-0.12,0.10,-74.74,-85.43
2026-09-14T13:35:09,417030,니어스랩,30400.0,5.92,298581,0,16551,5.20,5.17,0.00,N,-7.34,-0.66,-27.62,-27.62
2026-09-14T13:35:10,127120,제이에스링크,31000.0,-1.43,50622,0,15521,3.30,0.14,0.00,N,-51.58,14.44,-37.88,-37.88
2026-09-14T13:35:11,115180,큐리언트,22600.0,3.67,61364,0,6438,3.05,0.16,0.00,N,-26.75,25.00,-64.07,-64.07
2026-09-14T13:35:12,017900,광전자,10270.0,30.0,28690287,0,156799,17.67,49.51,0.90,N,140.68,2.15,-54.25,-54.25
2026-09-14T13:35:13,072950,빛샘전자,11270.0,26.63,4373121,0,7650,0.41,54.31,2.47,N,12.01,1.09,-56.15,-56.15
2026-09-14T13:35:14,321820,아티스트컴퍼니,3385.0,29.94,977932,0,-6413,0.74,6.27,0.05,N,40.30,1.29,-44.14,-46.35
2026-09-14T13:35:15,217590,티엠씨,13180.0,21.14,3062058,0,-8057,1.75,12.71,2.96,N,-599.09,2.84,-65.94,-65.94
2026-09-14T13:35:15,006490,프리티,2685.0,12.34,1743760,0,-56707,0.00,9.83,0.00,N,-0.95,2.64,-11.24,-63.57
2026-09-14T13:35:16,256840,한국비엔씨,2960.0,14.51,12548638,0,196175,3.60,18.35,3.54,N,70.48,0.87,-52.10,-52.10
2026-09-14T13:35:18,069540,빛과전자,4375.0,13.05,63585504,0,-86463,0.59,56.42,0.00,N,-11.51,4.62,-45.99,-45.99
2026-09-14T13:35:18,040300,YTN,2305.0,16.95,1788647,-117879,-117670,3.69,3.75,0.40,N,-5.20,0.43,-52.96,-52.96
2026-09-14T13:35:19,042510,라온시큐어,10960.0,16.84,3169806,0,3288,0.90,28.54,3.73,N,36.29,2.20,-35.38,-35.38
2026-09-14T13:35:20,115440,우리넷,9230.0,11.2,4581688,0,-102769,3.69,42.45,1.34,N,27.15,1.00,-56.77,-56.77
2026-09-14T13:35:21,052400,코나아이,38600.0,10.29,388586,0,-56264,3.83,2.67,1.79,N,7.55,2.14,-46.76,-46.76
2026-09-14T13:35:22,0015N0,아로마티카,11850.0,11.9,3047174,0,59457,3.63,24.23,0.92,N,27.30,6.49,-62.38,-62.38
2026-09-14T13:35:23,263860,지니언스,19130.0,12.86,1502508,0,-158176,26.37,16.55,1.49,N,23.16,2.66,-36.23,-36.23
2026-09-14T13:35:24,010580,에스엠벡셀,2340.0,-8.59,9769929,0,-566477,0.99,8.78,0.43,N,234.00,3.86,-33.05,-33.05
2026-09-14T13:35:25,285800,진영,4855.0,2.0,1146068,0,-22191,0.83,31.89,0.12,N,-6.14,0.48,-20.15,-67.25
2026-09-14T13:35:26,434480,모니터랩,2990.0,3.28,2700794,0,-76840,3.49,21.94,0.37,N,57.50,0.97,-45.14,-45.14
2026-09-14T13:35:27,117670,알파칩스,12120.0,-10.75,376450,0,-9931,0.88,5.65,0.00,N,-5.70,1.77,-43.10,-43.10
2026-09-14T13:35:28,003350,한국화장품제조,15270.0,-2.8,4589014,0,720,1.48,20.25,3.20,N,0.00,0.00,-75.25,-14.74
2026-09-14T13:35:29,900270,헝셩그룹,3385.0,-5.05,1542036,0,0,42.80,14.40,0.00,N,199.12,1.42,-26.49,-75.22
2026-09-14T13:35:30,052220,iMBC,1918.0,8.61,2341163,0,-208082,3.39,10.18,1.49,N,-8.23,0.79,-49.92,-49.92
2026-09-14T13:35:31,192250,케이사인,7840.0,0.51,390334,0,-42240,3.80,5.52,1.44,N,23.13,0.60,-51.00,-51.00
2026-09-14T13:35:32,224060,더코디,8700.0,-12.03,652572,0,492,0.00,12.64,0.00,N,1.85,0.38,-31.76,-31.76
2026-09-14T13:45:06,007460,에이프로젠,2000.0,-1.48,64509,0,-9609,0.00,0.26,0.02,N,-0.60,0.02,-74.36,-87.68
2026-09-14T13:45:07,003060,에이프로젠바이오로직스,1608.0,-4.23,172309,0,13108,0.00,1.06,0.00,N,-0.12,0.10,-74.76,-85.44
2026-09-14T13:45:08,417030,니어스랩,30550.0,6.45,301241,0,16504,5.20,5.21,0.00,N,-7.38,-0.67,-27.26,-27.26
2026-09-14T13:45:09,127120,제이에스링크,30950.0,-1.59,52244,0,15155,3.30,0.14,0.00,N,-51.50,14.42,-37.98,-37.98
2026-09-14T13:45:10,115180,큐리언트,22700.0,4.13,65105,0,4423,3.05,0.17,0.00,N,-26.86,25.11,-63.91,-63.91
2026-09-14T13:45:11,017900,광전자,10270.0,30.0,28708623,0,156799,17.67,49.55,0.90,N,140.68,2.15,-54.25,-54.25
2026-09-14T13:45:12,072950,빛샘전자,11180.0,25.62,4526291,0,12660,0.41,56.21,2.47,N,11.92,1.08,-56.50,-56.50
2026-09-14T13:45:13,321820,아티스트컴퍼니,3385.0,29.94,978432,0,-6413,0.74,6.28,0.05,N,40.30,1.29,-44.14,-46.35
2026-09-14T13:45:14,217590,티엠씨,13110.0,20.5,3841892,0,1684,1.75,15.95,2.96,N,-595.91,2.82,-66.12,-66.12
2026-09-14T13:45:15,006490,프리티,2730.0,14.23,1761107,0,-56882,0.00,9.92,0.00,N,-0.97,2.69,-9.75,-62.96
2026-09-14T13:45:16,104620,노랑풍선,3740.0,18.73,1003402,0,-112510,2.72,5.97,0.83,N,-21.62,1.57,-50.66,-50.66
2026-09-14T13:45:17,069540,빛과전자,4340.0,12.14,64780011,0,-158630,0.59,57.48,0.00,N,-11.42,4.58,-46.42,-46.42
2026-09-14T13:45:18,256840,한국비엔씨,2925.0,13.15,12697483,0,238134,3.60,18.56,3.54,N,69.64,0.86,-52.67,-52.67
2026-09-14T13:45:19,042510,라온시큐어,10960.0,16.84,3180819,0,3241,0.90,28.64,3.73,N,36.29,2.20,-35.38,-35.38
2026-09-14T13:45:20,115440,우리넷,9250.0,11.45,4663840,0,-116616,3.69,43.21,1.34,N,27.21,1.00,-56.67,-56.67
2026-09-14T13:45:21,052400,코나아이,38650.0,10.43,393618,0,-54629,3.83,2.70,1.79,N,7.56,2.15,-46.69,-46.69
2026-09-14T13:45:21,0220W0,한화머시너리앤서비스홀딩스,6910.0,10.38,5829015,0,361217,14.94,6.90,1.22,N,0.00,0.00,-46.85,-46.85
2026-09-14T13:45:22,040300,YTN,2235.0,13.39,1966553,-116624,-116454,3.71,4.12,0.40,N,-5.05,0.42,-54.39,-54.39
2026-09-14T13:45:23,263860,지니언스,19230.0,13.45,1510564,0,-156568,26.37,16.64,1.49,N,23.28,2.67,-35.90,-35.90
2026-09-14T13:45:24,010580,에스엠벡셀,2335.0,-8.79,9810942,0,-561224,0.99,8.82,0.43,N,233.50,3.85,-33.19,-33.19
2026-09-14T13:45:25,285800,진영,4845.0,1.79,1150220,0,-22423,0.83,32.01,0.12,N,-6.13,0.48,-20.31,-67.32
2026-09-14T13:45:26,434480,모니터랩,3010.0,3.97,2715211,0,-76383,3.49,22.06,0.37,N,57.88,0.98,-44.77,-44.77
2026-09-14T13:45:27,117670,알파칩스,12200.0,-10.16,377241,0,-10165,0.88,5.66,0.00,N,-5.74,1.78,-42.72,-42.72
2026-09-14T13:45:28,052220,iMBC,1845.0,4.47,2613750,0,-184890,3.39,11.36,1.49,N,-7.92,0.76,-51.83,-51.83
2026-09-14T13:45:29,003350,한국화장품제조,15220.0,-3.12,4602247,0,-3448,1.48,20.31,3.20,N,0.00,0.00,-75.33,-15.02
2026-09-14T13:45:30,192250,케이사인,7850.0,0.64,390450,0,-42210,3.80,5.52,1.44,N,23.16,0.60,-50.94,-50.94
2026-09-14T13:45:31,900270,헝셩그룹,3435.0,-3.65,1549100,0,0,42.80,14.46,0.00,N,202.06,1.44,-25.41,-74.85
2026-09-14T13:45:32,150900,파수AI,4185.0,10.86,1243678,0,-81719,8.23,10.63,0.23,N,18.36,1.27,-39.26,-39.26
2026-09-14T13:55:06,007460,에이프로젠,1997.0,-1.63,66024,0,-9679,0.00,0.27,0.02,N,-0.60,0.02,-74.40,-87.70
2026-09-14T13:55:07,003060,에이프로젠바이오로직스,1608.0,-4.23,177714,0,12654,0.00,1.09,0.00,N,-0.12,0.10,-74.76,-85.44
2026-09-14T13:55:08,417030,니어스랩,30400.0,5.92,304550,0,16847,5.20,5.27,0.00,N,-7.34,-0.66,-27.62,-27.62
2026-09-14T13:55:09,127120,제이에스링크,30850.0,-1.91,54419,0,15422,3.30,0.15,0.00,N,-51.33,14.37,-38.18,-38.18
2026-09-14T13:55:10,115180,큐리언트,22450.0,2.98,68748,0,2989,3.05,0.18,0.00,N,-26.57,24.83,-64.31,-64.31
2026-09-14T13:55:11,017900,광전자,10270.0,30.0,28724635,0,156799,17.67,49.57,0.90,N,140.68,2.15,-54.25,-54.25
2026-09-14T13:55:12,321820,아티스트컴퍼니,3385.0,29.94,978866,0,-6413,0.74,6.28,0.05,N,40.30,1.29,-44.14,-46.35
2026-09-14T13:55:13,072950,빛샘전자,11120.0,24.94,4605546,0,16506,0.41,57.19,2.47,N,11.86,1.07,-56.73,-56.73
2026-09-14T13:55:13,217590,티엠씨,13130.0,20.68,4281433,0,88143,1.75,17.77,2.96,N,-596.82,2.83,-66.07,-66.07
2026-09-14T13:55:14,006490,프리티,2775.0,16.11,1792958,0,-57086,0.00,10.10,0.00,N,-0.98,2.73,-8.26,-62.35
2026-09-14T13:55:15,256840,한국비엔씨,2910.0,12.57,12853740,0,242538,3.60,18.79,3.54,N,69.29,0.85,-52.91,-52.91
2026-09-14T13:55:16,101730,위메이드맥스,5020.0,25.34,2776786,0,74381,9.20,3.31,0.80,N,-11.78,0.90,-38.48,-38.48
2026-09-14T13:55:17,042510,라온시큐어,10950.0,16.74,3190506,0,2895,0.90,28.73,3.73,N,36.26,2.20,-35.44,-35.44
2026-09-14T13:55:18,069540,빛과전자,4290.0,10.85,65524618,0,-204090,0.59,58.14,0.00,N,-11.29,4.53,-47.04,-47.04
2026-09-14T13:55:19,263860,지니언스,19580.0,15.52,1941413,0,-166476,26.37,21.38,1.49,N,23.70,2.72,-34.73,-34.73
2026-09-14T13:55:20,104620,노랑풍선,3580.0,13.65,1521506,0,-121237,2.72,9.05,0.83,N,-20.69,1.50,-52.77,-52.77
2026-09-14T13:55:21,115440,우리넷,9130.0,10.0,4709788,0,-118771,3.69,43.63,1.34,N,26.85,0.99,-57.24,-57.24
2026-09-14T13:55:22,052400,코나아이,38250.0,9.29,400292,0,-53730,3.83,2.75,1.79,N,7.49,2.13,-47.24,-47.24
2026-09-14T13:55:22,010580,에스엠벡셀,2330.0,-8.98,9855313,0,-549873,0.99,8.86,0.43,N,233.00,3.84,-33.33,-33.33
2026-09-14T13:55:23,285800,진영,4795.0,0.74,1153514,0,-23011,0.83,32.10,0.12,N,-6.06,0.48,-21.13,-67.66
2026-09-14T13:55:24,434480,모니터랩,3040.0,5.01,2718924,0,-75410,3.49,22.09,0.37,N,58.46,0.99,-44.22,-44.22
2026-09-14T13:55:25,117670,알파칩스,12170.0,-10.38,378096,0,-10233,0.88,5.68,0.00,N,-5.72,1.78,-42.86,-42.86
2026-09-14T13:55:26,052220,iMBC,1803.0,2.1,2719765,0,-185012,3.39,11.83,1.49,N,-7.74,0.75,-52.92,-52.92
2026-09-14T13:55:27,003350,한국화장품제조,15200.0,-3.25,4610908,0,-6666,1.48,20.35,3.20,N,0.00,0.00,-75.36,-15.13
2026-09-14T13:55:28,224060,더코디,8610.0,-12.94,662645,0,501,0.00,12.84,0.00,N,1.83,0.37,-32.47,-32.47
2026-09-14T13:55:29,900270,헝셩그룹,3425.0,-3.93,1552893,0,0,42.80,14.50,0.00,N,201.47,1.44,-25.62,-74.92
2026-09-14T13:55:30,192250,케이사인,7860.0,0.77,391293,0,-42226,3.80,5.54,1.44,N,23.19,0.60,-50.88,-50.88
2026-09-14T13:55:31,488280,에스투더블유,15140.0,1.95,1772640,0,-25120,1.03,16.37,2.09,N,-27.04,6.98,-62.15,-62.15
2026-09-14T13:55:32,040300,YTN,2175.0,10.35,2087925,-128331,-128377,3.47,4.38,0.40,N,-4.91,0.41,-55.61,-55.61
2026-09-14T14:05:06,007460,에이프로젠,1993.0,-1.82,67065,0,-9821,0.00,0.27,0.02,N,-0.60,0.02,-74.45,-87.72
2026-09-14T14:05:07,003060,에이프로젠바이오로직스,1604.0,-4.47,178048,0,12643,0.00,1.09,0.00,N,-0.12,0.10,-74.82,-85.47
2026-09-14T14:05:08,417030,니어스랩,30300.0,5.57,307910,0,17547,5.20,5.33,0.00,N,-7.32,-0.66,-27.86,-27.86
2026-09-14T14:05:09,127120,제이에스링크,30750.0,-2.23,55698,0,15176,3.30,0.15,0.00,N,-51.16,14.32,-38.38,-38.38
2026-09-14T14:05:10,115180,큐리언트,22300.0,2.29,72667,0,1788,3.05,0.19,0.00,N,-26.39,24.67,-64.55,-64.55
2026-09-14T14:05:11,017900,광전자,10270.0,30.0,28745108,0,156799,17.67,49.61,0.90,N,140.68,2.15,-54.25,-54.25
2026-09-14T14:05:12,321820,아티스트컴퍼니,3385.0,29.94,980569,0,-6413,0.74,6.29,0.05,N,40.30,1.29,-44.14,-46.35
2026-09-14T14:05:13,072950,빛샘전자,11060.0,24.27,4684200,0,16299,0.41,58.17,2.47,N,11.79,1.07,-56.96,-56.96
2026-09-14T14:05:13,391710,코닉오토메이션,1336.0,24.05,2488605,0,-15105,0.82,5.84,0.43,N,53.44,2.15,-63.89,-63.89
2026-09-14T14:05:14,217590,티엠씨,12960.0,19.12,4707366,0,91803,1.75,19.54,2.96,N,-589.09,2.79,-66.51,-66.51
2026-09-14T14:05:15,006490,프리티,2695.0,12.76,1802402,0,-56622,0.00,10.16,0.00,N,-0.96,2.65,-10.91,-63.44
2026-09-14T14:05:16,101730,위메이드맥스,5050.0,26.09,3011394,0,52322,9.20,3.59,0.80,N,-11.85,0.91,-38.11,-38.11
2026-09-14T14:05:17,263860,지니언스,19470.0,14.87,2163501,0,-175737,26.37,23.83,1.49,N,23.57,2.71,-35.10,-35.10
2026-09-14T14:05:18,256840,한국비엔씨,2900.0,12.19,13021342,0,224191,3.60,19.04,3.54,N,69.05,0.85,-53.07,-53.07
2026-09-14T14:05:19,042510,라온시큐어,10790.0,15.03,3223773,0,4544,0.90,29.03,3.73,N,35.73,2.17,-36.38,-36.38
2026-09-14T14:05:20,069540,빛과전자,4235.0,9.43,66928322,0,-136401,0.59,59.39,0.00,N,-11.14,4.47,-47.72,-47.72
2026-09-14T14:05:21,052400,코나아이,38050.0,8.71,409802,0,-54367,3.83,2.81,1.79,N,7.45,2.11,-47.52,-47.52
2026-09-14T14:05:21,010580,에스엠벡셀,2315.0,-9.57,9917386,0,-519256,0.99,8.91,0.43,N,231.50,3.82,-33.76,-33.76
2026-09-14T14:05:22,285800,진영,4835.0,1.58,1156243,0,-23616,0.83,32.17,0.12,N,-6.11,0.48,-20.48,-67.39
2026-09-14T14:05:23,052220,iMBC,1800.0,1.93,2773490,0,-183245,3.39,12.06,1.49,N,-7.73,0.75,-53.00,-53.00
2026-09-14T14:05:24,434480,모니터랩,3025.0,4.49,2723618,0,-76265,3.49,22.12,0.37,N,58.17,0.98,-44.50,-44.50
2026-09-14T14:05:25,117670,알파칩스,12090.0,-10.97,379423,0,-10344,0.88,5.70,0.00,N,-5.68,1.77,-43.24,-43.24
2026-09-14T14:05:26,040300,YTN,2110.0,7.05,2190487,-118634,-118267,3.67,4.59,0.40,N,-4.76,0.40,-56.94,-56.94
2026-09-14T14:05:27,003350,한국화장품제조,15120.0,-3.76,4641506,0,-9463,1.48,20.48,3.20,N,0.00,0.00,-75.49,-15.58
2026-09-14T14:05:28,900270,헝셩그룹,3385.0,-5.05,1559713,0,0,42.80,14.56,0.00,N,199.12,1.42,-26.49,-75.22
2026-09-14T14:05:29,192250,케이사인,7870.0,0.9,392853,0,-41066,3.80,5.56,1.44,N,23.22,0.60,-50.81,-50.81
2026-09-14T14:05:30,488280,에스투더블유,15130.0,1.89,1782156,0,-23998,1.03,16.46,2.09,N,-27.02,6.97,-62.17,-62.17
2026-09-14T14:15:06,007460,에이프로젠,1995.0,-1.72,67547,0,-10240,0.00,0.27,0.02,N,-0.60,0.02,-74.42,-87.71
2026-09-14T14:15:07,003060,에이프로젠바이오로직스,1606.0,-4.35,178056,0,12636,0.00,1.09,0.00,N,-0.12,0.10,-74.79,-85.46
2026-09-14T14:15:08,417030,니어스랩,30750.0,7.14,343715,0,23273,5.20,5.95,0.00,N,-7.42,-0.67,-26.79,-26.79
2026-09-14T14:15:09,127120,제이에스링크,30300.0,-3.66,67636,0,13594,3.30,0.18,0.00,N,-50.42,14.11,-39.28,-39.28
2026-09-14T14:15:10,115180,큐리언트,22300.0,2.29,76705,0,502,3.05,0.20,0.00,N,-26.39,24.67,-64.55,-64.55
2026-09-14T14:15:11,017900,광전자,10270.0,30.0,28764455,0,156799,17.67,49.64,0.90,N,140.68,2.15,-54.25,-54.25
2026-09-14T14:15:12,321820,아티스트컴퍼니,3385.0,29.94,981004,0,-6413,0.74,6.29,0.05,N,40.30,1.29,-44.14,-46.35
2026-09-14T14:15:13,072950,빛샘전자,11010.0,23.71,4784747,0,9761,0.41,59.42,2.47,N,11.74,1.06,-57.16,-57.16
2026-09-14T14:15:14,391710,코닉오토메이션,1341.0,24.51,2643509,0,-25183,0.82,6.20,0.43,N,53.64,2.16,-63.76,-63.76
2026-09-14T14:15:14,217590,티엠씨,12690.0,16.64,5001710,0,122659,1.75,20.76,2.96,N,-576.82,2.73,-67.21,-67.21
2026-09-14T14:15:15,006490,프리티,2720.0,13.81,1808825,0,-56889,0.00,10.19,0.00,N,-0.96,2.68,-10.08,-63.10
2026-09-14T14:15:16,411080,샌즈랩,6790.0,23.23,8423520,0,-170819,1.67,55.17,1.23,N,-188.61,1.92,-34.46,-34.46
2026-09-14T14:15:17,256840,한국비엔씨,2890.0,11.8,13134745,0,239746,3.60,19.20,3.54,N,68.81,0.85,-53.24,-53.24
2026-09-14T14:15:18,042510,라온시큐어,10850.0,15.67,3269487,0,8406,0.90,29.44,3.73,N,35.93,2.18,-36.03,-36.03
2026-09-14T14:15:19,263860,지니언스,19330.0,14.04,2245846,0,-186326,26.37,24.74,1.49,N,23.40,2.69,-35.57,-35.57
2026-09-14T14:15:20,069540,빛과전자,4250.0,9.82,67874531,0,59158,0.59,60.23,0.00,N,-11.18,4.49,-47.53,-47.53
2026-09-14T14:15:21,0015N0,아로마티카,11890.0,12.28,3124229,0,75002,3.63,24.84,0.92,N,27.40,6.52,-62.25,-62.25
2026-09-14T14:15:22,101730,위메이드맥스,4930.0,23.1,3162510,0,33734,9.20,3.77,0.80,N,-11.57,0.89,-39.58,-39.58
2026-09-14T14:15:23,010580,에스엠벡셀,2325.0,-9.18,9931875,0,-518818,0.99,8.93,0.43,N,232.50,3.84,-33.48,-33.48
2026-09-14T14:15:24,285800,진영,4720.0,-0.84,1172021,0,-23884,0.83,32.61,0.12,N,-5.97,0.47,-22.37,-68.16
2026-09-14T14:15:25,052220,iMBC,1783.0,0.96,2811764,0,-184301,3.39,12.23,1.49,N,-7.65,0.74,-53.45,-53.45
2026-09-14T14:15:25,117670,알파칩스,12060.0,-11.19,380759,0,-10441,0.88,5.72,0.00,N,-5.67,1.76,-43.38,-43.38
2026-09-14T14:15:26,040300,YTN,2045.0,3.75,2290219,-113722,-110738,3.77,4.80,0.40,N,-4.62,0.39,-58.27,-58.27
2026-09-14T14:15:27,434480,모니터랩,3105.0,7.25,2783013,0,-76103,3.49,22.61,0.37,N,59.71,1.01,-43.03,-43.03
2026-09-14T14:15:28,003350,한국화장품제조,15120.0,-3.76,4673000,0,-7105,1.48,20.62,3.20,N,0.00,0.00,-75.49,-15.58
2026-09-14T14:15:29,900270,헝셩그룹,3400.0,-4.63,1562282,0,0,42.80,14.58,0.00,N,200.00,1.43,-26.17,-75.11
2026-09-14T14:15:30,488280,에스투더블유,15110.0,1.75,1830577,0,-12994,1.03,16.91,2.09,N,-26.98,6.96,-62.23,-62.23
2026-09-14T14:15:31,192250,케이사인,7900.0,1.28,395771,0,-40723,3.80,5.60,1.44,N,23.30,0.60,-50.63,-50.63
2026-09-14T14:25:06,007460,에이프로젠,1990.0,-1.97,68902,0,-10593,0.00,0.28,0.02,N,-0.60,0.02,-74.49,-87.74
2026-09-14T14:25:06,003060,에이프로젠바이오로직스,1603.0,-4.53,179429,0,11326,0.00,1.10,0.00,N,-0.12,0.10,-74.84,-85.48
2026-09-14T14:25:07,417030,니어스랩,29650.0,3.31,396567,0,53444,5.20,6.86,0.00,N,-7.16,-0.65,-29.40,-29.40
2026-09-14T14:25:08,127120,제이에스링크,30250.0,-3.82,69846,0,13028,3.30,0.19,0.00,N,-50.33,14.09,-39.38,-39.38
2026-09-14T14:25:09,115180,큐리언트,22300.0,2.29,80113,0,-1093,3.05,0.21,0.00,N,-26.39,24.67,-64.55,-64.55
2026-09-14T14:25:10,017900,광전자,10270.0,30.0,28778895,0,156799,17.67,49.67,0.90,N,140.68,2.15,-54.25,-54.25
2026-09-14T14:25:11,321820,아티스트컴퍼니,3385.0,29.94,986082,0,-6413,0.74,6.32,0.05,N,40.30,1.29,-44.14,-46.35
2026-09-14T14:25:12,072950,빛샘전자,10990.0,23.48,4853043,0,6175,0.41,60.27,2.47,N,11.72,1.06,-57.24,-57.24
2026-09-14T14:25:13,005160,동국산업,3175.0,25.0,1418303,0,-90863,1.86,2.61,0.65,Y,-17.26,0.44,-19.52,-19.52
2026-09-14T14:25:14,391710,코닉오토메이션,1349.0,25.26,2717767,0,-45529,0.82,6.38,0.43,N,53.96,2.17,-63.54,-63.54
2026-09-14T14:25:15,006490,프리티,2700.0,12.97,1825004,0,-56665,0.00,10.28,0.00,N,-0.96,2.66,-10.74,-63.37
2026-09-14T14:25:15,217590,티엠씨,12560.0,15.44,5247824,0,149552,1.75,21.78,2.96,N,-570.91,2.70,-67.55,-67.55
2026-09-14T14:25:16,046970,우리로,7640.0,6.26,11081964,0,-408393,1.64,25.29,0.00,N,-424.44,8.46,-52.84,-52.84
2026-09-14T14:25:17,256840,한국비엔씨,2870.0,11.03,13265945,0,255176,3.60,19.40,3.54,N,68.33,0.84,-53.56,-53.56
2026-09-14T14:25:18,042510,라온시큐어,10710.0,14.18,3286109,0,10548,0.90,29.59,3.73,N,35.46,2.15,-36.85,-36.85
2026-09-14T14:25:19,411080,샌즈랩,6730.0,22.14,8761267,0,-193745,1.67,57.38,1.23,N,-186.94,1.90,-35.04,-35.04
2026-09-14T14:25:20,069540,빛과전자,4260.0,10.08,68823026,0,50652,0.59,61.07,0.00,N,-11.21,4.50,-47.41,-47.41
2026-09-14T14:25:21,0015N0,아로마티카,11910.0,12.46,3167741,0,76442,3.63,25.19,0.92,N,27.44,6.53,-62.19,-62.19
2026-09-14T14:25:22,115440,우리넷,9050.0,9.04,4878142,0,-108966,3.69,45.19,1.34,N,26.62,0.98,-57.61,-57.61
2026-09-14T14:25:22,263860,지니언스,19150.0,12.98,2283727,0,-183396,26.37,25.15,1.49,N,23.18,2.66,-36.17,-36.17
2026-09-14T14:25:23,285800,진영,4570.0,-3.99,1182339,0,-24219,0.83,32.90,0.12,N,-5.78,0.45,-24.84,-69.17
2026-09-14T14:25:24,010580,에스엠벡셀,2315.0,-9.57,9970774,0,-515150,0.99,8.96,0.43,N,231.50,3.82,-33.76,-33.76
2026-09-14T14:25:25,052220,iMBC,1769.0,0.17,2845140,0,-184511,3.39,12.37,1.49,N,-7.59,0.73,-53.81,-53.81
2026-09-14T14:25:26,117670,알파칩스,11980.0,-11.78,385384,0,-10525,0.88,5.79,0.00,N,-5.63,1.75,-43.76,-43.76
2026-09-14T14:25:27,434480,모니터랩,3030.0,4.66,2820831,0,-77013,3.49,22.91,0.37,N,58.27,0.98,-44.40,-44.40
2026-09-14T14:25:28,040300,YTN,2035.0,3.25,2345499,-119154,-118787,3.66,4.92,0.40,N,-4.59,0.38,-58.47,-58.47
2026-09-14T14:25:29,003350,한국화장품제조,15080.0,-4.01,4681108,0,-3793,1.48,20.66,3.20,N,0.00,0.00,-75.56,-15.80
2026-09-14T14:25:30,900270,헝셩그룹,3380.0,-5.19,1566078,0,0,42.80,14.62,0.00,Y,198.82,1.42,-26.60,-75.25
2026-09-14T14:25:31,224060,더코디,8650.0,-12.54,680998,0,1083,0.00,13.20,0.00,N,1.84,0.37,-32.16,-32.16
2026-09-14T14:25:31,192250,케이사인,7880.0,1.03,398109,0,-40687,3.80,5.63,1.44,N,23.24,0.60,-50.75,-50.75
2026-09-14T14:35:07,007460,에이프로젠,1991.0,-1.92,69565,0,-10636,0.00,0.28,0.02,N,-0.60,0.02,-74.47,-87.73
2026-09-14T14:35:08,003060,에이프로젠바이오로직스,1594.0,-5.06,189780,0,11478,0.00,1.17,0.00,N,-0.12,0.10,-74.98,-85.57
2026-09-14T14:35:09,417030,니어스랩,29950.0,4.36,406156,0,54715,5.20,7.03,0.00,N,-7.23,-0.65,-28.69,-28.69
2026-09-14T14:35:09,127120,제이에스링크,30300.0,-3.66,71936,0,12785,3.30,0.19,0.00,N,-50.42,14.11,-39.28,-39.28
2026-09-14T14:35:10,115180,큐리언트,22200.0,1.83,84134,0,-2837,3.05,0.22,0.00,N,-26.27,24.56,-64.71,-64.71
2026-09-14T14:35:11,017900,광전자,10270.0,30.0,28786598,0,156799,17.67,49.68,0.90,N,140.68,2.15,-54.25,-54.25
2026-09-14T14:35:12,005160,동국산업,3300.0,29.92,2215997,0,-143024,1.86,4.09,0.65,N,-17.93,0.46,-16.35,-16.35
2026-09-14T14:35:13,321820,아티스트컴퍼니,3385.0,29.94,987769,0,-6413,0.74,6.34,0.05,N,40.30,1.29,-44.14,-46.35
2026-09-14T14:35:14,072950,빛샘전자,10950.0,23.03,4892781,0,4785,0.41,60.76,2.47,N,11.67,1.06,-57.39,-57.39
2026-09-14T14:35:15,100130,동국S&C,1650.0,22.59,3185948,0,-186095,2.41,5.58,0.48,N,-56.90,0.50,-40.97,-40.97
2026-09-14T14:35:16,006490,프리티,2715.0,13.6,1834320,0,-56996,0.00,10.34,0.00,N,-0.96,2.67,-10.25,-63.17
2026-09-14T14:35:17,217590,티엠씨,12600.0,15.81,5419336,0,126546,1.75,22.49,2.96,N,-572.73,2.71,-67.44,-67.44
2026-09-14T14:35:18,411080,샌즈랩,6940.0,25.95,9112621,0,-198730,1.67,59.69,1.23,N,-192.78,1.96,-33.01,-33.01
2026-09-14T14:35:19,001230,동국홀딩스,2330.0,12.29,3252172,0,-495187,13.63,2.09,0.54,N,23.07,0.16,-80.50,-12.64
2026-09-14T14:35:20,256840,한국비엔씨,2905.0,12.38,13360919,0,276832,3.60,19.53,3.54,N,69.17,0.85,-52.99,-52.99
2026-09-14T14:35:20,042510,라온시큐어,10890.0,16.1,3317674,0,20827,0.90,29.87,3.73,N,36.06,2.19,-35.79,-35.79
2026-09-14T14:35:21,0015N0,아로마티카,12080.0,14.07,3220648,0,86893,3.63,25.61,0.92,N,27.83,6.62,-61.65,-61.65
2026-09-14T14:35:22,391710,코닉오토메이션,1229.0,14.11,3017795,0,-68833,0.82,7.08,0.43,N,49.16,1.98,-66.78,-66.78
2026-09-14T14:35:23,069540,빛과전자,4240.0,9.56,69360400,0,22919,0.59,61.55,0.00,N,-11.16,4.48,-47.65,-47.65
2026-09-14T14:35:24,263860,지니언스,19250.0,13.57,2302944,0,-180181,26.37,25.36,1.49,N,23.31,2.68,-35.83,-35.83
2026-09-14T14:35:25,251970,펌텍코리아,60700.0,14.96,203873,0,-55183,15.01,1.64,0.53,N,21.85,2.56,-13.53,-13.53
2026-09-14T14:35:26,010580,에스엠벡셀,2310.0,-9.77,10010885,0,-496406,0.99,9.00,0.43,N,231.00,3.81,-33.91,-33.91
2026-09-14T14:35:27,285800,진영,4600.0,-3.36,1184557,0,-24290,0.83,32.96,0.12,N,-5.82,0.46,-24.34,-68.97
2026-09-14T14:35:28,052220,iMBC,1753.0,-0.74,2898842,0,-184851,3.39,12.60,1.49,N,-7.52,0.73,-54.23,-54.23
2026-09-14T14:35:29,117670,알파칩스,12000.0,-11.63,390647,0,-10495,0.88,5.86,0.00,N,-5.64,1.75,-43.66,-43.66
2026-09-14T14:35:29,040300,YTN,2070.0,5.02,2358714,-115878,-115511,3.73,4.95,0.40,N,-4.67,0.39,-57.76,-57.76
2026-09-14T14:35:30,434480,모니터랩,3135.0,8.29,2834083,0,-79414,3.49,23.02,0.37,N,60.29,1.02,-42.48,-42.48
2026-09-14T14:35:31,900270,헝셩그룹,3365.0,-5.61,1576312,0,0,42.80,14.71,0.00,N,197.94,1.41,-26.93,-75.36
2026-09-14T14:35:32,003350,한국화장품제조,15180.0,-3.37,4690696,0,-237,1.48,20.70,3.20,N,0.00,0.00,-75.40,-15.24
2026-09-14T14:35:33,224060,더코디,8670.0,-12.34,686426,0,1612,0.00,13.30,0.00,N,1.84,0.37,-32.00,-32.00
2026-09-14T14:45:06,007460,에이프로젠,2000.0,-1.48,72111,0,-11178,0.00,0.29,0.02,N,-0.60,0.02,-74.36,-87.68
2026-09-14T14:45:07,003060,에이프로젠바이오로직스,1594.0,-5.06,190868,0,10456,0.00,1.17,0.00,N,-0.12,0.10,-74.98,-85.57
2026-09-14T14:45:09,417030,니어스랩,29800.0,3.83,412920,0,56420,5.20,7.15,0.00,N,-7.19,-0.65,-29.05,-29.05
2026-09-14T14:45:09,127120,제이에스링크,30400.0,-3.34,73316,0,12501,3.30,0.20,0.00,N,-50.58,14.16,-39.08,-39.08
2026-09-14T14:45:10,115180,큐리언트,22100.0,1.38,88088,0,-3986,3.05,0.23,0.00,N,-26.15,24.45,-64.86,-64.86
2026-09-14T14:45:11,017900,광전자,10270.0,30.0,28794541,0,155843,17.67,49.69,0.90,N,140.68,2.15,-54.25,-54.25
2026-09-14T14:45:12,321820,아티스트컴퍼니,3385.0,29.94,988349,0,-6488,0.74,6.34,0.05,N,40.30,1.29,-44.14,-46.35
2026-09-14T14:45:13,005160,동국산업,3255.0,28.15,3606252,0,-115178,1.86,6.65,0.65,N,-17.69,0.45,-17.49,-17.49
2026-09-14T14:45:14,072950,빛샘전자,10920.0,22.7,5053783,0,21709,0.41,62.76,2.47,N,11.64,1.05,-57.51,-57.51
2026-09-14T14:45:15,480370,씨케이솔루션,2100.0,17.85,2089861,0,-208164,1.49,6.43,0.70,N,-1.67,0.95,-83.01,-49.65
2026-09-14T14:45:16,411080,샌즈랩,7160.0,29.95,10005034,0,-153533,1.67,65.53,1.23,N,-198.89,2.02,-30.89,-30.89
2026-09-14T14:45:17,042510,라온시큐어,11560.0,23.24,3831277,0,3746,0.90,34.50,3.73,N,38.28,2.32,-31.84,-31.84
2026-09-14T14:45:18,217590,티엠씨,12510.0,14.98,5514171,0,154988,1.75,22.89,2.96,N,-568.64,2.69,-67.67,-67.67
2026-09-14T14:45:19,006490,프리티,2680.0,12.13,1842288,0,-58182,0.00,10.38,0.00,N,-0.95,2.64,-11.40,-63.64
2026-09-14T14:45:20,263860,지니언스,19830.0,16.99,2459099,0,-180099,26.37,27.08,1.49,N,24.01,2.76,-33.90,-33.90
2026-09-14T14:45:21,256840,한국비엔씨,2900.0,12.19,13412864,0,278596,3.60,19.61,3.54,N,69.05,0.85,-53.07,-53.07
2026-09-14T14:45:22,391710,코닉오토메이션,1235.0,14.67,3159980,0,-85042,0.82,7.41,0.43,N,49.40,1.99,-66.62,-66.62
2026-09-14T14:45:22,100130,동국S&C,1555.0,15.53,4295338,0,-191966,2.41,7.52,0.48,N,-53.62,0.47,-44.36,-44.36
2026-09-14T14:45:23,0015N0,아로마티카,12040.0,13.69,3263631,0,89923,3.63,25.95,0.92,N,27.74,6.60,-61.78,-61.78
2026-09-14T14:45:24,069540,빛과전자,4250.0,9.82,69844057,0,3551,0.59,61.98,0.00,N,-11.18,4.49,-47.53,-47.53
2026-09-14T14:45:25,010580,에스엠벡셀,2325.0,-9.18,10042569,0,-484905,0.99,9.03,0.43,N,232.50,3.84,-33.48,-33.48
2026-09-14T14:45:26,285800,진영,4760.0,0.0,1189802,0,-24418,0.83,33.11,0.12,N,-6.02,0.47,-21.71,-67.89
2026-09-14T14:45:27,052220,iMBC,1764.0,-0.11,2924671,0,-185692,3.39,12.72,1.49,N,-7.57,0.73,-53.94,-53.94
2026-09-14T14:45:28,117670,알파칩스,11930.0,-12.15,392430,0,-10518,0.88,5.89,0.00,N,-5.61,1.74,-43.99,-43.99
2026-09-14T14:45:29,040300,YTN,2055.0,4.26,2394865,-115519,-115152,3.74,5.02,0.40,N,-4.64,0.39,-58.06,-58.06
2026-09-14T14:45:30,434480,모니터랩,3115.0,7.6,2928798,0,-82910,3.49,23.79,0.37,N,59.90,1.01,-42.84,-42.84
2026-09-14T14:45:31,003350,한국화장품제조,15140.0,-3.63,4702847,0,4543,1.48,20.75,3.20,N,0.00,0.00,-75.46,-15.47
2026-09-14T14:45:32,900270,헝셩그룹,3350.0,-6.03,1583569,0,0,42.80,14.78,0.00,N,197.06,1.40,-27.25,-75.47
2026-09-14T14:45:33,224060,더코디,8500.0,-14.05,717810,0,712,0.00,13.91,0.00,Y,1.81,0.37,-33.33,-33.33
2026-09-14T14:55:06,007460,에이프로젠,1991.0,-1.92,78522,0,-16572,0.00,0.32,0.02,N,-0.60,0.02,-74.47,-87.73
2026-09-14T14:55:07,003060,에이프로젠바이오로직스,1595.0,-5.0,195683,0,7980,0.00,1.20,0.00,N,-0.12,0.10,-74.96,-85.56
2026-09-14T14:55:08,417030,니어스랩,29750.0,3.66,415351,0,56312,5.20,7.19,0.00,N,-7.18,-0.65,-29.17,-29.17
2026-09-14T14:55:09,127120,제이에스링크,30150.0,-4.13,76513,0,11917,3.30,0.21,0.00,N,-50.17,14.04,-39.58,-39.58
2026-09-14T14:55:10,115180,큐리언트,22100.0,1.38,90751,0,-3830,3.05,0.24,0.00,N,-26.15,24.45,-64.86,-64.86
2026-09-14T14:55:11,017900,광전자,10270.0,30.0,28811194,0,155843,17.67,49.72,0.90,N,140.68,2.15,-54.25,-54.25
2026-09-14T14:55:12,321820,아티스트컴퍼니,3385.0,29.94,1001308,0,992,0.74,6.42,0.05,N,40.30,1.29,-44.14,-46.35
2026-09-14T14:55:13,480370,씨케이솔루션,2215.0,24.3,3362314,0,-192811,1.49,10.35,0.70,N,-1.77,1.00,-82.08,-46.90
2026-09-14T14:55:14,072950,빛샘전자,10850.0,21.91,5120059,0,30838,0.41,63.58,2.47,N,11.57,1.05,-57.78,-57.78
2026-09-14T14:55:15,005160,동국산업,3145.0,23.82,3880752,0,-151665,1.86,7.15,0.65,N,-17.09,0.44,-20.28,-20.28
2026-09-14T14:55:15,042510,라온시큐어,11710.0,24.84,4233103,0,7190,0.90,38.12,3.73,N,38.77,2.35,-30.96,-30.96
2026-09-14T14:55:16,411080,샌즈랩,7030.0,27.59,10311822,0,-205811,1.67,67.54,1.23,N,-195.28,1.99,-32.14,-32.14
2026-09-14T14:55:17,217590,티엠씨,12350.0,13.51,5606922,0,180605,1.75,23.27,2.96,N,-561.36,2.66,-68.09,-68.09
2026-09-14T14:55:18,256840,한국비엔씨,2920.0,12.96,13487279,0,293147,3.60,19.72,3.54,N,69.52,0.85,-52.75,-52.75
2026-09-14T14:55:19,263860,지니언스,19540.0,15.28,2536003,0,-176909,26.37,27.93,1.49,N,23.66,2.72,-34.87,-34.87
2026-09-14T14:55:20,006490,프리티,2590.0,8.37,1864667,0,-61036,0.00,10.51,0.00,N,-0.92,2.55,-14.38,-64.86
2026-09-14T14:55:21,391710,코닉오토메이션,1232.0,14.39,3326153,0,-84270,0.82,7.80,0.43,N,49.28,1.98,-66.70,-66.70
2026-09-14T14:55:22,0015N0,아로마티카,12040.0,13.69,3289185,0,84826,3.63,26.15,0.92,N,27.74,6.60,-61.78,-61.78
2026-09-14T14:55:23,069540,빛과전자,4270.0,10.34,70339610,0,82273,0.59,62.42,0.00,N,-11.24,4.51,-47.28,-47.28
2026-09-14T14:55:23,100130,동국S&C,1476.0,9.66,4818908,0,-198289,2.41,8.43,0.48,N,-50.90,0.44,-47.19,-47.19
2026-09-14T14:55:24,010580,에스엠벡셀,2345.0,-8.4,10128073,0,-502796,0.99,9.10,0.43,N,234.50,3.87,-32.90,-32.90
2026-09-14T14:55:25,285800,진영,4730.0,-0.63,1195765,0,-24613,0.83,33.27,0.12,N,-5.98,0.47,-22.20,-68.09
2026-09-14T14:55:26,117670,알파칩스,11740.0,-13.55,402558,0,-9345,0.88,6.04,0.00,N,-5.52,1.72,-44.88,-44.88
2026-09-14T14:55:27,052220,iMBC,1751.0,-0.85,2935819,0,-185236,3.39,12.76,1.49,N,-7.52,0.73,-54.28,-54.28
2026-09-14T14:55:28,040300,YTN,2035.0,3.25,2407992,-115503,-114476,3.74,5.05,0.40,N,-4.59,0.38,-58.47,-58.47
2026-09-14T14:55:29,224060,더코디,8260.0,-16.48,756356,0,3796,0.00,14.66,0.00,N,1.76,0.36,-35.22,-35.22
2026-09-14T14:55:30,434480,모니터랩,3110.0,7.43,2947352,0,-83803,3.49,23.94,0.37,N,59.81,1.01,-42.94,-42.94
2026-09-14T14:55:31,900270,헝셩그룹,3345.0,-6.17,1588662,0,0,42.80,14.83,0.00,N,196.76,1.40,-27.36,-75.51
2026-09-14T14:55:32,003350,한국화장품제조,15105.0,-3.85,4721384,0,-934,1.48,20.84,3.20,N,0.00,0.00,-75.52,-15.66
2026-09-14T14:55:32,001230,동국홀딩스,2110.0,1.69,5856674,0,-709356,13.63,3.77,0.54,N,20.89,0.15,-82.34,-20.88
2026-09-14T15:05:11,007460,에이프로젠,1995.0,-1.72,78805,0,-16802,0.00,0.32,0.02,N,-0.60,0.02,-74.42,-87.71
2026-09-14T15:05:12,003060,에이프로젠바이오로직스,1595.0,-5.0,196140,0,7980,0.00,1.21,0.00,N,-0.12,0.10,-74.96,-85.56
2026-09-14T15:05:13,417030,니어스랩,29900.0,4.18,417221,0,56216,5.20,7.22,0.00,N,-7.22,-0.65,-28.81,-28.81
2026-09-14T15:05:14,127120,제이에스링크,30150.0,-4.13,80455,0,12539,3.30,0.22,0.00,N,-50.17,14.04,-39.58,-39.58
2026-09-14T15:05:15,115180,큐리언트,22200.0,1.83,94487,0,-3895,3.05,0.25,0.00,N,-26.27,24.56,-64.71,-64.71
2026-09-14T15:05:16,017900,광전자,10270.0,30.0,28823012,0,155843,17.67,49.74,0.90,N,140.68,2.15,-54.25,-54.25
2026-09-14T15:05:17,321820,아티스트컴퍼니,3385.0,29.94,1004203,0,992,0.74,6.44,0.05,N,40.30,1.29,-44.14,-46.35
2026-09-14T15:05:18,072950,빛샘전자,10920.0,22.7,5250656,0,37856,0.41,65.20,2.47,N,11.64,1.05,-57.51,-57.51
2026-09-14T15:05:19,005160,동국산업,3130.0,23.23,4051152,0,-179455,1.86,7.47,0.65,N,-17.01,0.44,-20.66,-20.66
2026-09-14T15:05:20,217590,티엠씨,12600.0,15.81,5720957,0,200656,1.75,23.74,2.96,N,-572.73,2.71,-67.44,-67.44
2026-09-14T15:05:20,411080,샌즈랩,7000.0,27.04,10840359,0,-217151,1.67,71.00,1.23,N,-194.44,1.98,-32.43,-32.43
2026-09-14T15:05:22,042510,라온시큐어,11270.0,20.15,4466505,0,6770,0.90,40.22,3.73,N,37.32,2.27,-33.55,-33.55
2026-09-14T15:05:22,480370,씨케이솔루션,2010.0,12.79,3952833,0,-223895,1.49,12.17,0.70,N,-1.60,0.91,-83.74,-51.81
2026-09-14T15:05:23,201490,미투온,3140.0,14.6,2968927,0,13357,1.95,9.07,4.71,N,125.60,0.68,-54.49,-54.49
2026-09-14T15:05:24,256840,한국비엔씨,2940.0,13.73,13580701,0,294972,3.60,19.86,3.54,N,70.00,0.86,-52.43,-52.43
2026-09-14T15:05:25,0015N0,아로마티카,12120.0,14.45,3316304,0,90022,3.63,26.37,0.92,N,27.93,6.64,-61.52,-61.52
2026-09-14T15:05:26,006490,프리티,2585.0,8.16,1962532,0,-60580,0.00,11.06,0.00,N,-0.92,2.54,-14.55,-64.93
2026-09-14T15:05:27,069540,빛과전자,4305.0,11.24,71501079,0,75572,0.59,63.45,0.00,N,-11.33,4.55,-46.85,-46.85
2026-09-14T15:05:28,101730,위메이드맥스,4940.0,23.35,3894781,0,1417,9.20,4.65,0.80,N,-11.60,0.89,-39.46,-39.46
2026-09-14T15:05:29,263860,지니언스,19270.0,13.69,2586880,0,-171104,26.37,28.49,1.49,N,23.33,2.68,-35.77,-35.77
2026-09-14T15:05:30,391710,코닉오토메이션,1212.0,12.53,3402064,0,-72491,0.82,7.98,0.43,N,48.48,1.95,-67.24,-67.24
2026-09-14T15:05:31,285800,진영,4675.0,-1.79,1197954,0,-24726,0.83,33.33,0.12,N,-5.91,0.46,-23.11,-68.47
2026-09-14T15:05:32,010580,에스엠벡셀,2350.0,-8.2,10264885,0,-488377,0.99,9.23,0.43,N,235.00,3.88,-32.76,-32.76
2026-09-14T15:05:33,052220,iMBC,1742.0,-1.36,2944478,0,-184800,3.39,12.80,1.49,N,-7.48,0.72,-54.52,-54.52
2026-09-14T15:05:34,117670,알파칩스,11860.0,-12.67,403934,0,-9335,0.88,6.06,0.00,N,-5.58,1.73,-44.32,-44.32
2026-09-14T15:05:35,040300,YTN,2025.0,2.74,2452039,-115661,-114700,3.73,5.14,0.40,N,-4.57,0.38,-58.67,-58.67
2026-09-14T15:05:36,434480,모니터랩,3035.0,4.84,2986248,0,-77439,3.49,24.26,0.37,N,58.37,0.98,-44.31,-44.31
2026-09-14T15:05:37,224060,더코디,8210.0,-16.99,771545,0,2317,0.00,14.95,0.00,N,1.74,0.36,-35.61,-35.61
2026-09-14T15:05:37,003350,한국화장품제조,15040.0,-4.26,4764223,0,5357,1.48,21.02,3.20,N,0.00,0.00,-75.62,-16.02
2026-09-14T15:05:38,900270,헝셩그룹,3385.0,-5.05,1595382,0,0,42.80,14.89,0.00,N,199.12,1.42,-26.49,-75.22
2026-09-14T15:05:39,001230,동국홀딩스,2120.0,2.17,6052429,0,-655484,13.63,3.89,0.54,N,20.99,0.15,-82.26,-20.51
2026-09-14T15:05:40,100130,동국S&C,1468.0,9.06,5140947,0,-201350,2.41,9.00,0.48,N,-50.62,0.44,-47.48,-47.48
2026-09-14T15:15:08,007460,에이프로젠,1995.0,-1.72,79789,0,-17173,0.00,0.32,0.02,N,-0.60,0.02,-74.42,-87.71
2026-09-14T15:15:09,003060,에이프로젠바이오로직스,1600.0,-4.71,204667,0,3152,0.00,1.26,0.00,N,-0.12,0.10,-74.88,-85.51
2026-09-14T15:15:10,417030,니어스랩,29800.0,3.83,423709,0,57356,5.20,7.33,0.00,N,-7.19,-0.65,-29.05,-29.05
2026-09-14T15:15:11,127120,제이에스링크,30050.0,-4.45,87221,0,11803,3.30,0.24,0.00,N,-50.00,14.00,-39.78,-39.78
2026-09-14T15:15:12,115180,큐리언트,22200.0,1.83,96566,0,-4116,3.05,0.26,0.00,N,-26.27,24.56,-64.71,-64.71
2026-09-14T15:15:13,017900,광전자,10270.0,30.0,28838810,0,155643,17.67,49.77,0.90,N,140.68,2.15,-54.25,-54.25
2026-09-14T15:15:14,072950,빛샘전자,11180.0,25.62,5489108,0,13159,0.41,68.17,2.47,N,11.92,1.08,-56.50,-56.50
2026-09-14T15:15:14,321820,아티스트컴퍼니,3385.0,29.94,1036802,0,-7475,0.74,6.65,0.05,N,40.30,1.29,-44.14,-46.35
2026-09-14T15:15:15,411080,샌즈랩,7100.0,28.86,11199930,0,-208648,1.67,73.36,1.23,N,-197.22,2.01,-31.47,-31.47
2026-09-14T15:15:16,005160,동국산업,3070.0,20.87,4261368,0,-142151,1.86,7.86,0.65,N,-16.68,0.43,-22.18,-22.18
2026-09-14T15:15:17,217590,티엠씨,12630.0,16.08,5800621,0,210175,1.75,24.07,2.96,N,-574.09,2.72,-67.36,-67.36
2026-09-14T15:15:18,042510,라온시큐어,11380.0,21.32,4663294,0,13595,0.90,41.99,3.73,N,37.68,2.29,-32.90,-32.90
2026-09-14T15:15:19,101730,위메이드맥스,5200.0,29.84,4462372,0,116476,9.20,5.32,0.80,N,-12.21,0.93,-36.27,-36.27
2026-09-14T15:15:20,200350,아티스트스튜디오,2750.0,23.32,1145009,0,-15086,1.81,11.45,0.35,N,-5.85,0.55,-68.57,-69.03
2026-09-14T15:15:21,184230,SGA솔루션즈,2310.0,20.63,1403882,0,-91561,0.00,7.45,0.00,N,2.08,1.22,-50.85,-66.00
2026-09-14T15:15:22,256840,한국비엔씨,2945.0,13.93,13688302,0,316249,3.60,20.01,3.54,N,70.12,0.86,-52.35,-52.35
2026-09-14T15:15:23,069540,빛과전자,4330.0,11.89,72381520,0,123019,0.59,64.23,0.00,N,-11.39,4.57,-46.54,-46.54
2026-09-14T15:15:24,201490,미투온,3070.0,12.04,3359550,0,66886,1.95,10.27,4.71,N,122.80,0.67,-55.51,-55.51
2026-09-14T15:15:25,0015N0,아로마티카,12110.0,14.35,3349619,0,86211,3.63,26.63,0.92,N,27.90,6.64,-61.56,-61.56
2026-09-14T15:15:26,480370,씨케이솔루션,1960.0,9.99,4186573,0,-240420,1.49,12.89,0.70,N,-1.56,0.89,-84.14,-53.01
2026-09-14T15:15:26,263860,지니언스,19400.0,14.45,2605304,0,-169995,26.37,28.69,1.49,N,23.49,2.70,-35.33,-35.33
2026-09-14T15:15:27,006490,프리티,2565.0,7.32,1996929,0,-61475,0.00,11.25,0.00,N,-0.91,2.52,-15.21,-65.20
2026-09-14T15:15:28,391710,코닉오토메이션,1211.0,12.44,3452150,0,-58941,0.82,8.10,0.43,N,48.44,1.95,-67.27,-67.27
2026-09-14T15:15:29,293580,나우IB,1059.0,-24.68,3407284,0,-26889,2.07,3.59,2.24,N,17.36,0.96,-68.39,-68.39
2026-09-14T15:15:30,010580,에스엠벡셀,2345.0,-8.4,10289649,0,-484692,0.99,9.25,0.43,N,234.50,3.87,-32.90,-32.90
2026-09-14T15:15:31,285800,진영,4670.0,-1.89,1209410,0,-25167,0.83,33.65,0.12,N,-5.90,0.46,-23.19,-68.50
2026-09-14T15:15:32,052220,iMBC,1745.0,-1.19,2953911,0,-184426,3.39,12.84,1.49,N,-7.49,0.72,-54.44,-54.44
2026-09-14T15:15:33,117670,알파칩스,11870.0,-12.59,408087,0,-8582,0.88,6.13,0.00,N,-5.58,1.73,-44.27,-44.27
2026-09-14T15:15:34,224060,더코디,7970.0,-19.41,802285,0,3127,0.00,15.55,0.00,N,1.69,0.34,-37.49,-37.49
2026-09-14T15:15:35,434480,모니터랩,3030.0,4.66,3010306,0,-80694,3.49,24.45,0.37,N,58.27,0.98,-44.40,-44.40
2026-09-14T15:15:35,040300,YTN,2050.0,4.01,2466988,-115685,-115400,3.73,5.17,0.40,N,-4.63,0.39,-58.16,-58.16
2026-09-14T15:15:36,100130,동국S&C,1409.0,4.68,5381250,0,-160026,2.41,9.42,0.48,N,-48.59,0.42,-49.59,-49.59
2026-09-14T15:15:37,001230,동국홀딩스,2110.0,1.69,6296674,0,-562581,13.63,4.05,0.54,N,20.89,0.15,-82.34,-20.88
2026-09-14T15:15:38,003350,한국화장품제조,15060.0,-4.14,4778250,0,11788,1.48,21.09,3.20,N,0.00,0.00,-75.59,-15.91
2026-09-14T15:15:39,900270,헝셩그룹,3380.0,-5.19,1605190,0,0,42.80,14.98,0.00,N,198.82,1.42,-26.60,-75.25
2026-09-14T15:25:06,007460,에이프로젠,1993.0,-1.82,81660,0,-17754,0.00,0.33,0.02,N,-0.60,0.02,-74.45,-87.72
2026-09-14T15:25:06,003060,에이프로젠바이오로직스,1598.0,-4.82,205602,0,3132,0.00,1.26,0.00,N,-0.12,0.10,-74.91,-85.53
2026-09-14T15:25:07,417030,니어스랩,29750.0,3.66,426250,0,58058,5.20,7.38,0.00,N,-7.18,-0.65,-29.17,-29.17
2026-09-14T15:25:08,127120,제이에스링크,30100.0,-4.29,90085,0,10321,3.30,0.24,0.00,N,-50.08,14.02,-39.68,-39.68
2026-09-14T15:25:09,115180,큐리언트,22100.0,1.38,98604,0,-3618,3.05,0.26,0.00,N,-26.15,24.45,-64.86,-64.86
2026-09-14T15:25:10,017900,광전자,10270.0,30.0,28844530,0,154914,17.67,49.78,0.90,N,140.68,2.15,-54.25,-54.25
2026-09-14T15:25:11,321820,아티스트컴퍼니,3385.0,29.94,1063051,0,-8269,0.74,6.82,0.05,N,40.30,1.29,-44.14,-46.35
2026-09-14T15:25:12,072950,빛샘전자,11100.0,24.72,5593915,0,2725,0.41,69.47,2.47,N,11.83,1.07,-56.81,-56.81
2026-09-14T15:25:13,005160,동국산업,3130.0,23.23,4371104,0,-100121,1.86,8.06,0.65,N,-17.01,0.44,-20.66,-20.66
2026-09-14T15:25:14,217590,티엠씨,12730.0,17.0,5920005,0,188705,1.75,24.57,2.96,N,-578.64,2.74,-67.11,-67.11
2026-09-14T15:25:14,200350,아티스트스튜디오,2725.0,22.2,1154289,0,-16248,1.81,11.55,0.35,N,-5.80,0.55,-68.86,-69.31
2026-09-14T15:25:15,184230,SGA솔루션즈,2305.0,20.37,1435458,0,-88072,0.00,7.62,0.00,N,2.07,1.22,-50.96,-66.08
2026-09-14T15:25:16,101730,위메이드맥스,5200.0,29.84,4472897,0,116476,9.20,5.34,0.80,N,-12.21,0.93,-36.27,-36.27
2026-09-14T15:25:17,042510,라온시큐어,11290.0,20.36,4716437,0,18878,0.90,42.47,3.73,N,37.38,2.27,-33.43,-33.43
2026-09-14T15:25:18,411080,샌즈랩,6850.0,24.32,11416223,0,-219064,1.67,74.77,1.23,N,-190.28,1.94,-33.88,-33.88
2026-09-14T15:25:19,256840,한국비엔씨,2925.0,13.15,13754631,0,323344,3.60,20.11,3.54,N,69.64,0.86,-52.67,-52.67
2026-09-14T15:25:20,069540,빛과전자,4325.0,11.76,72949155,0,214209,0.59,64.73,0.00,N,-11.38,4.57,-46.60,-46.60
2026-09-14T15:25:21,201490,미투온,3085.0,12.59,3425306,0,94923,1.95,10.47,4.71,N,123.40,0.67,-55.29,-55.29
2026-09-14T15:25:22,0015N0,아로마티카,12050.0,13.79,3364878,0,86942,3.63,26.75,0.92,N,27.76,6.60,-61.75,-61.75
2026-09-14T15:25:22,480370,씨케이솔루션,1954.0,9.65,4272814,0,-246090,1.49,13.15,0.70,N,-1.56,0.88,-84.19,-53.15
2026-09-14T15:25:23,263860,지니언스,19260.0,13.63,2623436,0,-168732,26.37,28.89,1.49,N,23.32,2.68,-35.80,-35.80
2026-09-14T15:25:24,006490,프리티,2540.0,6.28,2012177,0,-61475,0.00,11.34,0.00,N,-0.90,2.50,-16.03,-65.54
2026-09-14T15:25:25,010580,에스엠벡셀,2330.0,-8.98,10308318,0,-479036,0.99,9.27,0.43,N,233.00,3.84,-33.33,-33.33
2026-09-14T15:25:26,285800,진영,4640.0,-2.52,1224114,0,-25267,0.83,34.06,0.12,N,-5.87,0.46,-23.68,-68.70
2026-09-14T15:25:27,293580,나우IB,1093.0,-22.26,3711634,0,64456,2.07,3.91,2.24,N,17.92,0.99,-67.37,-67.37
2026-09-14T15:25:28,052220,iMBC,1744.0,-1.25,2957359,0,-184506,3.39,12.86,1.49,N,-7.48,0.72,-54.46,-54.46
2026-09-14T15:25:29,224060,더코디,7990.0,-19.21,825554,0,3565,0.00,16.00,0.00,N,1.70,0.35,-37.33,-37.33
2026-09-14T15:25:30,117670,알파칩스,11930.0,-12.15,409977,0,-8577,0.88,6.15,0.00,N,-5.61,1.74,-43.99,-43.99
2026-09-14T15:25:30,434480,모니터랩,3025.0,4.49,3024324,0,-81966,3.49,24.57,0.37,N,58.17,0.98,-44.50,-44.50
2026-09-14T15:25:31,040300,YTN,2040.0,3.5,2476157,-116073,-115706,3.72,5.19,0.40,N,-4.60,0.38,-58.37,-58.37
2026-09-14T15:25:32,100130,동국S&C,1402.0,4.16,5475386,0,-147443,2.41,9.58,0.48,N,-48.34,0.42,-49.84,-49.84
2026-09-14T15:25:33,003350,한국화장품제조,15030.0,-4.33,4789605,0,9841,1.48,21.14,3.20,N,0.00,0.00,-75.64,-16.08
2026-09-14T15:25:34,001230,동국홀딩스,2120.0,2.17,6368238,0,-523150,13.63,4.10,0.54,N,20.99,0.15,-82.26,-20.51
2026-09-14T15:25:35,391710,코닉오토메이션,1200.0,11.42,3498493,0,-41528,0.82,8.21,0.43,N,48.00,1.93,-67.57,-67.57
2026-09-15T09:41:24,007460,에이프로젠,1982.0,-0.5,40635,0,-19447,0.00,0.16,0.02,N,-0.60,0.01,-74.59,-87.79
2026-09-15T09:41:26,003060,에이프로젠바이오로직스,1612.0,0.81,18799,0,4739,0.00,0.12,0.00,N,-0.13,0.10,-74.69,-85.40
2026-09-15T09:41:28,417030,니어스랩,28500.0,-4.2,63538,0,-10011,6.23,1.10,0.00,N,-6.88,-0.62,-32.14,-32.14
2026-09-15T09:41:30,127120,제이에스링크,30600.0,1.66,14181,0,-3246,3.36,0.04,0.00,N,-50.92,14.25,-38.68,-38.68
2026-09-15T09:41:32,115180,큐리언트,22200.0,0.45,8975,0,-24,3.08,0.02,0.00,N,-26.27,24.56,-64.71,-64.71
2026-09-15T09:41:35,437730,삼현,50100.0,23.4,733524,0,-15980,1.50,2.31,1.11,N,152.74,12.02,-34.85,-34.85
2026-09-15T09:41:37,052220,iMBC,2020.0,15.96,3697900,0,73101,2.59,16.08,1.47,N,-8.67,0.84,-47.26,-47.26
2026-09-15T09:41:39,048770,TPC로보틱스,4770.0,13.03,1492472,0,-33084,1.17,9.51,0.22,N,-29.26,2.06,-55.38,-55.38
2026-09-15T09:41:42,053950,경남제약,2410.0,14.22,1765491,0,-11970,0.00,9.00,0.00,N,2.41,0.33,-42.82,-56.81
2026-09-15T09:41:44,058610,에스피지,102900.0,13.45,287569,0,56833,4.42,1.30,3.92,N,249.76,8.85,-37.90,-37.90
2026-09-15T09:41:46,125490,한라캐스트,11290.0,10.69,421455,0,116435,0.95,1.15,4.33,N,96.50,3.90,-55.46,-55.46
2026-09-15T09:41:48,067290,JW신약,3775.0,11.03,27936548,0,265060,0.83,49.85,0.60,N,13.53,5.18,-12.92,-12.92
2026-09-15T09:41:50,093370,후성,14730.0,4.39,3563838,0,-250263,10.75,3.32,1.49,N,294.60,4.72,-37.45,-37.45
2026-09-15T09:41:52,071200,인피니트헬스케어,11570.0,2.3,490981,0,-25618,13.30,2.01,0.02,N,10.69,1.47,-7.37,-7.37
2026-09-15T09:41:54,456160,지투지바이오,36750.0,16.3,572250,0,-73102,6.51,3.44,0.94,N,-2.60,-1.91,-85.18,-70.36
2026-09-15T09:41:56,140430,카티스,2825.0,-5.99,1821199,0,-89025,0.54,17.04,0.07,N,-29.74,4.40,-35.06,-72.64
2026-09-15T09:41:58,411080,샌즈랩,6990.0,1.3,3422796,0,84613,0.70,22.42,1.21,N,-194.17,1.98,-32.53,-32.53
2026-09-15T09:42:00,000670,영풍,45950.0,-8.01,192037,0,-39134,16.25,1.04,0.13,N,-108.89,0.24,-37.74,-36.00
2026-09-15T09:42:02,429270,시지트로닉스,3475.0,12.1,1068342,0,-8235,3.32,16.57,0.03,N,-2.75,0.67,-71.59,-71.59
2026-09-15T09:42:04,263860,지니언스,18590.0,-4.18,614814,0,-1704,24.63,6.77,1.50,N,22.51,2.59,-38.03,-38.03
2026-09-15T09:42:06,017900,광전자,10420.0,1.46,18226818,0,707340,17.93,31.46,0.88,N,142.74,2.18,-53.59,-53.59
2026-09-15T09:42:08,289930,웨이비스,7900.0,13.83,548591,0,-91496,7.67,4.17,0.31,N,-16.02,2.94,-67.95,-67.95
2026-09-15T09:51:20,007460,에이프로젠,1976.0,-0.8,44265,0,-20812,0.00,0.18,0.02,N,-0.60,0.01,-74.67,-87.83
2026-09-15T09:51:22,003060,에이프로젠바이오로직스,1628.0,1.81,29393,0,7563,0.00,0.18,0.00,N,-0.13,0.10,-74.44,-85.26
2026-09-15T09:51:24,417030,니어스랩,28650.0,-3.7,70887,0,-14508,6.23,1.23,0.00,N,-6.92,-0.63,-31.79,-31.79
2026-09-15T09:51:25,127120,제이에스링크,30450.0,1.16,15291,0,-3388,3.36,0.04,0.00,N,-50.67,14.18,-38.98,-38.98
2026-09-15T09:51:27,115180,큐리언트,21950.0,-0.68,9520,0,-188,3.08,0.03,0.00,N,-25.98,24.28,-65.10,-65.10
2026-09-15T09:51:29,437730,삼현,52700.0,29.8,1071524,0,23970,1.50,3.38,1.11,N,160.67,12.64,-31.47,-31.47
2026-09-15T09:51:31,163280,에어레인,4280.0,19.89,903778,0,-60152,3.96,6.64,2.13,N,15.74,0.53,-77.60,-55.21
2026-09-15T09:51:33,058610,에스피지,107300.0,18.3,592837,0,67095,4.42,2.67,3.92,N,260.44,9.22,-35.24,-35.24
2026-09-15T09:51:35,048770,TPC로보틱스,4750.0,12.56,2655618,0,-88766,1.17,16.92,0.22,N,-29.14,2.05,-55.57,-55.57
2026-09-15T09:51:37,053950,경남제약,2425.0,14.93,2155368,0,-59534,0.00,10.99,0.00,N,2.43,0.33,-42.47,-56.54
2026-09-15T09:51:39,125490,한라캐스트,11780.0,15.49,1366268,0,189352,0.95,3.74,4.33,N,100.68,4.07,-53.53,-53.53
2026-09-15T09:51:41,052220,iMBC,1974.0,13.32,3917912,0,117637,2.59,17.03,1.47,N,-8.47,0.82,-48.46,-48.46
2026-09-15T09:51:43,030530,원익홀딩스,24650.0,12.56,1153664,0,-39620,4.90,1.49,1.17,N,69.44,1.88,-51.28,-51.28
2026-09-15T09:51:45,093370,후성,15190.0,7.65,4531329,0,-66583,10.75,4.22,1.49,N,303.80,4.87,-35.50,-35.50
2026-09-15T09:51:47,389500,에스비비테크,43100.0,10.51,89497,0,12183,2.99,1.34,0.00,N,0.00,0.00,-62.52,-62.52
2026-09-15T09:51:48,071200,인피니트헬스케어,11790.0,4.24,504036,0,-24573,13.30,2.07,0.02,N,10.90,1.50,-5.60,-5.60
2026-09-15T09:51:50,032940,원익,10260.0,8.34,1167598,0,83951,0.97,6.42,2.68,Y,16.23,0.66,-42.36,-42.36
2026-09-15T09:51:52,140430,카티스,2790.0,-7.15,1891091,0,-93478,0.54,17.69,0.07,N,-29.37,4.35,-35.86,-72.98
2026-09-15T09:51:54,411080,샌즈랩,6860.0,-0.58,3575917,0,103661,0.70,23.42,1.21,N,-190.56,1.94,-33.78,-33.78
2026-09-15T09:51:55,429270,시지트로닉스,3475.0,12.1,1111120,0,-18371,3.32,17.23,0.03,N,-2.75,0.67,-71.59,-71.59
2026-09-15T09:51:57,000670,영풍,46500.0,-6.91,218418,0,-39477,16.25,1.19,0.13,N,-110.19,0.24,-36.99,-35.23
2026-09-15T09:51:59,263860,지니언스,18360.0,-5.36,640050,0,-6394,24.63,7.05,1.50,N,22.23,2.55,-38.80,-38.80
2026-09-15T09:52:01,017900,광전자,10310.0,0.39,19036683,0,677671,17.93,32.85,0.88,N,141.23,2.16,-54.08,-54.08
2026-09-15T09:52:03,004310,현대약품,10120.0,1.3,11823806,0,146399,0.60,36.95,2.78,Y,0.00,0.00,-36.59,-36.59
2026-09-15T09:52:05,289930,웨이비스,7890.0,13.69,582763,0,-97563,7.67,4.43,0.31,N,-16.00,2.94,-67.99,-67.99
2026-09-15T10:01:22,007460,에이프로젠,1985.0,-0.35,46916,0,-21975,0.00,0.19,0.02,N,-0.60,0.01,-74.55,-87.77
2026-09-15T10:01:24,003060,에이프로젠바이오로직스,1630.0,1.94,33545,0,7708,0.00,0.21,0.00,N,-0.13,0.10,-74.41,-85.24
2026-09-15T10:01:26,417030,니어스랩,28500.0,-4.2,78990,0,-18188,6.23,1.37,0.00,N,-6.88,-0.62,-32.14,-32.14
2026-09-15T10:01:28,127120,제이에스링크,30400.0,1.0,16853,0,-3917,3.36,0.05,0.00,N,-50.58,14.16,-39.08,-39.08
2026-09-15T10:01:30,115180,큐리언트,21750.0,-1.58,11400,0,-752,3.08,0.03,0.00,N,-25.74,24.06,-65.42,-65.42
2026-09-15T10:01:33,437730,삼현,52700.0,29.8,1079445,0,23909,1.50,3.40,1.11,N,160.67,12.64,-31.47,-31.47
2026-09-15T10:01:35,278650,HLB바이오스텝,2640.0,15.79,1154799,0,-63561,0.50,6.62,0.24,N,-2.42,0.46,-54.48,-73.86
2026-09-15T10:01:37,030530,원익홀딩스,25500.0,16.44,2947491,0,-117818,4.90,3.82,1.17,N,71.83,1.95,-49.60,-49.60
2026-09-15T10:01:38,052220,iMBC,1974.0,13.32,4169129,0,46170,2.59,18.13,1.47,N,-8.47,0.82,-48.46,-48.46
2026-09-15T10:01:41,163280,에어레인,4150.0,16.25,1014220,0,-57124,3.96,7.46,2.13,N,15.26,0.52,-78.28,-56.57
2026-09-15T10:01:43,413630,씨피시스템,4460.0,10.53,1652146,0,131267,0.84,4.53,2.27,N,84.15,3.74,-27.95,-27.95
2026-09-15T10:01:44,125490,한라캐스트,11390.0,11.67,1935420,0,181661,0.95,5.30,4.33,N,97.35,3.94,-55.07,-55.07
2026-09-15T10:01:46,058610,에스피지,102800.0,13.34,799092,0,49113,4.42,3.60,3.92,N,249.51,8.84,-37.96,-37.96
2026-09-15T10:01:49,389500,에스비비테크,43400.0,11.28,145129,0,1576,2.99,2.18,0.00,N,0.00,0.00,-62.26,-62.26
2026-09-15T10:01:51,448900,한국피아이엠,53400.0,11.13,65689,0,16938,1.21,1.08,0.85,N,-5933.33,5.63,-70.07,-70.07
2026-09-15T10:01:53,056190,SFA,27700.0,11.02,125543,0,14664,12.97,0.35,1.07,N,18.06,0.86,-24.11,-24.11
2026-09-15T10:01:55,071200,인피니트헬스케어,11920.0,5.39,518044,0,-21172,13.30,2.12,0.02,N,11.02,1.52,-4.56,-4.56
2026-09-15T10:01:57,053950,경남제약,2330.0,10.43,2318889,0,-24310,0.00,11.82,0.00,N,2.33,0.32,-44.72,-58.24
2026-09-15T10:01:59,004020,현대제철,36450.0,10.45,551491,0,152156,14.93,0.41,1.17,N,-700.96,0.25,-27.68,-27.68
2026-09-15T10:02:01,093370,후성,14830.0,5.1,5147608,0,-160016,10.75,4.80,1.49,N,296.60,4.76,-37.03,-37.03
2026-09-15T10:02:03,429270,시지트로닉스,3605.0,16.29,1202074,0,-17350,3.32,18.64,0.03,N,-2.85,0.69,-70.52,-70.52
2026-09-15T10:02:05,032940,원익,10270.0,8.45,2282554,0,8043,0.97,12.55,2.68,N,16.25,0.66,-42.30,-42.30
2026-09-15T10:02:08,140430,카티스,2815.0,-6.32,1915140,0,-99817,0.54,17.92,0.07,N,-29.63,4.38,-35.29,-72.74
2026-09-15T10:02:10,411080,샌즈랩,6850.0,-0.72,3659025,0,104912,0.70,23.97,1.21,N,-190.28,1.94,-33.88,-33.88
2026-09-15T10:02:12,263860,지니언스,18540.0,-4.43,656325,0,-3387,24.63,7.23,1.50,N,22.45,2.58,-38.20,-38.20
2026-09-15T10:02:14,158430,아톤,4925.0,1.34,2213082,0,-252475,3.02,9.04,4.08,N,78.17,1.16,-56.68,-56.68
2026-09-15T10:02:16,004310,현대약품,10120.0,1.3,12388218,0,116303,0.60,38.71,2.78,N,0.00,0.00,-36.59,-36.59
2026-09-15T10:02:19,067290,JW신약,3635.0,6.91,32343137,0,296483,0.83,57.72,0.60,N,13.03,4.99,-16.15,-16.15
2026-09-15T10:11:19,007460,에이프로젠,1983.0,-0.45,54024,0,-23532,0.00,0.22,0.02,N,-0.60,0.01,-74.58,-87.78
2026-09-15T10:11:21,003060,에이프로젠바이오로직스,1627.0,1.75,36159,0,7933,0.00,0.22,0.00,N,-0.13,0.10,-74.46,-85.27
2026-09-15T10:11:24,417030,니어스랩,28800.0,-3.19,93980,0,-17879,6.23,1.63,0.00,N,-6.95,-0.63,-31.43,-31.43
2026-09-15T10:11:26,127120,제이에스링크,30600.0,1.66,21264,0,-607,3.36,0.06,0.00,N,-50.92,14.25,-38.68,-38.68
2026-09-15T10:11:28,115180,큐리언트,21750.0,-1.58,13831,0,-167,3.08,0.04,0.00,N,-25.74,24.06,-65.42,-65.42
2026-09-15T10:11:30,437730,삼현,52700.0,29.8,1083586,0,23524,1.50,3.42,1.11,N,160.67,12.64,-31.47,-31.47
2026-09-15T10:11:32,391710,코닉오토메이션,1467.0,21.84,3077497,0,-40385,0.73,7.22,0.42,N,58.68,2.36,-60.35,-60.35
2026-09-15T10:11:34,071200,인피니트헬스케어,12390.0,9.55,611089,0,-30822,13.30,2.50,0.02,N,11.45,1.58,-3.20,-3.20
2026-09-15T10:11:36,030530,원익홀딩스,25300.0,15.53,3782634,0,-136693,4.90,4.90,1.17,N,71.27,1.93,-50.00,-50.00
2026-09-15T10:11:38,389500,에스비비테크,45100.0,15.64,181394,0,13106,2.99,2.72,0.00,N,0.00,0.00,-60.78,-60.78
2026-09-15T10:11:40,058610,에스피지,105500.0,16.32,889024,0,51035,4.42,4.01,3.92,N,256.07,9.07,-36.33,-36.33
2026-09-15T10:11:42,278650,HLB바이오스텝,2620.0,14.91,1173263,0,-61342,0.50,6.73,0.24,N,-2.40,0.46,-54.83,-74.06
2026-09-15T10:11:44,163280,에어레인,4155.0,16.39,1057435,0,-67443,3.96,7.77,2.13,N,15.28,0.52,-78.26,-56.51
2026-09-15T10:11:46,125490,한라캐스트,11520.0,12.94,2148746,0,220048,0.95,5.89,4.33,N,98.46,3.98,-54.56,-54.56
2026-09-15T10:11:47,056190,SFA,28250.0,13.23,154766,0,27563,12.97,0.43,1.07,N,18.42,0.88,-22.60,-22.60
2026-09-15T10:11:49,448900,한국피아이엠,54400.0,13.22,81859,0,21764,1.21,1.35,0.85,N,-6044.44,5.73,-69.51,-69.51
2026-09-15T10:11:51,332570,PS일렉트로닉스,8820.0,9.43,2200783,0,303065,0.00,4.79,6.64,Y,25.13,3.32,-41.16,-41.16
2026-09-15T10:11:53,052220,iMBC,1945.0,11.65,4355761,0,-1501,2.59,18.94,1.47,N,-8.35,0.81,-49.22,-49.22
2026-09-15T10:11:55,413630,씨피시스템,4370.0,8.3,2134848,0,212775,0.84,5.86,2.27,N,82.45,3.66,-29.40,-29.40
2026-09-15T10:11:57,031980,피에스케이홀딩스,171400.0,10.23,95527,0,11132,6.00,0.44,0.49,N,40.31,7.30,-1.49,-1.49
2026-09-15T10:11:59,004020,현대제철,36250.0,9.85,813035,0,242010,14.93,0.61,1.17,N,-697.12,0.25,-28.08,-28.08
2026-09-15T10:12:01,053950,경남제약,2335.0,10.66,2356824,0,-17575,0.00,12.01,0.00,N,2.34,0.32,-44.60,-58.15
2026-09-15T10:12:03,140430,카티스,2790.0,-7.15,1969298,0,-101240,0.54,18.42,0.07,N,-29.37,4.35,-35.86,-72.98
2026-09-15T10:12:05,411080,샌즈랩,6880.0,-0.29,3741493,0,100542,0.70,24.51,1.21,N,-191.11,1.94,-33.59,-33.59
2026-09-15T10:12:07,429270,시지트로닉스,3490.0,12.58,1321185,0,-40979,3.32,20.49,0.03,N,-2.76,0.67,-71.46,-71.46
2026-09-15T10:12:09,004310,현대약품,10120.0,1.3,12604530,0,82580,0.60,39.39,2.78,N,0.00,0.00,-36.59,-36.59
2026-09-15T10:12:11,263860,지니언스,18690.0,-3.66,671081,0,3036,24.63,7.39,1.50,N,22.63,2.60,-37.70,-37.70
2026-09-15T10:12:13,067290,JW신약,3675.0,8.09,32945554,0,276079,0.83,58.79,0.60,N,13.17,5.04,-15.22,-15.22
2026-09-15T10:12:15,417860,오브젠,7580.0,12.8,443404,0,-19791,1.60,9.42,0.00,N,-10.68,3.31,-57.27,-57.27
2026-09-15T10:12:17,158430,아톤,4985.0,2.57,2246141,0,-252157,3.02,9.17,4.08,N,79.13,1.18,-56.16,-56.16
2026-09-15T10:12:19,386380,스카이랩스,21650.0,-8.65,1244844,0,-18749,0.46,6.63,0.00,N,0.00,0.00,-44.98,-44.98
2026-09-15T10:21:21,007460,에이프로젠,1984.0,-0.4,56078,0,-24347,0.00,0.23,0.02,N,-0.60,0.01,-74.56,-87.78
2026-09-15T10:21:23,003060,에이프로젠바이오로직스,1634.0,2.19,37163,0,7952,0.00,0.23,0.00,N,-0.13,0.10,-74.35,-85.20
2026-09-15T10:21:25,417030,니어스랩,28750.0,-3.36,100487,0,-16477,6.23,1.74,0.00,N,-6.94,-0.63,-31.55,-31.55
2026-09-15T10:21:27,127120,제이에스링크,30850.0,2.49,25699,0,2393,3.36,0.07,0.00,N,-51.33,14.37,-38.18,-38.18
2026-09-15T10:21:29,115180,큐리언트,22200.0,0.45,17128,0,688,3.08,0.05,0.00,N,-26.27,24.56,-64.71,-64.71
2026-09-15T10:21:31,437730,삼현,52700.0,29.8,1087679,0,23094,1.50,3.43,1.11,N,160.67,12.64,-31.47,-31.47
2026-09-15T10:21:33,030530,원익홀딩스,25750.0,17.58,4541863,0,-79917,4.90,5.88,1.17,N,72.54,1.97,-49.11,-49.11
2026-09-15T10:21:35,391710,코닉오토메이션,1444.0,19.93,3397374,0,-34874,0.73,7.97,0.42,N,57.76,2.33,-60.97,-60.97
2026-09-15T10:21:37,058610,에스피지,105000.0,15.77,952659,0,59211,4.42,4.30,3.92,N,254.85,9.03,-36.63,-36.63
2026-09-15T10:21:39,389500,에스비비테크,44300.0,13.59,210065,0,16442,2.99,3.15,0.00,N,0.00,0.00,-61.48,-61.48
2026-09-15T10:21:40,448900,한국피아이엠,55100.0,14.67,96347,0,28289,1.21,1.59,0.85,N,-6122.22,5.81,-69.11,-69.11
2026-09-15T10:21:43,071200,인피니트헬스케어,12080.0,6.81,677306,0,-16152,13.30,2.78,0.02,N,11.16,1.54,-5.62,-5.62
2026-09-15T10:21:45,056190,SFA,28150.0,12.83,197501,0,44193,12.97,0.55,1.07,N,18.35,0.88,-22.88,-22.88
2026-09-15T10:21:47,125490,한라캐스트,11510.0,12.84,2297336,0,264583,0.95,6.29,4.33,N,98.38,3.98,-54.60,-54.60
2026-09-15T10:21:49,278650,HLB바이오스텝,2570.0,12.72,1219616,0,-63295,0.50,7.00,0.24,N,-2.36,0.45,-55.69,-74.55
2026-09-15T10:21:51,332570,PS일렉트로닉스,8940.0,10.92,3822758,0,373416,0.00,8.32,6.64,N,25.47,3.37,-40.36,-40.36
2026-09-15T10:21:53,163280,에어레인,4055.0,13.59,1104792,0,-77399,3.96,8.12,2.13,N,14.91,0.51,-78.78,-57.56
2026-09-15T10:21:55,031980,피에스케이홀딩스,172900.0,11.19,104100,0,11839,6.00,0.48,0.49,N,40.66,7.36,-0.63,-0.63
2026-09-15T10:21:57,413630,씨피시스템,4390.0,8.8,2307067,0,248196,0.84,6.33,2.27,N,82.83,3.68,-29.08,-29.08
2026-09-15T10:21:59,093370,후성,14930.0,5.81,5589025,0,-243972,10.75,5.21,1.49,N,298.60,4.79,-36.60,-36.60
2026-09-15T10:22:01,446540,메가터치,9030.0,6.36,501629,0,60826,36.22,1.73,1.27,N,0.00,0.00,-17.83,-17.83
2026-09-15T10:22:03,052220,iMBC,1926.0,10.56,4466835,0,-8849,2.59,19.42,1.47,N,-8.27,0.80,-49.71,-49.71
2026-09-15T10:22:05,140430,카티스,2805.0,-6.66,2000565,0,-100888,0.54,18.72,0.07,N,-29.53,4.37,-35.52,-72.83
2026-09-15T10:22:08,411080,샌즈랩,6900.0,0.0,3767642,0,98628,0.70,24.68,1.21,N,-191.67,1.95,-33.40,-33.40
2026-09-15T10:22:10,053950,경남제약,2315.0,9.72,2405307,0,-3166,0.00,12.26,0.00,N,2.32,0.31,-45.08,-58.51
2026-09-15T10:22:12,429270,시지트로닉스,3520.0,13.55,1346157,0,-37907,3.32,20.87,0.03,N,-2.79,0.67,-71.22,-71.22
2026-09-15T10:22:14,004310,현대약품,10160.0,1.7,12876307,0,44799,0.60,40.24,2.78,N,0.00,0.00,-36.34,-36.34
2026-09-15T10:22:16,263860,지니언스,18670.0,-3.76,681004,0,7194,24.63,7.50,1.50,N,22.60,2.60,-37.77,-37.77
2026-09-15T10:22:18,417860,오브젠,7510.0,11.76,455496,0,-18707,1.60,9.68,0.00,N,-10.58,3.28,-57.67,-57.67
2026-09-15T10:22:20,289930,웨이비스,7940.0,14.41,647115,0,-72716,7.67,4.92,0.31,N,-16.11,2.96,-67.79,-67.79
2026-09-15T10:22:22,386380,스카이랩스,21650.0,-8.65,1305052,0,-6468,0.46,6.96,0.00,N,0.00,0.00,-44.98,-44.98
2026-09-15T10:31:21,007460,에이프로젠,1985.0,-0.35,57240,0,-25178,0.00,0.23,0.02,N,-0.60,0.01,-74.55,-87.77
2026-09-15T10:31:22,003060,에이프로젠바이오로직스,1644.0,2.81,45108,0,11335,0.00,0.28,0.00,N,-0.13,0.10,-74.19,-85.11
2026-09-15T10:31:24,417030,니어스랩,29100.0,-2.18,130343,0,-5559,6.23,2.26,0.00,N,-7.03,-0.64,-30.71,-30.71
2026-09-15T10:31:26,127120,제이에스링크,30950.0,2.82,26909,0,2314,3.36,0.07,0.00,N,-51.50,14.42,-37.98,-37.98
2026-09-15T10:31:28,115180,큐리언트,22600.0,2.26,27010,0,3287,3.08,0.07,0.00,N,-26.75,25.00,-64.07,-64.07
2026-09-15T10:31:30,437730,삼현,52700.0,29.8,1090749,0,23049,1.50,3.44,1.11,N,160.67,12.64,-31.47,-31.47
2026-09-15T10:31:32,030530,원익홀딩스,26050.0,18.95,5441933,0,-121953,4.90,7.05,1.17,N,73.38,1.99,-48.52,-48.52
2026-09-15T10:31:34,391710,코닉오토메이션,1475.0,22.51,3529804,0,-14511,0.73,8.28,0.42,N,59.00,2.38,-60.14,-60.14
2026-09-15T10:31:36,475580,에이럭스,8500.0,21.08,821652,0,-40636,1.47,6.03,2.51,N,-12.32,2.50,-45.69,-45.69
2026-09-15T10:31:38,071200,인피니트헬스케어,12420.0,9.81,786296,0,-22535,13.30,3.22,0.02,N,11.48,1.58,-3.50,-3.50
2026-09-15T10:31:40,278650,HLB바이오스텝,2635.0,15.57,1248696,0,-62572,0.50,7.16,0.24,N,-2.42,0.46,-54.57,-73.91
2026-09-15T10:31:43,448900,한국피아이엠,55700.0,15.92,106238,0,31288,1.21,1.75,0.85,N,-6188.89,5.87,-68.78,-68.78
2026-09-15T10:31:44,058610,에스피지,104300.0,14.99,987962,0,65210,4.42,4.45,3.92,N,253.16,8.97,-37.05,-37.05
2026-09-15T10:31:46,413630,씨피시스템,4460.0,10.53,2960976,0,158745,0.84,8.13,2.27,N,84.15,3.74,-27.95,-27.95
2026-09-15T10:31:48,389500,에스비비테크,43950.0,12.69,233789,0,24579,2.99,3.51,0.00,N,0.00,0.00,-61.78,-61.78
2026-09-15T10:31:50,056190,SFA,28200.0,13.03,210131,0,48495,12.97,0.59,1.07,N,18.38,0.88,-22.74,-22.74
2026-09-15T10:31:53,036540,SFA반도체,8430.0,11.95,4997407,0,392784,6.50,3.04,0.92,N,-72.67,2.92,-27.58,-27.58
2026-09-15T10:31:55,125490,한라캐스트,11430.0,12.06,2371159,0,276924,0.95,6.50,4.33,N,97.69,3.95,-54.91,-54.91
2026-09-15T10:31:57,163280,에어레인,4070.0,14.01,1119037,0,-74151,3.96,8.23,2.13,N,14.96,0.51,-78.70,-57.40
2026-09-15T10:31:59,474650,링크솔루션,28650.0,13.02,110758,0,-15146,6.09,1.93,0.46,N,-50.18,6.00,-69.29,-69.29
2026-09-15T10:32:01,000670,영풍,50800.0,1.7,344551,0,-32161,16.25,1.87,0.13,N,-120.38,0.26,-31.17,-29.24
2026-09-15T10:32:03,052220,iMBC,1944.0,11.6,4516900,0,-8849,2.59,19.64,1.47,N,-8.34,0.81,-49.24,-49.24
2026-09-15T10:32:05,140430,카티스,2850.0,-5.16,2026500,0,-98586,0.54,18.96,0.07,N,-30.00,4.44,-34.48,-72.40
2026-09-15T10:32:07,411080,샌즈랩,6950.0,0.72,3783007,0,100002,0.70,24.78,1.21,N,-193.06,1.96,-32.92,-32.92
2026-09-15T10:32:09,429270,시지트로닉스,3465.0,11.77,1386833,0,-54664,3.32,21.50,0.03,N,-2.74,0.66,-71.67,-71.67
2026-09-15T10:32:11,053950,경남제약,2325.0,10.19,2530564,0,-28433,0.00,12.90,0.00,N,2.33,0.32,-44.84,-58.33
2026-09-15T10:32:13,417860,오브젠,7410.0,10.27,470158,0,-23572,1.60,9.99,0.00,N,-10.44,3.24,-58.23,-58.23
2026-09-15T10:32:15,289930,웨이비스,7930.0,14.27,665012,0,-84659,7.67,5.06,0.31,N,-16.09,2.95,-67.83,-67.83
2026-09-15T10:32:18,004310,현대약품,10100.0,1.1,12991385,0,37872,0.60,40.60,2.78,N,0.00,0.00,-36.72,-36.72
2026-09-15T10:32:20,263860,지니언스,18870.0,-2.73,690796,0,11809,24.63,7.61,1.50,N,22.85,2.62,-37.10,-37.10
2026-09-15T10:41:20,007460,에이프로젠,1985.0,-0.35,57484,0,-25449,0.00,0.23,0.02,N,-0.60,0.01,-74.55,-87.77
2026-09-15T10:41:22,003060,에이프로젠바이오로직스,1645.0,2.88,47773,0,13210,0.00,0.29,0.00,N,-0.13,0.10,-74.18,-85.10
2026-09-15T10:41:24,417030,니어스랩,28800.0,-3.19,141363,0,-10772,6.23,2.45,0.00,N,-6.95,-0.63,-31.43,-31.43
2026-09-15T10:41:26,127120,제이에스링크,30850.0,2.49,28939,0,2024,3.36,0.08,0.00,N,-51.33,14.37,-38.18,-38.18
2026-09-15T10:41:27,115180,큐리언트,22850.0,3.39,32769,0,4389,3.08,0.09,0.00,N,-27.04,25.28,-63.67,-63.67
2026-09-15T10:41:29,437730,삼현,52700.0,29.8,1091604,0,23043,1.50,3.44,1.11,N,160.67,12.64,-31.47,-31.47
2026-09-15T10:41:31,391710,코닉오토메이션,1450.0,20.43,3794221,0,-22628,0.73,8.90,0.42,N,58.00,2.33,-60.81,-60.81
2026-09-15T10:41:33,071200,인피니트헬스케어,12640.0,11.76,829011,0,-18641,13.30,3.40,0.02,N,11.68,1.61,-1.79,-1.79
2026-09-15T10:41:35,030530,원익홀딩스,25550.0,16.67,5878445,0,-128961,4.90,7.61,1.17,N,71.97,1.95,-49.51,-49.51
2026-09-15T10:41:37,278650,HLB바이오스텝,2620.0,14.91,1269335,0,-60875,0.50,7.28,0.24,N,-2.40,0.46,-54.83,-74.06
2026-09-15T10:41:39,448900,한국피아이엠,54700.0,13.84,115769,0,31778,1.21,1.91,0.85,N,-6077.78,5.77,-69.34,-69.34
2026-09-15T10:41:40,475580,에이럭스,8200.0,16.81,1337673,0,-64488,1.47,9.82,2.51,N,-11.88,2.41,-47.60,-47.60
2026-09-15T10:41:42,354320,알멕,41400.0,8.95,72858,0,-7003,6.05,1.14,0.47,N,-201.95,1.76,-60.19,-60.19
2026-09-15T10:41:44,000670,영풍,51800.0,3.7,385804,0,-27943,16.25,2.10,0.13,N,-122.75,0.27,-29.81,-27.85
2026-09-15T10:41:46,056190,SFA,28100.0,12.63,221490,0,52226,12.97,0.62,1.07,N,18.32,0.87,-23.01,-23.01
2026-09-15T10:41:48,058610,에스피지,103600.0,14.22,1011798,0,72453,4.42,4.56,3.92,N,251.46,8.91,-37.48,-37.48
2026-09-15T10:41:50,036540,SFA반도체,8430.0,11.95,5667804,0,433145,6.50,3.45,0.92,N,-72.67,2.92,-27.58,-27.58
2026-09-15T10:41:51,474650,링크솔루션,28750.0,13.41,114044,0,-15448,6.09,1.98,0.46,N,-50.35,6.02,-69.19,-69.19
2026-09-15T10:41:53,163280,에어레인,4055.0,13.59,1147528,0,-83430,3.96,8.44,2.13,N,14.91,0.51,-78.78,-57.56
2026-09-15T10:41:55,413630,씨피시스템,4420.0,9.54,3582799,0,100493,0.84,9.83,2.27,N,83.40,3.70,-28.59,-28.59
2026-09-15T10:41:57,125490,한라캐스트,11310.0,10.88,2439687,0,289041,0.95,6.68,4.33,N,96.67,3.91,-55.38,-55.38
2026-09-15T10:41:59,389500,에스비비테크,43100.0,10.51,245069,0,26667,2.99,3.68,0.00,N,0.00,0.00,-62.52,-62.52
2026-09-15T10:42:01,140430,카티스,2840.0,-5.49,2055113,0,-99921,0.54,19.23,0.07,N,-29.89,4.42,-34.71,-72.49
2026-09-15T10:42:03,052220,iMBC,1924.0,10.45,4562833,0,-12626,2.59,19.84,1.47,N,-8.26,0.80,-49.77,-49.77
2026-09-15T10:42:05,411080,샌즈랩,6970.0,1.01,3814161,0,106407,0.70,24.98,1.21,N,-193.61,1.97,-32.72,-32.72
2026-09-15T10:42:07,053950,경남제약,2305.0,9.24,2582955,0,-18011,0.00,13.17,0.00,N,2.31,0.31,-45.31,-58.69
2026-09-15T10:42:09,429270,시지트로닉스,3495.0,12.74,1396267,0,-54386,3.32,21.65,0.03,N,-2.77,0.67,-71.42,-71.42
2026-09-15T10:42:11,417860,오브젠,7370.0,9.67,477686,0,-23557,1.60,10.15,0.00,N,-10.38,3.22,-58.46,-58.46
2026-09-15T10:42:12,004310,현대약품,10100.0,1.1,13079048,0,36140,0.60,40.87,2.78,N,0.00,0.00,-36.72,-36.72
2026-09-15T10:42:14,289930,웨이비스,7900.0,13.83,669739,0,-85877,7.67,5.09,0.31,N,-16.02,2.94,-67.95,-67.95
2026-09-15T10:51:20,007460,에이프로젠,1981.0,-0.55,57993,0,-25832,0.00,0.23,0.02,N,-0.60,0.01,-74.60,-87.79
2026-09-15T10:51:22,003060,에이프로젠바이오로직스,1645.0,2.88,48899,0,13856,0.00,0.30,0.00,N,-0.13,0.10,-74.18,-85.10
2026-09-15T10:51:24,417030,니어스랩,28950.0,-2.69,144798,0,-10534,6.23,2.51,0.00,N,-6.99,-0.63,-31.07,-31.07
2026-09-15T10:51:26,127120,제이에스링크,30600.0,1.66,30289,0,2483,3.36,0.08,0.00,N,-50.92,14.25,-38.68,-38.68
2026-09-15T10:51:28,115180,큐리언트,22850.0,3.39,38372,0,4392,3.08,0.10,0.00,N,-27.04,25.28,-63.67,-63.67
2026-09-15T10:51:30,437730,삼현,52700.0,29.8,1096245,0,22972,1.50,3.46,1.11,N,160.67,12.64,-31.47,-31.47
2026-09-15T10:51:32,391710,코닉오토메이션,1512.0,25.58,3999055,0,-16417,0.73,9.38,0.42,N,60.48,2.43,-59.14,-59.14
2026-09-15T10:51:34,030530,원익홀딩스,25800.0,17.81,6164423,0,-96906,4.90,7.98,1.17,N,72.68,1.97,-49.01,-49.01
2026-09-15T10:51:36,071200,인피니트헬스케어,12410.0,9.73,851224,0,-17133,13.30,3.49,0.02,N,11.47,1.58,-3.57,-3.57
2026-09-15T10:51:38,036540,SFA반도체,8530.0,13.28,6172079,0,501003,6.50,3.75,0.92,N,-73.53,2.96,-26.72,-26.72
2026-09-15T10:51:40,448900,한국피아이엠,54900.0,14.26,121226,0,32308,1.21,2.00,0.85,N,-6100.00,5.79,-69.23,-69.23
2026-09-15T10:51:41,278650,HLB바이오스텝,2585.0,13.38,1284826,0,-61849,0.50,7.37,0.24,N,-2.37,0.45,-55.43,-74.41
2026-09-15T10:51:44,058610,에스피지,103850.0,14.5,1031906,0,76923,4.42,4.65,3.92,N,252.06,8.93,-37.33,-37.33
2026-09-15T10:51:46,125490,한라캐스트,11450.0,12.25,2521389,0,303425,0.95,6.91,4.33,N,97.86,3.96,-54.83,-54.83
2026-09-15T10:51:48,056190,SFA,28100.0,12.63,228055,0,53428,12.97,0.64,1.07,N,18.32,0.87,-23.01,-23.01
2026-09-15T10:51:50,358570,지아이이노베이션,9550.0,14.1,327528,0,51191,9.05,0.51,0.25,N,-8.58,17.59,-54.52,-54.52
2026-09-15T10:51:52,354320,알멕,40900.0,7.63,81816,0,-4864,6.05,1.28,0.47,N,-199.51,1.74,-60.67,-60.67
2026-09-15T10:51:54,000670,영풍,51500.0,3.1,403678,0,-21000,16.25,2.19,0.13,N,-122.04,0.26,-30.22,-28.27
2026-09-15T10:51:55,336260,두산퓨얼셀,53200.0,11.3,977761,0,23069,13.97,1.49,0.56,N,-32.78,11.85,-51.15,-51.15
2026-09-15T10:51:57,474650,링크솔루션,28650.0,13.02,118776,0,-15733,6.09,2.06,0.46,N,-50.18,6.00,-69.29,-69.29
2026-09-15T10:51:59,446540,메가터치,9160.0,7.89,604137,0,87837,36.22,2.08,1.27,N,0.00,0.00,-16.65,-16.65
2026-09-15T10:52:01,054920,한컴위드,4510.0,11.91,1695179,0,-62941,2.68,6.01,2.07,N,16.22,0.78,-49.78,-49.78
2026-09-15T10:52:03,475580,에이럭스,8010.0,14.1,1550775,0,-84112,1.47,11.38,2.51,N,-11.61,2.36,-48.82,-48.82
2026-09-15T10:52:05,163280,에어레인,4055.0,13.59,1158208,0,-84506,3.96,8.51,2.13,N,14.91,0.51,-78.78,-57.56
2026-09-15T10:52:07,031980,피에스케이홀딩스,171900.0,10.55,122907,0,12250,6.00,0.57,0.49,N,40.43,7.32,-1.21,-1.21
2026-09-15T10:52:09,140430,카티스,2780.0,-7.49,2085081,0,-99340,0.54,19.51,0.07,N,-29.26,4.33,-36.09,-73.08
2026-09-15T10:52:11,411080,샌즈랩,6890.0,-0.14,3929240,0,118407,0.70,25.74,1.21,N,-191.39,1.95,-33.49,-33.49
2026-09-15T10:52:13,052220,iMBC,1929.0,10.73,4616061,0,-35186,2.59,20.07,1.47,N,-8.28,0.80,-49.63,-49.63
2026-09-15T10:52:15,053950,경남제약,2300.0,9.0,2613450,0,-23791,0.00,13.32,0.00,N,2.30,0.31,-45.43,-58.78
2026-09-15T10:52:17,429270,시지트로닉스,3500.0,12.9,1425287,0,-62833,3.32,22.10,0.03,N,-2.77,0.67,-71.38,-71.38
2026-09-15T10:52:19,417860,오브젠,7410.0,10.27,481327,0,-23193,1.60,10.23,0.00,N,-10.44,3.24,-58.23,-58.23
2026-09-15T10:52:20,004310,현대약품,10090.0,1.0,13227593,0,29233,0.60,41.34,2.78,N,0.00,0.00,-36.78,-36.78
2026-09-15T10:52:22,067290,JW신약,3635.0,6.91,34720065,0,234718,0.83,61.96,0.60,N,13.03,4.99,-16.15,-16.15
2026-09-15T11:01:19,007460,에이프로젠,1986.0,-0.3,59636,0,-27288,0.00,0.24,0.02,N,-0.60,0.01,-74.54,-87.76
2026-09-15T11:01:21,003060,에이프로젠바이오로직스,1653.0,3.38,50983,0,14162,0.00,0.31,0.00,N,-0.13,0.10,-74.05,-85.03
2026-09-15T11:01:24,417030,니어스랩,28950.0,-2.69,146690,0,-10850,6.23,2.54,0.00,N,-6.99,-0.63,-31.07,-31.07
2026-09-15T11:01:26,127120,제이에스링크,31100.0,3.32,31893,0,3021,3.36,0.09,0.00,N,-51.75,14.49,-37.68,-37.68
2026-09-15T11:01:28,115180,큐리언트,22500.0,1.81,41744,0,3791,3.08,0.11,0.00,N,-26.63,24.89,-64.23,-64.23
2026-09-15T11:01:30,437730,삼현,52700.0,29.8,1098196,0,22863,1.50,3.46,1.11,N,160.67,12.64,-31.47,-31.47
2026-09-15T11:01:32,391710,코닉오토메이션,1513.0,25.66,4438716,0,-31389,0.73,10.41,0.42,N,60.52,2.44,-59.11,-59.11
2026-09-15T11:01:34,054920,한컴위드,4915.0,21.96,4462969,0,-178953,2.68,15.82,2.07,N,17.68,0.85,-45.27,-45.27
2026-09-15T11:01:36,030530,원익홀딩스,25600.0,16.89,6320877,0,-66012,4.90,8.18,1.17,N,72.11,1.96,-49.41,-49.41
2026-09-15T11:01:38,071200,인피니트헬스케어,12320.0,8.93,863468,0,-16438,13.30,3.54,0.02,N,11.39,1.57,-4.27,-4.27
2026-09-15T11:01:40,354320,알멕,41750.0,9.87,108382,0,7547,6.05,1.70,0.47,N,-203.66,1.77,-59.86,-59.86
2026-09-15T11:01:42,036540,SFA반도체,8530.0,13.28,6799239,0,488739,6.50,4.13,0.92,N,-73.53,2.96,-26.72,-26.72
2026-09-15T11:01:44,058610,에스피지,105000.0,15.77,1059821,0,87772,4.42,4.78,3.92,N,254.85,9.03,-36.63,-36.63
2026-09-15T11:01:46,278650,HLB바이오스텝,2580.0,13.16,1299745,0,-56944,0.50,7.46,0.24,N,-2.37,0.45,-55.52,-74.46
2026-09-15T11:01:48,448900,한국피아이엠,54400.0,13.22,126134,0,33722,1.21,2.08,0.85,N,-6044.44,5.73,-69.51,-69.51
2026-09-15T11:01:50,000670,영풍,51700.0,3.5,412726,0,-20503,16.25,2.24,0.13,N,-122.51,0.26,-29.95,-27.99
2026-09-15T11:01:52,056190,SFA,28250.0,13.23,235423,0,55450,12.97,0.66,1.07,N,18.42,0.88,-22.60,-22.60
2026-09-15T11:01:53,358570,지아이이노베이션,9540.0,13.98,334058,0,53063,9.05,0.52,0.25,N,-8.57,17.57,-54.57,-54.57
2026-09-15T11:01:55,474650,링크솔루션,28750.0,13.41,121039,0,-15525,6.09,2.10,0.46,N,-50.35,6.02,-69.19,-69.19
2026-09-15T11:01:57,125490,한라캐스트,11380.0,11.57,2554626,0,311692,0.95,7.00,4.33,N,97.26,3.93,-55.11,-55.11
2026-09-15T11:01:59,413630,씨피시스템,4430.0,9.79,4099278,0,82677,0.84,11.25,2.27,N,83.58,3.71,-28.43,-28.43
2026-09-15T11:02:01,420770,기가비스,103100.0,9.8,87732,0,1437,7.44,0.69,0.41,N,84.58,6.19,-49.95,-49.95
2026-09-15T11:02:03,140430,카티스,2820.0,-6.16,2100377,0,-101354,0.54,19.65,0.07,N,-29.68,4.39,-35.17,-72.69
2026-09-15T11:02:05,052220,iMBC,1897.0,8.9,4706071,0,-38755,2.59,20.46,1.47,N,-8.14,0.79,-50.47,-50.47
2026-09-15T11:02:07,411080,샌즈랩,6920.0,0.29,3968552,0,113975,0.70,25.99,1.21,N,-192.22,1.96,-33.20,-33.20
2026-09-15T11:02:09,053950,경남제약,2325.0,10.19,2635141,0,-20478,0.00,13.43,0.00,N,2.33,0.32,-44.84,-58.33
2026-09-15T11:02:11,429270,시지트로닉스,3480.0,12.26,1446630,0,-59788,3.32,22.43,0.03,N,-2.76,0.67,-71.55,-71.55
2026-09-15T11:02:13,417860,오브젠,7360.0,9.52,483234,0,-23359,1.60,10.27,0.00,N,-10.37,3.21,-58.51,-58.51
2026-09-15T11:02:15,163280,에어레인,4040.0,13.17,1181660,0,-88797,3.96,8.69,2.13,N,14.85,0.50,-78.86,-57.72
2026-09-15T11:02:17,004310,현대약품,10080.0,0.9,13286088,0,27408,0.60,41.52,2.78,N,0.00,0.00,-36.84,-36.84
2026-09-15T11:02:19,067290,JW신약,3640.0,7.06,34960670,0,288858,0.83,62.39,0.60,N,13.05,4.99,-16.03,-16.03
2026-09-15T11:11:19,007460,에이프로젠,1986.0,-0.3,64423,0,-27572,0.00,0.26,0.02,N,-0.60,0.01,-74.54,-87.76
2026-09-15T11:11:21,003060,에이프로젠바이오로직스,1654.0,3.44,53023,0,15623,0.00,0.33,0.00,N,-0.13,0.10,-74.03,-85.02
2026-09-15T11:11:23,417030,니어스랩,28700.0,-3.53,151072,0,-12849,6.23,2.61,0.00,N,-6.93,-0.63,-31.67,-31.67
2026-09-15T11:11:25,127120,제이에스링크,31100.0,3.32,32729,0,3394,3.36,0.09,0.00,N,-51.75,14.49,-37.68,-37.68
2026-09-15T11:11:27,115180,큐리언트,22050.0,-0.23,43258,0,3016,3.08,0.12,0.00,N,-26.09,24.39,-64.94,-64.94
2026-09-15T11:11:29,437730,삼현,52700.0,29.8,1100481,0,22762,1.50,3.47,1.11,N,160.67,12.64,-31.47,-31.47
2026-09-15T11:11:31,391710,코닉오토메이션,1518.0,26.08,4608049,0,-41929,0.73,10.81,0.42,N,60.72,2.44,-58.97,-58.97
2026-09-15T11:11:33,030530,원익홀딩스,25800.0,17.81,6518599,0,-21822,4.90,8.44,1.17,N,72.68,1.97,-49.01,-49.01
2026-09-15T11:11:35,054920,한컴위드,4810.0,19.35,5744855,0,-312364,2.68,20.36,2.07,N,17.30,0.83,-46.44,-46.44
2026-09-15T11:11:37,036540,SFA반도체,8670.0,15.14,7893050,0,334593,6.50,4.80,0.92,N,-74.74,3.01,-25.52,-25.52
2026-09-15T11:11:39,071200,인피니트헬스케어,12370.0,9.37,883227,0,-10819,13.30,3.62,0.02,N,11.43,1.57,-3.89,-3.89
2026-09-15T11:11:41,278650,HLB바이오스텝,2640.0,15.79,1329205,0,-64673,0.50,7.62,0.24,N,-2.42,0.46,-54.48,-73.86
2026-09-15T11:11:43,417200,LS머트리얼즈,12840.0,14.34,1035919,0,135666,9.46,1.53,2.05,N,2140.00,4.69,-60.76,-60.76
2026-09-15T11:11:45,058610,에스피지,105700.0,16.54,1084687,0,96382,4.42,4.89,3.92,N,256.55,9.09,-36.21,-36.21
2026-09-15T11:11:46,125490,한라캐스트,11590.0,13.63,2745177,0,308385,0.95,7.52,4.33,N,99.06,4.01,-54.28,-54.28
2026-09-15T11:11:48,000670,영풍,52200.0,4.5,419186,0,-19170,16.25,2.28,0.13,N,-123.70,0.27,-29.27,-27.30
2026-09-15T11:11:50,448900,한국피아이엠,54800.0,14.05,129534,0,35735,1.21,2.13,0.85,N,-6088.89,5.78,-69.28,-69.28
2026-09-15T11:11:52,056190,SFA,28200.0,13.03,240701,0,55833,12.97,0.67,1.07,N,18.38,0.88,-22.74,-22.74
2026-09-15T11:11:54,474650,링크솔루션,28900.0,14.0,122856,0,-14877,6.09,2.14,0.46,N,-50.61,6.05,-69.02,-69.02
2026-09-15T11:11:56,354320,알멕,41000.0,7.89,113000,0,5893,6.05,1.77,0.47,N,-200.00,1.74,-60.58,-60.58
2026-09-15T11:11:58,420770,기가비스,103200.0,9.9,101432,0,3947,7.44,0.80,0.41,N,84.66,6.20,-49.90,-49.90
2026-09-15T11:12:00,358570,지아이이노베이션,9530.0,13.86,345209,0,55419,9.05,0.54,0.25,N,-8.56,17.55,-54.62,-54.62
2026-09-15T11:12:02,389500,에스비비테크,43400.0,11.28,260671,0,29430,2.99,3.91,0.00,N,0.00,0.00,-62.26,-62.26
2026-09-15T11:12:05,446540,메가터치,9150.0,7.77,690568,0,110203,36.22,2.37,1.27,N,0.00,0.00,-16.74,-16.74
2026-09-15T11:12:07,140430,카티스,2790.0,-7.15,2107380,0,-101989,0.54,19.71,0.07,N,-29.37,4.35,-35.86,-72.98
2026-09-15T11:12:08,052220,iMBC,1872.0,7.46,4753831,0,-27630,2.59,20.67,1.47,N,-8.03,0.78,-51.12,-51.12
2026-09-15T11:12:11,411080,샌즈랩,6920.0,0.29,3990408,0,110550,0.70,26.14,1.21,N,-192.22,1.96,-33.20,-33.20
2026-09-15T11:12:13,429270,시지트로닉스,3475.0,12.1,1452955,0,-59874,3.32,22.53,0.03,N,-2.75,0.67,-71.59,-71.59
2026-09-15T11:12:14,053950,경남제약,2365.0,12.09,2715250,0,-38894,0.00,13.84,0.00,N,2.37,0.32,-43.89,-57.62
2026-09-15T11:12:16,417860,오브젠,7400.0,10.12,484036,0,-22970,1.60,10.28,0.00,N,-10.42,3.23,-58.29,-58.29
2026-09-15T11:12:18,163280,에어레인,4055.0,13.59,1189169,0,-89090,3.96,8.74,2.13,N,14.91,0.51,-78.78,-57.56
2026-09-15T11:12:21,004310,현대약품,10080.0,0.9,13323051,0,27583,0.60,41.63,2.78,N,0.00,0.00,-36.84,-36.84
2026-09-15T11:21:20,007460,에이프로젠,1993.0,0.05,66445,0,-28373,0.00,0.27,0.02,N,-0.60,0.02,-74.45,-87.72
2026-09-15T11:21:22,003060,에이프로젠바이오로직스,1658.0,3.69,53190,0,15589,0.00,0.33,0.00,N,-0.13,0.10,-73.97,-84.99
2026-09-15T11:21:25,417030,니어스랩,28700.0,-3.53,152673,0,-14007,6.23,2.64,0.00,N,-6.93,-0.63,-31.67,-31.67
2026-09-15T11:21:27,127120,제이에스링크,31150.0,3.49,34172,0,3489,3.36,0.09,0.00,N,-51.83,14.51,-37.58,-37.58
2026-09-15T11:21:29,115180,큐리언트,22050.0,-0.23,43860,0,2550,3.08,0.12,0.00,N,-26.09,24.39,-64.94,-64.94
2026-09-15T11:21:31,437730,삼현,52700.0,29.8,1101409,0,22672,1.50,3.47,1.11,N,160.67,12.64,-31.47,-31.47
2026-09-15T11:21:33,054920,한컴위드,4980.0,23.57,7613268,0,-355372,2.68,26.98,2.07,N,17.91,0.86,-44.54,-44.54
2026-09-15T11:21:35,391710,코닉오토메이션,1470.0,22.09,4745905,0,-32672,0.73,11.14,0.42,N,58.80,2.37,-60.27,-60.27
2026-09-15T11:21:36,030530,원익홀딩스,25750.0,17.58,6652107,0,-27326,4.90,8.61,1.17,N,72.54,1.97,-49.11,-49.11
2026-09-15T11:21:39,036540,SFA반도체,8750.0,16.2,8387797,0,310635,6.50,5.10,0.92,N,-75.43,3.03,-24.83,-24.83
2026-09-15T11:21:40,071200,인피니트헬스케어,12350.0,9.2,906383,0,-1563,13.30,3.72,0.02,N,11.41,1.57,-4.04,-4.04
2026-09-15T11:21:43,058610,에스피지,105750.0,16.59,1121113,0,112486,4.42,5.06,3.92,N,256.67,9.09,-36.18,-36.18
2026-09-15T11:21:45,448900,한국피아이엠,55500.0,15.5,133717,0,37495,1.21,2.20,0.85,N,-6166.67,5.85,-68.89,-68.89
2026-09-15T11:21:46,278650,HLB바이오스텝,2605.0,14.25,1339224,0,-63415,0.50,7.68,0.24,N,-2.39,0.46,-55.09,-74.21
2026-09-15T11:21:48,125490,한라캐스트,11620.0,13.92,2887739,0,312976,0.95,7.91,4.33,N,99.32,4.02,-54.16,-54.16
2026-09-15T11:21:50,056190,SFA,28250.0,13.23,249198,0,55258,12.97,0.69,1.07,N,18.42,0.88,-22.60,-22.60
2026-09-15T11:21:52,417200,LS머트리얼즈,12640.0,12.56,1240177,0,120576,9.46,1.83,2.05,N,2106.67,4.62,-61.38,-61.38
2026-09-15T11:21:54,474650,링크솔루션,29000.0,14.4,125585,0,-14651,6.09,2.18,0.46,N,-50.79,6.07,-68.92,-68.92
2026-09-15T11:21:56,354320,알멕,40900.0,7.63,115211,0,4179,6.05,1.80,0.47,N,-199.51,1.74,-60.67,-60.67
2026-09-15T11:21:58,000670,영풍,51500.0,3.1,427080,0,-17020,16.25,2.32,0.13,N,-122.04,0.26,-30.22,-28.27
2026-09-15T11:22:00,446540,메가터치,9140.0,7.66,705395,0,113379,36.22,2.43,1.27,N,0.00,0.00,-16.83,-16.83
2026-09-15T11:22:02,389500,에스비비테크,43500.0,11.54,264074,0,29191,2.99,3.96,0.00,N,0.00,0.00,-62.17,-62.17
2026-09-15T11:22:04,420770,기가비스,102800.0,9.48,106326,0,2883,7.44,0.84,0.41,N,84.33,6.18,-50.10,-50.10
2026-09-15T11:22:06,140430,카티스,2810.0,-6.49,2116053,0,-102385,0.54,19.80,0.07,N,-29.58,4.38,-35.40,-72.78
2026-09-15T11:22:08,052220,iMBC,1858.0,6.66,4811821,0,-10403,2.59,20.92,1.47,N,-7.97,0.77,-51.49,-51.49
2026-09-15T11:22:10,411080,샌즈랩,6920.0,0.29,4020622,0,93977,0.70,26.33,1.21,N,-192.22,1.96,-33.20,-33.20
2026-09-15T11:22:12,429270,시지트로닉스,3485.0,12.42,1456050,0,-60059,3.32,22.58,0.03,N,-2.76,0.67,-71.50,-71.50
2026-09-15T11:22:14,163280,에어레인,4035.0,13.03,1198350,0,-91211,3.96,8.81,2.13,N,14.83,0.50,-78.89,-57.77
2026-09-15T11:22:16,053950,경남제약,2380.0,12.8,2752418,0,-49670,0.00,14.03,0.00,N,2.38,0.32,-43.53,-57.35
2026-09-15T11:22:18,417860,오브젠,7460.0,11.01,487094,0,-22509,1.60,10.35,0.00,N,-10.51,3.26,-57.95,-57.95
2026-09-15T11:22:20,004310,현대약품,10090.0,1.0,13402335,0,31567,0.60,41.88,2.78,N,0.00,0.00,-36.78,-36.78
2026-09-15T11:31:20,007460,에이프로젠,1987.0,-0.25,67908,0,-28713,0.00,0.27,0.02,N,-0.60,0.01,-74.53,-87.76
2026-09-15T11:31:22,003060,에이프로젠바이오로직스,1646.0,2.94,54862,0,15986,0.00,0.34,0.00,N,-0.13,0.10,-74.16,-85.09
2026-09-15T11:31:24,417030,니어스랩,28850.0,-3.03,153624,0,-14209,6.23,2.66,0.00,N,-6.97,-0.63,-31.31,-31.31
2026-09-15T11:31:25,127120,제이에스링크,30900.0,2.66,36816,0,3149,3.36,0.10,0.00,N,-51.41,14.39,-38.08,-38.08
2026-09-15T11:31:28,115180,큐리언트,21850.0,-1.13,45474,0,1250,3.08,0.12,0.00,N,-25.86,24.17,-65.26,-65.26
2026-09-15T11:31:30,054920,한컴위드,5230.0,29.78,9774665,0,-349795,2.68,34.64,2.07,N,18.81,0.90,-41.76,-41.76
2026-09-15T11:31:32,437730,삼현,52700.0,29.8,1102422,0,22555,1.50,3.48,1.11,N,160.67,12.64,-31.47,-31.47
2026-09-15T11:31:34,391710,코닉오토메이션,1491.0,23.84,4838609,0,-41740,0.73,11.35,0.42,N,59.64,2.40,-59.70,-59.70
2026-09-15T11:31:36,372910,한컴라이프케어,2280.0,19.87,2173978,0,-152358,4.16,7.86,2.34,N,-8.17,0.50,-39.68,-39.68
2026-09-15T11:31:38,036540,SFA반도체,8860.0,17.66,9482997,0,77653,6.50,5.77,0.92,N,-76.38,3.07,-23.88,-23.88
2026-09-15T11:31:39,030530,원익홀딩스,25500.0,16.44,6804241,0,-18662,4.90,8.81,1.17,N,71.83,1.95,-49.60,-49.60
2026-09-15T11:31:41,071200,인피니트헬스케어,12340.0,9.11,912176,0,1343,13.30,3.74,0.02,N,11.40,1.57,-4.12,-4.12
2026-09-15T11:31:43,058610,에스피지,105600.0,16.43,1137790,0,117516,4.42,5.13,3.92,N,256.31,9.08,-36.27,-36.27
2026-09-15T11:31:45,417200,LS머트리얼즈,12620.0,12.38,1361586,0,105476,9.46,2.01,2.05,N,2103.33,4.61,-61.44,-61.44
2026-09-15T11:31:47,278650,HLB바이오스텝,2580.0,13.16,1347323,0,-65238,0.50,7.73,0.24,N,-2.37,0.45,-55.52,-74.46
2026-09-15T11:31:49,448900,한국피아이엠,54700.0,13.84,137868,0,36767,1.21,2.27,0.85,N,-6077.78,5.77,-69.34,-69.34
2026-09-15T11:31:51,125490,한라캐스트,11520.0,12.94,2955200,0,321170,0.95,8.10,4.33,N,98.46,3.98,-54.56,-54.56
2026-09-15T11:31:53,056190,SFA,28200.0,13.03,253800,0,55542,12.97,0.71,1.07,N,18.38,0.88,-22.74,-22.74
2026-09-15T11:31:54,420770,기가비스,103600.0,10.33,110333,0,2783,7.44,0.87,0.41,N,84.99,6.22,-49.71,-49.71
2026-09-15T11:31:56,446540,메가터치,9190.0,8.24,715322,0,119837,36.22,2.46,1.27,N,0.00,0.00,-16.38,-16.38
2026-09-15T11:31:58,000670,영풍,51400.0,2.9,433200,0,-14929,16.25,2.35,0.13,N,-121.80,0.26,-30.35,-28.41
2026-09-15T11:32:00,290550,디케이티,17680.0,10.64,356430,0,71966,7.20,1.78,4.06,N,15.25,1.74,-49.41,-49.41
2026-09-15T11:32:02,354320,알멕,40750.0,7.24,118759,0,4293,6.05,1.86,0.47,N,-198.78,1.73,-60.82,-60.82
2026-09-15T11:32:04,474650,링크솔루션,28700.0,13.21,127803,0,-15291,6.09,2.22,0.46,N,-50.26,6.01,-69.24,-69.24
2026-09-15T11:32:06,140430,카티스,2825.0,-5.99,2125290,0,-104715,0.54,19.88,0.07,N,-29.74,4.40,-35.06,-72.64
2026-09-15T11:32:08,052220,iMBC,1875.0,7.63,4837449,0,-1939,2.59,21.03,1.47,N,-8.05,0.78,-51.04,-51.04
2026-09-15T11:32:10,053950,경남제약,2280.0,8.06,2867502,0,-66512,0.00,14.62,0.00,N,2.28,0.31,-45.91,-59.14
2026-09-15T11:32:12,411080,샌즈랩,7100.0,2.9,4189967,0,99268,0.70,27.44,1.21,N,-197.22,2.01,-31.47,-31.47
2026-09-15T11:32:14,163280,에어레인,4005.0,12.18,1215558,0,-92685,3.96,8.94,2.13,N,14.72,0.50,-79.04,-58.08
2026-09-15T11:32:16,429270,시지트로닉스,3520.0,13.55,1463662,0,-61911,3.32,22.70,0.03,N,-2.79,0.67,-71.22,-71.22
2026-09-15T11:32:17,224060,더코디,6930.0,-10.35,631311,0,-3479,0.00,12.23,0.00,N,1.47,0.30,-45.65,-45.65
2026-09-15T11:32:19,417860,오브젠,7420.0,10.42,489657,0,-23897,1.60,10.40,0.00,N,-10.45,3.24,-58.17,-58.17
2026-09-15T11:32:21,004310,현대약품,10020.0,0.3,13593348,0,19230,0.60,42.48,2.78,N,0.00,0.00,-37.22,-37.22
2026-09-15T11:41:20,007460,에이프로젠,1992.0,0.0,68028,0,-28720,0.00,0.27,0.02,N,-0.60,0.02,-74.46,-87.73
2026-09-15T11:41:21,003060,에이프로젠바이오로직스,1653.0,3.38,55012,0,16018,0.00,0.34,0.00,N,-0.13,0.10,-74.05,-85.03
2026-09-15T11:41:23,417030,니어스랩,28850.0,-3.03,155210,0,-15166,6.23,2.69,0.00,N,-6.97,-0.63,-31.31,-31.31
2026-09-15T11:41:25,127120,제이에스링크,30900.0,2.66,38123,0,2883,3.36,0.10,0.00,N,-51.41,14.39,-38.08,-38.08
2026-09-15T11:41:27,115180,큐리언트,21850.0,-1.13,46023,0,918,3.08,0.12,0.00,N,-25.86,24.17,-65.26,-65.26
2026-09-15T11:41:29,054920,한컴위드,5230.0,29.78,9799785,0,-349795,2.68,34.73,2.07,N,18.81,0.90,-41.76,-41.76
2026-09-15T11:41:31,437730,삼현,52700.0,29.8,1103302,0,22501,1.50,3.48,1.11,N,160.67,12.64,-31.47,-31.47
2026-09-15T11:41:33,391710,코닉오토메이션,1484.0,23.26,4929937,0,-28938,0.73,11.57,0.42,N,59.36,2.39,-59.89,-59.89
2026-09-15T11:41:35,036540,SFA반도체,8920.0,18.46,10666666,0,-105371,6.50,6.49,0.92,N,-76.90,3.09,-23.37,-23.37
2026-09-15T11:41:37,071200,인피니트헬스케어,12600.0,11.41,928159,0,8629,13.30,3.80,0.02,N,11.65,1.60,-2.10,-2.10
2026-09-15T11:41:39,030530,원익홀딩스,25650.0,17.12,6926475,0,16693,4.90,8.97,1.17,N,72.25,1.96,-49.31,-49.31
2026-09-15T11:41:41,372910,한컴라이프케어,2215.0,16.46,3967885,0,-245331,4.16,14.34,2.34,N,-7.94,0.48,-41.40,-41.40
2026-09-15T11:41:43,058610,에스피지,105600.0,16.43,1149307,0,121832,4.42,5.18,3.92,N,256.31,9.08,-36.27,-36.27
2026-09-15T11:41:45,125490,한라캐스트,11570.0,13.43,2978233,0,327035,0.95,8.16,4.33,N,98.89,4.00,-54.36,-54.36
2026-09-15T11:41:47,278650,HLB바이오스텝,2575.0,12.94,1358636,0,-63717,0.50,7.79,0.24,N,-2.36,0.45,-55.60,-74.50
2026-09-15T11:41:49,474650,링크솔루션,28950.0,14.2,129449,0,-14636,6.09,2.25,0.46,N,-50.70,6.06,-68.97,-68.97
2026-09-15T11:41:51,448900,한국피아이엠,54700.0,13.84,139211,0,36994,1.21,2.29,0.85,N,-6077.78,5.77,-69.34,-69.34
2026-09-15T11:41:53,417200,LS머트리얼즈,12560.0,11.84,1411944,0,112076,9.46,2.09,2.05,N,2093.33,4.59,-61.62,-61.62
2026-09-15T11:41:55,056190,SFA,28150.0,12.83,258576,0,55431,12.97,0.72,1.07,N,18.35,0.88,-22.88,-22.88
2026-09-15T11:41:57,446540,메가터치,9250.0,8.95,728054,0,122731,36.22,2.50,1.27,N,0.00,0.00,-15.83,-15.83
2026-09-15T11:41:59,420770,기가비스,103300.0,10.01,114537,0,1782,7.44,0.90,0.41,N,84.74,6.21,-49.85,-49.85
2026-09-15T11:42:01,000670,영풍,51600.0,3.3,436531,0,-15430,16.25,2.37,0.13,N,-122.27,0.26,-30.08,-28.13
2026-09-15T11:42:03,290550,디케이티,17750.0,11.08,369821,0,71495,7.20,1.85,4.06,N,15.31,1.75,-49.21,-49.21
2026-09-15T11:42:05,092870,엑시콘,31550.0,9.55,152617,0,15536,4.46,1.17,2.41,N,45.92,2.09,-24.34,-24.34
2026-09-15T11:42:06,140430,카티스,2805.0,-6.66,2149739,0,-104871,0.54,20.11,0.07,N,-29.53,4.37,-35.52,-72.83
2026-09-15T11:42:08,052220,iMBC,1893.0,8.67,4877073,0,-4681,2.59,21.20,1.47,N,-8.12,0.78,-50.57,-50.57
2026-09-15T11:42:10,053950,경남제약,2270.0,7.58,2910573,0,-58046,0.00,14.83,0.00,N,2.27,0.31,-46.14,-59.32
2026-09-15T11:42:12,163280,에어레인,3965.0,11.06,1235143,0,-94191,3.96,9.08,2.13,N,14.58,0.50,-79.25,-58.50
2026-09-15T11:42:14,411080,샌즈랩,7040.0,2.03,4292373,0,69897,0.70,28.11,1.21,N,-195.56,1.99,-32.05,-32.05
2026-09-15T11:42:16,429270,시지트로닉스,3490.0,12.58,1473071,0,-62369,3.32,22.84,0.03,N,-2.76,0.67,-71.46,-71.46
2026-09-15T11:42:18,224060,더코디,6900.0,-10.74,643273,0,-3420,0.00,12.46,0.00,N,1.47,0.30,-45.88,-45.88
2026-09-15T11:42:20,004310,현대약품,10030.0,0.4,13664668,0,44839,0.60,42.70,2.78,N,0.00,0.00,-37.16,-37.16
2026-09-15T11:42:22,417860,오브젠,7460.0,11.01,490172,0,-23921,1.60,10.41,0.00,N,-10.51,3.26,-57.95,-57.95
2026-09-15T11:51:20,007460,에이프로젠,1982.0,-0.5,71250,0,-28782,0.00,0.29,0.02,N,-0.60,0.01,-74.59,-87.79
2026-09-15T11:51:22,003060,에이프로젠바이오로직스,1655.0,3.5,59856,0,18278,0.00,0.37,0.00,N,-0.13,0.10,-74.02,-85.01
2026-09-15T11:51:24,417030,니어스랩,28900.0,-2.86,156091,0,-15520,6.23,2.70,0.00,N,-6.98,-0.63,-31.19,-31.19
2026-09-15T11:51:26,127120,제이에스링크,30450.0,1.16,43390,0,-931,3.36,0.12,0.00,N,-50.67,14.18,-38.98,-38.98
2026-09-15T11:51:27,115180,큐리언트,21500.0,-2.71,51955,0,-4020,3.08,0.14,0.00,N,-25.44,23.78,-65.82,-65.82
2026-09-15T11:51:29,054920,한컴위드,5230.0,29.78,9837832,0,-349795,2.68,34.86,2.07,N,18.81,0.90,-41.76,-41.76
2026-09-15T11:51:32,437730,삼현,52700.0,29.8,1104013,0,22476,1.50,3.48,1.11,N,160.67,12.64,-31.47,-31.47
2026-09-15T11:51:34,391710,코닉오토메이션,1482.0,23.09,4999051,0,-36848,0.73,11.73,0.42,N,59.28,2.39,-59.95,-59.95
2026-09-15T11:51:36,036540,SFA반도체,8940.0,18.73,11637263,0,-145140,6.50,7.08,0.92,N,-77.07,3.10,-23.20,-23.20
2026-09-15T11:51:38,372910,한컴라이프케어,2240.0,17.77,4673935,0,-225291,4.16,16.89,2.34,N,-8.03,0.49,-40.74,-40.74
2026-09-15T11:51:40,071200,인피니트헬스케어,12630.0,11.67,933245,0,9345,13.30,3.83,0.02,N,11.67,1.61,-1.86,-1.86
2026-09-15T11:51:42,030530,원익홀딩스,25400.0,15.98,7004098,0,27785,4.90,9.07,1.17,N,71.55,1.94,-49.80,-49.80
2026-09-15T11:51:43,217820,원익피앤이,2790.0,7.51,2384363,0,-105663,3.09,5.02,0.06,N,139.50,1.21,-39.68,-39.68
2026-09-15T11:51:45,058610,에스피지,105600.0,16.43,1159243,0,125276,4.42,5.23,3.92,N,256.31,9.08,-36.27,-36.27
2026-09-15T11:51:47,125490,한라캐스트,11570.0,13.43,3011672,0,330237,0.95,8.25,4.33,N,98.89,4.00,-54.36,-54.36
2026-09-15T11:51:49,056190,SFA,28200.0,13.03,264803,0,56349,12.97,0.74,1.07,N,18.38,0.88,-22.74,-22.74
2026-09-15T11:51:51,417200,LS머트리얼즈,12560.0,11.84,1463053,0,111297,9.46,2.16,2.05,N,2093.33,4.59,-61.62,-61.62
2026-09-15T11:51:53,448900,한국피아이엠,54500.0,13.42,140315,0,37127,1.21,2.31,0.85,N,-6055.56,5.74,-69.45,-69.45
2026-09-15T11:51:54,000670,영풍,51500.0,3.1,440928,0,-14030,16.25,2.39,0.13,N,-122.04,0.26,-30.22,-28.27
2026-09-15T11:51:56,446540,메가터치,9180.0,8.13,743221,0,131037,36.22,2.56,1.27,N,0.00,0.00,-16.47,-16.47
2026-09-15T11:51:58,278650,HLB바이오스텝,2550.0,11.84,1379045,0,-61593,0.50,7.91,0.24,N,-2.34,0.45,-56.03,-74.75
2026-09-15T11:52:00,420770,기가비스,103200.0,9.9,118650,0,1089,7.44,0.94,0.41,N,84.66,6.20,-49.90,-49.90
2026-09-15T11:52:02,092870,엑시콘,31625.0,9.81,156258,0,15523,4.46,1.20,2.41,N,46.03,2.09,-24.16,-24.16
2026-09-15T11:52:04,163280,에어레인,4070.0,14.01,1290789,0,-91461,3.96,9.49,2.13,N,14.96,0.51,-78.70,-57.40
2026-09-15T11:52:06,290550,디케이티,17720.0,10.89,379675,0,74440,7.20,1.90,4.06,N,15.29,1.75,-49.30,-49.30
2026-09-15T11:52:08,474650,링크솔루션,28550.0,12.62,131465,0,-14974,6.09,2.29,0.46,N,-50.00,5.98,-69.40,-69.40
2026-09-15T11:52:10,140430,카티스,2800.0,-6.82,2157785,0,-105440,0.54,20.19,0.07,N,-29.47,4.36,-35.63,-72.88
2026-09-15T11:52:13,053950,경남제약,2255.0,6.87,2934634,0,-63954,0.00,14.96,0.00,N,2.26,0.31,-46.50,-59.59
2026-09-15T11:52:15,052220,iMBC,1920.0,10.22,4910708,0,3211,2.59,21.35,1.47,N,-8.24,0.80,-49.87,-49.87
2026-09-15T11:52:17,411080,샌즈랩,6960.0,0.87,4352718,0,39237,0.70,28.51,1.21,N,-193.33,1.97,-32.82,-32.82
2026-09-15T11:52:19,224060,더코디,6860.0,-11.25,665540,0,-942,0.00,12.90,0.00,N,1.46,0.30,-46.20,-46.20
2026-09-15T11:52:21,429270,시지트로닉스,3515.0,13.39,1521974,0,-81479,3.32,23.60,0.03,N,-2.78,0.67,-71.26,-71.26
2026-09-15T11:52:23,004310,현대약품,10060.0,0.7,13697919,0,36249,0.60,42.81,2.78,N,0.00,0.00,-36.97,-36.97
2026-09-15T11:52:26,298380,에이비엘바이오,60100.0,-7.4,220322,0,-959,13.56,0.39,1.37,N,-86.72,21.41,-76.66,-76.66
2026-09-15T12:01:19,007460,에이프로젠,1982.0,-0.5,71732,0,-29033,0.00,0.29,0.02,N,-0.60,0.01,-74.59,-87.79
2026-09-15T12:01:21,003060,에이프로젠바이오로직스,1651.0,3.25,61762,0,18591,0.00,0.38,0.00,N,-0.13,0.10,-74.08,-85.05
2026-09-15T12:01:23,417030,니어스랩,28900.0,-2.86,156781,0,-15786,6.23,2.71,0.00,N,-6.98,-0.63,-31.19,-31.19
2026-09-15T12:01:25,127120,제이에스링크,30450.0,1.16,44578,0,-1596,3.36,0.12,0.00,N,-50.67,14.18,-38.98,-38.98
2026-09-15T12:01:27,115180,큐리언트,21600.0,-2.26,53491,0,-3756,3.08,0.14,0.00,N,-25.56,23.89,-65.66,-65.66
2026-09-15T12:01:29,054920,한컴위드,5230.0,29.78,9868539,0,-349795,2.68,34.97,2.07,N,18.81,0.90,-41.76,-41.76
2026-09-15T12:01:31,437730,삼현,52700.0,29.8,1104446,0,22453,1.50,3.48,1.11,N,160.67,12.64,-31.47,-31.47
2026-09-15T12:01:34,071200,인피니트헬스케어,13380.0,18.3,1380900,0,-32797,13.30,5.66,0.02,N,12.37,1.70,-3.04,-3.04
2026-09-15T12:01:36,372910,한컴라이프케어,2340.0,23.03,5866496,0,-282861,4.16,21.20,2.34,N,-8.39,0.51,-38.10,-38.10
2026-09-15T12:01:38,391710,코닉오토메이션,1480.0,22.92,5049111,0,-40805,0.73,11.85,0.42,N,59.20,2.38,-60.00,-60.00
2026-09-15T12:01:40,036540,SFA반도체,8960.0,18.99,12152655,0,-92838,6.50,7.39,0.92,N,-77.24,3.11,-23.02,-23.02
2026-09-15T12:01:42,030530,원익홀딩스,25200.0,15.07,7113520,0,73158,4.90,9.21,1.17,N,70.99,1.93,-50.20,-50.20
2026-09-15T12:01:44,417200,LS머트리얼즈,12700.0,13.09,1506808,0,103528,9.46,2.23,2.05,N,2116.67,4.64,-61.19,-61.19
2026-09-15T12:01:46,058610,에스피지,104400.0,15.1,1177170,0,127773,4.42,5.31,3.92,N,253.40,8.97,-36.99,-36.99
2026-09-15T12:01:48,125490,한라캐스트,11460.0,12.35,3044408,0,336234,0.95,8.34,4.33,N,97.95,3.96,-54.79,-54.79
2026-09-15T12:01:50,056190,SFA,28150.0,12.83,268218,0,56040,12.97,0.75,1.07,N,18.35,0.88,-22.88,-22.88
2026-09-15T12:01:52,000670,영풍,51700.0,3.5,443874,0,-12923,16.25,2.41,0.13,N,-122.51,0.26,-29.95,-27.99
2026-09-15T12:01:54,448900,한국피아이엠,54300.0,13.01,141859,0,37326,1.21,2.34,0.85,N,-6033.33,5.72,-69.56,-69.56
2026-09-15T12:01:56,420770,기가비스,103500.0,10.22,122812,0,660,7.44,0.97,0.41,N,84.91,6.22,-49.76,-49.76
2026-09-15T12:01:58,290550,디케이티,17780.0,11.26,387850,0,76094,7.20,1.94,4.06,N,15.34,1.75,-49.13,-49.13
2026-09-15T12:02:00,278650,HLB바이오스텝,2550.0,11.84,1387976,0,-60712,0.50,7.96,0.24,N,-2.34,0.45,-56.03,-74.75
2026-09-15T12:02:02,163280,에어레인,4075.0,14.15,1304819,0,-94129,3.96,9.59,2.13,N,14.98,0.51,-78.68,-57.35
2026-09-15T12:02:04,446540,메가터치,9150.0,7.77,753149,0,130903,36.22,2.59,1.27,N,0.00,0.00,-16.74,-16.74
2026-09-15T12:02:06,354320,알멕,40700.0,7.11,124206,0,2111,6.05,1.94,0.47,N,-198.54,1.73,-60.87,-60.87
2026-09-15T12:02:08,092870,엑시콘,31400.0,9.03,161257,0,14838,4.46,1.24,2.41,N,45.71,2.08,-24.70,-24.70
2026-09-15T12:02:10,140430,카티스,2720.0,-9.48,2228064,0,-111729,0.54,20.84,0.07,N,-28.63,4.24,-37.47,-73.66
2026-09-15T12:02:12,053950,경남제약,2240.0,6.16,2957815,0,-57848,0.00,15.08,0.00,N,2.24,0.30,-46.86,-59.86
2026-09-15T12:02:14,052220,iMBC,1916.0,9.99,5102650,0,9589,2.59,22.19,1.47,N,-8.22,0.79,-49.97,-49.97
2026-09-15T12:02:16,429270,시지트로닉스,3420.0,10.32,1545465,0,-83155,3.32,23.96,0.03,N,-2.71,0.66,-72.04,-72.04
2026-09-15T12:02:18,411080,샌즈랩,7000.0,1.45,4411855,0,36845,0.70,28.90,1.21,N,-194.44,1.98,-32.43,-32.43
2026-09-15T12:02:20,224060,더코디,6830.0,-11.64,691816,0,-14,0.00,13.41,0.00,N,1.45,0.30,-46.43,-46.43
2026-09-15T12:02:22,004310,현대약품,10100.0,1.1,13747742,0,30346,0.60,42.96,2.78,N,0.00,0.00,-36.72,-36.72
2026-09-15T12:02:24,417860,오브젠,7470.0,11.16,492714,0,-24362,1.60,10.47,0.00,N,-10.52,3.26,-57.89,-57.89
2026-09-15T12:11:20,007460,에이프로젠,1983.0,-0.45,71834,0,-29073,0.00,0.29,0.02,N,-0.60,0.01,-74.58,-87.78
2026-09-15T12:11:22,003060,에이프로젠바이오로직스,1651.0,3.25,66121,0,20373,0.00,0.41,0.00,N,-0.13,0.10,-74.08,-85.05
2026-09-15T12:11:24,417030,니어스랩,28900.0,-2.86,157112,0,-15595,6.23,2.72,0.00,N,-6.98,-0.63,-31.19,-31.19
2026-09-15T12:11:26,127120,제이에스링크,30550.0,1.5,45653,0,-1715,3.36,0.12,0.00,N,-50.83,14.23,-38.78,-38.78
2026-09-15T12:11:28,115180,큐리언트,21650.0,-2.04,54080,0,-3820,3.08,0.14,0.00,N,-25.62,23.95,-65.58,-65.58
2026-09-15T12:11:30,054920,한컴위드,5230.0,29.78,9878241,0,-349795,2.68,35.01,2.07,N,18.81,0.90,-41.76,-41.76
2026-09-15T12:11:32,071200,인피니트헬스케어,13740.0,21.49,1598317,0,-228,13.30,6.55,0.02,N,12.70,1.75,-1.86,-1.86
2026-09-15T12:11:34,437730,삼현,52700.0,29.8,1104900,0,22427,1.50,3.48,1.11,N,160.67,12.64,-31.47,-31.47
2026-09-15T12:11:36,391710,코닉오토메이션,1448.0,20.27,5177150,0,-30447,0.73,12.15,0.42,N,57.92,2.33,-60.86,-60.86
2026-09-15T12:11:38,036540,SFA반도체,8870.0,17.8,12498736,0,-28103,6.50,7.60,0.92,N,-76.47,3.08,-23.80,-23.80
2026-09-15T12:11:40,372910,한컴라이프케어,2260.0,18.82,6878160,0,-284434,4.16,24.85,2.34,N,-8.10,0.49,-40.21,-40.21
2026-09-15T12:11:42,030530,원익홀딩스,25150.0,14.84,7244132,0,96758,4.90,9.38,1.17,N,70.85,1.92,-50.30,-50.30
2026-09-15T12:11:43,417200,LS머트리얼즈,12790.0,13.89,1565772,0,116824,9.46,2.31,2.05,N,2131.67,4.67,-60.92,-60.92
2026-09-15T12:11:45,058610,에스피지,104800.0,15.55,1191166,0,131953,4.42,5.37,3.92,N,254.37,9.01,-36.75,-36.75
2026-09-15T12:11:47,358570,지아이이노베이션,9640.0,15.17,445892,0,99769,9.05,0.69,0.25,N,-8.66,17.75,-54.10,-54.10
2026-09-15T12:11:49,448900,한국피아이엠,54500.0,13.42,143613,0,37656,1.21,2.36,0.85,N,-6055.56,5.74,-69.45,-69.45
2026-09-15T12:11:51,056190,SFA,28150.0,12.83,271887,0,55680,12.97,0.76,1.07,N,18.35,0.88,-22.88,-22.88
2026-09-15T12:11:53,420770,기가비스,103400.0,10.12,125783,0,566,7.44,0.99,0.41,N,84.82,6.21,-49.81,-49.81
2026-09-15T12:11:55,125490,한라캐스트,11440.0,12.16,3070029,0,340538,0.95,8.41,4.33,N,97.78,3.96,-54.87,-54.87
2026-09-15T12:11:56,290550,디케이티,17800.0,11.39,402625,0,78156,7.20,2.01,4.06,N,15.36,1.76,-49.07,-49.07
2026-09-15T12:11:58,000670,영풍,51600.0,3.3,446715,0,-12300,16.25,2.43,0.13,N,-122.27,0.26,-30.08,-28.13
2026-09-15T12:12:00,354320,알멕,41050.0,8.03,126033,0,1199,6.05,1.97,0.47,N,-200.24,1.74,-60.53,-60.53
2026-09-15T12:12:02,278650,HLB바이오스텝,2540.0,11.4,1393677,0,-59346,0.50,7.99,0.24,N,-2.33,0.45,-56.21,-74.85
2026-09-15T12:12:04,140430,카티스,2770.0,-7.82,2271203,0,-108370,0.54,21.25,0.07,N,-29.16,4.31,-36.32,-73.17
2026-09-15T12:12:06,053950,경남제약,2270.0,7.58,2978813,0,-52156,0.00,15.18,0.00,N,2.27,0.31,-46.14,-59.32
2026-09-15T12:12:08,052220,iMBC,1911.0,9.7,5132489,0,14698,2.59,22.32,1.47,N,-8.20,0.79,-50.10,-50.10
2026-09-15T12:12:10,224060,더코디,6790.0,-12.16,704565,0,480,0.00,13.65,0.00,N,1.44,0.29,-46.75,-46.75
2026-09-15T12:12:12,429270,시지트로닉스,3455.0,11.45,1552982,0,-80476,3.32,24.08,0.03,N,-2.74,0.66,-71.75,-71.75
2026-09-15T12:12:14,411080,샌즈랩,7030.0,1.88,4514887,0,39397,0.70,29.57,1.21,N,-195.28,1.99,-32.14,-32.14
2026-09-15T12:12:16,217820,원익피앤이,2510.0,-3.28,3067532,0,-112156,3.09,6.46,0.06,Y,125.50,1.09,-45.73,-45.73
2026-09-15T12:12:18,163280,에어레인,3990.0,11.76,1318463,0,-96414,3.96,9.69,2.13,N,14.67,0.50,-79.12,-58.24
2026-09-15T12:12:20,417860,오브젠,7420.0,10.42,493834,0,-24362,1.60,10.49,0.00,N,-10.45,3.24,-58.17,-58.17
2026-09-15T12:12:22,004310,현대약품,10080.0,0.9,13774805,0,29603,0.60,43.05,2.78,N,0.00,0.00,-36.84,-36.84
2026-09-15T12:21:22,007460,에이프로젠,1983.0,-0.45,75128,0,-30351,0.00,0.30,0.02,N,-0.60,0.01,-74.58,-87.78
2026-09-15T12:21:24,003060,에이프로젠바이오로직스,1645.0,2.88,67370,0,20297,0.00,0.41,0.00,N,-0.13,0.10,-74.18,-85.10
2026-09-15T12:21:26,417030,니어스랩,29000.0,-2.52,157381,0,-15602,6.23,2.72,0.00,N,-7.00,-0.63,-30.95,-30.95
2026-09-15T12:21:27,127120,제이에스링크,30500.0,1.33,47846,0,-2400,3.36,0.13,0.00,N,-50.75,14.21,-38.88,-38.88
2026-09-15T12:21:29,115180,큐리언트,21700.0,-1.81,54329,0,-3953,3.08,0.14,0.00,N,-25.68,24.00,-65.50,-65.50
2026-09-15T12:21:31,054920,한컴위드,5230.0,29.78,9883198,0,-349795,2.68,35.03,2.07,N,18.81,0.90,-41.76,-41.76
2026-09-15T12:21:33,437730,삼현,52700.0,29.8,1105377,0,22409,1.50,3.49,1.11,N,160.67,12.64,-31.47,-31.47
2026-09-15T12:21:35,071200,인피니트헬스케어,13525.0,19.58,1662178,0,13042,13.30,6.81,0.02,N,12.50,1.72,-3.39,-3.39
2026-09-15T12:21:37,372910,한컴라이프케어,2325.0,22.24,7938745,0,-244847,4.16,28.69,2.34,N,-8.33,0.51,-38.49,-38.49
2026-09-15T12:21:38,036540,SFA반도체,8830.0,17.26,13067061,0,73355,6.50,7.95,0.92,N,-76.12,3.06,-24.14,-24.14
2026-09-15T12:21:40,391710,코닉오토메이션,1422.0,18.11,5295119,0,-18776,0.73,12.42,0.42,N,56.88,2.29,-61.57,-61.57
2026-09-15T12:21:42,042510,라온시큐어,12970.0,14.78,2198910,0,41615,1.08,19.80,3.39,Y,42.95,2.61,-23.53,-23.53
2026-09-15T12:21:44,030530,원익홀딩스,24950.0,13.93,7401433,0,79360,4.90,9.58,1.17,N,70.28,1.91,-50.69,-50.69
2026-09-15T12:21:46,358570,지아이이노베이션,9780.0,16.85,487845,0,123026,9.05,0.76,0.25,N,-8.79,18.01,-53.43,-53.43
2026-09-15T12:21:48,417200,LS머트리얼즈,12640.0,12.56,1602100,0,111571,9.46,2.37,2.05,N,2106.67,4.62,-61.38,-61.38
2026-09-15T12:21:49,058610,에스피지,104100.0,14.77,1200887,0,134860,4.42,5.41,3.92,N,252.67,8.95,-37.18,-37.18
2026-09-15T12:21:51,056190,SFA,28200.0,13.03,278302,0,57571,12.97,0.78,1.07,N,18.38,0.88,-22.74,-22.74
2026-09-15T12:21:53,448900,한국피아이엠,54500.0,13.42,144413,0,37806,1.21,2.38,0.85,N,-6055.56,5.74,-69.45,-69.45
2026-09-15T12:21:55,000670,영풍,51500.0,3.1,451288,0,-11962,16.25,2.45,0.13,N,-122.04,0.26,-30.22,-28.27
2026-09-15T12:21:57,420770,기가비스,103400.0,10.12,129028,0,-204,7.44,1.02,0.41,N,84.82,6.21,-49.81,-49.81
2026-09-15T12:21:59,290550,디케이티,17770.0,11.2,410781,0,77959,7.20,2.05,4.06,N,15.33,1.75,-49.16,-49.16
2026-09-15T12:22:01,125490,한라캐스트,11410.0,11.86,3096765,0,340929,0.95,8.48,4.33,N,97.52,3.95,-54.99,-54.99
2026-09-15T12:22:03,278650,HLB바이오스텝,2540.0,11.4,1402623,0,-55682,0.50,8.05,0.24,N,-2.33,0.45,-56.21,-74.85
2026-09-15T12:22:05,140430,카티스,2815.0,-6.32,2292814,0,-106318,0.54,21.45,0.07,N,-29.63,4.38,-35.29,-72.74
2026-09-15T12:22:07,053950,경남제약,2250.0,6.64,2989482,0,-52474,0.00,15.24,0.00,N,2.25,0.31,-46.62,-59.68
2026-09-15T12:22:09,052220,iMBC,1913.0,9.82,5147060,0,10589,2.59,22.38,1.47,N,-8.21,0.79,-50.05,-50.05
2026-09-15T12:22:11,224060,더코디,6630.0,-14.23,724229,0,-307,0.00,14.03,0.00,N,1.41,0.29,-48.00,-48.00
2026-09-15T12:22:12,429270,시지트로닉스,3410.0,10.0,1564169,0,-78325,3.32,24.25,0.03,N,-2.70,0.65,-72.12,-72.12
2026-09-15T12:22:15,217820,원익피앤이,2500.0,-3.66,3161157,0,-118612,3.09,6.66,0.06,N,125.00,1.09,-45.95,-45.95
2026-09-15T12:22:17,163280,에어레인,3985.0,11.62,1333141,0,-98815,3.96,9.80,2.13,N,14.65,0.50,-79.15,-58.29
2026-09-15T12:22:18,411080,샌즈랩,7330.0,6.23,5170335,0,9516,0.70,33.86,1.21,N,-203.61,2.07,-29.25,-29.25
2026-09-15T12:22:20,004310,현대약품,10010.0,0.2,13815551,0,21072,0.60,43.17,2.78,N,0.00,0.00,-37.28,-37.28
2026-09-15T12:31:19,007460,에이프로젠,1984.0,-0.4,76078,0,-30577,0.00,0.31,0.02,N,-0.60,0.01,-74.56,-87.78
2026-09-15T12:31:21,003060,에이프로젠바이오로직스,1645.0,2.88,70447,0,21251,0.00,0.43,0.00,N,-0.13,0.10,-74.18,-85.10
2026-09-15T12:31:23,417030,니어스랩,29050.0,-2.35,158774,0,-15752,6.23,2.75,0.00,N,-7.01,-0.63,-30.83,-30.83
2026-09-15T12:31:25,127120,제이에스링크,30500.0,1.33,48240,0,-2289,3.36,0.13,0.00,N,-50.75,14.21,-38.88,-38.88
2026-09-15T12:31:27,115180,큐리언트,21650.0,-2.04,54578,0,-3959,3.08,0.15,0.00,N,-25.62,23.95,-65.58,-65.58
2026-09-15T12:31:29,054920,한컴위드,5230.0,29.78,9892452,0,-349795,2.68,35.06,2.07,N,18.81,0.90,-41.76,-41.76
2026-09-15T12:31:31,437730,삼현,52700.0,29.8,1105827,0,22378,1.50,3.49,1.11,N,160.67,12.64,-31.47,-31.47
2026-09-15T12:31:33,071200,인피니트헬스케어,13510.0,19.45,1686262,0,20878,13.30,6.91,0.02,N,12.49,1.72,-3.50,-3.50
2026-09-15T12:31:35,391710,코닉오토메이션,1459.0,21.18,5554927,0,-35904,0.73,13.03,0.42,N,58.36,2.35,-60.57,-60.57
2026-09-15T12:31:37,372910,한컴라이프케어,2240.0,17.77,8777140,0,-294815,4.16,31.72,2.34,N,-8.03,0.49,-40.74,-40.74
2026-09-15T12:31:38,150900,파수AI,4885.0,14.54,645559,0,-44539,7.59,5.52,0.23,N,21.43,1.48,-29.10,-29.10
2026-09-15T12:31:40,036540,SFA반도체,8760.0,16.33,13360734,0,122849,6.50,8.12,0.92,N,-75.52,3.04,-24.74,-24.74
2026-09-15T12:31:42,042510,라온시큐어,12900.0,14.16,3210953,0,-26319,1.08,28.91,3.39,N,42.72,2.59,-23.94,-23.94
2026-09-15T12:31:44,030530,원익홀딩스,25100.0,14.61,7463575,0,100073,4.90,9.66,1.17,N,70.70,1.92,-50.40,-50.40
2026-09-15T12:31:46,358570,지아이이노베이션,9740.0,16.37,518430,0,123067,9.05,0.80,0.25,N,-8.75,17.94,-53.62,-53.62
2026-09-15T12:31:48,115440,우리넷,9790.0,10.12,1650554,0,-73554,2.86,15.29,1.49,N,28.79,1.06,-54.15,-54.15
2026-09-15T12:31:50,448900,한국피아이엠,55000.0,14.46,145465,0,38346,1.21,2.39,0.85,N,-6111.11,5.80,-69.17,-69.17
2026-09-15T12:31:51,058610,에스피지,104100.0,14.77,1208661,0,137641,4.42,5.45,3.92,N,252.67,8.95,-37.18,-37.18
2026-09-15T12:31:53,417200,LS머트리얼즈,12540.0,11.67,1653922,0,103284,9.46,2.44,2.05,N,2090.00,4.58,-61.68,-61.68
2026-09-15T12:31:55,056190,SFA,28200.0,13.03,284952,0,58136,12.97,0.79,1.07,N,18.38,0.88,-22.74,-22.74
2026-09-15T12:31:57,278650,HLB바이오스텝,2580.0,13.16,1409892,0,-53660,0.50,8.09,0.24,N,-2.37,0.45,-55.52,-74.46
2026-09-15T12:31:59,125490,한라캐스트,11480.0,12.55,3113589,0,343225,0.95,8.53,4.33,N,98.12,3.97,-54.71,-54.71
2026-09-15T12:32:01,158430,아톤,5530.0,13.79,5213791,0,-176904,3.02,21.30,4.08,N,87.78,1.30,-51.36,-51.36
2026-09-15T12:32:03,420770,기가비스,103000.0,9.69,132339,0,-849,7.44,1.04,0.41,N,84.50,6.19,-50.00,-50.00
2026-09-15T12:32:05,290550,디케이티,17730.0,10.95,418890,0,80491,7.20,2.09,4.06,N,15.30,1.75,-49.27,-49.27
2026-09-15T12:32:08,140430,카티스,2775.0,-7.65,2312294,0,-105942,0.54,21.63,0.07,N,-29.21,4.32,-36.21,-73.12
2026-09-15T12:32:10,053950,경남제약,2255.0,6.87,3008811,0,-50493,0.00,15.34,0.00,N,2.26,0.31,-46.50,-59.59
2026-09-15T12:32:13,052220,iMBC,1894.0,8.73,5169013,0,8958,2.59,22.47,1.47,N,-8.13,0.78,-50.55,-50.55
2026-09-15T12:32:15,224060,더코디,6570.0,-15.01,748617,0,-302,0.00,14.51,0.00,N,1.40,0.28,-48.47,-48.47
2026-09-15T12:32:18,429270,시지트로닉스,3425.0,10.48,1578893,0,-80396,3.32,24.48,0.03,N,-2.71,0.66,-72.00,-72.00
2026-09-15T12:32:20,217820,원익피앤이,2485.0,-4.24,3216342,0,-120005,3.09,6.78,0.06,N,124.25,1.08,-46.27,-46.27
2026-09-15T12:32:22,411080,샌즈랩,7060.0,2.32,5678515,0,-9480,0.70,37.19,1.21,N,-196.11,2.00,-31.85,-31.85
2026-09-15T12:32:24,163280,에어레인,3995.0,11.9,1353651,0,-103779,3.96,9.95,2.13,N,14.69,0.50,-79.09,-58.19
2026-09-15T12:32:26,004310,현대약품,10020.0,0.3,13847132,0,20780,0.60,43.27,2.78,N,0.00,0.00,-37.22,-37.22
2026-09-15T12:41:23,007460,에이프로젠,1985.0,-0.35,76082,0,-30579,0.00,0.31,0.02,N,-0.60,0.01,-74.55,-87.77
2026-09-15T12:41:25,003060,에이프로젠바이오로직스,1643.0,2.75,71209,0,21587,0.00,0.44,0.00,N,-0.13,0.10,-74.21,-85.12
2026-09-15T12:41:27,417030,니어스랩,29000.0,-2.52,162869,0,-12625,6.23,2.82,0.00,N,-7.00,-0.63,-30.95,-30.95
2026-09-15T12:41:28,127120,제이에스링크,30550.0,1.5,48580,0,-2209,3.36,0.13,0.00,N,-50.83,14.23,-38.78,-38.78
2026-09-15T12:41:30,115180,큐리언트,21700.0,-1.81,56482,0,-4322,3.08,0.15,0.00,N,-25.68,24.00,-65.50,-65.50
2026-09-15T12:41:32,071200,인피니트헬스케어,13800.0,22.02,1746774,0,13212,13.30,7.16,0.02,N,12.75,1.75,-1.43,-1.43
2026-09-15T12:41:34,054920,한컴위드,5230.0,29.78,9905409,0,-349795,2.68,35.10,2.07,N,18.81,0.90,-41.76,-41.76
2026-09-15T12:41:36,437730,삼현,52700.0,29.8,1106082,0,22359,1.50,3.49,1.11,N,160.67,12.64,-31.47,-31.47
2026-09-15T12:41:38,391710,코닉오토메이션,1491.0,23.84,5672511,0,-47826,0.73,13.31,0.42,N,59.64,2.40,-59.70,-59.70
2026-09-15T12:41:39,150900,파수AI,4975.0,16.65,1239836,0,-101077,7.59,10.59,0.23,N,21.82,1.51,-27.79,-27.79
2026-09-15T12:41:41,158430,아톤,5860.0,20.58,6504249,0,-322286,3.02,26.57,4.08,N,93.02,1.38,-48.46,-48.46
2026-09-15T12:41:43,042510,라온시큐어,13040.0,15.4,4187919,0,-41249,1.08,37.71,3.39,N,43.18,2.62,-23.11,-23.11
2026-09-15T12:41:45,036540,SFA반도체,8730.0,15.94,13700514,0,218895,6.50,8.33,0.92,N,-75.26,3.03,-25.00,-25.00
2026-09-15T12:41:47,030530,원익홀딩스,24950.0,13.93,7504482,0,98410,4.90,9.72,1.17,N,70.28,1.91,-50.69,-50.69
2026-09-15T12:41:49,372910,한컴라이프케어,2170.0,14.09,9108880,0,-295206,4.16,32.91,2.34,N,-7.78,0.47,-42.59,-42.59
2026-09-15T12:41:51,358570,지아이이노베이션,9700.0,15.89,533517,0,122739,9.05,0.83,0.25,N,-8.72,17.86,-53.81,-53.81
2026-09-15T12:41:52,448900,한국피아이엠,54900.0,14.26,146592,0,38410,1.21,2.41,0.85,N,-6100.00,5.79,-69.23,-69.23
2026-09-15T12:41:54,125490,한라캐스트,11560.0,13.33,3141533,0,336984,0.95,8.61,4.33,N,98.80,4.00,-54.40,-54.40
2026-09-15T12:41:56,278650,HLB바이오스텝,2575.0,12.94,1414933,0,-51855,0.50,8.12,0.24,N,-2.36,0.45,-55.60,-74.50
2026-09-15T12:41:58,058610,에스피지,103800.0,14.44,1215848,0,140385,4.42,5.48,3.92,N,251.94,8.92,-37.36,-37.36
2026-09-15T12:42:00,056190,SFA,28300.0,13.43,289391,0,57900,12.97,0.81,1.07,N,18.45,0.88,-22.47,-22.47
2026-09-15T12:42:02,417200,LS머트리얼즈,12490.0,11.22,1672870,0,104365,9.46,2.47,2.05,N,2081.67,4.57,-61.83,-61.83
2026-09-15T12:42:04,290550,디케이티,17740.0,11.01,424020,0,78638,7.20,2.12,4.06,N,15.31,1.75,-49.24,-49.24
2026-09-15T12:42:06,420770,기가비스,102800.0,9.48,136252,0,-634,7.44,1.07,0.41,N,84.33,6.18,-50.10,-50.10
2026-09-15T12:42:08,474650,링크솔루션,28750.0,13.41,139329,0,-15176,6.09,2.42,0.46,N,-50.35,6.02,-69.19,-69.19
2026-09-15T12:42:10,000670,영풍,51100.0,2.3,458303,0,-12237,16.25,2.49,0.13,N,-121.09,0.26,-30.76,-28.83
2026-09-15T12:42:11,140430,카티스,2770.0,-7.82,2316819,0,-106714,0.54,21.67,0.07,N,-29.16,4.31,-36.32,-73.17
2026-09-15T12:42:13,052220,iMBC,1901.0,9.13,5175284,0,8691,2.59,22.50,1.47,N,-8.16,0.79,-50.37,-50.37
2026-09-15T12:42:15,224060,더코디,6670.0,-13.71,764646,0,847,0.00,14.82,0.00,N,1.42,0.29,-47.69,-47.69
2026-09-15T12:42:17,053950,경남제약,2280.0,8.06,3109997,0,-50238,0.00,15.85,0.00,N,2.28,0.31,-45.91,-59.14
2026-09-15T12:42:19,411080,샌즈랩,6960.0,0.87,5807942,0,-6227,0.70,38.04,1.21,N,-193.33,1.97,-32.82,-32.82
2026-09-15T12:42:21,429270,시지트로닉스,3425.0,10.48,1580809,0,-80349,3.32,24.51,0.03,N,-2.71,0.66,-72.00,-72.00
2026-09-15T12:42:23,217820,원익피앤이,2475.0,-4.62,3247327,0,-120018,3.09,6.84,0.06,N,123.75,1.07,-46.49,-46.49
2026-09-15T12:42:25,163280,에어레인,3930.0,10.08,1373628,0,-114236,3.96,10.10,2.13,N,14.45,0.49,-79.43,-58.87
2026-09-15T12:42:26,417860,오브젠,7410.0,10.27,498049,0,-25447,1.60,10.58,0.00,N,-10.44,3.24,-58.23,-58.23
2026-09-15T12:42:28,004310,현대약품,10010.0,0.2,13880748,0,20718,0.60,43.38,2.78,N,0.00,0.00,-37.28,-37.28
2026-09-15T12:51:22,007460,에이프로젠,1989.0,-0.15,76379,0,-30738,0.00,0.31,0.02,N,-0.60,0.02,-74.50,-87.74
2026-09-15T12:51:24,003060,에이프로젠바이오로직스,1645.0,2.88,71299,0,21505,0.00,0.44,0.00,N,-0.13,0.10,-74.18,-85.10
2026-09-15T12:51:26,417030,니어스랩,29050.0,-2.35,163395,0,-12500,6.23,2.83,0.00,N,-7.01,-0.63,-30.83,-30.83
2026-09-15T12:51:27,127120,제이에스링크,30550.0,1.5,48916,0,-2083,3.36,0.13,0.00,N,-50.83,14.23,-38.78,-38.78
2026-09-15T12:51:29,115180,큐리언트,21700.0,-1.81,56969,0,-4651,3.08,0.15,0.00,N,-25.68,24.00,-65.50,-65.50
2026-09-15T12:51:31,071200,인피니트헬스케어,13770.0,21.75,1841439,0,-6110,13.30,7.55,0.02,N,12.73,1.75,-2.20,-2.20
2026-09-15T12:51:33,054920,한컴위드,5230.0,29.78,9921940,0,-349795,2.68,35.16,2.07,N,18.81,0.90,-41.76,-41.76
2026-09-15T12:51:35,437730,삼현,52700.0,29.8,1106280,0,22345,1.50,3.49,1.11,N,160.67,12.64,-31.47,-31.47
2026-09-15T12:51:37,158430,아톤,6160.0,26.75,8593173,0,-553445,3.02,35.10,4.08,N,97.78,1.45,-45.82,-45.82
2026-09-15T12:51:38,391710,코닉오토메이션,1467.0,21.84,5791692,0,-57947,0.73,13.59,0.42,N,58.68,2.36,-60.35,-60.35
2026-09-15T12:51:40,036540,SFA반도체,8780.0,16.6,13918835,0,248393,6.50,8.46,0.92,N,-75.69,3.04,-24.57,-24.57
2026-09-15T12:51:42,030530,원익홀딩스,25250.0,15.3,7566339,0,106736,4.90,9.80,1.17,N,71.13,1.93,-50.10,-50.10
2026-09-15T12:51:44,278650,HLB바이오스텝,2615.0,14.69,1428326,0,-53071,0.50,8.19,0.24,N,-2.40,0.46,-54.91,-74.11
2026-09-15T12:51:46,042510,라온시큐어,12700.0,12.39,4569081,0,-42065,1.08,41.14,3.39,N,42.05,2.55,-25.12,-25.12
2026-09-15T12:51:47,372910,한컴라이프케어,2160.0,13.56,9659975,0,-260413,4.16,34.91,2.34,N,-7.74,0.47,-42.86,-42.86
2026-09-15T12:51:49,058610,에스피지,104600.0,15.33,1220847,0,142127,4.42,5.50,3.92,N,253.88,8.99,-36.87,-36.87
2026-09-15T12:51:51,448900,한국피아이엠,54900.0,14.26,148659,0,39401,1.21,2.45,0.85,N,-6100.00,5.79,-69.23,-69.23
2026-09-15T12:51:53,125490,한라캐스트,11550.0,13.24,3160157,0,341218,0.95,8.66,4.33,N,98.72,3.99,-54.44,-54.44
2026-09-15T12:51:55,358570,지아이이노베이션,9630.0,15.05,548375,0,122323,9.05,0.85,0.25,N,-8.65,17.73,-54.14,-54.14
2026-09-15T12:51:57,056190,SFA,28250.0,13.23,292721,0,57283,12.97,0.82,1.07,N,18.42,0.88,-22.60,-22.60
2026-09-15T12:51:58,417200,LS머트리얼즈,12500.0,11.31,1710169,0,110884,9.46,2.53,2.05,N,2083.33,4.57,-61.80,-61.80
2026-09-15T12:52:00,290550,디케이티,17750.0,11.08,428890,0,77999,7.20,2.14,4.06,N,15.31,1.75,-49.21,-49.21
2026-09-15T12:52:02,474650,링크솔루션,28800.0,13.61,140981,0,-16583,6.09,2.45,0.46,N,-50.44,6.03,-69.13,-69.13
2026-09-15T12:52:04,468530,프로티나,29700.0,14.23,101174,0,5461,2.70,0.91,0.49,N,-32.57,17.41,-75.27,-75.27
2026-09-15T12:52:06,420770,기가비스,102800.0,9.48,139261,0,-1344,7.44,1.10,0.41,N,84.33,6.18,-50.10,-50.10
2026-09-15T12:52:08,092220,KEC,2890.0,12.89,1604837,0,43341,2.85,4.00,0.53,N,-4.37,0.36,-67.05,-72.34
2026-09-15T12:52:10,140430,카티스,2740.0,-8.82,2330410,0,-106279,0.54,21.80,0.07,N,-28.84,4.27,-37.01,-73.46
2026-09-15T12:52:11,053950,경남제약,2255.0,6.87,3126440,0,-45060,0.00,15.94,0.00,N,2.26,0.31,-46.50,-59.59
2026-09-15T12:52:13,411080,샌즈랩,6900.0,0.0,5925618,0,-11171,0.70,38.81,1.21,N,-191.67,1.95,-33.40,-33.40
2026-09-15T12:52:15,052220,iMBC,1917.0,10.05,5187149,0,10379,2.59,22.55,1.47,N,-8.23,0.79,-49.95,-49.95
2026-09-15T12:52:17,429270,시지트로닉스,3425.0,10.48,1584978,0,-82558,3.32,24.58,0.03,N,-2.71,0.66,-72.00,-72.00
2026-09-15T12:52:19,217820,원익피앤이,2470.0,-4.82,3267952,0,-128800,3.09,6.89,0.06,N,123.50,1.07,-46.59,-46.59
2026-09-15T12:52:20,224060,더코디,6740.0,-12.81,779055,0,1441,0.00,15.10,0.00,N,1.43,0.29,-47.14,-47.14
2026-09-15T12:52:22,163280,에어레인,3885.0,8.82,1396120,0,-113468,3.96,10.26,2.13,N,14.28,0.49,-79.67,-59.34
2026-09-15T12:52:24,417860,오브젠,7360.0,9.52,500058,0,-25445,1.60,10.62,0.00,N,-10.37,3.21,-58.51,-58.51
2026-09-15T13:01:19,007460,에이프로젠,1986.0,-0.3,76483,0,-30832,0.00,0.31,0.02,N,-0.60,0.01,-74.54,-87.76
2026-09-15T13:01:21,003060,에이프로젠바이오로직스,1644.0,2.81,71517,0,21455,0.00,0.44,0.00,N,-0.13,0.10,-74.19,-85.11
2026-09-15T13:01:23,417030,니어스랩,28950.0,-2.69,164664,0,-12390,6.23,2.85,0.00,N,-6.99,-0.63,-31.07,-31.07
2026-09-15T13:01:25,127120,제이에스링크,30500.0,1.33,49768,0,-1971,3.36,0.13,0.00,N,-50.75,14.21,-38.88,-38.88
2026-09-15T13:01:27,115180,큐리언트,21600.0,-2.26,57358,0,-4933,3.08,0.15,0.00,N,-25.56,23.89,-65.66,-65.66
2026-09-15T13:01:29,054920,한컴위드,5230.0,29.78,9931678,0,-344190,2.68,35.20,2.07,N,18.81,0.90,-41.76,-41.76
2026-09-15T13:01:31,437730,삼현,52700.0,29.8,1106733,0,22320,1.50,3.49,1.11,N,160.67,12.64,-31.47,-31.47
2026-09-15T13:01:33,071200,인피니트헬스케어,13500.0,19.36,1876583,0,-15778,13.30,7.69,0.02,N,12.48,1.72,-4.12,-4.12
2026-09-15T13:01:34,158430,아톤,6200.0,27.57,9653138,0,-589474,3.02,39.43,4.08,N,98.41,1.46,-45.47,-45.47
2026-09-15T13:01:37,0015S0,페스카로,9550.0,21.66,354764,0,-20305,2.74,3.60,0.27,N,31.41,1.51,-79.68,-79.68
2026-09-15T13:01:38,391710,코닉오토메이션,1471.0,22.18,5899283,0,-65824,0.73,13.84,0.42,N,58.84,2.37,-60.24,-60.24
2026-09-15T13:01:40,042510,라온시큐어,13230.0,17.08,5643628,0,-39704,1.08,50.82,3.39,N,43.81,2.66,-21.99,-21.99
2026-09-15T13:01:42,030530,원익홀딩스,25550.0,16.67,7783072,0,108051,4.90,10.08,1.17,N,71.97,1.95,-49.51,-49.51
2026-09-15T13:01:44,036540,SFA반도체,8660.0,15.01,14229788,0,252714,6.50,8.65,0.92,N,-74.66,3.00,-25.60,-25.60
2026-09-15T13:01:46,278650,HLB바이오스텝,2605.0,14.25,1430919,0,-52718,0.50,8.21,0.24,N,-2.39,0.46,-55.09,-74.21
2026-09-15T13:01:47,372910,한컴라이프케어,2175.0,14.35,10056815,0,-293171,4.16,36.34,2.34,N,-7.80,0.47,-42.46,-42.46
2026-09-15T13:01:49,058610,에스피지,104100.0,14.77,1230684,0,144041,4.42,5.55,3.92,N,252.67,8.95,-37.18,-37.18
2026-09-15T13:01:51,448900,한국피아이엠,54400.0,13.22,149712,0,39573,1.21,2.46,0.85,N,-6044.44,5.73,-69.51,-69.51
2026-09-15T13:01:53,125490,한라캐스트,11450.0,12.25,3177747,0,343830,0.95,8.71,4.33,N,97.86,3.96,-54.83,-54.83
2026-09-15T13:01:55,056190,SFA,28200.0,13.03,309785,0,68725,12.97,0.86,1.07,N,18.38,0.88,-22.74,-22.74
2026-09-15T13:01:57,290550,디케이티,17800.0,11.39,437287,0,80059,7.20,2.19,4.06,N,15.36,1.76,-49.07,-49.07
2026-09-15T13:01:58,000670,영풍,51700.0,3.5,469748,0,-12195,16.25,2.55,0.13,N,-122.51,0.26,-29.95,-27.99
2026-09-15T13:02:00,417200,LS머트리얼즈,12440.0,10.77,1753051,0,102660,9.46,2.59,2.05,N,2073.33,4.55,-61.99,-61.99
2026-09-15T13:02:02,358570,지아이이노베이션,9550.0,14.1,569627,0,126823,9.05,0.88,0.25,N,-8.58,17.59,-54.52,-54.52
2026-09-15T13:02:04,140430,카티스,2770.0,-7.82,2341927,0,-105626,0.54,21.91,0.07,N,-29.16,4.31,-36.32,-73.17
2026-09-15T13:02:06,053950,경남제약,2255.0,6.87,3137248,0,-45848,0.00,15.99,0.00,N,2.26,0.31,-46.50,-59.59
2026-09-15T13:02:08,429270,시지트로닉스,3395.0,9.52,1590713,0,-85799,3.32,24.67,0.03,N,-2.69,0.65,-72.24,-72.24
2026-09-15T13:02:10,052220,iMBC,1905.0,9.36,5208467,0,6362,2.59,22.65,1.47,N,-8.18,0.79,-50.26,-50.26
2026-09-15T13:02:12,217820,원익피앤이,2455.0,-5.39,3316657,0,-139340,3.09,6.99,0.06,N,122.75,1.07,-46.92,-46.92
2026-09-15T13:02:14,411080,샌즈랩,6950.0,0.72,5966148,0,-19743,0.70,39.08,1.21,N,-193.06,1.96,-32.92,-32.92
2026-09-15T13:02:16,163280,에어레인,3920.0,9.8,1406190,0,-114905,3.96,10.34,2.13,N,14.41,0.49,-79.49,-58.97
2026-09-15T13:02:18,417860,오브젠,7310.0,8.78,503447,0,-25631,1.60,10.70,0.00,N,-10.30,3.19,-58.79,-58.79
2026-09-15T13:02:20,150900,파수AI,4430.0,3.87,1679235,0,-107653,7.59,14.35,0.23,N,19.43,1.34,-35.70,-35.70
2026-09-15T13:02:22,224060,더코디,6950.0,-10.09,812126,0,1352,0.00,15.74,0.00,N,1.48,0.30,-45.49,-45.49
2026-09-15T13:02:24,289930,웨이비스,7780.0,12.1,781889,0,-70869,7.67,5.95,0.31,N,-15.78,2.90,-68.44,-68.44
2026-09-15T13:11:23,007460,에이프로젠,1983.0,-0.45,77322,0,-30918,0.00,0.31,0.02,N,-0.60,0.01,-74.58,-87.78
2026-09-15T13:11:24,003060,에이프로젠바이오로직스,1642.0,2.69,72894,0,21139,0.00,0.45,0.00,N,-0.13,0.10,-74.22,-85.13
2026-09-15T13:11:27,417030,니어스랩,28950.0,-2.69,165482,0,-12390,6.23,2.86,0.00,N,-6.99,-0.63,-31.07,-31.07
2026-09-15T13:11:28,127120,제이에스링크,30500.0,1.33,50098,0,-1949,3.36,0.14,0.00,N,-50.75,14.21,-38.88,-38.88
2026-09-15T13:11:30,115180,큐리언트,21600.0,-2.26,57830,0,-5204,3.08,0.15,0.00,N,-25.56,23.89,-65.66,-65.66
2026-09-15T13:11:32,054920,한컴위드,5230.0,29.78,9955757,0,-340300,2.68,35.28,2.07,N,18.81,0.90,-41.76,-41.76
2026-09-15T13:11:34,437730,삼현,52700.0,29.8,1107182,0,22154,1.50,3.49,1.11,N,160.67,12.64,-31.47,-31.47
2026-09-15T13:11:36,158430,아톤,6310.0,29.84,11070805,0,-502058,3.02,45.22,4.08,N,100.16,1.49,-44.50,-44.50
2026-09-15T13:11:38,071200,인피니트헬스케어,13450.0,18.92,1907810,0,-14365,13.30,7.82,0.02,N,12.43,1.71,-4.47,-4.47
2026-09-15T13:11:39,391710,코닉오토메이션,1479.0,22.84,5988115,0,-68541,0.73,14.05,0.42,N,59.16,2.38,-60.03,-60.03
2026-09-15T13:11:41,0015S0,페스카로,9280.0,18.22,690263,0,-45326,2.74,7.00,0.27,N,30.53,1.47,-80.26,-80.26
2026-09-15T13:11:43,030530,원익홀딩스,25650.0,17.12,7927911,0,100689,4.90,10.26,1.17,N,72.25,1.96,-49.31,-49.31
2026-09-15T13:11:45,042510,라온시큐어,13020.0,15.22,6038911,0,-35034,1.08,54.38,3.39,N,43.11,2.62,-23.23,-23.23
2026-09-15T13:11:47,036540,SFA반도체,8710.0,15.67,14458784,0,288891,6.50,8.79,0.92,N,-75.09,3.02,-25.17,-25.17
2026-09-15T13:11:49,053300,한국정보인증,5790.0,13.09,971443,0,-85123,1.65,2.46,1.60,N,9.38,1.13,-25.29,-25.29
2026-09-15T13:11:51,278650,HLB바이오스텝,2590.0,13.6,1438443,0,-50229,0.50,8.25,0.24,N,-2.38,0.45,-55.34,-74.36
2026-09-15T13:11:53,372910,한컴라이프케어,2135.0,12.25,10195118,0,-273507,4.16,36.84,2.34,N,-7.65,0.47,-43.52,-43.52
2026-09-15T13:11:55,058610,에스피지,104100.0,14.77,1237248,0,145578,4.42,5.58,3.92,N,252.67,8.95,-37.18,-37.18
2026-09-15T13:11:57,056190,SFA,28150.0,12.83,319101,0,71520,12.97,0.89,1.07,N,18.35,0.88,-22.88,-22.88
2026-09-15T13:11:59,417200,LS머트리얼즈,12480.0,11.13,1779701,0,102071,9.46,2.63,2.05,N,2080.00,4.56,-61.86,-61.86
2026-09-15T13:12:01,125490,한라캐스트,11440.0,12.16,3195752,0,349454,0.95,8.75,4.33,N,97.78,3.96,-54.87,-54.87
2026-09-15T13:12:03,115500,케이씨에스,10840.0,8.51,586120,0,4196,0.45,4.88,1.30,N,0.00,0.00,-60.58,-60.58
2026-09-15T13:12:05,000670,영풍,51700.0,3.5,479165,0,-10469,16.25,2.60,0.13,N,-122.51,0.26,-29.95,-27.99
2026-09-15T13:12:07,448900,한국피아이엠,54100.0,12.59,152817,0,40631,1.21,2.52,0.85,N,-6011.11,5.70,-69.67,-69.67
2026-09-15T13:12:09,354320,알멕,40800.0,7.37,140098,0,-3419,6.05,2.19,0.47,N,-199.02,1.73,-60.77,-60.77
2026-09-15T13:12:11,290550,디케이티,17770.0,11.2,444473,0,80287,7.20,2.22,4.06,N,15.33,1.75,-49.16,-49.16
2026-09-15T13:12:13,140430,카티스,2800.0,-6.82,2424660,0,-113492,0.54,22.68,0.07,N,-29.47,4.36,-35.63,-72.88
2026-09-15T13:12:14,053950,경남제약,2240.0,6.16,3148509,0,-45988,0.00,16.05,0.00,N,2.24,0.30,-46.86,-59.86
2026-09-15T13:12:16,052220,iMBC,1896.0,8.84,5228009,0,2751,2.59,22.73,1.47,N,-8.14,0.79,-50.50,-50.50
2026-09-15T13:12:18,217820,원익피앤이,2450.0,-5.59,3340199,0,-144458,3.09,7.04,0.06,N,122.50,1.06,-47.03,-47.03
2026-09-15T13:12:20,429270,시지트로닉스,3395.0,9.52,1596772,0,-86306,3.32,24.76,0.03,N,-2.69,0.65,-72.24,-72.24
2026-09-15T13:12:22,411080,샌즈랩,6970.0,1.01,6006579,0,-12630,0.70,39.34,1.21,N,-193.61,1.97,-32.72,-32.72
2026-09-15T13:12:24,163280,에어레인,3905.0,9.38,1412899,0,-112924,3.96,10.39,2.13,N,14.36,0.49,-79.57,-59.13
2026-09-15T13:12:26,224060,더코디,6700.0,-13.32,826447,0,1003,0.00,16.01,0.00,N,1.42,0.29,-47.45,-47.45
2026-09-15T13:12:28,289930,웨이비스,7650.0,10.23,812344,0,-67593,7.67,6.18,0.31,N,-15.52,2.85,-68.97,-68.97
2026-09-15T13:12:30,150900,파수AI,4435.0,3.99,1709456,0,-101376,7.59,14.61,0.23,N,19.45,1.34,-35.63,-35.63
2026-09-15T13:12:32,417860,오브젠,7380.0,9.82,503702,0,-25668,1.60,10.70,0.00,N,-10.39,3.22,-58.40,-58.40
2026-09-15T13:21:20,007460,에이프로젠,1984.0,-0.4,77632,0,-31228,0.00,0.31,0.02,N,-0.60,0.01,-74.56,-87.78
2026-09-15T13:21:21,003060,에이프로젠바이오로직스,1642.0,2.69,73159,0,21289,0.00,0.45,0.00,N,-0.13,0.10,-74.22,-85.13
2026-09-15T13:21:23,417030,니어스랩,28800.0,-3.19,169486,0,-13921,6.23,2.93,0.00,N,-6.95,-0.63,-31.43,-31.43
2026-09-15T13:21:25,127120,제이에스링크,30500.0,1.33,50913,0,-1878,3.36,0.14,0.00,N,-50.75,14.21,-38.88,-38.88
2026-09-15T13:21:27,115180,큐리언트,21450.0,-2.94,58272,0,-5479,3.08,0.16,0.00,N,-25.38,23.73,-65.90,-65.90
2026-09-15T13:21:29,054920,한컴위드,5230.0,29.78,9960106,0,-340300,2.68,35.30,2.07,N,18.81,0.90,-41.76,-41.76
2026-09-15T13:21:31,437730,삼현,52700.0,29.8,1107765,0,22121,1.50,3.49,1.11,N,160.67,12.64,-31.47,-31.47
2026-09-15T13:21:33,158430,아톤,6310.0,29.84,11295596,0,-575046,3.02,46.14,4.08,N,100.16,1.49,-44.50,-44.50
2026-09-15T13:21:34,071200,인피니트헬스케어,13280.0,17.42,1925799,0,-9546,13.30,7.89,0.02,N,12.27,1.69,-5.68,-5.68
2026-09-15T13:21:36,042510,라온시큐어,13780.0,21.95,6859390,0,-24725,1.08,61.76,3.39,N,45.63,2.77,-18.75,-18.75
2026-09-15T13:21:38,036220,오상헬스케어,7920.0,21.47,616915,0,-56007,1.10,4.31,0.89,N,37.01,0.39,-53.08,-53.08
2026-09-15T13:21:40,391710,코닉오토메이션,1465.0,21.68,6009488,0,-67398,0.73,14.10,0.42,N,58.60,2.36,-60.41,-60.41
2026-09-15T13:21:42,0015S0,페스카로,9110.0,16.05,821488,0,-48150,2.74,8.33,0.27,N,29.97,1.44,-80.62,-80.62
2026-09-15T13:21:44,030530,원익홀딩스,25450.0,16.21,8046214,0,122095,4.90,10.42,1.17,N,71.69,1.94,-49.70,-49.70
2026-09-15T13:21:45,036540,SFA반도체,8700.0,15.54,14671366,0,337337,6.50,8.92,0.92,N,-75.00,3.02,-25.26,-25.26
2026-09-15T13:21:47,053300,한국정보인증,5920.0,15.62,1986709,0,-110071,1.65,5.02,1.60,N,9.59,1.16,-23.61,-23.61
2026-09-15T13:21:49,372910,한컴라이프케어,2145.0,12.78,10453431,0,-292211,4.16,37.77,2.34,N,-7.69,0.47,-43.25,-43.25
2026-09-15T13:21:51,278650,HLB바이오스텝,2565.0,12.5,1445215,0,-47801,0.50,8.29,0.24,N,-2.35,0.45,-55.78,-74.60
2026-09-15T13:21:53,058610,에스피지,103300.0,13.89,1254368,0,147994,4.42,5.66,3.92,N,250.73,8.88,-37.66,-37.66
2026-09-15T13:21:55,056190,SFA,28050.0,12.42,327919,0,71846,12.97,0.91,1.07,N,18.29,0.87,-23.15,-23.15
2026-09-15T13:21:57,000670,영풍,51400.0,2.9,482854,0,-10519,16.25,2.62,0.13,N,-121.80,0.26,-30.35,-28.41
2026-09-15T13:21:58,125490,한라캐스트,11320.0,10.98,3229820,0,353958,0.95,8.85,4.33,N,96.75,3.91,-55.35,-55.35
2026-09-15T13:22:00,417200,LS머트리얼즈,12400.0,10.42,1809206,0,95758,9.46,2.67,2.05,N,2066.67,4.53,-62.11,-62.11
2026-09-15T13:22:02,290550,디케이티,17600.0,10.14,455252,0,79934,7.20,2.28,4.06,N,15.19,1.74,-49.64,-49.64
2026-09-15T13:22:04,140430,카티스,2775.0,-7.65,2446088,0,-116143,0.54,22.88,0.07,N,-29.21,4.32,-36.21,-73.12
2026-09-15T13:22:06,053950,경남제약,2255.0,6.87,3168810,0,-43960,0.00,16.15,0.00,N,2.26,0.31,-46.50,-59.59
2026-09-15T13:22:08,429270,시지트로닉스,3380.0,9.03,1622625,0,-88336,3.32,25.16,0.03,N,-2.68,0.65,-72.36,-72.36
2026-09-15T13:22:10,052220,iMBC,1900.0,9.07,5245159,0,3482,2.59,22.81,1.47,N,-8.15,0.79,-50.39,-50.39
2026-09-15T13:22:12,217820,원익피앤이,2450.0,-5.59,3351038,0,-146817,3.09,7.06,0.06,N,122.50,1.06,-47.03,-47.03
2026-09-15T13:22:14,411080,샌즈랩,6960.0,0.87,6038940,0,-15833,0.70,39.55,1.21,N,-193.33,1.97,-32.82,-32.82
2026-09-15T13:22:15,289930,웨이비스,7570.0,9.08,823470,0,-62736,7.67,6.26,0.31,Y,-15.35,2.82,-69.29,-69.29
2026-09-15T13:22:17,163280,에어레인,3900.0,9.24,1426713,0,-118154,3.96,10.49,2.13,N,14.34,0.49,-79.59,-59.18
2026-09-15T13:22:19,224060,더코디,6690.0,-13.45,835799,0,1801,0.00,16.20,0.00,N,1.42,0.29,-47.53,-47.53
2026-09-15T13:22:21,417860,오브젠,7350.0,9.38,504928,0,-25670,1.60,10.73,0.00,N,-10.35,3.21,-58.57,-58.57
2026-09-15T13:22:23,150900,파수AI,4415.0,3.52,1743775,0,-94013,7.59,14.90,0.23,N,19.36,1.34,-35.92,-35.92
2026-09-15T13:31:22,007460,에이프로젠,1981.0,-0.55,82345,0,-35803,0.00,0.33,0.02,N,-0.60,0.01,-74.60,-87.79
2026-09-15T13:31:24,003060,에이프로젠바이오로직스,1642.0,2.69,73270,0,21305,0.00,0.45,0.00,N,-0.13,0.10,-74.22,-85.13
2026-09-15T13:31:26,417030,니어스랩,28750.0,-3.36,174451,0,-17902,6.23,3.02,0.00,N,-6.94,-0.63,-31.55,-31.55
2026-09-15T13:31:27,127120,제이에스링크,30500.0,1.33,53110,0,-287,3.36,0.14,0.00,N,-50.75,14.21,-38.88,-38.88
2026-09-15T13:31:29,115180,큐리언트,21450.0,-2.94,58953,0,-5935,3.08,0.16,0.00,N,-25.38,23.73,-65.90,-65.90
2026-09-15T13:31:31,054920,한컴위드,5230.0,29.78,9966981,0,-340300,2.68,35.32,2.07,N,18.81,0.90,-41.76,-41.76
2026-09-15T13:31:33,437730,삼현,52700.0,29.8,1108685,0,22080,1.50,3.50,1.11,N,160.67,12.64,-31.47,-31.47
2026-09-15T13:31:35,158430,아톤,6310.0,29.84,11330784,0,-575590,3.02,46.28,4.08,N,100.16,1.49,-44.50,-44.50
2026-09-15T13:31:36,071200,인피니트헬스케어,13310.0,17.68,1941764,0,-15918,13.30,7.96,0.02,N,12.30,1.69,-5.47,-5.47
2026-09-15T13:31:38,042510,라온시큐어,13660.0,20.88,7416249,0,-43924,1.08,66.78,3.39,N,45.23,2.75,-19.46,-19.46
2026-09-15T13:31:40,0015S0,페스카로,9350.0,19.11,889900,0,-51266,2.74,9.02,0.27,N,30.76,1.48,-80.11,-80.11
2026-09-15T13:31:42,391710,코닉오토메이션,1450.0,20.43,6058158,0,-66466,0.73,14.21,0.42,N,58.00,2.33,-60.81,-60.81
2026-09-15T13:31:44,030530,원익홀딩스,25300.0,15.53,8133251,0,140841,4.90,10.53,1.17,N,71.27,1.93,-50.00,-50.00
2026-09-15T13:31:46,036540,SFA반도체,8680.0,15.27,14871212,0,366350,6.50,9.04,0.92,N,-74.83,3.01,-25.43,-25.43
2026-09-15T13:31:48,053300,한국정보인증,5910.0,15.43,3266015,0,-252760,1.65,8.25,1.60,N,9.58,1.16,-23.74,-23.74
2026-09-15T13:31:49,372910,한컴라이프케어,2155.0,13.3,10636732,0,-294665,4.16,38.44,2.34,N,-7.72,0.47,-42.99,-42.99
2026-09-15T13:31:51,278650,HLB바이오스텝,2570.0,12.72,1453321,0,-48897,0.50,8.34,0.24,N,-2.36,0.45,-55.69,-74.55
2026-09-15T13:31:53,058610,에스피지,103200.0,13.78,1279003,0,157417,4.42,5.77,3.92,N,250.49,8.87,-37.72,-37.72
2026-09-15T13:31:55,056190,SFA,28000.0,12.22,336195,0,72555,12.97,0.94,1.07,N,18.25,0.87,-23.29,-23.29
2026-09-15T13:31:57,417200,LS머트리얼즈,12410.0,10.51,1868336,0,92520,9.46,2.76,2.05,N,2068.33,4.54,-62.08,-62.08
2026-09-15T13:31:58,125490,한라캐스트,11350.0,11.27,3267840,0,367917,0.95,8.95,4.33,N,97.01,3.92,-55.23,-55.23
2026-09-15T13:32:00,000670,영풍,51200.0,2.5,485664,0,-11076,16.25,2.64,0.13,N,-121.33,0.26,-30.62,-28.69
2026-09-15T13:32:02,448900,한국피아이엠,53700.0,11.76,158753,0,43183,1.21,2.61,0.85,N,-5966.67,5.66,-69.90,-69.90
2026-09-15T13:32:04,290550,디케이티,17510.0,9.57,464874,0,82450,7.20,2.32,4.06,N,15.11,1.73,-49.90,-49.90
2026-09-15T13:32:06,140430,카티스,2760.0,-8.15,2473345,0,-115525,0.54,23.14,0.07,N,-29.05,4.30,-36.55,-73.27
2026-09-15T13:32:08,052220,iMBC,1871.0,7.41,5269013,0,1206,2.59,22.91,1.47,N,-8.03,0.78,-51.15,-51.15
2026-09-15T13:32:10,429270,시지트로닉스,3355.0,8.23,1625915,0,-87586,3.32,25.21,0.03,N,-2.66,0.64,-72.57,-72.57
2026-09-15T13:32:12,411080,샌즈랩,6930.0,0.43,6074058,0,-12095,0.70,39.78,1.21,N,-192.50,1.96,-33.11,-33.11
2026-09-15T13:32:14,289930,웨이비스,7480.0,7.78,856508,0,-44795,7.67,6.51,0.31,N,-15.17,2.78,-69.66,-69.66
2026-09-15T13:32:16,217820,원익피앤이,2445.0,-5.78,3365156,0,-147261,3.09,7.09,0.06,N,122.25,1.06,-47.14,-47.14
2026-09-15T13:32:18,224060,더코디,6740.0,-12.81,841986,0,1892,0.00,16.32,0.00,N,1.43,0.29,-47.14,-47.14
2026-09-15T13:32:20,163280,에어레인,3905.0,9.38,1431621,0,-118216,3.96,10.52,2.13,N,14.36,0.49,-79.57,-59.13
2026-09-15T13:32:22,053950,경남제약,2300.0,9.0,3200923,0,-56180,0.00,16.31,0.00,N,2.30,0.31,-45.43,-58.78
2026-09-15T13:32:24,150900,파수AI,4400.0,3.17,1763383,0,-92216,7.59,15.07,0.23,N,19.30,1.33,-36.14,-36.14
2026-09-15T13:41:19,007460,에이프로젠,1980.0,-0.6,83899,0,-37069,0.00,0.34,0.02,N,-0.60,0.01,-74.62,-87.80
2026-09-15T13:41:21,003060,에이프로젠바이오로직스,1642.0,2.69,73994,0,21498,0.00,0.46,0.00,N,-0.13,0.10,-74.22,-85.13
2026-09-15T13:41:23,417030,니어스랩,28700.0,-3.53,175231,0,-18268,6.23,3.03,0.00,N,-6.93,-0.63,-31.67,-31.67
2026-09-15T13:41:25,127120,제이에스링크,30300.0,0.66,56663,0,471,3.36,0.15,0.00,N,-50.42,14.11,-39.28,-39.28
2026-09-15T13:41:27,115180,큐리언트,21550.0,-2.49,59904,0,-6309,3.08,0.16,0.00,N,-25.50,23.84,-65.74,-65.74
2026-09-15T13:41:28,054920,한컴위드,5230.0,29.78,9974861,0,-334919,2.68,35.35,2.07,N,18.81,0.90,-41.76,-41.76
2026-09-15T13:41:30,437730,삼현,52700.0,29.8,1109700,0,22051,1.50,3.50,1.11,N,160.67,12.64,-31.47,-31.47
2026-09-15T13:41:32,158430,아톤,6310.0,29.84,11356118,0,-576146,3.02,46.39,4.08,N,100.16,1.49,-44.50,-44.50
2026-09-15T13:41:34,071200,인피니트헬스케어,13330.0,17.86,1948489,0,-12078,13.30,7.99,0.02,N,12.32,1.69,-5.33,-5.33
2026-09-15T13:41:36,036220,오상헬스케어,7930.0,21.63,1343932,0,-65271,1.10,9.39,0.89,N,37.06,0.39,-53.02,-53.02
2026-09-15T13:41:38,042510,라온시큐어,13610.0,20.44,7677905,0,-42672,1.08,69.13,3.39,N,45.07,2.74,-19.75,-19.75
2026-09-15T13:41:39,391710,코닉오토메이션,1459.0,21.18,6095916,0,-70209,0.73,14.30,0.42,N,58.36,2.35,-60.57,-60.57
2026-09-15T13:41:41,0015S0,페스카로,9180.0,16.94,954156,0,-48582,2.74,9.67,0.27,N,30.20,1.45,-80.47,-80.47
2026-09-15T13:41:43,030530,원익홀딩스,25075.0,14.5,8208856,0,145384,4.90,10.63,1.17,N,70.63,1.92,-50.44,-50.44
2026-09-15T13:41:45,036540,SFA반도체,8635.0,14.67,15163060,0,413386,6.50,9.22,0.92,N,-74.44,2.99,-25.82,-25.82
2026-09-15T13:41:47,372910,한컴라이프케어,2165.0,13.83,10755267,0,-294543,4.16,38.86,2.34,N,-7.76,0.47,-42.72,-42.72
2026-09-15T13:41:49,053300,한국정보인증,5790.0,13.09,3921858,0,-278369,1.65,9.91,1.60,N,9.38,1.13,-25.29,-25.29
2026-09-15T13:41:50,278650,HLB바이오스텝,2580.0,13.16,1462918,0,-48236,0.50,8.39,0.24,N,-2.37,0.45,-55.52,-74.46
2026-09-15T13:41:52,417200,LS머트리얼즈,12510.0,11.4,1917607,0,97379,9.46,2.83,2.05,N,2085.00,4.57,-61.77,-61.77
2026-09-15T13:41:54,056190,SFA,27900.0,11.82,340785,0,71353,12.97,0.95,1.07,N,18.19,0.87,-23.56,-23.56
2026-09-15T13:41:56,058610,에스피지,102300.0,12.79,1306959,0,166434,4.42,5.89,3.92,N,248.30,8.79,-38.26,-38.26
2026-09-15T13:41:58,125490,한라캐스트,11350.0,11.27,3288394,0,365083,0.95,9.01,4.33,N,97.01,3.92,-55.23,-55.23
2026-09-15T13:42:00,000670,영풍,50900.0,1.9,488128,0,-10697,16.25,2.65,0.13,N,-120.62,0.26,-31.03,-29.11
2026-09-15T13:42:02,448900,한국피아이엠,53300.0,10.93,162038,0,42280,1.21,2.67,0.85,N,-5922.22,5.62,-70.12,-70.12
2026-09-15T13:42:03,140430,카티스,2750.0,-8.49,2495206,0,-117093,0.54,23.34,0.07,N,-28.95,4.28,-36.78,-73.37
2026-09-15T13:42:05,052220,iMBC,1864.0,7.0,5304149,0,14176,2.59,23.06,1.47,N,-8.00,0.77,-51.33,-51.33
2026-09-15T13:42:07,217820,원익피앤이,2415.0,-6.94,3410852,0,-141057,3.09,7.19,0.06,N,120.75,1.05,-47.78,-47.78
2026-09-15T13:42:09,429270,시지트로닉스,3390.0,9.35,1629448,0,-89181,3.32,25.27,0.03,N,-2.68,0.65,-72.28,-72.28
2026-09-15T13:42:11,411080,샌즈랩,6930.0,0.43,6108522,0,-14009,0.70,40.01,1.21,N,-192.50,1.96,-33.11,-33.11
2026-09-15T13:42:13,289930,웨이비스,7590.0,9.37,863542,0,-45448,7.67,6.57,0.31,N,-15.40,2.83,-69.21,-69.21
2026-09-15T13:42:15,053950,경남제약,2285.0,8.29,3219670,0,-49034,0.00,16.41,0.00,N,2.29,0.31,-45.79,-59.05
2026-09-15T13:42:17,163280,에어레인,3895.0,9.1,1438836,0,-118693,3.96,10.58,2.13,N,14.32,0.49,-79.62,-59.24
2026-09-15T13:42:19,150900,파수AI,4365.0,2.34,1777748,0,-86636,7.59,15.19,0.23,N,19.14,1.32,-36.65,-36.65
2026-09-15T13:42:20,224060,더코디,6780.0,-12.29,849046,0,1296,0.00,16.45,0.00,N,1.44,0.29,-46.82,-46.82
2026-09-15T13:42:22,417860,오브젠,7370.0,9.67,508790,0,-27405,1.60,10.81,0.00,N,-10.38,3.22,-58.46,-58.46
2026-09-15T13:51:19,007460,에이프로젠,1981.0,-0.55,83908,0,-37078,0.00,0.34,0.02,N,-0.60,0.01,-74.60,-87.79
2026-09-15T13:51:21,003060,에이프로젠바이오로직스,1642.0,2.69,74548,0,21574,0.00,0.46,0.00,N,-0.13,0.10,-74.22,-85.13
2026-09-15T13:51:23,417030,니어스랩,28950.0,-2.69,175830,0,-18298,6.23,3.04,0.00,N,-6.99,-0.63,-31.07,-31.07
2026-09-15T13:51:25,127120,제이에스링크,30400.0,1.0,58978,0,1795,3.36,0.16,0.00,N,-50.58,14.16,-39.08,-39.08
2026-09-15T13:51:27,115180,큐리언트,21800.0,-1.36,63151,0,-7660,3.08,0.17,0.00,N,-25.80,24.12,-65.34,-65.34
2026-09-15T13:51:29,054920,한컴위드,5230.0,29.78,9992943,0,-334564,2.68,35.41,2.07,N,18.81,0.90,-41.76,-41.76
2026-09-15T13:51:30,437730,삼현,52700.0,29.8,1110400,0,22022,1.50,3.50,1.11,N,160.67,12.64,-31.47,-31.47
2026-09-15T13:51:32,158430,아톤,6310.0,29.84,11410891,0,-576407,3.02,46.61,4.08,N,100.16,1.49,-44.50,-44.50
2026-09-15T13:51:34,036220,오상헬스케어,7950.0,21.93,1711070,0,-65380,1.10,11.96,0.89,N,37.15,0.39,-52.90,-52.90
2026-09-15T13:51:36,071200,인피니트헬스케어,13110.0,15.92,1966671,0,-12141,13.30,8.06,0.02,N,12.12,1.67,-6.89,-6.89
2026-09-15T13:51:38,391710,코닉오토메이션,1491.0,23.84,6165600,0,-64212,0.73,14.47,0.42,N,59.64,2.40,-59.70,-59.70
2026-09-15T13:51:40,042510,라온시큐어,13550.0,19.91,7947039,0,-42326,1.08,71.56,3.39,N,44.87,2.72,-20.11,-20.11
2026-09-15T13:51:42,0015S0,페스카로,9320.0,18.73,994251,0,-45477,2.74,10.08,0.27,N,30.66,1.48,-80.17,-80.17
2026-09-15T13:51:43,036540,SFA반도체,8640.0,14.74,15366229,0,438498,6.50,9.34,0.92,N,-74.48,3.00,-25.77,-25.77
2026-09-15T13:51:45,030530,원익홀딩스,25000.0,14.16,8253888,0,151500,4.90,10.69,1.17,N,70.42,1.91,-50.59,-50.59
2026-09-15T13:51:47,203650,드림시큐리티,2995.0,7.16,20820819,0,125455,0.90,20.47,0.51,N,35.65,2.41,-37.73,-37.73
2026-09-15T13:51:49,278650,HLB바이오스텝,2575.0,12.94,1467658,0,-46959,0.50,8.42,0.24,N,-2.36,0.45,-55.60,-74.50
2026-09-15T13:51:51,372910,한컴라이프케어,2130.0,11.99,10835036,0,-294673,4.16,39.15,2.34,N,-7.63,0.46,-43.65,-43.65
2026-09-15T13:51:53,056190,SFA,28000.0,12.22,346535,0,70579,12.97,0.97,1.07,N,18.25,0.87,-23.29,-23.29
2026-09-15T13:51:55,125490,한라캐스트,11270.0,10.49,3309137,0,358681,0.95,9.07,4.33,N,96.32,3.90,-55.54,-55.54
2026-09-15T13:51:57,417200,LS머트리얼즈,12270.0,9.26,1946947,0,89707,9.46,2.88,2.05,N,2045.00,4.48,-62.51,-62.51
2026-09-15T13:51:58,058610,에스피지,101300.0,11.69,1325254,0,166725,4.42,5.98,3.92,N,245.87,8.71,-38.87,-38.87
2026-09-15T13:52:00,000670,영풍,50800.0,1.7,490264,0,-11041,16.25,2.66,0.13,N,-120.38,0.26,-31.17,-29.24
2026-09-15T13:52:02,053300,한국정보인증,5760.0,12.5,4306663,0,-297473,1.65,10.88,1.60,N,9.34,1.13,-25.68,-25.68
2026-09-15T13:52:04,140430,카티스,2780.0,-7.49,2511940,0,-118150,0.54,23.50,0.07,N,-29.26,4.33,-36.09,-73.08
2026-09-15T13:52:06,052220,iMBC,1858.0,6.66,5338925,0,10098,2.59,23.21,1.47,N,-7.97,0.77,-51.49,-51.49
2026-09-15T13:52:08,429270,시지트로닉스,3390.0,9.35,1639066,0,-95371,3.32,25.41,0.03,N,-2.68,0.65,-72.28,-72.28
2026-09-15T13:52:10,217820,원익피앤이,2435.0,-6.17,3428879,0,-140681,3.09,7.23,0.06,N,121.75,1.06,-47.35,-47.35
2026-09-15T13:52:12,163280,에어레인,3900.0,9.24,1442616,0,-118428,3.96,10.61,2.13,N,14.34,0.49,-79.59,-59.18
2026-09-15T13:52:14,411080,샌즈랩,6930.0,0.43,6119206,0,-14713,0.70,40.08,1.21,N,-192.50,1.96,-33.11,-33.11
2026-09-15T13:52:15,053950,경남제약,2285.0,8.29,3238683,0,-49109,0.00,16.51,0.00,N,2.29,0.31,-45.79,-59.05
2026-09-15T13:52:17,289930,웨이비스,7590.0,9.37,866164,0,-47186,7.67,6.59,0.31,N,-15.40,2.83,-69.21,-69.21
2026-09-15T13:52:19,150900,파수AI,4325.0,1.41,1811975,0,-77123,7.59,15.48,0.23,N,18.97,1.31,-37.23,-37.23
2026-09-15T13:52:21,224060,더코디,6800.0,-12.03,853205,0,1251,0.00,16.53,0.00,N,1.44,0.29,-46.67,-46.67
2026-09-15T14:01:20,007460,에이프로젠,1976.0,-0.8,89013,0,-37061,0.00,0.36,0.02,N,-0.60,0.01,-74.67,-87.83
2026-09-15T14:01:22,003060,에이프로젠바이오로직스,1632.0,2.06,74834,0,21326,0.00,0.46,0.00,N,-0.13,0.10,-74.38,-85.22
2026-09-15T14:01:24,417030,니어스랩,28800.0,-3.19,176363,0,-18056,6.23,3.05,0.00,N,-6.95,-0.63,-31.43,-31.43
2026-09-15T14:01:26,127120,제이에스링크,30300.0,0.66,61406,0,1202,3.36,0.17,0.00,N,-50.42,14.11,-39.28,-39.28
2026-09-15T14:01:28,115180,큐리언트,21600.0,-2.26,64473,0,-8924,3.08,0.17,0.00,N,-25.56,23.89,-65.66,-65.66
2026-09-15T14:01:30,054920,한컴위드,5230.0,29.78,9997691,0,-334564,2.68,35.43,2.07,N,18.81,0.90,-41.76,-41.76
2026-09-15T14:01:32,437730,삼현,52700.0,29.8,1111484,0,21981,1.50,3.51,1.11,N,160.67,12.64,-31.47,-31.47
2026-09-15T14:01:34,158430,아톤,6310.0,29.84,11426801,0,-576759,3.02,46.67,4.08,N,100.16,1.49,-44.50,-44.50
2026-09-15T14:01:36,036220,오상헬스케어,8060.0,23.62,2005455,0,-53631,1.10,14.01,0.89,N,37.66,0.39,-52.25,-52.25
2026-09-15T14:01:37,071200,인피니트헬스케어,13060.0,15.47,1977259,0,-8823,13.30,8.10,0.02,N,12.07,1.66,-7.24,-7.24
2026-09-15T14:01:39,391710,코닉오토메이션,1475.0,22.51,6239538,0,-61949,0.73,14.64,0.42,N,59.00,2.38,-60.14,-60.14
2026-09-15T14:01:41,042510,라온시큐어,13370.0,18.32,8123464,0,-40088,1.08,73.15,3.39,N,44.27,2.69,-21.17,-21.17
2026-09-15T14:01:43,0015S0,페스카로,9030.0,15.03,1071081,0,-52725,2.74,10.86,0.27,N,29.70,1.43,-80.79,-80.79
2026-09-15T14:01:45,036540,SFA반도체,8650.0,14.87,15577624,0,420069,6.50,9.47,0.92,N,-74.57,3.00,-25.69,-25.69
2026-09-15T14:01:47,030530,원익홀딩스,24850.0,13.47,8335407,0,159931,4.90,10.79,1.17,N,70.00,1.90,-50.89,-50.89
2026-09-15T14:01:49,278650,HLB바이오스텝,2610.0,14.47,1473315,0,-45063,0.50,8.45,0.24,N,-2.39,0.46,-55.00,-74.16
2026-09-15T14:01:51,010580,에스엠벡셀,2780.0,18.3,7773305,0,-145,0.53,6.99,0.40,N,278.00,4.59,-20.46,-20.46
2026-09-15T14:01:53,372910,한컴라이프케어,2120.0,11.46,10910534,0,-296385,4.16,39.42,2.34,N,-7.60,0.46,-43.92,-43.92
2026-09-15T14:01:54,056190,SFA,28000.0,12.22,349859,0,69646,12.97,0.97,1.07,N,18.25,0.87,-23.29,-23.29
2026-09-15T14:01:56,203650,드림시큐리티,2925.0,4.65,23696187,0,99440,0.90,23.30,0.51,N,34.82,2.35,-39.19,-39.19
2026-09-15T14:01:58,053300,한국정보인증,5750.0,12.3,4478033,0,-285043,1.65,11.32,1.60,N,9.32,1.13,-25.81,-25.81
2026-09-15T14:02:00,000670,영풍,50800.0,1.7,492900,0,-11458,16.25,2.68,0.13,N,-120.38,0.26,-31.17,-29.24
2026-09-15T14:02:02,058610,에스피지,101200.0,11.58,1363311,0,176770,4.42,6.15,3.92,N,245.63,8.70,-38.93,-38.93
2026-09-15T14:02:04,140430,카티스,2775.0,-7.65,2524050,0,-118346,0.54,23.61,0.07,N,-29.21,4.32,-36.21,-73.12
2026-09-15T14:02:06,052220,iMBC,1857.0,6.6,5350685,0,9766,2.59,23.26,1.47,N,-7.97,0.77,-51.51,-51.51
2026-09-15T14:02:08,217820,원익피앤이,2415.0,-6.94,3449244,0,-141917,3.09,7.27,0.06,N,120.75,1.05,-47.78,-47.78
2026-09-15T14:02:10,429270,시지트로닉스,3365.0,8.55,1642338,0,-96055,3.32,25.47,0.03,N,-2.66,0.64,-72.49,-72.49
2026-09-15T14:02:12,053950,경남제약,2260.0,7.11,3253012,0,-43036,0.00,16.58,0.00,N,2.26,0.31,-46.38,-59.50
2026-09-15T14:02:13,411080,샌즈랩,6890.0,-0.14,6150729,0,-18114,0.70,40.29,1.21,N,-191.39,1.95,-33.49,-33.49
2026-09-15T14:02:15,289930,웨이비스,7510.0,8.21,868201,0,-47239,7.67,6.60,0.31,N,-15.23,2.80,-69.53,-69.53
2026-09-15T14:02:17,150900,파수AI,4310.0,1.06,1831767,0,-73605,7.59,15.65,0.23,N,18.90,1.30,-37.45,-37.45
2026-09-15T14:02:19,163280,에어레인,3910.0,9.52,1444161,0,-117935,3.96,10.62,2.13,N,14.38,0.49,-79.54,-59.08
2026-09-15T14:02:21,224060,더코디,6750.0,-12.68,856637,0,899,0.00,16.60,0.00,N,1.43,0.29,-47.06,-47.06
2026-09-15T14:02:23,115440,우리넷,8810.0,-0.9,2693940,0,-90085,2.86,24.96,1.49,N,25.91,0.96,-58.74,-58.74
2026-09-15T14:02:25,417860,오브젠,7310.0,8.78,510701,0,-27389,1.60,10.85,0.00,N,-10.30,3.19,-58.79,-58.79
2026-09-15T14:11:20,007460,에이프로젠,1972.0,-1.0,94354,0,-41299,0.00,0.38,0.02,N,-0.60,0.01,-74.72,-87.85
2026-09-15T14:11:22,003060,에이프로젠바이오로직스,1639.0,2.5,75587,0,20664,0.00,0.46,0.00,N,-0.13,0.10,-74.27,-85.16
2026-09-15T14:11:24,417030,니어스랩,28800.0,-3.19,176917,0,-17910,6.23,3.06,0.00,N,-6.95,-0.63,-31.43,-31.43
2026-09-15T14:11:26,127120,제이에스링크,30250.0,0.5,61849,0,1118,3.36,0.17,0.00,N,-50.33,14.09,-39.38,-39.38
2026-09-15T14:11:28,115180,큐리언트,21450.0,-2.94,67424,0,-9197,3.08,0.18,0.00,N,-25.38,23.73,-65.90,-65.90
2026-09-15T14:11:30,054920,한컴위드,5230.0,29.78,9999600,0,-334167,2.68,35.44,2.07,N,18.81,0.90,-41.76,-41.76
2026-09-15T14:11:31,437730,삼현,52700.0,29.8,1112907,0,21933,1.50,3.51,1.11,N,160.67,12.64,-31.47,-31.47
2026-09-15T14:11:33,158430,아톤,6310.0,29.84,11434166,0,-577366,3.02,46.70,4.08,N,100.16,1.49,-44.50,-44.50
2026-09-15T14:11:35,042510,라온시큐어,14050.0,24.34,8856730,0,-35929,1.08,79.75,3.39,N,46.52,2.82,-17.16,-17.16
2026-09-15T14:11:37,036220,오상헬스케어,8100.0,24.23,2364367,0,-67274,1.10,16.52,0.89,N,37.85,0.40,-52.01,-52.01
2026-09-15T14:11:39,391710,코닉오토메이션,1512.0,25.58,6478535,0,-59675,0.73,15.20,0.42,N,60.48,2.43,-59.14,-59.14
2026-09-15T14:11:41,071200,인피니트헬스케어,13100.0,15.83,1998628,0,-14411,13.30,8.19,0.02,N,12.11,1.67,-6.96,-6.96
2026-09-15T14:11:42,009580,무림P&P,1866.0,15.04,2891256,0,-360414,2.35,4.64,0.67,N,-3.43,0.19,-57.78,-57.78
2026-09-15T14:11:44,0015S0,페스카로,9030.0,15.03,1107492,0,-50870,2.74,11.22,0.27,N,29.70,1.43,-80.79,-80.79
2026-09-15T14:11:46,036540,SFA반도체,8590.0,14.08,15789865,0,424283,6.50,9.60,0.92,N,-74.05,2.98,-26.20,-26.20
2026-09-15T14:11:48,278650,HLB바이오스텝,2590.0,13.6,1491115,0,-51311,0.50,8.55,0.24,N,-2.38,0.45,-55.34,-74.36
2026-09-15T14:11:50,030530,원익홀딩스,24700.0,12.79,8466688,0,193766,4.90,10.96,1.17,N,69.58,1.89,-51.19,-51.19
2026-09-15T14:11:52,203650,드림시큐리티,2985.0,6.8,25254509,0,94099,0.90,24.83,0.51,N,35.54,2.40,-37.94,-37.94
2026-09-15T14:11:54,056190,SFA,27750.0,11.22,355161,0,67771,12.97,0.99,1.07,N,18.09,0.86,-23.97,-23.97
2026-09-15T14:11:56,372910,한컴라이프케어,2105.0,10.67,10988735,0,-297523,4.16,39.71,2.34,N,-7.54,0.46,-44.31,-44.31
2026-09-15T14:11:57,000670,영풍,51100.0,2.3,496240,0,-11867,16.25,2.70,0.13,N,-121.09,0.26,-30.76,-28.83
2026-09-15T14:11:59,053300,한국정보인증,5700.0,11.33,4572630,0,-287332,1.65,11.56,1.60,N,9.24,1.12,-26.45,-26.45
2026-09-15T14:12:01,010580,에스엠벡셀,2605.0,10.85,9661373,0,-97233,0.53,8.68,0.40,N,260.50,4.30,-25.46,-25.46
2026-09-15T14:12:03,140430,카티스,2780.0,-7.49,2537558,0,-118382,0.54,23.74,0.07,N,-29.26,4.33,-36.09,-73.08
2026-09-15T14:12:05,052220,iMBC,1847.0,6.03,5374248,0,11785,2.59,23.37,1.47,N,-7.93,0.77,-51.78,-51.78
2026-09-15T14:12:07,217820,원익피앤이,2400.0,-7.51,3462923,0,-140208,3.09,7.30,0.06,N,120.00,1.04,-48.11,-48.11
2026-09-15T14:12:09,429270,시지트로닉스,3335.0,7.58,1649445,0,-92032,3.32,25.58,0.03,N,-2.64,0.64,-72.73,-72.73
2026-09-15T14:12:10,289930,웨이비스,7470.0,7.64,874572,0,-47565,7.67,6.65,0.31,N,-15.15,2.78,-69.70,-69.70
2026-09-15T14:12:12,053950,경남제약,2270.0,7.58,3275418,0,-50882,0.00,16.69,0.00,N,2.27,0.31,-46.14,-59.32
2026-09-15T14:12:14,411080,샌즈랩,6930.0,0.43,6183007,0,-17377,0.70,40.50,1.21,N,-192.50,1.96,-33.11,-33.11
2026-09-15T14:12:16,163280,에어레인,3915.0,9.66,1449710,0,-119679,3.96,10.66,2.13,N,14.39,0.49,-79.51,-59.03
2026-09-15T14:12:18,224060,더코디,6700.0,-13.32,860851,0,375,0.00,16.68,0.00,N,1.42,0.29,-47.45,-47.45
2026-09-15T14:12:19,150900,파수AI,4340.0,1.76,1859138,0,-60032,7.59,15.88,0.23,N,19.04,1.31,-37.01,-37.01
2026-09-15T14:12:21,417860,오브젠,7250.0,7.89,512167,0,-27388,1.60,10.88,0.00,N,-10.21,3.17,-59.13,-59.13
2026-09-15T14:12:23,115440,우리넷,8740.0,-1.69,2716784,0,-95456,2.86,25.17,1.49,N,25.71,0.95,-59.06,-59.06
2026-09-15T14:21:19,007460,에이프로젠,1972.0,-1.0,97029,0,-42980,0.00,0.39,0.02,N,-0.60,0.01,-74.72,-87.85
2026-09-15T14:21:21,003060,에이프로젠바이오로직스,1635.0,2.25,76145,0,20414,0.00,0.47,0.00,N,-0.13,0.10,-74.33,-85.19
2026-09-15T14:21:23,417030,니어스랩,28650.0,-3.7,179753,0,-19523,6.23,3.11,0.00,N,-6.92,-0.63,-31.79,-31.79
2026-09-15T14:21:25,127120,제이에스링크,30350.0,0.83,65799,0,776,3.36,0.18,0.00,N,-50.50,14.14,-39.18,-39.18
2026-09-15T14:21:27,115180,큐리언트,21550.0,-2.49,68606,0,-9383,3.08,0.18,0.00,N,-25.50,23.84,-65.74,-65.74
2026-09-15T14:21:29,054920,한컴위드,5230.0,29.78,10000909,0,-332858,2.68,35.44,2.07,N,18.81,0.90,-41.76,-41.76
2026-09-15T14:21:31,437730,삼현,52700.0,29.8,1117413,0,21861,1.50,3.52,1.11,N,160.67,12.64,-31.47,-31.47
2026-09-15T14:21:33,158430,아톤,6310.0,29.84,11457172,0,-567282,3.02,46.80,4.08,N,100.16,1.49,-44.50,-44.50
2026-09-15T14:21:35,042510,라온시큐어,13970.0,23.63,9507645,0,-41340,1.08,85.61,3.39,N,46.26,2.81,-17.63,-17.63
2026-09-15T14:21:37,391710,코닉오토메이션,1503.0,24.83,6646902,0,-60961,0.73,15.60,0.42,N,60.12,2.42,-59.38,-59.38
2026-09-15T14:21:39,071200,인피니트헬스케어,13020.0,15.12,2058904,0,-29462,13.30,8.44,0.02,N,12.03,1.66,-7.53,-7.53
2026-09-15T14:21:41,036220,오상헬스케어,7800.0,19.63,2701871,0,-62706,1.10,18.88,0.89,N,36.45,0.38,-53.79,-53.79
2026-09-15T14:21:43,028100,동아지질,19870.0,12.07,215555,0,-15896,7.32,1.92,0.53,N,14.21,1.07,-4.24,-4.24
2026-09-15T14:21:45,010580,에스엠벡셀,2855.0,21.49,11688629,0,-39154,0.53,10.51,0.40,Y,285.50,4.71,-18.31,-18.31
2026-09-15T14:21:46,0015S0,페스카로,8920.0,13.63,1128801,0,-49811,2.74,11.44,0.27,N,29.34,1.41,-81.02,-81.02
2026-09-15T14:21:48,036540,SFA반도체,8570.0,13.81,16020015,0,488179,6.50,9.74,0.92,N,-73.88,2.97,-26.37,-26.37
2026-09-15T14:21:50,030530,원익홀딩스,24800.0,13.24,8590450,0,227077,4.90,11.12,1.17,N,69.86,1.89,-50.99,-50.99
2026-09-15T14:21:52,278650,HLB바이오스텝,2580.0,13.16,1498820,0,-50251,0.50,8.60,0.24,N,-2.37,0.45,-55.52,-74.46
2026-09-15T14:21:54,053300,한국정보인증,5750.0,12.3,5004823,0,-295595,1.65,12.65,1.60,N,9.32,1.13,-25.81,-25.81
2026-09-15T14:21:56,203650,드림시큐리티,2940.0,5.19,27074506,0,95613,0.90,26.62,0.51,N,35.00,2.36,-38.88,-38.88
2026-09-15T14:21:58,056190,SFA,27900.0,11.82,359361,0,67256,12.97,1.00,1.07,N,18.19,0.87,-23.56,-23.56
2026-09-15T14:21:59,000670,영풍,50900.0,1.9,501442,0,-10769,16.25,2.72,0.13,N,-120.62,0.26,-31.03,-29.11
2026-09-15T14:22:01,140430,카티스,2770.0,-7.82,2566486,0,-118056,0.54,24.01,0.07,N,-29.16,4.31,-36.32,-73.17
2026-09-15T14:22:03,052220,iMBC,1858.0,6.66,5391207,0,12139,2.59,23.44,1.47,N,-7.97,0.77,-51.49,-51.49
2026-09-15T14:22:05,217820,원익피앤이,2370.0,-8.67,3505926,0,-139598,3.09,7.39,0.06,N,118.50,1.03,-48.76,-48.76
2026-09-15T14:22:07,429270,시지트로닉스,3325.0,7.26,1652858,0,-92244,3.32,25.63,0.03,N,-2.63,0.64,-72.81,-72.81
2026-09-15T14:22:09,020710,시공테크,3830.0,-0.39,2602929,0,-43494,0.41,12.98,2.19,N,2.52,0.39,-36.06,-36.06
2026-09-15T14:22:11,289930,웨이비스,7440.0,7.2,876673,0,-48149,7.67,6.67,0.31,N,-15.09,2.77,-69.82,-69.82
2026-09-15T14:22:13,053950,경남제약,2265.0,7.35,3299985,0,-50160,0.00,16.82,0.00,N,2.27,0.31,-46.26,-59.41
2026-09-15T14:22:15,163280,에어레인,3880.0,8.68,1464247,0,-118803,3.96,10.76,2.13,N,14.26,0.48,-79.70,-59.39
2026-09-15T14:22:17,411080,샌즈랩,6910.0,0.14,6206479,0,-16009,0.70,40.65,1.21,N,-191.94,1.95,-33.30,-33.30
2026-09-15T14:22:19,150900,파수AI,4340.0,1.76,1864301,0,-61082,7.59,15.93,0.23,N,19.04,1.31,-37.01,-37.01
2026-09-15T14:22:21,417860,오브젠,7250.0,7.89,513150,0,-27367,1.60,10.90,0.00,N,-10.21,3.17,-59.13,-59.13
2026-09-15T14:22:23,224060,더코디,6800.0,-12.03,867087,0,1105,0.00,16.80,0.00,N,1.44,0.29,-46.67,-46.67
2026-09-15T14:22:25,115440,우리넷,8790.0,-1.12,2761709,0,-97672,2.86,25.58,1.49,N,25.85,0.95,-58.83,-58.83
2026-09-15T14:31:22,007460,에이프로젠,1953.0,-1.96,121488,0,-53227,0.00,0.49,0.02,N,-0.59,0.01,-74.96,-87.97
2026-09-15T14:31:24,003060,에이프로젠바이오로직스,1629.0,1.88,77358,0,19551,0.00,0.48,0.00,N,-0.13,0.10,-74.43,-85.25
2026-09-15T14:31:26,417030,니어스랩,28700.0,-3.53,181066,0,-19619,6.23,3.13,0.00,N,-6.93,-0.63,-31.67,-31.67
2026-09-15T14:31:28,127120,제이에스링크,30450.0,1.16,66994,0,849,3.36,0.18,0.00,N,-50.67,14.18,-38.98,-38.98
2026-09-15T14:31:30,115180,큐리언트,21750.0,-1.58,69972,0,-9550,3.08,0.19,0.00,N,-25.74,24.06,-65.42,-65.42
2026-09-15T14:31:32,054920,한컴위드,5230.0,29.78,10005240,0,-328527,2.68,35.46,2.07,N,18.81,0.90,-41.76,-41.76
2026-09-15T14:31:34,437730,삼현,52700.0,29.8,1117814,0,21817,1.50,3.53,1.11,N,160.67,12.64,-31.47,-31.47
2026-09-15T14:31:36,158430,아톤,6310.0,29.84,11476512,0,-560815,3.02,46.88,4.08,N,100.16,1.49,-44.50,-44.50
2026-09-15T14:31:38,042510,라온시큐어,13700.0,21.24,9847549,0,-44099,1.08,88.67,3.39,N,45.36,2.75,-19.22,-19.22
2026-09-15T14:31:40,391710,코닉오토메이션,1492.0,23.92,6761094,0,-64903,0.73,15.86,0.42,N,59.68,2.40,-59.68,-59.68
2026-09-15T14:31:42,071200,인피니트헬스케어,13080.0,15.65,2112935,0,-27782,13.30,8.66,0.02,N,12.09,1.66,-7.10,-7.10
2026-09-15T14:31:43,010580,에스엠벡셀,2855.0,21.49,13696997,0,-114128,0.53,12.31,0.40,N,285.50,4.71,-18.31,-18.31
2026-09-15T14:31:45,036220,오상헬스케어,7380.0,13.19,3016815,0,-58578,1.10,21.08,0.89,N,34.49,0.36,-56.28,-56.28
2026-09-15T14:31:47,0015S0,페스카로,8840.0,12.61,1144733,0,-50619,2.74,11.60,0.27,N,29.08,1.40,-81.19,-81.19
2026-09-15T14:31:49,030530,원익홀딩스,24950.0,13.93,8666233,0,230586,4.90,11.22,1.17,N,70.28,1.91,-50.69,-50.69
2026-09-15T14:31:51,278650,HLB바이오스텝,2600.0,14.04,1506654,0,-50446,0.50,8.64,0.24,N,-2.39,0.46,-55.17,-74.26
2026-09-15T14:31:53,036540,SFA반도체,8500.0,12.88,16404355,0,512070,6.50,9.97,0.92,N,-73.28,2.95,-26.98,-26.98
2026-09-15T14:31:54,056190,SFA,28000.0,12.22,363873,0,65609,12.97,1.01,1.07,N,18.25,0.87,-23.29,-23.29
2026-09-15T14:31:56,053300,한국정보인증,5710.0,11.52,5128904,0,-311253,1.65,12.96,1.60,N,9.25,1.12,-26.32,-26.32
2026-09-15T14:31:58,448900,한국피아이엠,53600.0,11.55,174594,0,43778,1.21,2.87,0.85,N,-5955.56,5.65,-69.96,-69.96
2026-09-15T14:32:00,058610,에스피지,102000.0,12.46,1415290,0,187724,4.42,6.38,3.92,N,247.57,8.77,-38.44,-38.44
2026-09-15T14:32:02,125490,한라캐스트,11240.0,10.2,3453125,0,389576,0.95,9.46,4.33,N,96.07,3.89,-55.66,-55.66
2026-09-15T14:32:04,000670,영풍,50600.0,1.3,504704,0,-11006,16.25,2.74,0.13,N,-119.91,0.26,-31.44,-29.52
2026-09-15T14:32:05,140430,카티스,2765.0,-7.99,2620592,0,-112317,0.54,24.52,0.07,N,-29.11,4.31,-36.44,-73.22
2026-09-15T14:32:07,052220,iMBC,1858.0,6.66,5395675,0,10925,2.59,23.46,1.47,N,-7.97,0.77,-51.49,-51.49
2026-09-15T14:32:09,429270,시지트로닉스,3340.0,7.74,1668934,0,-88543,3.32,25.88,0.03,N,-2.64,0.64,-72.69,-72.69
2026-09-15T14:32:11,217820,원익피앤이,2405.0,-7.32,3529406,0,-131174,3.09,7.44,0.06,N,120.25,1.04,-48.00,-48.00
2026-09-15T14:32:13,020710,시공테크,3870.0,0.65,2661838,0,-43061,0.41,13.28,2.19,N,2.54,0.39,-35.39,-35.39
2026-09-15T14:32:15,053950,경남제약,2252.0,6.73,3304678,0,-48414,0.00,16.84,0.00,N,2.26,0.31,-46.57,-59.64
2026-09-15T14:32:17,289930,웨이비스,7470.0,7.64,878181,0,-47888,7.67,6.68,0.31,N,-15.15,2.78,-69.70,-69.70
2026-09-15T14:32:19,411080,샌즈랩,6900.0,0.0,6230488,0,-10418,0.70,40.81,1.21,N,-191.67,1.95,-33.40,-33.40
2026-09-15T14:32:21,163280,에어레인,3925.0,9.94,1469761,0,-117515,3.96,10.80,2.13,N,14.43,0.49,-79.46,-58.92
2026-09-15T14:32:23,150900,파수AI,4320.0,1.29,1873997,0,-59345,7.59,16.01,0.23,N,18.95,1.31,-37.30,-37.30
2026-09-15T14:32:24,417860,오브젠,7290.0,8.48,513522,0,-27367,1.60,10.91,0.00,N,-10.27,3.18,-58.91,-58.91
2026-09-15T14:41:19,007460,에이프로젠,1965.0,-1.36,122787,0,-53731,0.00,0.49,0.02,N,-0.59,0.01,-74.81,-87.89
2026-09-15T14:41:21,003060,에이프로젠바이오로직스,1634.0,2.19,77606,0,19471,0.00,0.48,0.00,N,-0.13,0.10,-74.35,-85.20
2026-09-15T14:41:22,417030,니어스랩,28750.0,-3.36,181909,0,-19684,6.23,3.15,0.00,N,-6.94,-0.63,-31.55,-31.55
2026-09-15T14:41:24,127120,제이에스링크,30450.0,1.16,69680,0,291,3.36,0.19,0.00,N,-50.67,14.18,-38.98,-38.98
2026-09-15T14:41:26,115180,큐리언트,21650.0,-2.04,70885,0,-9845,3.08,0.19,0.00,N,-25.62,23.95,-65.58,-65.58
2026-09-15T14:41:28,054920,한컴위드,5230.0,29.78,10011826,0,-321941,2.68,35.48,2.07,N,18.81,0.90,-41.76,-41.76
2026-09-15T14:41:30,437730,삼현,52700.0,29.8,1118970,0,21081,1.50,3.53,1.11,N,160.67,12.64,-31.47,-31.47
2026-09-15T14:41:31,158430,아톤,6310.0,29.84,11499176,0,-545705,3.02,46.97,4.08,N,100.16,1.49,-44.50,-44.50
2026-09-15T14:41:33,042510,라온시큐어,13690.0,21.15,10067719,0,-44346,1.08,90.65,3.39,N,45.33,2.75,-19.28,-19.28
2026-09-15T14:41:35,010580,에스엠벡셀,2935.0,24.89,15558218,0,-94853,0.53,13.98,0.40,N,293.50,4.84,-16.02,-16.02
2026-09-15T14:41:36,071200,인피니트헬스케어,13120.0,16.0,2134139,0,-23012,13.30,8.75,0.02,N,12.13,1.67,-6.82,-6.82
2026-09-15T14:41:38,391710,코닉오토메이션,1473.0,22.34,6815451,0,-64752,0.73,15.99,0.42,N,58.92,2.37,-60.19,-60.19
2026-09-15T14:41:40,030530,원익홀딩스,25050.0,14.38,8710182,0,231036,4.90,11.28,1.17,N,70.56,1.91,-50.49,-50.49
2026-09-15T14:41:41,036220,오상헬스케어,7420.0,13.8,3166357,0,-63372,1.10,22.13,0.89,N,34.67,0.36,-56.04,-56.04
2026-09-15T14:41:43,036540,SFA반도체,8510.0,13.01,16532733,0,498176,6.50,10.05,0.92,N,-73.36,2.95,-26.89,-26.89
2026-09-15T14:41:45,0015S0,페스카로,8760.0,11.59,1160053,0,-48173,2.74,11.76,0.27,N,28.82,1.39,-81.36,-81.36
2026-09-15T14:41:46,056190,SFA,28550.0,14.43,384624,0,67671,12.97,1.07,1.07,N,18.61,0.89,-21.78,-21.78
2026-09-15T14:41:48,278650,HLB바이오스텝,2580.0,13.16,1514276,0,-51212,0.50,8.69,0.24,N,-2.37,0.45,-55.52,-74.46
2026-09-15T14:41:50,448900,한국피아이엠,53600.0,11.55,176234,0,44127,1.21,2.90,0.85,N,-5955.56,5.65,-69.96,-69.96
2026-09-15T14:41:52,058610,에스피지,102300.0,12.79,1431426,0,188929,4.42,6.45,3.92,N,248.30,8.79,-38.26,-38.26
2026-09-15T14:41:53,125490,한라캐스트,11290.0,10.69,3470719,0,388806,0.95,9.51,4.33,N,96.50,3.90,-55.46,-55.46
2026-09-15T14:41:55,000670,영풍,50700.0,1.5,507676,0,-11260,16.25,2.76,0.13,N,-120.14,0.26,-31.30,-29.38
2026-09-15T14:41:56,140430,카티스,2785.0,-7.32,2627492,0,-112623,0.54,24.58,0.07,N,-29.32,4.34,-35.98,-73.03
2026-09-15T14:41:58,052220,iMBC,1858.0,6.66,5407903,0,12089,2.59,23.51,1.47,N,-7.97,0.77,-51.49,-51.49
2026-09-15T14:42:00,217820,원익피앤이,2410.0,-7.13,3538496,0,-131285,3.09,7.46,0.06,N,120.50,1.05,-47.89,-47.89
2026-09-15T14:42:01,429270,시지트로닉스,3345.0,7.9,1679204,0,-84156,3.32,26.04,0.03,N,-2.65,0.64,-72.65,-72.65
2026-09-15T14:42:03,020710,시공테크,3870.0,0.65,2701053,0,-36665,0.41,13.47,2.19,N,2.54,0.39,-35.39,-35.39
2026-09-15T14:42:05,150900,파수AI,4265.0,0.0,1899129,0,-48793,7.59,16.23,0.23,N,18.71,1.29,-38.10,-38.10
2026-09-15T14:42:06,053950,경남제약,2265.0,7.35,3324272,0,-52979,0.00,16.94,0.00,N,2.27,0.31,-46.26,-59.41
2026-09-15T14:42:08,411080,샌즈랩,6890.0,-0.14,6256749,0,-5569,0.70,40.98,1.21,N,-191.39,1.95,-33.49,-33.49
2026-09-15T14:42:10,289930,웨이비스,7470.0,7.64,879564,0,-48136,7.67,6.69,0.31,N,-15.15,2.78,-69.70,-69.70
2026-09-15T14:42:11,163280,에어레인,3905.0,9.38,1472275,0,-117452,3.96,10.82,2.13,N,14.36,0.49,-79.57,-59.13
2026-09-15T14:42:13,417860,오브젠,7220.0,7.44,515966,0,-27075,1.60,10.96,0.00,N,-10.17,3.15,-59.30,-59.30
2026-09-15T14:42:15,372910,한컴라이프케어,2035.0,6.99,11462356,0,-237517,4.16,41.42,2.34,N,-7.29,0.44,-46.16,-46.16
2026-09-15T14:42:17,224060,더코디,6900.0,-10.74,879504,0,2146,0.00,17.04,0.00,N,1.47,0.30,-45.88,-45.88
2026-09-15T14:51:20,007460,에이프로젠,1965.0,-1.36,123276,0,-54213,0.00,0.50,0.02,N,-0.59,0.01,-74.81,-87.89
2026-09-15T14:51:21,003060,에이프로젠바이오로직스,1635.0,2.25,77766,0,19472,0.00,0.48,0.00,N,-0.13,0.10,-74.33,-85.19
2026-09-15T14:51:23,417030,니어스랩,28800.0,-3.19,183190,0,-19759,6.23,3.17,0.00,N,-6.95,-0.63,-31.43,-31.43
2026-09-15T14:51:25,127120,제이에스링크,30500.0,1.33,71322,0,697,3.36,0.19,0.00,N,-50.75,14.21,-38.88,-38.88
2026-09-15T14:51:27,115180,큐리언트,21650.0,-2.04,73159,0,-9854,3.08,0.19,0.00,N,-25.62,23.95,-65.58,-65.58
2026-09-15T14:51:29,054920,한컴위드,5230.0,29.78,10043433,0,-309752,2.68,35.59,2.07,N,18.81,0.90,-41.76,-41.76
2026-09-15T14:51:31,437730,삼현,52700.0,29.8,1120435,0,19941,1.50,3.53,1.11,N,160.67,12.64,-31.47,-31.47
2026-09-15T14:51:32,158430,아톤,6310.0,29.84,11510842,0,-546052,3.02,47.02,4.08,N,100.16,1.49,-44.50,-44.50
2026-09-15T14:51:34,391710,코닉오토메이션,1479.0,22.84,6880409,0,-72082,0.73,16.14,0.42,N,59.16,2.38,-60.03,-60.03
2026-09-15T14:51:36,010580,에스엠벡셀,2855.0,21.49,16875335,0,-108645,0.53,15.17,0.40,N,285.50,4.71,-18.31,-18.31
2026-09-15T14:51:38,071200,인피니트헬스케어,12910.0,14.15,2161345,0,-14881,13.30,8.86,0.02,N,11.93,1.64,-8.31,-8.31
2026-09-15T14:51:40,042510,라온시큐어,13360.0,18.23,10243511,0,-40576,1.08,92.24,3.39,N,44.24,2.69,-21.23,-21.23
2026-09-15T14:51:41,036220,오상헬스케어,7540.0,15.64,3332754,0,-63878,1.10,23.29,0.89,N,35.23,0.37,-55.33,-55.33
2026-09-15T14:51:43,056190,SFA,28850.0,15.63,434962,0,60601,12.97,1.21,1.07,N,18.81,0.90,-20.96,-20.96
2026-09-15T14:51:45,030530,원익홀딩스,24900.0,13.7,8754627,0,236389,4.90,11.33,1.17,N,70.14,1.90,-50.79,-50.79
2026-09-15T14:51:47,036540,SFA반도체,8560.0,13.68,16630970,0,489054,6.50,10.11,0.92,N,-73.79,2.97,-26.46,-26.46
2026-09-15T14:51:49,0015S0,페스카로,8830.0,12.48,1169921,0,-45131,2.74,11.86,0.27,N,29.05,1.40,-81.21,-81.21
2026-09-15T14:51:51,278650,HLB바이오스텝,2610.0,14.47,1524542,0,-45318,0.50,8.75,0.24,N,-2.39,0.46,-55.00,-74.16
2026-09-15T14:51:52,448900,한국피아이엠,54100.0,12.59,177905,0,43540,1.21,2.93,0.85,N,-6011.11,5.70,-69.67,-69.67
2026-09-15T14:51:54,058610,에스피지,102700.0,13.23,1447019,0,188862,4.42,6.52,3.92,N,249.27,8.83,-38.02,-38.02
2026-09-15T14:51:56,474650,링크솔루션,28500.0,12.43,156112,0,-19735,6.09,2.71,0.46,N,-49.91,5.97,-69.45,-69.45
2026-09-15T14:51:58,140430,카티스,2800.0,-6.82,2637274,0,-113519,0.54,24.67,0.07,N,-29.47,4.36,-35.63,-72.88
2026-09-15T14:52:00,052220,iMBC,1868.0,7.23,5417165,0,12420,2.59,23.55,1.47,N,-8.02,0.77,-51.23,-51.23
2026-09-15T14:52:01,217820,원익피앤이,2420.0,-6.74,3561027,0,-135818,3.09,7.50,0.06,N,121.00,1.05,-47.68,-47.68
2026-09-15T14:52:03,053950,경남제약,2260.0,7.11,3332523,0,-51141,0.00,16.99,0.00,N,2.26,0.31,-46.38,-59.50
2026-09-15T14:52:05,429270,시지트로닉스,3365.0,8.55,1683330,0,-82037,3.32,26.10,0.03,N,-2.66,0.64,-72.49,-72.49
2026-09-15T14:52:07,020710,시공테크,3875.0,0.78,2730580,0,-27412,0.41,13.62,2.19,N,2.55,0.39,-35.31,-35.31
2026-09-15T14:52:09,411080,샌즈랩,6860.0,-0.58,6299002,0,-7706,0.70,41.26,1.21,N,-190.56,1.94,-33.78,-33.78
2026-09-15T14:52:11,150900,파수AI,4280.0,0.35,1905186,0,-47101,7.59,16.28,0.23,N,18.77,1.30,-37.88,-37.88
2026-09-15T14:52:13,289930,웨이비스,7500.0,8.07,884773,0,-47774,7.67,6.73,0.31,N,-15.21,2.79,-69.57,-69.57
2026-09-15T14:52:14,163280,에어레인,3950.0,10.64,1481013,0,-111472,3.96,10.89,2.13,N,14.52,0.49,-79.33,-58.66
2026-09-15T14:52:16,009580,무림P&P,1685.0,3.88,4170545,0,-392702,2.35,6.69,0.67,N,-3.10,0.18,-61.88,-61.88
2026-09-15T14:52:18,372910,한컴라이프케어,2035.0,6.99,11573874,0,-211537,4.16,41.82,2.34,N,-7.29,0.44,-46.16,-46.16
2026-09-15T15:01:23,007460,에이프로젠,1962.0,-1.51,123980,0,-54616,0.00,0.50,0.02,N,-0.59,0.01,-74.85,-87.91
2026-09-15T15:01:25,003060,에이프로젠바이오로직스,1636.0,2.31,79517,0,20925,0.00,0.49,0.00,N,-0.13,0.10,-74.32,-85.19
2026-09-15T15:01:27,417030,니어스랩,28550.0,-4.03,185408,0,-21557,6.23,3.21,0.00,N,-6.89,-0.62,-32.02,-32.02
2026-09-15T15:01:29,127120,제이에스링크,30400.0,1.0,73191,0,1183,3.36,0.20,0.00,N,-50.58,14.16,-39.08,-39.08
2026-09-15T15:01:31,115180,큐리언트,21800.0,-1.36,74346,0,-10685,3.08,0.20,0.00,N,-25.80,24.12,-65.34,-65.34
2026-09-15T15:01:34,054920,한컴위드,5230.0,29.78,10064958,0,-309676,2.68,35.67,2.07,N,18.81,0.90,-41.76,-41.76
2026-09-15T15:01:36,437730,삼현,52700.0,29.8,1121746,0,18797,1.50,3.54,1.11,N,160.67,12.64,-31.47,-31.47
2026-09-15T15:01:38,158430,아톤,6310.0,29.84,11525346,0,-544007,3.02,47.08,4.08,N,100.16,1.49,-44.50,-44.50
2026-09-15T15:01:40,010580,에스엠벡셀,2925.0,24.47,18069909,0,-96743,0.53,16.24,0.40,N,292.50,4.83,-16.31,-16.31
2026-09-15T15:01:41,391710,코닉오토메이션,1486.0,23.42,6973823,0,-63557,0.73,16.36,0.42,N,59.44,2.39,-59.84,-59.84
2026-09-15T15:01:44,071200,인피니트헬스케어,12990.0,14.85,2174063,0,-11027,13.30,8.91,0.02,N,12.01,1.65,-7.74,-7.74
2026-09-15T15:01:46,042510,라온시큐어,13180.0,16.64,10496048,0,-43577,1.08,94.51,3.39,N,43.64,2.65,-22.29,-22.29
2026-09-15T15:01:48,036220,오상헬스케어,7510.0,15.18,3412722,0,-62723,1.10,23.85,0.89,N,35.09,0.37,-55.51,-55.51
2026-09-15T15:01:50,056190,SFA,28700.0,15.03,453363,0,58413,12.97,1.26,1.07,N,18.71,0.89,-21.37,-21.37
2026-09-15T15:01:52,199430,케이엔알시스템,19300.0,16.13,371188,0,41103,1.15,3.32,0.05,N,-24.81,9.27,-57.40,-57.40
2026-09-15T15:01:54,030530,원익홀딩스,24900.0,13.7,8822610,0,248821,4.90,11.42,1.17,N,70.14,1.90,-50.79,-50.79
2026-09-15T15:01:57,0015S0,페스카로,8840.0,12.61,1182770,0,-43306,2.74,11.99,0.27,N,29.08,1.40,-81.19,-81.19
2026-09-15T15:01:59,036540,SFA반도체,8520.0,13.15,16756247,0,469751,6.50,10.19,0.92,N,-73.45,2.95,-26.80,-26.80
2026-09-15T15:02:01,278650,HLB바이오스텝,2610.0,14.47,1536587,0,-45029,0.50,8.81,0.24,N,-2.39,0.46,-55.00,-74.16
2026-09-15T15:02:03,413630,씨피시스템,4415.0,9.42,6185614,0,250789,0.84,16.98,2.27,N,83.30,3.70,-28.68,-28.68
2026-09-15T15:02:05,448900,한국피아이엠,53700.0,11.76,179582,0,43328,1.21,2.96,0.85,N,-5966.67,5.66,-69.90,-69.90
2026-09-15T15:02:07,058610,에스피지,102200.0,12.68,1467242,0,183222,4.42,6.62,3.92,N,248.06,8.79,-38.32,-38.32
2026-09-15T15:02:10,140430,카티스,2775.0,-7.65,2655974,0,-110965,0.54,24.85,0.07,N,-29.21,4.32,-36.21,-73.12
2026-09-15T15:02:12,052220,iMBC,1860.0,6.77,5438298,0,19122,2.59,23.64,1.47,N,-7.98,0.77,-51.44,-51.44
2026-09-15T15:02:15,217820,원익피앤이,2405.0,-7.32,3572916,0,-138774,3.09,7.53,0.06,N,120.25,1.04,-48.00,-48.00
2026-09-15T15:02:17,429270,시지트로닉스,3370.0,8.71,1684901,0,-81750,3.32,26.13,0.03,N,-2.67,0.65,-72.44,-72.44
2026-09-15T15:02:20,020710,시공테크,3875.0,0.78,2758667,0,-16785,0.41,13.76,2.19,N,2.55,0.39,-35.31,-35.31
2026-09-15T15:02:22,053950,경남제약,2255.0,6.87,3341553,0,-52772,0.00,17.03,0.00,N,2.26,0.31,-46.50,-59.59
2026-09-15T15:02:24,411080,샌즈랩,6890.0,-0.14,6327753,0,-6873,0.70,41.45,1.21,N,-191.39,1.95,-33.49,-33.49
2026-09-15T15:02:26,289930,웨이비스,7460.0,7.49,896422,0,-51704,7.67,6.82,0.31,N,-15.13,2.78,-69.74,-69.74
2026-09-15T15:02:29,150900,파수AI,4275.0,0.23,1914236,0,-45931,7.59,16.36,0.23,N,18.75,1.29,-37.95,-37.95
2026-09-15T15:02:32,009580,무림P&P,1650.0,1.73,4306032,0,-356475,2.35,6.90,0.67,N,-3.03,0.17,-62.67,-62.67
2026-09-15T15:02:34,163280,에어레인,3915.0,9.66,1488921,0,-108023,3.96,10.95,2.13,N,14.39,0.49,-79.51,-59.03
2026-09-15T15:02:36,372910,한컴라이프케어,2015.0,5.94,11643311,0,-216812,4.16,42.07,2.34,N,-7.22,0.44,-46.69,-46.69
2026-09-15T15:02:39,115440,우리넷,8750.0,-1.57,2873097,0,-133643,2.86,26.62,1.49,N,25.74,0.95,-59.02,-59.02
2026-09-15T15:11:22,007460,에이프로젠,1962.0,-1.51,125583,0,-54954,0.00,0.51,0.02,N,-0.59,0.01,-74.85,-87.91
2026-09-15T15:11:24,003060,에이프로젠바이오로직스,1636.0,2.31,80177,0,20906,0.00,0.49,0.00,N,-0.13,0.10,-74.32,-85.19
2026-09-15T15:11:26,417030,니어스랩,28550.0,-4.03,187848,0,-21423,6.23,3.25,0.00,N,-6.89,-0.62,-32.02,-32.02
2026-09-15T15:11:28,127120,제이에스링크,30400.0,1.0,74400,0,1538,3.36,0.20,0.00,N,-50.58,14.16,-39.08,-39.08
2026-09-15T15:11:30,115180,큐리언트,21750.0,-1.58,76038,0,-11580,3.08,0.20,0.00,N,-25.74,24.06,-65.42,-65.42
2026-09-15T15:11:32,054920,한컴위드,5230.0,29.78,10074232,0,-315554,2.68,35.70,2.07,N,18.81,0.90,-41.76,-41.76
2026-09-15T15:11:34,437730,삼현,52700.0,29.8,1123292,0,17648,1.50,3.54,1.11,N,160.67,12.64,-31.47,-31.47
2026-09-15T15:11:36,158430,아톤,6310.0,29.84,11542422,0,-554968,3.02,47.15,4.08,N,100.16,1.49,-44.50,-44.50
2026-09-15T15:11:37,010580,에스엠벡셀,2890.0,22.98,18605860,0,-99973,0.53,16.72,0.40,N,289.00,4.77,-17.31,-17.31
2026-09-15T15:11:39,391710,코닉오토메이션,1490.0,23.75,7070507,0,-73296,0.73,16.59,0.42,N,59.60,2.40,-59.73,-59.73
2026-09-15T15:11:41,071200,인피니트헬스케어,12780.0,13.0,2213526,0,-13817,13.30,9.07,0.02,N,11.81,1.62,-9.23,-9.23
2026-09-15T15:11:43,199430,케이엔알시스템,19650.0,18.23,466006,0,39826,1.15,4.16,0.05,N,-25.26,9.44,-56.62,-56.62
2026-09-15T15:11:44,0015S0,페스카로,9130.0,16.31,1197576,0,-40684,2.74,12.14,0.27,N,30.03,1.45,-80.57,-80.57
2026-09-15T15:11:46,056190,SFA,28900.0,15.83,478294,0,55822,12.97,1.33,1.07,N,18.84,0.90,-20.82,-20.82
2026-09-15T15:11:48,042510,라온시큐어,12790.0,13.19,10815507,0,-42109,1.08,97.39,3.39,N,42.35,2.57,-24.59,-24.59
2026-09-15T15:11:50,036540,SFA반도체,8540.0,13.41,16896624,0,482026,6.50,10.27,0.92,N,-73.62,2.96,-26.63,-26.63
2026-09-15T15:11:52,030530,원익홀딩스,24750.0,13.01,8878799,0,244144,4.90,11.50,1.17,N,69.72,1.89,-51.09,-51.09
2026-09-15T15:11:54,278650,HLB바이오스텝,2565.0,12.5,1547957,0,-44307,0.50,8.88,0.24,N,-2.35,0.45,-55.78,-74.60
2026-09-15T15:11:55,058610,에스피지,102300.0,12.79,1484812,0,178942,4.42,6.70,3.92,N,248.30,8.79,-38.26,-38.26
2026-09-15T15:11:57,448900,한국피아이엠,53600.0,11.55,180544,0,42884,1.21,2.97,0.85,N,-5955.56,5.65,-69.96,-69.96
2026-09-15T15:11:59,125490,한라캐스트,11250.0,10.29,3552538,0,380720,0.95,9.73,4.33,N,96.15,3.89,-55.62,-55.62
2026-09-15T15:12:01,474650,링크솔루션,28400.0,12.03,158398,0,-20817,6.09,2.75,0.46,N,-49.74,5.95,-69.56,-69.56
2026-09-15T15:12:03,413630,씨피시스템,4370.0,8.3,6361702,0,284910,0.84,17.46,2.27,N,82.45,3.66,-29.40,-29.40
2026-09-15T15:12:04,140430,카티스,2820.0,-6.16,2703861,0,-108147,0.54,25.29,0.07,N,-29.68,4.39,-35.17,-72.69
2026-09-15T15:12:06,052220,iMBC,1868.0,7.23,5450790,0,18512,2.59,23.70,1.47,N,-8.02,0.77,-51.23,-51.23
2026-09-15T15:12:08,289930,웨이비스,7440.0,7.2,899416,0,-52083,7.67,6.84,0.31,N,-15.09,2.77,-69.82,-69.82
2026-09-15T15:12:10,429270,시지트로닉스,3380.0,9.03,1690286,0,-82668,3.32,26.21,0.03,N,-2.68,0.65,-72.36,-72.36
2026-09-15T15:12:12,020710,시공테크,3885.0,1.04,2783897,0,-11441,0.41,13.89,2.19,N,2.55,0.39,-35.14,-35.14
2026-09-15T15:12:14,053950,경남제약,2270.0,7.58,3352628,0,-52492,0.00,17.09,0.00,N,2.27,0.31,-46.14,-59.32
2026-09-15T15:12:16,411080,샌즈랩,6900.0,0.0,6369981,0,-1699,0.70,41.72,1.21,N,-191.67,1.95,-33.40,-33.40
2026-09-15T15:12:17,150900,파수AI,4260.0,-0.12,1919294,0,-46684,7.59,16.40,0.23,N,18.68,1.29,-38.17,-38.17
2026-09-15T15:12:19,009580,무림P&P,1655.0,2.03,4386911,0,-328048,2.35,7.03,0.67,N,-3.04,0.17,-62.56,-62.56
2026-09-15T15:12:21,217820,원익피앤이,2460.0,-5.2,3606503,0,-141998,3.09,7.60,0.06,N,123.00,1.07,-46.81,-46.81
2026-09-15T15:12:23,372910,한컴라이프케어,2025.0,6.47,11716677,0,-206318,4.16,42.34,2.34,N,-7.26,0.44,-46.43,-46.43
2026-09-15T15:12:25,017180,명문제약,1298.0,4.93,2301697,0,-171338,2.11,6.78,0.08,N,23.18,0.44,-36.84,-36.84
2026-09-15T15:12:27,163280,에어레인,3910.0,9.52,1493570,0,-107320,3.96,10.98,2.13,N,14.38,0.49,-79.54,-59.08
2026-09-15T15:12:29,036220,오상헬스케어,7080.0,8.59,3504030,0,-60847,1.10,24.49,0.89,N,33.08,0.35,-58.06,-58.06
2026-09-15T15:21:19,007460,에이프로젠,1963.0,-1.46,126822,0,-54948,0.00,0.51,0.02,N,-0.59,0.01,-74.83,-87.91
2026-09-15T15:21:21,003060,에이프로젠바이오로직스,1638.0,2.44,80406,0,20914,0.00,0.49,0.00,N,-0.13,0.10,-74.29,-85.17
2026-09-15T15:21:23,417030,니어스랩,28500.0,-4.2,191277,0,-23123,6.23,3.31,0.00,N,-6.88,-0.62,-32.14,-32.14
2026-09-15T15:21:25,127120,제이에스링크,30300.0,0.66,75921,0,1609,3.36,0.20,0.00,N,-50.42,14.11,-39.28,-39.28
2026-09-15T15:21:27,115180,큐리언트,21800.0,-1.36,77332,0,-12088,3.08,0.21,0.00,N,-25.80,24.12,-65.34,-65.34
2026-09-15T15:21:29,054920,한컴위드,5230.0,29.78,10078217,0,-315554,2.68,35.72,2.07,N,18.81,0.90,-41.76,-41.76
2026-09-15T15:21:30,437730,삼현,52700.0,29.8,1126161,0,15459,1.50,3.55,1.11,N,160.67,12.64,-31.47,-31.47
2026-09-15T15:21:32,158430,아톤,6310.0,29.84,11554943,0,-555705,3.02,47.20,4.08,N,100.16,1.49,-44.50,-44.50
2026-09-15T15:21:34,071200,인피니트헬스케어,12860.0,13.7,2234887,0,-4088,13.30,9.16,0.02,N,11.89,1.63,-8.66,-8.66
2026-09-15T15:21:36,391710,코닉오토메이션,1447.0,20.18,7171213,0,-69208,0.73,16.83,0.42,N,57.88,2.33,-60.89,-60.89
2026-09-15T15:21:38,0015S0,페스카로,9080.0,15.67,1210086,0,-44714,2.74,12.26,0.27,N,29.87,1.44,-80.68,-80.68
2026-09-15T15:21:40,010580,에스엠벡셀,2780.0,18.3,19425834,0,-39965,0.53,17.46,0.40,N,278.00,4.59,-20.46,-20.46
2026-09-15T15:21:41,199430,케이엔알시스템,19640.0,18.17,548560,0,20815,1.15,4.90,0.05,N,-25.24,9.44,-56.64,-56.64
2026-09-15T15:21:43,056190,SFA,28950.0,16.03,485324,0,55232,12.97,1.35,1.07,N,18.87,0.90,-20.68,-20.68
2026-09-15T15:21:45,042510,라온시큐어,12810.0,13.36,10968968,0,-17128,1.08,98.77,3.39,N,42.42,2.57,-24.47,-24.47
2026-09-15T15:21:47,036540,SFA반도체,8600.0,14.21,17082793,0,440535,6.50,10.39,0.92,N,-74.14,2.98,-26.12,-26.12
2026-09-15T15:21:49,030530,원익홀딩스,24950.0,13.93,8970621,0,225435,4.90,11.61,1.17,N,70.28,1.91,-50.69,-50.69
2026-09-15T15:21:51,278650,HLB바이오스텝,2600.0,14.04,1565787,0,-43636,0.50,8.98,0.24,N,-2.39,0.46,-55.17,-74.26
2026-09-15T15:21:53,413630,씨피시스템,4490.0,11.28,6583798,0,309954,0.84,18.07,2.27,N,84.72,3.76,-27.46,-27.46
2026-09-15T15:21:54,058610,에스피지,102600.0,13.12,1497962,0,176616,4.42,6.75,3.92,N,249.03,8.82,-38.08,-38.08
2026-09-15T15:21:56,125490,한라캐스트,11320.0,10.98,3582358,0,371273,0.95,9.81,4.33,N,96.75,3.91,-55.35,-55.35
2026-09-15T15:21:58,448900,한국피아이엠,53700.0,11.76,181968,0,42347,1.21,3.00,0.85,N,-5966.67,5.66,-69.90,-69.90
2026-09-15T15:22:00,474650,링크솔루션,28450.0,12.23,159395,0,-21060,6.09,2.77,0.46,N,-49.82,5.96,-69.51,-69.51
2026-09-15T15:22:02,140430,카티스,2835.0,-5.66,2729931,0,-108264,0.54,25.54,0.07,N,-29.84,4.42,-34.83,-72.54
2026-09-15T15:22:04,052220,iMBC,1870.0,7.35,5458572,0,16028,2.59,23.73,1.47,N,-8.03,0.77,-51.17,-51.17
2026-09-15T15:22:05,429270,시지트로닉스,3365.0,8.55,1693290,0,-82535,3.32,26.26,0.03,N,-2.66,0.64,-72.49,-72.49
2026-09-15T15:22:07,289930,웨이비스,7430.0,7.06,904041,0,-52394,7.67,6.88,0.31,N,-15.07,2.77,-69.86,-69.86
2026-09-15T15:22:09,020710,시공테크,3870.0,0.65,2813754,0,-2797,0.41,14.04,2.19,N,2.54,0.39,-35.39,-35.39
2026-09-15T15:22:11,217820,원익피앤이,2430.0,-6.36,3618675,0,-140072,3.09,7.63,0.06,N,121.50,1.05,-47.46,-47.46
2026-09-15T15:22:13,150900,파수AI,4270.0,0.12,1925471,0,-45918,7.59,16.45,0.23,N,18.73,1.29,-38.03,-38.03
2026-09-15T15:22:15,411080,샌즈랩,6900.0,0.0,6402922,0,521,0.70,41.94,1.21,N,-191.67,1.95,-33.40,-33.40
2026-09-15T15:22:16,009580,무림P&P,1655.0,2.03,4440387,0,-322742,2.35,7.12,0.67,N,-3.04,0.17,-62.56,-62.56
2026-09-15T15:22:18,053950,경남제약,2290.0,8.53,3373591,0,-50729,0.00,17.19,0.00,N,2.29,0.31,-45.67,-58.96
2026-09-15T15:22:20,036220,오상헬스케어,7090.0,8.74,3543515,0,-45652,1.10,24.76,0.89,N,33.13,0.35,-58.00,-58.00
2026-09-15T15:22:22,163280,에어레인,3930.0,10.08,1496875,0,-107371,3.96,11.00,2.13,N,14.45,0.49,-79.43,-58.87
2026-09-16T11:56:40,007460,에이프로젠,1952.0,-0.51,61518,0,-19183,0.00,0.25,0.02,N,-0.59,0.01,-74.97,-87.97
2026-09-16T11:56:41,003060,에이프로젠바이오로직스,1620.0,-1.22,55698,0,-3562,0.00,0.34,0.00,N,-0.13,0.10,-74.57,-85.33
2026-09-16T11:56:42,417030,니어스랩,26100.0,-8.74,252247,0,-47057,5.92,4.37,0.00,N,-6.30,-0.57,-37.86,-37.86
2026-09-16T11:56:43,127120,제이에스링크,31800.0,4.95,97501,0,27161,3.37,0.26,0.00,N,-52.91,14.81,-36.27,-36.27
2026-09-16T11:56:44,115180,큐리언트,22050.0,0.92,19455,0,-2683,3.06,0.05,0.00,N,-26.09,24.39,-64.94,-64.94
2026-09-16T11:56:45,049080,기가레인,10990.0,29.91,2680952,0,212682,0.00,31.58,0.00,N,-8.80,2.26,-26.49,-64.83
2026-09-16T11:56:45,072950,빛샘전자,13590.0,27.01,12867311,0,46665,0.40,159.79,2.51,N,14.49,1.31,-47.12,-47.12
2026-09-16T11:56:46,140430,카티스,3270.0,15.55,4612184,0,-13097,0.00,43.15,0.07,N,-34.42,5.09,-24.83,-68.33
2026-09-16T11:56:47,413630,씨피시스템,5290.0,17.56,17692063,0,-483907,1.66,48.56,2.21,N,99.81,4.43,-14.54,-14.54
2026-09-16T11:56:48,024900,디와이덕양,2050.0,22.1,1557605,0,-7988,1.63,4.78,0.16,N,53.95,0.56,-21.15,-21.15
2026-09-16T11:56:49,468530,프로티나,31750.0,10.82,115677,0,-18998,2.89,1.04,0.49,N,-34.81,18.61,-73.56,-73.56
2026-09-16T11:56:50,125210,아모그린텍,6310.0,13.08,2165965,0,-157253,7.31,13.13,1.63,N,17.68,1.28,-62.33,-62.33
2026-09-16T11:56:51,115440,우리넷,9920.0,13.89,6962171,0,-67693,1.72,64.50,2.04,N,29.18,1.08,-53.54,-53.54
2026-09-16T11:56:52,031980,피에스케이홀딩스,164900.0,-1.2,94683,0,13234,6.43,0.44,0.44,N,38.78,7.02,-5.23,-5.23
2026-09-16T11:56:53,195870,해성디에스,54800.0,13.69,351104,0,-7626,21.92,2.07,1.84,N,39.11,1.65,-49.49,-49.49
2026-09-16T11:56:54,219130,타이거일렉,73600.0,13.23,99771,0,-22990,5.79,1.58,1.43,N,1672.73,8.77,-16.27,-16.27
2026-09-16T11:56:55,010170,대한광통신,16160.0,14.29,29967858,0,3377406,1.95,19.27,0.00,N,-66.78,32.91,-48.70,-48.70
2026-09-16T11:56:56,443670,에스피소프트,5390.0,6.1,4595589,0,44266,1.48,19.14,3.58,N,34.77,1.94,-26.06,-26.06
2026-09-16T11:56:56,040300,YTN,2525.0,-4.17,3606897,-69954,-70307,1.75,7.57,0.40,N,-5.70,0.48,-48.47,-48.47
2026-09-16T11:56:57,411080,샌즈랩,7140.0,3.48,9376768,0,13580,0.79,61.42,0.76,N,-198.33,2.02,-31.08,-31.08
2026-09-16T11:56:58,388790,라이콤,4810.0,9.57,4041760,0,-218365,1.09,13.20,0.04,N,0.00,0.00,-48.45,-48.45
2026-09-16T11:56:59,224060,더코디,6920.0,-1.42,590191,0,4595,0.00,11.44,0.00,N,1.47,0.30,-45.73,-45.73
2026-09-16T11:57:00,054920,한컴위드,5180.0,-0.96,10217327,0,171399,1.29,36.21,2.22,N,18.63,0.89,-42.32,-42.32
2026-09-16T12:06:35,007460,에이프로젠,1960.0,-0.1,62627,0,-20061,0.00,0.25,0.02,N,-0.59,0.01,-74.87,-87.92
2026-09-16T12:06:36,003060,에이프로젠바이오로직스,1626.0,-0.85,56004,0,-3700,0.00,0.34,0.00,N,-0.13,0.10,-74.47,-85.28
2026-09-16T12:06:37,417030,니어스랩,25900.0,-9.44,255453,0,-47583,5.92,4.42,0.00,N,-6.25,-0.57,-38.33,-38.33
2026-09-16T12:06:38,127120,제이에스링크,32000.0,5.61,102655,0,28714,3.37,0.28,0.00,N,-53.24,14.90,-35.87,-35.87
2026-09-16T12:06:39,115180,큐리언트,22100.0,1.14,20035,0,-2980,3.06,0.05,0.00,N,-26.15,24.45,-64.86,-64.86
2026-09-16T12:06:40,049080,기가레인,10990.0,29.91,2682533,0,212681,0.00,31.60,0.00,N,-8.80,2.26,-26.49,-64.83
2026-09-16T12:06:41,140430,카티스,3300.0,16.61,4695136,0,-18173,0.00,43.92,0.07,N,-34.74,5.14,-24.14,-68.04
2026-09-16T12:06:42,072950,빛샘전자,13560.0,26.73,12916536,0,48287,0.40,160.40,2.51,N,14.46,1.31,-47.24,-47.24
2026-09-16T12:06:43,024900,디와이덕양,2105.0,25.37,1653493,0,6604,1.63,5.08,0.16,N,55.39,0.57,-19.04,-19.04
2026-09-16T12:06:44,413630,씨피시스템,5150.0,14.44,19327737,0,-488085,1.66,53.04,2.21,N,97.17,4.31,-16.80,-16.80
2026-09-16T12:06:45,468530,프로티나,31950.0,11.52,118138,0,-18504,2.89,1.06,0.49,N,-35.03,18.73,-73.40,-73.40
2026-09-16T12:06:46,031980,피에스케이홀딩스,167000.0,0.06,98110,0,13193,6.43,0.46,0.44,N,39.28,7.11,-4.02,-4.02
2026-09-16T12:06:47,219130,타이거일렉,74500.0,14.62,102820,0,-22004,5.79,1.63,1.43,N,1693.18,8.88,-15.24,-15.24
2026-09-16T12:06:48,195870,해성디에스,55200.0,14.52,359363,0,-3447,21.92,2.11,1.84,N,39.40,1.66,-49.12,-49.12
2026-09-16T12:06:49,0011A0,액스비스,13220.0,8.27,970241,0,-6800,1.08,10.39,2.36,N,18.39,3.28,-73.87,-73.87
2026-09-16T12:06:50,125210,아모그린텍,6270.0,12.37,2171006,0,-157163,7.31,13.16,1.63,N,17.56,1.28,-62.57,-62.57
2026-09-16T12:06:51,010170,대한광통신,16090.0,13.79,30853508,0,3417377,1.95,19.84,0.00,N,-66.49,32.77,-48.92,-48.92
2026-09-16T12:06:51,115440,우리넷,9810.0,12.63,7052786,0,-53852,1.72,65.34,2.04,N,28.85,1.06,-54.05,-54.05
2026-09-16T12:06:52,089890,코세스,28100.0,10.63,154006,0,18598,2.23,0.93,4.43,N,35.30,6.06,-45.33,-45.33
2026-09-16T12:06:53,040300,YTN,2505.0,-4.93,3622564,-70036,-70389,1.74,7.60,0.40,N,-5.65,0.47,-48.88,-48.88
2026-09-16T12:06:54,411080,샌즈랩,7170.0,3.91,9420128,0,16311,0.79,61.70,0.76,N,-199.17,2.03,-30.79,-30.79
2026-09-16T12:06:55,388790,라이콤,4830.0,10.02,4054981,0,-218025,1.09,13.25,0.04,N,0.00,0.00,-48.23,-48.23
2026-09-16T12:06:56,224060,더코디,6890.0,-1.85,595298,0,5752,0.00,11.54,0.00,N,1.46,0.30,-45.96,-45.96
2026-09-16T12:06:57,054920,한컴위드,5220.0,-0.19,10285131,0,174498,1.29,36.45,2.22,N,18.78,0.90,-41.87,-41.87
2026-09-16T12:16:35,007460,에이프로젠,1957.0,-0.25,63506,0,-19781,0.00,0.26,0.02,N,-0.59,0.01,-74.91,-87.94
2026-09-16T12:16:36,003060,에이프로젠바이오로직스,1640.0,0.0,57216,0,-4549,0.00,0.35,0.00,N,-0.13,0.10,-74.25,-85.15
2026-09-16T12:16:37,417030,니어스랩,26000.0,-9.09,257550,0,-48272,5.92,4.46,0.00,N,-6.28,-0.57,-38.10,-38.10
2026-09-16T12:16:38,127120,제이에스링크,32050.0,5.78,106171,0,28774,3.37,0.29,0.00,N,-53.33,14.93,-35.77,-35.77
2026-09-16T12:16:39,115180,큐리언트,22150.0,1.37,20289,0,-2938,3.06,0.05,0.00,N,-26.21,24.50,-64.79,-64.79
2026-09-16T12:16:40,049080,기가레인,10990.0,29.91,2682676,0,212681,0.00,31.60,0.00,N,-8.80,2.26,-26.49,-64.83
2026-09-16T12:16:41,072950,빛샘전자,13600.0,27.1,13013887,0,68944,0.40,161.61,2.51,N,14.50,1.31,-47.08,-47.08
2026-09-16T12:16:41,140430,카티스,3260.0,15.19,4756826,0,-20818,0.00,44.50,0.07,N,-34.32,5.08,-25.06,-68.43
2026-09-16T12:16:42,024900,디와이덕양,2105.0,25.37,1670951,0,13029,1.63,5.13,0.16,N,55.39,0.57,-19.04,-19.04
2026-09-16T12:16:43,413630,씨피시스템,5190.0,15.33,20725553,0,-505324,1.66,56.88,2.21,N,97.92,4.35,-16.16,-16.16
2026-09-16T12:16:44,468530,프로티나,32150.0,12.22,119032,0,-18362,2.89,1.07,0.49,N,-35.25,18.85,-73.23,-73.23
2026-09-16T12:16:45,195870,해성디에스,55800.0,15.77,367062,0,-1871,21.92,2.16,1.84,N,39.83,1.68,-48.57,-48.57
2026-09-16T12:16:46,031980,피에스케이홀딩스,166300.0,-0.36,101009,0,13151,6.43,0.47,0.44,N,39.11,7.08,-4.43,-4.43
2026-09-16T12:16:47,010170,대한광통신,16220.0,14.71,31911150,0,3432878,1.95,20.52,0.00,N,-67.02,33.03,-48.51,-48.51
2026-09-16T12:16:48,219130,타이거일렉,73700.0,13.38,106828,0,-21589,5.79,1.69,1.43,N,1675.00,8.79,-16.15,-16.15
2026-09-16T12:16:49,125210,아모그린텍,6280.0,12.54,2177554,0,-154680,7.31,13.20,1.63,N,17.59,1.28,-62.51,-62.51
2026-09-16T12:16:50,115440,우리넷,9840.0,12.97,7204054,0,-74612,1.72,66.74,2.04,N,28.94,1.07,-53.91,-53.91
2026-09-16T12:16:51,0007C0,아크릴,20250.0,10.35,466886,0,45913,3.48,5.81,1.15,N,-42.36,3.72,-73.70,-73.70
2026-09-16T12:16:52,040300,YTN,2510.0,-4.74,3633782,-70062,-70415,1.74,7.62,0.40,N,-5.67,0.47,-48.78,-48.78
2026-09-16T12:16:52,411080,샌즈랩,7190.0,4.2,9448835,0,20522,0.79,61.89,0.76,N,-199.72,2.03,-30.60,-30.60
2026-09-16T12:16:53,388790,라이콤,4855.0,10.59,4072411,0,-218153,1.09,13.30,0.04,N,0.00,0.00,-47.96,-47.96
2026-09-16T12:16:54,224060,더코디,6990.0,-0.43,597422,0,5986,0.00,11.58,0.00,N,1.49,0.30,-45.18,-45.18
2026-09-16T12:26:35,007460,에이프로젠,1969.0,0.36,63706,0,-19871,0.00,0.26,0.02,N,-0.60,0.01,-74.76,-87.87
2026-09-16T12:26:36,003060,에이프로젠바이오로직스,1640.0,0.0,57760,0,-4549,0.00,0.36,0.00,N,-0.13,0.10,-74.25,-85.15
2026-09-16T12:26:37,417030,니어스랩,26150.0,-8.57,259390,0,-48606,5.92,4.49,0.00,N,-6.31,-0.57,-37.74,-37.74
2026-09-16T12:26:38,127120,제이에스링크,32050.0,5.78,112255,0,29211,3.37,0.30,0.00,N,-53.33,14.93,-35.77,-35.77
2026-09-16T12:26:39,115180,큐리언트,22050.0,0.92,20950,0,-2524,3.06,0.06,0.00,N,-26.09,24.39,-64.94,-64.94
2026-09-16T12:26:40,049080,기가레인,10990.0,29.91,2682930,0,212681,0.00,31.61,0.00,N,-8.80,2.26,-26.49,-64.83
2026-09-16T12:26:42,140430,카티스,3285.0,16.08,4811325,0,-22123,0.00,45.01,0.07,N,-34.58,5.12,-24.48,-68.18
2026-09-16T12:26:43,024900,디와이덕양,2130.0,26.86,1714277,0,15718,1.63,5.26,0.16,N,56.05,0.58,-18.08,-18.08
2026-09-16T12:26:44,365590,하이딥,2035.0,29.95,1585673,-1301555,-3662,0.13,8.61,0.00,N,0.00,0.00,-51.55,-75.77
2026-09-16T12:26:45,072950,빛샘전자,13550.0,26.64,13074148,0,72828,0.40,162.36,2.51,N,14.45,1.31,-47.28,-47.28
2026-09-16T12:26:46,357580,아모센스,6640.0,29.94,649201,0,-2108,6.54,5.51,0.35,N,150.91,1.73,-77.79,-77.79
2026-09-16T12:26:46,468530,프로티나,32400.0,13.09,120963,0,-18538,2.89,1.09,0.49,N,-35.53,18.99,-73.02,-73.02
2026-09-16T12:26:47,413630,씨피시스템,5000.0,11.11,21772834,0,-482934,1.66,59.76,2.21,N,94.34,4.19,-19.22,-19.22
2026-09-16T12:26:48,195870,해성디에스,55900.0,15.98,387587,0,-3196,21.92,2.28,1.84,N,39.90,1.68,-48.48,-48.48
2026-09-16T12:26:49,031980,피에스케이홀딩스,166200.0,-0.42,103676,0,12962,6.43,0.48,0.44,N,39.09,7.08,-4.48,-4.48
2026-09-16T12:26:50,010170,대한광통신,16200.0,14.57,32834359,0,3484048,1.95,21.12,0.00,N,-66.94,32.99,-48.57,-48.57
2026-09-16T12:26:51,219130,타이거일렉,73400.0,12.92,107794,0,-21253,5.79,1.71,1.43,N,1668.18,8.75,-16.50,-16.50
2026-09-16T12:26:52,125210,아모그린텍,6220.0,11.47,2181453,0,-154512,7.31,13.22,1.63,N,17.42,1.26,-62.87,-62.87
2026-09-16T12:26:53,0011A0,액스비스,13140.0,7.62,1469035,0,-11099,1.08,15.74,2.36,N,18.28,3.26,-74.03,-74.03
2026-09-16T12:26:54,0007C0,아크릴,20400.0,11.17,484163,0,53625,3.48,6.03,1.15,N,-42.68,3.74,-73.51,-73.51
2026-09-16T12:26:55,040300,YTN,2490.0,-5.5,3647243,-70062,-70415,1.74,7.65,0.40,N,-5.62,0.47,-49.18,-49.18
2026-09-16T12:26:56,411080,샌즈랩,7240.0,4.93,9467918,0,22305,0.79,62.01,0.76,N,-201.11,2.05,-30.12,-30.12
2026-09-16T12:26:57,388790,라이콤,4845.0,10.36,4090262,0,-218718,1.09,13.36,0.04,N,0.00,0.00,-48.07,-48.07
2026-09-16T12:26:58,224060,더코디,6930.0,-1.28,600350,0,6148,0.00,11.63,0.00,N,1.47,0.30,-45.65,-45.65
2026-09-16T12:26:59,054920,한컴위드,5170.0,-1.15,10870486,0,15699,1.29,38.52,2.22,N,18.60,0.89,-42.43,-42.43
2026-09-16T12:36:37,007460,에이프로젠,1966.0,0.2,63877,0,-20012,0.00,0.26,0.02,N,-0.59,0.01,-74.79,-87.89
2026-09-16T12:36:38,003060,에이프로젠바이오로직스,1639.0,-0.06,57795,0,-4549,0.00,0.36,0.00,N,-0.13,0.10,-74.27,-85.16
2026-09-16T12:36:39,417030,니어스랩,26200.0,-8.39,263154,0,-49939,5.92,4.55,0.00,N,-6.33,-0.57,-37.62,-37.62
2026-09-16T12:36:40,127120,제이에스링크,32000.0,5.61,115291,0,30610,3.37,0.31,0.00,N,-53.24,14.90,-35.87,-35.87
2026-09-16T12:36:41,115180,큐리언트,22150.0,1.37,21264,0,-2630,3.06,0.06,0.00,N,-26.21,24.50,-64.79,-64.79
2026-09-16T12:36:42,024900,디와이덕양,2165.0,28.95,1823847,0,-2240,1.63,5.60,0.16,N,56.97,0.59,-16.73,-16.73
2026-09-16T12:36:43,049080,기가레인,10990.0,29.91,2683405,0,212680,0.00,31.61,0.00,N,-8.80,2.26,-26.49,-64.83
2026-09-16T12:36:44,072950,빛샘전자,13590.0,27.01,13108851,0,74679,0.40,162.79,2.51,N,14.49,1.31,-47.12,-47.12
2026-09-16T12:36:45,140430,카티스,3230.0,14.13,4897125,0,-22273,0.00,45.81,0.07,N,-34.00,5.03,-25.75,-68.72
2026-09-16T12:36:46,365590,하이딥,1986.0,26.82,1642384,-1301555,-3909,0.13,8.92,0.00,N,0.00,0.00,-52.71,-76.36
2026-09-16T12:36:46,357580,아모센스,6640.0,29.94,667521,0,-2108,6.54,5.66,0.35,N,150.91,1.73,-77.79,-77.79
2026-09-16T12:36:47,468530,프로티나,32800.0,14.49,126061,0,-16837,2.89,1.14,0.49,N,-35.96,19.23,-72.69,-72.69
2026-09-16T12:36:48,413630,씨피시스템,4975.0,10.56,22325910,0,-489912,1.66,61.27,2.21,N,93.87,4.17,-19.63,-19.63
2026-09-16T12:36:49,195870,해성디에스,55700.0,15.56,396516,0,-5433,21.92,2.33,1.84,N,39.76,1.68,-48.66,-48.66
2026-09-16T12:36:50,031980,피에스케이홀딩스,166000.0,-0.54,105423,0,12748,6.43,0.49,0.44,N,39.04,7.07,-4.60,-4.60
2026-09-16T12:36:51,010170,대한광통신,16240.0,14.85,33275212,0,3569292,1.95,21.40,0.00,N,-67.11,33.08,-48.44,-48.44
2026-09-16T12:36:52,219130,타이거일렉,73200.0,12.62,108187,0,-21080,5.79,1.71,1.43,N,1663.64,8.73,-16.72,-16.72
2026-09-16T12:36:53,0007C0,아크릴,20400.0,11.17,492435,0,55612,3.48,6.13,1.15,N,-42.68,3.74,-73.51,-73.51
2026-09-16T12:36:54,125210,아모그린텍,6200.0,11.11,2187807,0,-153746,7.31,13.26,1.63,N,17.37,1.26,-62.99,-62.99
2026-09-16T12:36:55,032940,원익,10880.0,12.51,1817596,0,55688,1.13,9.99,2.53,N,17.22,0.70,-38.88,-38.88
2026-09-16T12:36:56,040300,YTN,2505.0,-4.93,3674439,-70117,-69634,1.74,7.71,0.40,N,-5.65,0.47,-48.88,-48.88
2026-09-16T12:36:57,411080,샌즈랩,7150.0,3.62,9504853,0,18483,0.79,62.25,0.76,N,-198.61,2.02,-30.98,-30.98
2026-09-16T12:36:58,388790,라이콤,4845.0,10.36,4102466,0,-224650,1.09,13.40,0.04,N,0.00,0.00,-48.07,-48.07
2026-09-16T12:36:59,054920,한컴위드,5140.0,-1.72,10971084,0,1635,1.29,38.88,2.22,N,18.49,0.89,-42.76,-42.76
2026-09-16T12:36:59,224060,더코디,6980.0,-0.57,606116,0,6199,0.00,11.74,0.00,N,1.48,0.30,-45.25,-45.25
2026-09-16T12:46:36,007460,에이프로젠,1956.0,-0.31,65581,0,-19167,0.00,0.26,0.02,N,-0.59,0.01,-74.92,-87.95
2026-09-16T12:46:37,003060,에이프로젠바이오로직스,1632.0,-0.49,64313,0,-6552,0.00,0.40,0.00,N,-0.13,0.10,-74.38,-85.22
2026-09-16T12:46:38,417030,니어스랩,26800.0,-6.29,275508,0,-53549,5.92,4.77,0.00,N,-6.47,-0.59,-36.19,-36.19
2026-09-16T12:46:39,127120,제이에스링크,31850.0,5.12,119030,0,30982,3.37,0.32,0.00,N,-53.00,14.83,-36.17,-36.17
2026-09-16T12:46:40,115180,큐리언트,22050.0,0.92,21898,0,-2919,3.06,0.06,0.00,N,-26.09,24.39,-64.94,-64.94
2026-09-16T12:46:41,049080,기가레인,10990.0,29.91,2684578,0,212679,0.00,31.63,0.00,N,-8.80,2.26,-26.49,-64.83
2026-09-16T12:46:42,072950,빛샘전자,13540.0,26.54,13132687,0,70436,0.40,163.09,2.51,N,14.43,1.31,-47.32,-47.32
2026-09-16T12:46:43,024900,디와이덕양,2105.0,25.37,1897511,0,-17093,1.63,5.83,0.16,N,55.39,0.57,-19.04,-19.04
2026-09-16T12:46:44,365590,하이딥,1986.0,26.82,1659684,-1301555,-3909,0.13,9.02,0.00,N,0.00,0.00,-52.71,-76.36
2026-09-16T12:46:45,357580,아모센스,6640.0,29.94,710656,0,-5068,6.54,6.03,0.35,N,150.91,1.73,-77.79,-77.79
2026-09-16T12:46:45,140430,카티스,3125.0,10.42,5007278,0,-20913,0.00,46.84,0.07,N,-32.89,4.87,-28.16,-69.73
2026-09-16T12:46:46,468530,프로티나,32650.0,13.96,132069,0,-18465,2.89,1.19,0.49,N,-35.80,19.14,-72.81,-72.81
2026-09-16T12:46:47,195870,해성디에스,55800.0,15.77,404495,0,-4624,21.92,2.38,1.84,N,39.83,1.68,-48.57,-48.57
2026-09-16T12:46:48,031980,피에스케이홀딩스,165700.0,-0.72,108130,0,12889,6.43,0.50,0.44,N,38.97,7.06,-4.77,-4.77
2026-09-16T12:46:49,413630,씨피시스템,4890.0,8.67,22945103,0,-470146,1.66,62.97,2.21,N,92.26,4.10,-21.00,-21.00
2026-09-16T12:46:50,219130,타이거일렉,72800.0,12.0,113504,0,-17977,5.79,1.80,1.43,N,1654.55,8.68,-17.18,-17.18
2026-09-16T12:46:51,010170,대한광통신,15950.0,12.8,34169851,0,3378994,1.95,21.98,0.00,N,-65.91,32.48,-49.37,-49.37
2026-09-16T12:46:52,032940,원익,10720.0,10.86,2869049,0,-14836,1.13,15.77,2.53,N,16.96,0.69,-39.78,-39.78
2026-09-16T12:46:53,125210,아모그린텍,6210.0,11.29,2200682,0,-150221,7.31,13.34,1.63,N,17.39,1.26,-62.93,-62.93
2026-09-16T12:46:54,040300,YTN,2480.0,-5.88,3691181,-70211,-70564,1.74,7.74,0.40,N,-5.60,0.47,-49.39,-49.39
2026-09-16T12:46:55,411080,샌즈랩,7210.0,4.49,9565163,0,33972,0.79,62.65,0.76,N,-200.28,2.04,-30.41,-30.41
2026-09-16T12:46:55,388790,라이콤,4805.0,9.45,4134674,0,-242030,1.09,13.51,0.04,N,0.00,0.00,-48.50,-48.50
2026-09-16T12:46:56,054920,한컴위드,5050.0,-3.44,11214306,0,-16874,1.29,39.74,2.22,N,18.17,0.87,-43.76,-43.76
2026-09-16T12:46:57,224060,더코디,6950.0,-1.0,607289,0,6195,0.00,11.77,0.00,N,1.48,0.30,-45.49,-45.49
2026-09-16T12:56:35,007460,에이프로젠,1956.0,-0.31,65678,0,-19217,0.00,0.26,0.02,N,-0.59,0.01,-74.92,-87.95
2026-09-16T12:56:36,003060,에이프로젠바이오로직스,1632.0,-0.49,65476,0,-6532,0.00,0.40,0.00,N,-0.13,0.10,-74.38,-85.22
2026-09-16T12:56:37,417030,니어스랩,27800.0,-2.8,305006,0,-46503,5.92,5.28,0.00,N,-6.71,-0.61,-33.81,-33.81
2026-09-16T12:56:37,127120,제이에스링크,31850.0,5.12,121105,0,30937,3.37,0.33,0.00,N,-53.00,14.83,-36.17,-36.17
2026-09-16T12:56:38,115180,큐리언트,21850.0,0.0,23128,0,-3339,3.06,0.06,0.00,N,-25.86,24.17,-65.26,-65.26
2026-09-16T12:56:39,049080,기가레인,10990.0,29.91,2685263,0,212678,0.00,31.63,0.00,N,-8.80,2.26,-26.49,-64.83
2026-09-16T12:56:40,072950,빛샘전자,13580.0,26.92,13211586,0,77487,0.40,164.07,2.51,N,14.48,1.31,-47.16,-47.16
2026-09-16T12:56:41,365590,하이딥,2005.0,28.03,1779911,-1301555,-3909,0.13,9.67,0.00,N,0.00,0.00,-52.26,-76.13
2026-09-16T12:56:42,024900,디와이덕양,2075.0,23.59,2015709,0,-4400,1.63,6.19,0.16,N,54.61,0.56,-20.19,-20.19
2026-09-16T12:56:43,357580,아모센스,6640.0,29.94,711933,0,-5068,6.54,6.04,0.35,N,150.91,1.73,-77.79,-77.79
2026-09-16T12:56:44,140430,카티스,3100.0,9.54,5073660,0,-9166,0.00,47.46,0.07,N,-32.63,4.83,-28.74,-69.98
2026-09-16T12:56:46,468530,프로티나,32500.0,13.44,134799,0,-17839,2.89,1.21,0.49,N,-35.64,19.05,-72.94,-72.94
2026-09-16T12:56:47,195870,해성디에스,56200.0,16.6,409498,0,-5002,21.92,2.41,1.84,N,40.11,1.69,-48.20,-48.20
2026-09-16T12:56:48,005160,동국산업,3565.0,15.93,1159549,0,-19103,1.62,2.14,0.66,N,-19.38,0.50,-9.63,-9.63
2026-09-16T12:56:49,457370,한켐,9250.0,13.36,1275497,0,2513,0.87,15.81,6.35,N,10.82,1.35,-45.72,-45.72
2026-09-16T12:56:50,413630,씨피시스템,4915.0,9.22,23406751,0,-504275,1.66,64.24,2.21,N,92.74,4.12,-20.60,-20.60
2026-09-16T12:56:51,031980,피에스케이홀딩스,164900.0,-1.2,110096,0,12756,6.43,0.51,0.44,N,38.78,7.02,-5.23,-5.23
2026-09-16T12:56:52,010170,대한광통신,16050.0,13.51,34823205,0,3480186,1.95,22.40,0.00,N,-66.32,32.69,-49.05,-49.05
2026-09-16T12:56:53,219130,타이거일렉,72700.0,11.85,114628,0,-17644,5.79,1.82,1.43,N,1652.27,8.67,-17.29,-17.29
2026-09-16T12:56:54,040300,YTN,2500.0,-5.12,3723742,-70307,-70660,1.74,7.81,0.40,N,-5.64,0.47,-48.98,-48.98
2026-09-16T12:56:54,411080,샌즈랩,7120.0,3.19,9663315,0,14450,0.79,63.29,0.76,N,-197.78,2.01,-31.27,-31.27
2026-09-16T12:56:55,388790,라이콤,4820.0,9.79,4155905,0,-251366,1.09,13.58,0.04,N,0.00,0.00,-48.34,-48.34
2026-09-16T12:56:56,054920,한컴위드,5060.0,-3.25,11292797,0,-17281,1.29,40.02,2.22,N,18.20,0.87,-43.65,-43.65
2026-09-16T12:56:57,224060,더코디,6940.0,-1.14,608869,0,6423,0.00,11.80,0.00,N,1.47,0.30,-45.57,-45.57
2026-09-16T13:06:35,007460,에이프로젠,1956.0,-0.31,65806,0,-19280,0.00,0.27,0.02,N,-0.59,0.01,-74.92,-87.95
2026-09-16T13:06:36,003060,에이프로젠바이오로직스,1633.0,-0.43,69526,0,-6692,0.00,0.43,0.00,N,-0.13,0.10,-74.36,-85.21
2026-09-16T13:06:36,417030,니어스랩,27700.0,-3.15,324111,0,-36739,5.92,5.61,0.00,N,-6.69,-0.60,-34.05,-34.05
2026-09-16T13:06:37,127120,제이에스링크,31750.0,4.79,123811,0,30328,3.37,0.33,0.00,N,-52.83,14.79,-36.37,-36.37
2026-09-16T13:06:38,115180,큐리언트,21950.0,0.46,23611,0,-3557,3.06,0.06,0.00,N,-25.98,24.28,-65.10,-65.10
2026-09-16T13:06:39,049080,기가레인,10990.0,29.91,2691429,0,212678,0.00,31.71,0.00,N,-8.80,2.26,-26.49,-64.83
2026-09-16T13:06:40,072950,빛샘전자,13460.0,25.79,13304610,0,65963,0.40,165.22,2.51,N,14.35,1.30,-47.63,-47.63
2026-09-16T13:06:41,365590,하이딥,2010.0,28.35,1848316,-1301555,-3909,0.13,10.04,0.00,N,0.00,0.00,-52.14,-76.07
2026-09-16T13:06:42,024900,디와이덕양,2095.0,24.78,2046560,0,-4348,1.63,6.28,0.16,N,55.13,0.57,-19.42,-19.42
2026-09-16T13:06:43,357580,아모센스,6640.0,29.94,722059,0,-5068,6.54,6.12,0.35,N,150.91,1.73,-77.79,-77.79
2026-09-16T13:06:44,140430,카티스,3045.0,7.6,5159145,0,614,0.00,48.26,0.07,N,-32.05,4.74,-30.00,-70.51
2026-09-16T13:06:45,005160,동국산업,3540.0,15.12,2751124,0,-77526,1.62,5.07,0.66,N,-19.24,0.49,-10.27,-10.27
2026-09-16T13:06:46,195870,해성디에스,56100.0,16.39,424466,0,-7785,21.92,2.50,1.84,N,40.04,1.69,-48.29,-48.29
2026-09-16T13:06:46,468530,프로티나,32100.0,12.04,137690,0,-16840,2.89,1.24,0.49,N,-35.20,18.82,-73.27,-73.27
2026-09-16T13:06:47,457370,한켐,9270.0,13.6,1832315,0,-36807,0.87,22.71,6.35,N,10.84,1.35,-45.60,-45.60
2026-09-16T13:06:48,031980,피에스케이홀딩스,166600.0,-0.18,112101,0,12999,6.43,0.52,0.44,N,39.18,7.09,-4.25,-4.25
2026-09-16T13:06:49,219130,타이거일렉,74300.0,14.31,118323,0,-17070,5.79,1.87,1.43,N,1688.64,8.86,-15.47,-15.47
2026-09-16T13:06:50,010170,대한광통신,15980.0,13.01,35812359,0,3644182,1.95,23.03,0.00,N,-66.03,32.55,-49.27,-49.27
2026-09-16T13:06:51,092220,KEC,3015.0,9.64,1907347,0,-19011,2.61,4.75,0.55,N,-4.55,0.37,-65.62,-71.15
2026-09-16T13:06:52,040300,YTN,2465.0,-6.45,3761836,-70321,-70671,1.74,7.89,0.40,N,-5.56,0.47,-49.69,-49.69
2026-09-16T13:06:53,411080,샌즈랩,7110.0,3.04,9696959,0,14011,0.79,63.51,0.76,N,-197.50,2.01,-31.37,-31.37
2026-09-16T13:06:54,388790,라이콤,4820.0,9.79,4169132,0,-252371,1.09,13.62,0.04,N,0.00,0.00,-48.34,-48.34
2026-09-16T13:06:55,054920,한컴위드,5050.0,-3.44,11366889,0,-24457,1.29,40.28,2.22,N,18.17,0.87,-43.76,-43.76
2026-09-16T13:16:35,007460,에이프로젠,1953.0,-0.46,67354,0,-19489,0.00,0.27,0.02,N,-0.59,0.01,-74.96,-87.97
2026-09-16T13:16:36,003060,에이프로젠바이오로직스,1636.0,-0.24,70574,0,-7043,0.00,0.43,0.00,N,-0.13,0.10,-74.32,-85.19
2026-09-16T13:16:37,417030,니어스랩,27300.0,-4.55,337405,0,-34801,5.92,5.84,0.00,N,-6.59,-0.60,-35.00,-35.00
2026-09-16T13:16:38,127120,제이에스링크,31650.0,4.46,126527,0,30663,3.37,0.34,0.00,N,-52.66,14.74,-36.57,-36.57
2026-09-16T13:16:38,115180,큐리언트,21900.0,0.23,24202,0,-3694,3.06,0.06,0.00,N,-25.92,24.23,-65.18,-65.18
2026-09-16T13:16:39,049080,기가레인,10990.0,29.91,2692084,0,212678,0.00,31.72,0.00,N,-8.80,2.26,-26.49,-64.83
2026-09-16T13:16:41,365590,하이딥,2025.0,29.31,1864629,-1301555,-3909,0.13,10.13,0.00,N,0.00,0.00,-51.79,-75.89
2026-09-16T13:16:42,072950,빛샘전자,13510.0,26.26,13348480,0,78548,0.40,165.77,2.51,N,14.40,1.30,-47.43,-47.43
2026-09-16T13:16:43,024900,디와이덕양,2095.0,24.78,2065326,0,-2588,1.63,6.34,0.16,N,55.13,0.57,-19.42,-19.42
2026-09-16T13:16:44,357580,아모센스,6640.0,29.94,723933,0,-5068,6.54,6.14,0.35,N,150.91,1.73,-77.79,-77.79
2026-09-16T13:16:45,005160,동국산업,3620.0,17.72,4156793,0,-79337,1.62,7.66,0.66,N,-19.67,0.50,-8.24,-8.24
2026-09-16T13:16:45,457370,한켐,9710.0,19.0,2543921,0,-50285,0.87,31.53,6.35,N,11.36,1.41,-43.02,-43.02
2026-09-16T13:16:47,140430,카티스,3090.0,9.19,5190365,0,361,0.00,48.56,0.07,N,-32.53,4.81,-28.97,-70.07
2026-09-16T13:16:47,468530,프로티나,32200.0,12.39,138527,0,-16522,2.89,1.25,0.49,N,-35.31,18.87,-73.19,-73.19
2026-09-16T13:16:48,195870,해성디에스,56100.0,16.39,435496,0,-6616,21.92,2.56,1.84,N,40.04,1.69,-48.29,-48.29
2026-09-16T13:16:49,219130,타이거일렉,74400.0,14.46,121803,0,-16580,5.79,1.93,1.43,N,1690.91,8.87,-15.36,-15.36
2026-09-16T13:16:50,031980,피에스케이홀딩스,165500.0,-0.84,114085,0,12984,6.43,0.53,0.44,N,38.92,7.05,-4.89,-4.89
2026-09-16T13:16:51,010170,대한광통신,16030.0,13.37,36319096,0,3698843,1.95,23.36,0.00,N,-66.24,32.65,-49.11,-49.11
2026-09-16T13:16:52,040300,YTN,2475.0,-6.07,3779867,-70321,-71118,1.74,7.93,0.40,N,-5.59,0.47,-49.49,-49.49
2026-09-16T13:16:53,411080,샌즈랩,7120.0,3.19,9733499,0,5566,0.79,63.75,0.76,N,-197.78,2.01,-31.27,-31.27
2026-09-16T13:16:54,388790,라이콤,4815.0,9.68,4185717,0,-249877,1.09,13.67,0.04,N,0.00,0.00,-48.39,-48.39
2026-09-16T13:16:55,054920,한컴위드,5070.0,-3.06,11420793,0,-28222,1.29,40.47,2.22,N,18.24,0.87,-43.54,-43.54
2026-09-16T13:26:35,007460,에이프로젠,1952.0,-0.51,71114,0,-20059,0.00,0.29,0.02,N,-0.59,0.01,-74.97,-87.97
2026-09-16T13:26:36,003060,에이프로젠바이오로직스,1641.0,0.06,71222,0,-7425,0.00,0.44,0.00,N,-0.13,0.10,-74.24,-85.14
2026-09-16T13:26:37,417030,니어스랩,27150.0,-5.07,342357,0,-33639,5.92,5.93,0.00,N,-6.55,-0.59,-35.36,-35.36
2026-09-16T13:26:37,127120,제이에스링크,31650.0,4.46,129442,0,31210,3.37,0.35,0.00,N,-52.66,14.74,-36.57,-36.57
2026-09-16T13:26:38,115180,큐리언트,21900.0,0.23,24506,0,-3556,3.06,0.07,0.00,N,-25.92,24.23,-65.18,-65.18
2026-09-16T13:26:39,049080,기가레인,10990.0,29.91,2692188,0,212677,0.00,31.72,0.00,N,-8.80,2.26,-26.49,-64.83
2026-09-16T13:26:40,072950,빛샘전자,13610.0,27.2,13387588,0,89916,0.40,166.25,2.51,N,14.51,1.31,-47.04,-47.04
2026-09-16T13:26:41,365590,하이딥,1990.0,27.08,1892129,-1301555,-3909,0.13,10.28,0.00,N,0.00,0.00,-52.62,-76.31
2026-09-16T13:26:42,357580,아모센스,6640.0,29.94,725855,0,-5068,6.54,6.16,0.35,N,150.91,1.73,-77.79,-77.79
2026-09-16T13:26:43,457370,한켐,9890.0,21.2,3410633,0,-57146,0.87,42.28,6.35,N,11.57,1.44,-41.96,-41.96
2026-09-16T13:26:44,024900,디와이덕양,2045.0,21.8,2103731,0,6660,1.63,6.46,0.16,N,53.82,0.56,-21.35,-21.35
2026-09-16T13:26:45,140430,카티스,3105.0,9.72,5227158,0,18537,0.00,48.90,0.07,N,-32.68,4.84,-28.62,-69.93
2026-09-16T13:26:45,005160,동국산업,3560.0,15.77,5111222,0,-71600,1.62,9.42,0.66,N,-19.35,0.49,-9.76,-9.76
2026-09-16T13:26:46,195870,해성디에스,56700.0,17.63,452112,0,-11324,21.92,2.66,1.84,N,40.47,1.71,-47.74,-47.74
2026-09-16T13:26:47,468530,프로티나,31900.0,11.34,140309,0,-15485,2.89,1.26,0.49,N,-34.98,18.70,-73.44,-73.44
2026-09-16T13:26:48,031980,피에스케이홀딩스,165400.0,-0.9,116265,0,13152,6.43,0.54,0.44,N,38.90,7.04,-4.94,-4.94
2026-09-16T13:26:50,219130,타이거일렉,73900.0,13.69,122388,0,-16185,5.79,1.94,1.43,N,1679.55,8.81,-15.93,-15.93
2026-09-16T13:26:51,010170,대한광통신,16040.0,13.44,36752085,0,3775916,1.95,23.64,0.00,N,-66.28,32.67,-49.08,-49.08
2026-09-16T13:26:52,340450,지씨지놈,6740.0,11.22,553097,0,-26897,3.00,2.34,4.92,N,-105.31,3.98,-29.20,-29.20
2026-09-16T13:26:53,040300,YTN,2455.0,-6.83,3797123,-70324,-71121,1.74,7.96,0.40,N,-5.54,0.46,-49.90,-49.90
2026-09-16T13:26:54,411080,샌즈랩,7110.0,3.04,9749980,0,11070,0.79,63.86,0.76,N,-197.50,2.01,-31.37,-31.37
2026-09-16T13:26:55,388790,라이콤,4855.0,10.59,4196842,0,-246402,1.09,13.71,0.04,N,0.00,0.00,-47.96,-47.96
2026-09-16T13:26:56,054920,한컴위드,5080.0,-2.87,11445029,0,-27448,1.29,40.56,2.22,N,18.27,0.88,-43.43,-43.43
2026-09-16T13:26:57,424870,이뮨온시아,3580.0,1.85,4478360,0,-499819,3.11,4.90,0.44,N,0.00,0.00,-77.78,-76.90
2026-09-16T13:36:36,007460,에이프로젠,1954.0,-0.41,77193,0,-26053,0.00,0.31,0.02,N,-0.59,0.01,-74.95,-87.96
2026-09-16T13:36:37,003060,에이프로젠바이오로직스,1642.0,0.12,71475,0,-7660,0.00,0.44,0.00,N,-0.13,0.10,-74.22,-85.13
2026-09-16T13:36:38,417030,니어스랩,27200.0,-4.9,348136,0,-33101,5.92,6.03,0.00,N,-6.57,-0.59,-35.24,-35.24
2026-09-16T13:36:38,127120,제이에스링크,31400.0,3.63,132309,0,31666,3.37,0.36,0.00,N,-52.25,14.63,-37.07,-37.07
2026-09-16T13:36:39,115180,큐리언트,21900.0,0.23,25350,0,-3133,3.06,0.07,0.00,N,-25.92,24.23,-65.18,-65.18
2026-09-16T13:36:40,049080,기가레인,10990.0,29.91,2693852,0,212677,0.00,31.74,0.00,N,-8.80,2.26,-26.49,-64.83
2026-09-16T13:36:41,072950,빛샘전자,13680.0,27.85,13462131,0,103111,0.40,167.18,2.51,N,14.58,1.32,-46.77,-46.77
2026-09-16T13:36:42,365590,하이딥,1997.0,27.52,1912388,-1301555,-3680,0.13,10.39,0.00,N,0.00,0.00,-52.45,-76.23
2026-09-16T13:36:43,357580,아모센스,6640.0,29.94,726158,0,-5068,6.54,6.16,0.35,N,150.91,1.73,-77.79,-77.79
2026-09-16T13:36:44,457370,한켐,9820.0,20.34,3860794,0,-56332,0.87,47.86,6.35,N,11.49,1.43,-42.37,-42.37
2026-09-16T13:36:45,024900,디와이덕양,2015.0,20.01,2183650,0,17982,1.63,6.71,0.16,N,53.03,0.55,-22.50,-22.50
2026-09-16T13:36:46,140430,카티스,3075.0,8.66,5245111,0,25605,0.00,49.07,0.07,N,-32.37,4.79,-29.31,-70.22
2026-09-16T13:36:47,468530,프로티나,32850.0,14.66,144612,0,-12891,2.89,1.30,0.49,N,-36.02,19.26,-72.65,-72.65
2026-09-16T13:36:48,005160,동국산업,3555.0,15.61,5537750,0,-75251,1.62,10.21,0.66,N,-19.32,0.49,-9.89,-9.89
2026-09-16T13:36:49,195870,해성디에스,56500.0,17.22,457894,0,-11615,21.92,2.69,1.84,N,40.33,1.70,-47.93,-47.93
2026-09-16T13:36:49,320000,한울반도체,11460.0,13.02,377788,0,-21242,0.00,5.46,0.32,N,-3.22,2.29,-60.55,-60.55
2026-09-16T13:36:50,010170,대한광통신,16170.0,14.36,37623990,0,3773318,1.95,24.20,0.00,N,-66.82,32.93,-48.67,-48.67
2026-09-16T13:36:51,031980,피에스케이홀딩스,164800.0,-1.26,119402,0,13516,6.43,0.55,0.44,N,38.76,7.02,-5.29,-5.29
2026-09-16T13:36:52,219130,타이거일렉,73200.0,12.62,123120,0,-15907,5.79,1.95,1.43,N,1663.64,8.73,-16.72,-16.72
2026-09-16T13:36:53,040300,YTN,2455.0,-6.83,3817050,-70362,-71159,1.74,8.01,0.40,N,-5.54,0.46,-49.90,-49.90
2026-09-16T13:36:54,411080,샌즈랩,7120.0,3.19,9765143,0,11114,0.79,63.96,0.76,N,-197.78,2.01,-31.27,-31.27
2026-09-16T13:36:55,424870,이뮨온시아,3575.0,1.71,4550578,0,-498633,3.11,4.98,0.44,N,0.00,0.00,-77.81,-76.93
2026-09-16T13:36:56,054920,한컴위드,5090.0,-2.68,11483504,0,-12548,1.29,40.70,2.22,N,18.31,0.88,-43.32,-43.32
2026-09-16T13:36:57,388790,라이콤,4875.0,11.05,4220834,0,-242716,1.09,13.79,0.04,N,0.00,0.00,-47.75,-47.75
2026-09-16T13:46:35,007460,에이프로젠,1964.0,0.1,77226,0,-26086,0.00,0.31,0.02,N,-0.59,0.01,-74.82,-87.90
2026-09-16T13:46:36,003060,에이프로젠바이오로직스,1641.0,0.06,71709,0,-7829,0.00,0.44,0.00,N,-0.13,0.10,-74.24,-85.14
2026-09-16T13:46:37,417030,니어스랩,27300.0,-4.55,355682,0,-31200,5.92,6.16,0.00,N,-6.59,-0.60,-35.00,-35.00
2026-09-16T13:46:38,127120,제이에스링크,31500.0,3.96,133025,0,31581,3.37,0.36,0.00,N,-52.41,14.67,-36.87,-36.87
2026-09-16T13:46:38,115180,큐리언트,21900.0,0.23,25855,0,-2910,3.06,0.07,0.00,N,-25.92,24.23,-65.18,-65.18
2026-09-16T13:46:39,049080,기가레인,10990.0,29.91,2694403,0,212677,0.00,31.74,0.00,N,-8.80,2.26,-26.49,-64.83
2026-09-16T13:46:40,072950,빛샘전자,13740.0,28.41,13490796,0,104770,0.40,167.53,2.51,N,14.65,1.33,-46.54,-46.54
2026-09-16T13:46:41,365590,하이딥,2000.0,27.71,1935923,-1301555,-3909,0.13,10.52,0.00,N,0.00,0.00,-52.38,-76.19
2026-09-16T13:46:42,457370,한켐,10010.0,22.67,4475982,0,-58780,0.87,55.48,6.35,N,11.71,1.46,-41.26,-41.26
2026-09-16T13:46:43,357580,아모센스,6640.0,29.94,726193,0,-5071,6.54,6.16,0.35,N,150.91,1.73,-77.79,-77.79
2026-09-16T13:46:44,024900,디와이덕양,2065.0,22.99,2267412,0,30100,1.63,6.96,0.16,N,54.34,0.56,-20.58,-20.58
2026-09-16T13:46:45,005160,동국산업,3580.0,16.42,6187948,0,-81361,1.62,11.41,0.66,N,-19.46,0.50,-9.25,-9.25
2026-09-16T13:46:46,140430,카티스,3080.0,8.83,5268049,0,23031,0.00,49.28,0.07,N,-32.42,4.80,-29.20,-70.17
2026-09-16T13:46:47,468530,프로티나,32650.0,13.96,146657,0,-12008,2.89,1.32,0.49,N,-35.80,19.14,-72.81,-72.81
2026-09-16T13:46:48,320000,한울반도체,11430.0,12.72,650504,0,-25905,0.00,9.41,0.32,N,-3.21,2.29,-60.65,-60.65
2026-09-16T13:46:48,195870,해성디에스,55900.0,15.98,469737,0,-12894,21.92,2.76,1.84,N,39.90,1.68,-48.48,-48.48
2026-09-16T13:46:49,010170,대한광통신,16200.0,14.57,38007248,0,3831719,1.95,24.44,0.00,N,-66.94,32.99,-48.57,-48.57
2026-09-16T13:46:50,126730,코칩,23750.0,10.21,1408658,0,-12424,0.55,16.06,3.25,N,70.90,3.39,-34.93,-34.93
2026-09-16T13:46:51,031980,피에스케이홀딩스,164600.0,-1.38,121111,0,13762,6.43,0.56,0.44,N,38.71,7.01,-5.40,-5.40
2026-09-16T13:46:52,219130,타이거일렉,73200.0,12.62,123498,0,-15739,5.79,1.96,1.43,N,1663.64,8.73,-16.72,-16.72
2026-09-16T13:46:54,040300,YTN,2450.0,-7.02,3830732,-70527,-71324,1.73,8.03,0.40,N,-5.53,0.46,-50.00,-50.00
2026-09-16T13:46:55,411080,샌즈랩,7160.0,3.77,9777549,0,11776,0.79,64.04,0.76,N,-198.89,2.02,-30.89,-30.89
2026-09-16T13:46:56,388790,라이콤,4855.0,10.59,4242478,0,-240159,1.09,13.86,0.04,N,0.00,0.00,-47.96,-47.96
2026-09-16T13:46:57,424870,이뮨온시아,3580.0,1.85,4584974,0,-501408,3.11,5.02,0.44,N,0.00,0.00,-77.78,-76.90
2026-09-16T13:46:58,413630,씨피시스템,4710.0,4.67,24902443,0,-500708,1.66,68.34,2.21,N,88.87,3.94,-23.91,-23.91
2026-09-16T13:56:35,007460,에이프로젠,1960.0,-0.1,77298,0,-26136,0.00,0.31,0.02,N,-0.59,0.01,-74.87,-87.92
2026-09-16T13:56:36,003060,에이프로젠바이오로직스,1635.0,-0.3,73826,0,-7714,0.00,0.45,0.00,N,-0.13,0.10,-74.33,-85.19
2026-09-16T13:56:36,417030,니어스랩,27050.0,-5.42,367436,0,-35359,5.92,6.36,0.00,N,-6.53,-0.59,-35.60,-35.60
2026-09-16T13:56:37,127120,제이에스링크,31400.0,3.63,137093,0,30730,3.37,0.37,0.00,N,-52.25,14.63,-37.07,-37.07
2026-09-16T13:56:38,115180,큐리언트,21850.0,0.0,26474,0,-2869,3.06,0.07,0.00,N,-25.86,24.17,-65.26,-65.26
2026-09-16T13:56:39,140430,카티스,3330.0,17.67,5942224,0,-12487,0.00,55.59,0.07,N,-35.05,5.19,-23.45,-67.75
2026-09-16T13:56:40,049080,기가레인,10990.0,29.91,2694633,0,212677,0.00,31.75,0.00,N,-8.80,2.26,-26.49,-64.83
2026-09-16T13:56:41,072950,빛샘전자,13770.0,28.69,13583017,0,101407,0.40,168.68,2.51,N,14.68,1.33,-46.42,-46.42
2026-09-16T13:56:42,365590,하이딥,2010.0,28.35,1954998,-1301555,-3909,0.13,10.62,0.00,N,0.00,0.00,-52.14,-76.07
2026-09-16T13:56:43,357580,아모센스,6640.0,29.94,728618,0,-5071,6.54,6.18,0.35,N,150.91,1.73,-77.79,-77.79
2026-09-16T13:56:44,024900,디와이덕양,2055.0,22.39,2307127,0,24341,1.63,7.08,0.16,N,54.08,0.56,-20.96,-20.96
2026-09-16T13:56:45,457370,한켐,9840.0,20.59,4878239,0,-63193,0.87,60.47,6.35,N,11.51,1.43,-42.25,-42.25
2026-09-16T13:56:46,468530,프로티나,32600.0,13.79,147803,0,-11261,2.89,1.33,0.49,N,-35.75,19.11,-72.86,-72.86
2026-09-16T13:56:47,195870,해성디에스,56000.0,16.18,478930,0,-15011,21.92,2.82,1.84,N,39.97,1.69,-48.39,-48.39
2026-09-16T13:56:48,005160,동국산업,3460.0,12.52,6386027,0,-81301,1.62,11.77,0.66,N,-18.80,0.48,-12.29,-12.29
2026-09-16T13:56:48,320000,한울반도체,11180.0,10.26,775513,0,-40468,0.00,11.22,0.32,N,-3.14,2.24,-61.51,-61.51
2026-09-16T13:56:49,219130,타이거일렉,73800.0,13.54,125975,0,-16333,5.79,2.00,1.43,N,1677.27,8.80,-16.04,-16.04
2026-09-16T13:56:50,010170,대한광통신,16130.0,14.07,38352467,0,3885994,1.95,24.67,0.00,N,-66.65,32.85,-48.79,-48.79
2026-09-16T13:56:51,031980,피에스케이홀딩스,163800.0,-1.86,124024,0,13461,6.43,0.58,0.44,N,38.52,6.97,-5.86,-5.86
2026-09-16T13:56:52,126730,코칩,23500.0,9.05,1579548,0,-21698,0.55,18.01,3.25,N,70.15,3.36,-35.62,-35.62
2026-09-16T13:56:53,040300,YTN,2440.0,-7.4,3858689,-70615,-71412,1.73,8.09,0.40,N,-5.51,0.46,-50.20,-50.20
2026-09-16T13:56:55,411080,샌즈랩,7460.0,8.12,9974328,0,63789,0.79,65.33,0.76,N,-207.22,2.11,-27.99,-27.99
2026-09-16T13:56:56,424870,이뮨온시아,3520.0,0.14,4696318,0,-503514,3.11,5.14,0.44,N,0.00,0.00,-78.15,-77.29
2026-09-16T13:56:57,413630,씨피시스템,4660.0,3.56,25183875,0,-475614,1.66,69.12,2.21,N,87.92,3.90,-24.72,-24.72
2026-09-16T13:56:58,388790,라이콤,4885.0,11.28,4291456,0,-241924,1.09,14.02,0.04,N,0.00,0.00,-47.64,-47.64
2026-09-16T14:06:35,007460,에이프로젠,1960.0,-0.1,77474,0,-26250,0.00,0.31,0.02,N,-0.59,0.01,-74.87,-87.92
2026-09-16T14:06:36,003060,에이프로젠바이오로직스,1635.0,-0.3,73842,0,-7727,0.00,0.45,0.00,N,-0.13,0.10,-74.33,-85.19
2026-09-16T14:06:36,417030,니어스랩,27100.0,-5.24,376421,0,-33458,5.92,6.52,0.00,N,-6.54,-0.59,-35.48,-35.48
2026-09-16T14:06:37,127120,제이에스링크,31350.0,3.47,139662,0,30698,3.37,0.38,0.00,N,-52.16,14.60,-37.17,-37.17
2026-09-16T14:06:38,115180,큐리언트,21850.0,0.0,27670,0,-2649,3.06,0.07,0.00,N,-25.86,24.17,-65.26,-65.26
2026-09-16T14:06:39,049080,기가레인,10990.0,29.91,2695558,0,212676,0.00,31.76,0.00,N,-8.80,2.26,-26.49,-64.83
2026-09-16T14:06:40,072950,빛샘전자,13770.0,28.69,13639211,0,102457,0.40,169.38,2.51,N,14.68,1.33,-46.42,-46.42
2026-09-16T14:06:41,005160,동국산업,3810.0,23.9,8017841,0,-72282,1.62,14.78,0.66,N,-20.71,0.53,-3.42,-3.42
2026-09-16T14:06:42,140430,카티스,3280.0,15.9,6342910,0,-8762,0.00,59.34,0.07,N,-34.53,5.11,-24.60,-68.23
2026-09-16T14:06:43,365590,하이딥,2005.0,28.03,1976743,-1301555,-3909,0.13,10.74,0.00,N,0.00,0.00,-52.26,-76.13
2026-09-16T14:06:44,024900,디와이덕양,2080.0,23.88,2336843,0,26816,1.63,7.18,0.16,N,54.74,0.56,-20.00,-20.00
2026-09-16T14:06:45,357580,아모센스,6640.0,29.94,732539,0,-5071,6.54,6.21,0.35,N,150.91,1.73,-77.79,-77.79
2026-09-16T14:06:46,457370,한켐,9780.0,19.85,5104862,0,-62174,0.87,63.28,6.35,N,11.44,1.42,-42.61,-42.61
2026-09-16T14:06:46,468530,프로티나,32650.0,13.96,150392,0,-9567,2.89,1.35,0.49,N,-35.80,19.14,-72.81,-72.81
2026-09-16T14:06:47,195870,해성디에스,56100.0,16.39,486131,0,-14579,21.92,2.86,1.84,N,40.04,1.69,-48.29,-48.29
2026-09-16T14:06:48,100130,동국S&C,1557.0,13.98,4177791,0,-205716,2.41,7.31,0.50,N,-53.69,0.47,-44.29,-44.29
2026-09-16T14:06:49,320000,한울반도체,11280.0,11.24,833200,0,-43397,0.00,12.05,0.32,N,-3.17,2.26,-61.17,-61.17
2026-09-16T14:06:50,219130,타이거일렉,74200.0,14.15,128416,0,-15860,5.79,2.03,1.43,N,1686.36,8.85,-15.59,-15.59
2026-09-16T14:06:51,010170,대한광통신,16020.0,13.3,38966009,0,3902715,1.95,25.06,0.00,N,-66.20,32.63,-49.14,-49.14
2026-09-16T14:06:52,040300,YTN,2410.0,-8.54,3887531,-69327,-70124,1.76,8.15,0.40,N,-5.44,0.45,-50.82,-50.82
2026-09-16T14:06:53,411080,샌즈랩,7140.0,3.48,10261086,0,-14589,0.79,67.21,0.76,N,-198.33,2.02,-31.08,-31.08
2026-09-16T14:06:54,424870,이뮨온시아,3515.0,0.0,4779810,0,-507063,3.11,5.23,0.44,N,0.00,0.00,-78.18,-77.32
2026-09-16T14:06:55,413630,씨피시스템,4650.0,3.33,25617405,0,-449299,1.66,70.31,2.21,N,87.74,3.89,-24.88,-24.88
2026-09-16T14:06:55,388790,라이콤,4895.0,11.5,4313749,0,-243501,1.09,14.09,0.04,N,0.00,0.00,-47.53,-47.53
2026-09-16T14:16:35,007460,에이프로젠,1959.0,-0.15,78826,0,-27203,0.00,0.32,0.02,N,-0.59,0.01,-74.88,-87.93
2026-09-16T14:16:36,003060,에이프로젠바이오로직스,1641.0,0.06,79781,0,-10550,0.00,0.49,0.00,N,-0.13,0.10,-74.24,-85.14
2026-09-16T14:16:37,417030,니어스랩,26900.0,-5.94,381284,0,-34245,5.92,6.60,0.00,N,-6.49,-0.59,-35.95,-35.95
2026-09-16T14:16:38,127120,제이에스링크,31350.0,3.47,141241,0,30792,3.37,0.38,0.00,N,-52.16,14.60,-37.17,-37.17
2026-09-16T14:16:38,115180,큐리언트,21900.0,0.23,28331,0,-2789,3.06,0.08,0.00,N,-25.92,24.23,-65.18,-65.18
2026-09-16T14:16:39,140430,카티스,3335.0,17.84,6639850,0,-11481,0.00,62.12,0.07,N,-35.11,5.19,-23.33,-67.70
2026-09-16T14:16:40,049080,기가레인,10990.0,29.91,2695639,0,212676,0.00,31.76,0.00,N,-8.80,2.26,-26.49,-64.83
2026-09-16T14:16:41,072950,빛샘전자,13730.0,28.32,13693592,0,103881,0.40,170.05,2.51,N,14.64,1.33,-46.58,-46.58
2026-09-16T14:16:42,357580,아모센스,6640.0,29.94,745065,0,-1863,6.54,6.32,0.35,N,150.91,1.73,-77.79,-77.79
2026-09-16T14:16:43,365590,하이딥,1980.0,26.44,2009770,-1301555,-3909,0.13,10.92,0.00,N,0.00,0.00,-52.86,-76.43
2026-09-16T14:16:44,005160,동국산업,3665.0,19.19,8875598,0,-77474,1.62,16.36,0.66,N,-19.92,0.51,-7.10,-7.10
2026-09-16T14:16:45,024900,디와이덕양,2050.0,22.1,2365108,0,32498,1.63,7.26,0.16,N,53.95,0.56,-21.15,-21.15
2026-09-16T14:16:46,457370,한켐,9570.0,17.28,5324892,0,-49296,0.87,66.01,6.35,N,11.19,1.39,-43.84,-43.84
2026-09-16T14:16:47,468530,프로티나,32550.0,13.61,151277,0,-9080,2.89,1.36,0.49,N,-35.69,19.08,-72.90,-72.90
2026-09-16T14:16:48,195870,해성디에스,56000.0,16.18,494948,0,-16038,21.92,2.91,1.84,N,39.97,1.69,-48.39,-48.39
2026-09-16T14:16:49,219130,타이거일렉,74400.0,14.46,130369,0,-15233,5.79,2.06,1.43,N,1690.91,8.87,-15.36,-15.36
2026-09-16T14:16:49,224060,더코디,7460.0,6.27,682003,0,6608,0.00,13.22,0.00,N,1.59,0.32,-41.49,-41.49
2026-09-16T14:16:50,031980,피에스케이홀딩스,165300.0,-0.96,133160,0,12718,6.43,0.62,0.44,N,38.88,7.04,-5.00,-5.00
2026-09-16T14:16:51,040300,YTN,2400.0,-8.92,3915197,-67915,-68712,1.79,8.21,0.40,N,-5.42,0.45,-51.02,-51.02
2026-09-16T14:16:52,411080,샌즈랩,7100.0,2.9,10315882,0,-5316,0.79,67.57,0.76,N,-197.22,2.01,-31.47,-31.47
2026-09-16T14:16:53,424870,이뮨온시아,3525.0,0.28,4880796,0,-502225,3.11,5.34,0.44,N,0.00,0.00,-78.12,-77.26
2026-09-16T14:16:54,413630,씨피시스템,4650.0,3.33,25831931,0,-471342,1.66,70.90,2.21,N,87.74,3.89,-24.88,-24.88
2026-09-16T14:16:55,388790,라이콤,4880.0,11.16,4341804,0,-255206,1.09,14.18,0.04,N,0.00,0.00,-47.70,-47.70
2026-09-16T14:26:35,007460,에이프로젠,1961.0,-0.05,79854,0,-26842,0.00,0.32,0.02,N,-0.59,0.01,-74.86,-87.92
2026-09-16T14:26:36,003060,에이프로젠바이오로직스,1636.0,-0.24,80031,0,-10684,0.00,0.49,0.00,N,-0.13,0.10,-74.32,-85.19
2026-09-16T14:26:36,417030,니어스랩,26850.0,-6.12,390315,0,-33808,5.92,6.76,0.00,N,-6.48,-0.59,-36.07,-36.07
2026-09-16T14:26:37,127120,제이에스링크,31400.0,3.63,148376,0,34001,3.37,0.40,0.00,N,-52.25,14.63,-37.07,-37.07
2026-09-16T14:26:38,115180,큐리언트,21950.0,0.46,30029,0,-2076,3.06,0.08,0.00,N,-25.98,24.28,-65.10,-65.10
2026-09-16T14:26:39,140430,카티스,3385.0,19.61,6788418,0,3783,0.00,63.51,0.07,N,-35.63,5.27,-22.18,-67.22
2026-09-16T14:26:40,049080,기가레인,10990.0,29.91,2695853,0,212675,0.00,31.76,0.00,N,-8.80,2.26,-26.49,-64.83
2026-09-16T14:26:41,072950,빛샘전자,13630.0,27.38,13722541,0,108060,0.40,170.41,2.51,N,14.53,1.32,-46.96,-46.96
2026-09-16T14:26:42,0007J0,인벤테라,11730.0,23.21,518173,0,-54977,3.77,6.59,0.11,N,0.00,0.00,-80.51,-80.51
2026-09-16T14:26:43,357580,아모센스,6640.0,29.94,749227,0,-1863,6.54,6.35,0.35,N,150.91,1.73,-77.79,-77.79
2026-09-16T14:26:44,365590,하이딥,1981.0,26.5,2024265,-1301555,-3909,0.13,11.00,0.00,N,0.00,0.00,-52.83,-76.42
2026-09-16T14:26:45,024900,디와이덕양,2040.0,21.5,2384879,0,38858,1.63,7.32,0.16,N,53.68,0.55,-21.54,-21.54
2026-09-16T14:26:46,005160,동국산업,3625.0,17.89,9553627,0,-83891,1.62,17.61,0.66,N,-19.70,0.50,-8.11,-8.11
2026-09-16T14:26:46,468530,프로티나,32750.0,14.31,152522,0,-8097,2.89,1.37,0.49,N,-35.91,19.20,-72.73,-72.73
2026-09-16T14:26:47,457370,한켐,9430.0,15.56,5769672,0,-29300,0.87,71.52,6.35,N,11.03,1.37,-44.66,-44.66
2026-09-16T14:26:48,195870,해성디에스,56300.0,16.8,500972,0,-15799,21.92,2.95,1.84,N,40.19,1.70,-48.11,-48.11
2026-09-16T14:26:49,219130,타이거일렉,74600.0,14.77,133733,0,-14628,5.79,2.12,1.43,N,1695.45,8.89,-15.13,-15.13
2026-09-16T14:26:50,031980,피에스케이홀딩스,164000.0,-1.74,137456,0,12605,6.43,0.64,0.44,N,38.57,6.98,-5.75,-5.75
2026-09-16T14:26:51,010170,대한광통신,16060.0,13.58,39763826,0,3983257,1.95,25.57,0.00,N,-66.36,32.71,-49.02,-49.02
2026-09-16T14:26:52,040300,YTN,2375.0,-9.87,3977532,-52445,-53242,2.11,8.34,0.40,N,-5.36,0.45,-51.53,-51.53
2026-09-16T14:26:53,411080,샌즈랩,7080.0,2.61,10353297,0,244,0.79,67.81,0.76,N,-196.67,2.00,-31.66,-31.66
2026-09-16T14:26:54,424870,이뮨온시아,3490.0,-0.71,4980604,0,-512293,3.11,5.45,0.44,N,0.00,0.00,-78.34,-77.48
2026-09-16T14:26:55,413630,씨피시스템,4595.0,2.11,25957877,0,-466852,1.66,71.24,2.21,N,86.70,3.85,-25.77,-25.77
2026-09-16T14:26:55,388790,라이콤,4870.0,10.93,4359922,0,-253427,1.09,14.24,0.04,N,0.00,0.00,-47.80,-47.80
2026-09-16T14:36:35,007460,에이프로젠,1961.0,-0.05,80423,0,-26743,0.00,0.32,0.02,N,-0.59,0.01,-74.86,-87.92
2026-09-16T14:36:36,003060,에이프로젠바이오로직스,1634.0,-0.37,80162,0,-10704,0.00,0.49,0.00,N,-0.13,0.10,-74.35,-85.20
2026-09-16T14:36:37,417030,니어스랩,26800.0,-6.29,397193,0,-31273,5.92,6.87,0.00,N,-6.47,-0.59,-36.19,-36.19
2026-09-16T14:36:38,127120,제이에스링크,31400.0,3.63,152540,0,34974,3.37,0.41,0.00,N,-52.25,14.63,-37.07,-37.07
2026-09-16T14:36:38,115180,큐리언트,21950.0,0.46,31433,0,-1918,3.06,0.08,0.00,N,-25.98,24.28,-65.10,-65.10
2026-09-16T14:36:39,140430,카티스,3670.0,29.68,7342460,0,-21858,0.00,68.69,0.07,Y,-38.63,5.72,-15.63,-64.46
2026-09-16T14:36:40,049080,기가레인,10990.0,29.91,2696427,0,212675,0.00,31.77,0.00,N,-8.80,2.26,-26.49,-64.83
2026-09-16T14:36:41,072950,빛샘전자,13630.0,27.38,13768786,0,112198,0.40,170.99,2.51,N,14.53,1.32,-46.96,-46.96
2026-09-16T14:36:42,0007J0,인벤테라,11670.0,22.58,686037,0,-56052,3.77,8.72,0.11,N,0.00,0.00,-80.61,-80.61
2026-09-16T14:36:43,005160,동국산업,3750.0,21.95,10491076,0,-84824,1.62,19.34,0.66,N,-20.38,0.52,-4.94,-4.94
2026-09-16T14:36:44,365590,하이딥,1962.0,25.29,2074979,-1301555,-3852,0.13,11.27,0.00,N,0.00,0.00,-53.29,-76.64
2026-09-16T14:36:45,024900,디와이덕양,2020.0,20.31,2404032,0,39439,1.63,7.38,0.16,N,53.16,0.55,-22.31,-22.31
2026-09-16T14:36:46,468530,프로티나,32700.0,14.14,154003,0,-7843,2.89,1.39,0.49,N,-35.86,19.17,-72.77,-72.77
2026-09-16T14:36:47,457370,한켐,9680.0,18.63,5997090,0,-15977,0.87,74.34,6.35,N,11.32,1.41,-43.19,-43.19
2026-09-16T14:36:47,195870,해성디에스,56100.0,16.39,507939,0,-16278,21.92,2.99,1.84,N,40.04,1.69,-48.29,-48.29
2026-09-16T14:36:48,219130,타이거일렉,74600.0,14.77,135318,0,-14436,5.79,2.14,1.43,N,1695.45,8.89,-15.13,-15.13
2026-09-16T14:36:49,357580,아모센스,5980.0,17.03,971293,0,-98166,6.54,8.24,0.35,N,135.91,1.56,-80.00,-80.00
2026-09-16T14:36:50,224060,더코디,7490.0,6.7,700255,0,9069,0.00,13.57,0.00,N,1.59,0.32,-41.25,-41.25
2026-09-16T14:36:51,031980,피에스케이홀딩스,163600.0,-1.98,139408,0,12753,6.43,0.65,0.44,N,38.48,6.97,-5.98,-5.98
2026-09-16T14:36:52,100130,동국S&C,1516.0,10.98,5920962,0,-188748,2.41,10.36,0.50,N,-52.28,0.46,-45.76,-45.76
2026-09-16T14:36:53,010170,대한광통신,16010.0,13.22,40003045,0,4039269,1.95,25.73,0.00,N,-66.16,32.61,-49.17,-49.17
2026-09-16T14:36:54,040300,YTN,2360.0,-10.44,4041151,-50988,-51785,2.14,8.48,0.40,N,-5.33,0.45,-51.84,-51.84
2026-09-16T14:36:55,424870,이뮨온시아,3420.0,-2.7,5084273,0,-513248,3.11,5.56,0.44,N,0.00,0.00,-78.77,-77.93
2026-09-16T14:36:56,411080,샌즈랩,7190.0,4.2,10397692,0,8337,0.79,68.10,0.76,N,-199.72,2.03,-30.60,-30.60
2026-09-16T14:36:57,413630,씨피시스템,4605.0,2.33,26027301,0,-468355,1.66,71.43,2.21,N,86.89,3.86,-25.61,-25.61
2026-09-16T14:36:57,388790,라이콤,4850.0,10.48,4377275,0,-253021,1.09,14.30,0.04,N,0.00,0.00,-48.02,-48.02
2026-09-16T14:46:35,007460,에이프로젠,1967.0,0.25,85491,0,-23845,0.00,0.34,0.02,N,-0.59,0.01,-74.78,-87.88
2026-09-16T14:46:36,003060,에이프로젠바이오로직스,1628.0,-0.73,80447,0,-10629,0.00,0.49,0.00,N,-0.13,0.10,-74.44,-85.26
2026-09-16T14:46:36,417030,니어스랩,26950.0,-5.77,405255,0,-28030,5.92,7.01,0.00,N,-6.51,-0.59,-35.83,-35.83
2026-09-16T14:46:37,127120,제이에스링크,31400.0,3.63,154741,0,35342,3.37,0.42,0.00,N,-52.25,14.63,-37.07,-37.07
2026-09-16T14:46:38,115180,큐리언트,21950.0,0.46,32190,0,-2016,3.06,0.09,0.00,N,-25.98,24.28,-65.10,-65.10
2026-09-16T14:46:39,140430,카티스,3415.0,20.67,7751715,0,-21737,0.00,72.52,0.07,N,-35.95,5.32,-21.49,-66.92
2026-09-16T14:46:40,049080,기가레인,10990.0,29.91,2697219,0,212674,0.00,31.78,0.00,N,-8.80,2.26,-26.49,-64.83
2026-09-16T14:46:41,072950,빛샘전자,13550.0,26.64,13829993,0,110311,0.40,171.75,2.51,N,14.45,1.31,-47.28,-47.28
2026-09-16T14:46:42,005160,동국산업,3740.0,21.63,10854572,0,-86723,1.62,20.01,0.66,N,-20.33,0.52,-5.20,-5.20
2026-09-16T14:46:43,0007J0,인벤테라,11660.0,22.48,766810,0,-59926,3.77,9.75,0.11,N,0.00,0.00,-80.63,-80.63
2026-09-16T14:46:44,024900,디와이덕양,2010.0,19.71,2419163,0,38113,1.63,7.43,0.16,N,52.89,0.55,-22.69,-22.69
2026-09-16T14:46:45,457370,한켐,9550.0,17.03,6424825,0,7924,0.87,79.64,6.35,N,11.17,1.39,-43.96,-43.96
2026-09-16T14:46:46,234300,에스트래픽,2850.0,-11.49,1063241,0,-57350,2.27,3.91,4.32,N,16.19,0.75,-31.65,-31.65
2026-09-16T14:46:47,195870,해성디에스,56600.0,17.43,516388,0,-13670,21.92,3.04,1.84,N,40.40,1.70,-47.83,-47.83
2026-09-16T14:46:47,468530,프로티나,32500.0,13.44,155591,0,-7125,2.89,1.40,0.49,N,-35.64,19.05,-72.94,-72.94
2026-09-16T14:46:48,365590,하이딥,1826.0,16.6,2130444,-1301555,-2143,0.13,11.57,0.00,N,0.00,0.00,-56.52,-78.26
2026-09-16T14:46:49,219130,타이거일렉,74500.0,14.62,137099,0,-13740,5.79,2.17,1.43,N,1693.18,8.88,-15.24,-15.24
2026-09-16T14:46:50,031980,피에스케이홀딩스,164200.0,-1.62,142240,0,13028,6.43,0.66,0.44,N,38.62,6.99,-5.63,-5.63
2026-09-16T14:46:51,224060,더코디,7420.0,5.7,705640,0,10300,0.00,13.67,0.00,N,1.58,0.32,-41.80,-41.80
2026-09-16T14:46:52,040300,YTN,2365.0,-10.25,4063837,-50047,-50844,2.16,8.52,0.40,N,-5.34,0.45,-51.73,-51.73
2026-09-16T14:46:53,411080,샌즈랩,7140.0,3.48,10450830,0,9086,0.79,68.45,0.76,N,-198.33,2.02,-31.08,-31.08
2026-09-16T14:46:54,424870,이뮨온시아,3510.0,-0.14,5332035,0,-504997,3.11,5.83,0.44,N,0.00,0.00,-78.21,-77.35
2026-09-16T14:46:55,413630,씨피시스템,4595.0,2.11,26115997,0,-476977,1.66,71.68,2.21,N,86.70,3.85,-25.77,-25.77
2026-09-16T14:46:56,388790,라이콤,4830.0,10.02,4404831,0,-250276,1.09,14.39,0.04,N,0.00,0.00,-48.23,-48.23
2026-09-16T14:46:56,0015S0,페스카로,8660.0,-5.87,667558,0,-15643,2.17,6.77,0.32,N,28.49,1.37,-81.57,-81.57
2026-09-16T14:56:35,007460,에이프로젠,1961.0,-0.05,90124,0,-21366,0.00,0.36,0.02,N,-0.59,0.01,-74.86,-87.92
2026-09-16T14:56:36,003060,에이프로젠바이오로직스,1627.0,-0.79,83304,0,-10864,0.00,0.51,0.00,N,-0.13,0.10,-74.46,-85.27
2026-09-16T14:56:37,417030,니어스랩,26800.0,-6.29,415085,0,-23329,5.92,7.18,0.00,N,-6.47,-0.59,-36.19,-36.19
2026-09-16T14:56:38,127120,제이에스링크,31200.0,2.97,161417,0,32193,3.37,0.44,0.00,N,-51.91,14.53,-37.47,-37.47
2026-09-16T14:56:39,115180,큐리언트,22050.0,0.92,33122,0,-2140,3.06,0.09,0.00,N,-26.09,24.39,-64.94,-64.94
2026-09-16T14:56:40,140430,카티스,3350.0,18.37,7902108,0,-16478,0.00,73.92,0.07,N,-35.26,5.22,-22.99,-67.55
2026-09-16T14:56:41,049080,기가레인,10990.0,29.91,2697471,0,212674,0.00,31.78,0.00,N,-8.80,2.26,-26.49,-64.83
2026-09-16T14:56:42,072950,빛샘전자,13530.0,26.45,13878033,0,112065,0.40,172.34,2.51,N,14.42,1.31,-47.35,-47.35
2026-09-16T14:56:43,005160,동국산업,3690.0,20.0,11136020,0,-85030,1.62,20.53,0.66,N,-20.05,0.51,-6.46,-6.46
2026-09-16T14:56:44,457370,한켐,9690.0,18.75,6765385,0,-27756,0.87,83.86,6.35,N,11.33,1.41,-43.13,-43.13
2026-09-16T14:56:45,024900,디와이덕양,1985.0,18.23,2470841,0,42751,1.63,7.59,0.16,N,52.24,0.54,-23.65,-23.65
2026-09-16T14:56:46,195870,해성디에스,56800.0,17.84,526871,0,-13326,21.92,3.10,1.84,N,40.54,1.71,-47.65,-47.65
2026-09-16T14:56:47,468530,프로티나,32500.0,13.44,157619,0,-6087,2.89,1.42,0.49,N,-35.64,19.05,-72.94,-72.94
2026-09-16T14:56:48,219130,타이거일렉,74000.0,13.85,141149,0,-12218,5.79,2.24,1.43,N,1681.82,8.82,-15.81,-15.81
2026-09-16T14:56:49,0007J0,인벤테라,10580.0,11.13,809479,0,-65229,3.77,10.29,0.11,Y,0.00,0.00,-82.43,-82.43
2026-09-16T14:56:50,031980,피에스케이홀딩스,165200.0,-1.02,145342,0,13064,6.43,0.67,0.44,N,38.85,7.03,-5.06,-5.06
2026-09-16T14:56:50,084370,유진테크,140000.0,8.61,105901,0,14737,36.30,0.46,0.22,N,75.55,6.87,-39.52,-39.52
2026-09-16T14:56:51,224060,더코디,7460.0,6.27,707495,0,10535,0.00,13.71,0.00,N,1.59,0.32,-41.49,-41.49
2026-09-16T14:56:52,240810,원익IPS,119300.0,10.06,813088,0,115073,14.79,1.66,1.29,N,69.68,5.98,-36.47,-36.47
2026-09-16T14:56:53,010170,대한광통신,15980.0,13.01,40639671,0,4142948,1.95,26.14,0.00,N,-66.03,32.55,-49.27,-49.27
2026-09-16T14:56:54,040300,YTN,2385.0,-9.49,4084221,-49592,-50389,2.17,8.57,0.40,N,-5.38,0.45,-51.33,-51.33
2026-09-16T14:56:55,411080,샌즈랩,7160.0,3.77,10477324,0,20253,0.79,68.62,0.76,N,-198.89,2.02,-30.89,-30.89
2026-09-16T14:56:56,424870,이뮨온시아,3510.0,-0.14,5427267,0,-527392,3.11,5.94,0.44,N,0.00,0.00,-78.21,-77.35
2026-09-16T14:56:57,365590,하이딥,1740.0,11.11,2204930,-1301555,-1424,0.13,11.98,0.00,N,0.00,0.00,-58.57,-79.29
2026-09-16T14:56:58,388790,라이콤,4825.0,9.91,4425585,0,-241295,1.09,14.46,0.04,N,0.00,0.00,-48.29,-48.29
2026-09-16T14:56:59,413630,씨피시스템,4670.0,3.78,26479298,0,-483814,1.66,72.67,2.21,N,88.11,3.91,-24.56,-24.56
2026-09-16T15:06:36,007460,에이프로젠,1958.0,-0.2,98460,0,-18208,0.00,0.40,0.02,N,-0.59,0.01,-74.90,-87.94
2026-09-16T15:06:37,003060,에이프로젠바이오로직스,1639.0,-0.06,89009,0,-13116,0.00,0.55,0.00,N,-0.13,0.10,-74.27,-85.16
2026-09-16T15:06:37,417030,니어스랩,26650.0,-6.82,425997,0,-20636,5.92,7.37,0.00,N,-6.43,-0.58,-36.55,-36.55
2026-09-16T15:06:38,127120,제이에스링크,31050.0,2.48,163769,0,32265,3.37,0.44,0.00,N,-51.66,14.46,-37.78,-37.78
2026-09-16T15:06:39,115180,큐리언트,21900.0,0.23,34608,0,-1935,3.06,0.09,0.00,N,-25.92,24.23,-65.18,-65.18
2026-09-16T15:06:40,140430,카티스,3420.0,20.85,8126792,0,-22982,0.00,76.03,0.07,N,-36.00,5.33,-21.38,-66.88
2026-09-16T15:06:41,049080,기가레인,10990.0,29.91,2698319,0,212674,0.00,31.79,0.00,N,-8.80,2.26,-26.49,-64.83
2026-09-16T15:06:42,072950,빛샘전자,13570.0,26.82,13937353,0,101840,0.40,173.08,2.51,N,14.47,1.31,-47.20,-47.20
2026-09-16T15:06:43,0007J0,인벤테라,11350.0,19.22,899985,0,-70627,3.77,11.44,0.11,N,0.00,0.00,-81.15,-81.15
2026-09-16T15:06:44,357580,아모센스,6480.0,26.81,1524012,0,-147654,6.54,12.93,0.35,N,147.27,1.69,-78.33,-78.33
2026-09-16T15:06:45,457370,한켐,9710.0,19.0,7060687,0,-18177,0.87,87.52,6.35,N,11.36,1.41,-43.02,-43.02
2026-09-16T15:06:46,005160,동국산업,3570.0,16.1,11598958,0,-84196,1.62,21.38,0.66,N,-19.40,0.50,-9.51,-9.51
2026-09-16T15:06:47,195870,해성디에스,56900.0,18.05,533296,0,-15084,21.92,3.14,1.84,N,40.61,1.71,-47.56,-47.56
2026-09-16T15:06:47,024900,디와이덕양,1970.0,17.33,2491939,0,48522,1.63,7.65,0.16,N,51.84,0.54,-24.23,-24.23
2026-09-16T15:06:48,468530,프로티나,32300.0,12.74,159275,0,-5432,2.89,1.43,0.49,N,-35.42,18.93,-73.11,-73.11
2026-09-16T15:06:49,234300,에스트래픽,2810.0,-12.73,1072150,0,-57319,2.27,3.94,4.32,N,15.97,0.74,-32.61,-32.61
2026-09-16T15:06:50,219130,타이거일렉,74600.0,14.77,145409,0,-14083,5.79,2.30,1.43,N,1695.45,8.89,-15.13,-15.13
2026-09-16T15:06:51,031980,피에스케이홀딩스,164400.0,-1.5,148772,0,12895,6.43,0.69,0.44,N,38.66,7.00,-5.52,-5.52
2026-09-16T15:06:52,010170,대한광통신,16110.0,13.93,41335764,0,4212154,1.95,26.58,0.00,N,-66.57,32.81,-48.86,-48.86
2026-09-16T15:06:53,224060,더코디,7470.0,6.41,716640,0,11833,0.00,13.89,0.00,N,1.59,0.32,-41.41,-41.41
2026-09-16T15:06:54,084370,유진테크,138700.0,7.6,111235,0,16760,36.30,0.49,0.22,N,74.85,6.81,-40.09,-40.09
2026-09-16T15:06:55,040300,YTN,2385.0,-9.49,4101943,-49969,-50766,2.16,8.60,0.40,N,-5.38,0.45,-51.33,-51.33
2026-09-16T15:06:56,411080,샌즈랩,7160.0,3.77,10516122,0,35632,0.79,68.88,0.76,N,-198.89,2.02,-30.89,-30.89
2026-09-16T15:06:57,365590,하이딥,1690.0,7.92,2308931,-1301555,-3388,0.13,12.54,0.00,N,0.00,0.00,-59.76,-79.88
2026-09-16T15:06:57,424870,이뮨온시아,3505.0,-0.28,5514591,0,-539880,3.11,6.03,0.44,N,0.00,0.00,-78.24,-77.39
2026-09-16T15:06:58,388790,라이콤,4825.0,9.91,4440506,0,-238615,1.09,14.50,0.04,N,0.00,0.00,-48.29,-48.29
2026-09-16T15:16:35,007460,에이프로젠,1966.0,0.2,99197,0,-17799,0.00,0.40,0.02,N,-0.59,0.01,-74.79,-87.89
2026-09-16T15:16:36,003060,에이프로젠바이오로직스,1630.0,-0.61,89352,0,-13370,0.00,0.55,0.00,N,-0.13,0.10,-74.41,-85.24
2026-09-16T15:16:37,417030,니어스랩,26700.0,-6.64,438398,0,-17503,5.92,7.59,0.00,N,-6.45,-0.58,-36.43,-36.43
2026-09-16T15:16:38,127120,제이에스링크,31150.0,2.81,165709,0,31640,3.37,0.45,0.00,N,-51.83,14.51,-37.58,-37.58
2026-09-16T15:16:38,115180,큐리언트,21950.0,0.46,36694,0,-1641,3.06,0.10,0.00,N,-25.98,24.28,-65.10,-65.10
2026-09-16T15:16:39,049080,기가레인,10990.0,29.91,2699205,0,212673,0.00,31.80,0.00,N,-8.80,2.26,-26.49,-64.83
2026-09-16T15:16:40,140430,카티스,3320.0,17.31,8298204,0,-21783,0.00,77.63,0.07,N,-34.95,5.17,-23.68,-67.85
2026-09-16T15:16:41,072950,빛샘전자,13650.0,27.57,14021370,0,102148,0.40,174.12,2.51,N,14.55,1.32,-46.89,-46.89
2026-09-16T15:16:42,457370,한켐,9630.0,18.01,7203394,0,2045,0.87,89.29,6.35,N,11.26,1.40,-43.49,-43.49
2026-09-16T15:16:43,005160,동국산업,3570.0,16.1,11958416,0,-87207,1.62,22.05,0.66,N,-19.40,0.50,-9.51,-9.51
2026-09-16T15:16:44,195870,해성디에스,57300.0,18.88,551361,0,-13634,21.92,3.24,1.84,N,40.90,1.73,-47.19,-47.19
2026-09-16T15:16:45,357580,아모센스,6290.0,23.09,1666642,0,-191069,6.54,14.14,0.35,N,142.95,1.64,-78.96,-78.96
2026-09-16T15:16:46,024900,디와이덕양,1964.0,16.97,2499946,0,46565,1.63,7.68,0.16,N,51.68,0.53,-24.46,-24.46
2026-09-16T15:16:47,468530,프로티나,32550.0,13.61,162233,0,-5023,2.89,1.46,0.49,N,-35.69,19.08,-72.90,-72.90
2026-09-16T15:16:48,234300,에스트래픽,2810.0,-12.73,1079533,0,-58852,2.27,3.97,4.32,N,15.97,0.74,-32.61,-32.61
2026-09-16T15:16:49,0007J0,인벤테라,10710.0,12.5,964043,0,-68356,3.77,12.26,0.11,N,0.00,0.00,-82.21,-82.21
2026-09-16T15:16:50,219130,타이거일렉,75100.0,15.54,147245,0,-13274,5.79,2.33,1.43,N,1706.82,8.95,-14.56,-14.56
2026-09-16T15:16:50,031980,피에스케이홀딩스,165700.0,-0.72,152283,0,12317,6.43,0.71,0.44,N,38.97,7.06,-4.77,-4.77
2026-09-16T15:16:51,240810,원익IPS,119300.0,10.06,942599,0,150212,14.79,1.92,1.29,N,69.68,5.98,-36.47,-36.47
2026-09-16T15:16:52,084370,유진테크,139500.0,8.22,118166,0,18128,36.30,0.52,0.22,N,75.28,6.85,-39.74,-39.74
2026-09-16T15:16:53,010170,대한광통신,16090.0,13.79,41828855,0,4294927,1.95,26.90,0.00,N,-66.49,32.77,-48.92,-48.92
2026-09-16T15:16:54,319660,피에스케이,129300.0,9.3,249339,0,64941,21.58,0.86,1.06,N,47.68,6.95,-41.09,-41.09
2026-09-16T15:16:55,040300,YTN,2385.0,-9.49,4111056,-50458,-51255,2.15,8.62,0.40,N,-5.38,0.45,-51.33,-51.33
2026-09-16T15:16:56,365590,하이딥,1652.0,5.49,2345728,-1301555,-3909,0.13,12.74,0.00,N,0.00,0.00,-60.67,-80.33
2026-09-16T15:16:57,411080,샌즈랩,7165.0,3.84,10569922,0,44455,0.79,69.23,0.76,N,-199.03,2.03,-30.84,-30.84
2026-09-16T15:16:58,424870,이뮨온시아,3505.0,-0.28,5565084,0,-556032,3.11,6.09,0.44,N,0.00,0.00,-78.24,-77.39
2026-09-16T15:16:58,388790,라이콤,4830.0,10.02,4465975,0,-234421,1.09,14.59,0.04,N,0.00,0.00,-48.23,-48.23
2026-09-16T15:16:59,413630,씨피시스템,4712.0,4.71,26926599,0,-466992,1.66,73.90,2.21,N,88.91,3.95,-23.88,-23.88
2026-09-16T15:26:35,007460,에이프로젠,1968.0,0.31,99822,0,-17419,0.00,0.40,0.02,N,-0.59,0.01,-74.77,-87.87
2026-09-16T15:26:36,003060,에이프로젠바이오로직스,1647.0,0.43,93382,0,-14683,0.00,0.57,0.00,N,-0.13,0.10,-74.14,-85.09
2026-09-16T15:26:36,417030,니어스랩,26900.0,-5.94,440752,0,-17539,5.92,7.63,0.00,N,-6.49,-0.59,-35.95,-35.95
2026-09-16T15:26:37,127120,제이에스링크,31100.0,2.64,166983,0,31913,3.37,0.45,0.00,N,-51.75,14.49,-37.68,-37.68
2026-09-16T15:26:38,115180,큐리언트,22100.0,1.14,37105,0,-1436,3.06,0.10,0.00,N,-26.15,24.45,-64.86,-64.86
2026-09-16T15:26:39,049080,기가레인,10990.0,29.91,2702945,0,208990,0.00,31.84,0.00,N,-8.80,2.26,-26.49,-64.83
2026-09-16T15:26:40,140430,카티스,3295.0,16.43,8333191,0,-17717,0.00,77.96,0.07,N,-34.68,5.13,-24.25,-68.09
2026-09-16T15:26:41,072950,빛샘전자,13630.0,27.38,14056353,0,101937,0.40,174.56,2.51,N,14.53,1.32,-46.96,-46.96
2026-09-16T15:26:42,457370,한켐,9630.0,18.01,7236404,0,9575,0.87,89.70,6.35,N,11.26,1.40,-43.49,-43.49
2026-09-16T15:26:43,195870,해성디에스,57400.0,19.09,555913,0,-12556,21.92,3.27,1.84,N,40.97,1.73,-47.10,-47.10
2026-09-16T15:26:44,024900,디와이덕양,1976.0,17.69,2506061,0,44760,1.63,7.70,0.16,N,52.00,0.54,-24.00,-24.00
2026-09-16T15:26:45,234300,에스트래픽,2830.0,-12.11,1080515,0,-59125,2.27,3.97,4.32,N,16.08,0.75,-32.13,-32.13
2026-09-16T15:26:46,468530,프로티나,32300.0,12.74,162784,0,-4671,2.89,1.47,0.49,N,-35.42,18.93,-73.11,-73.11
2026-09-16T15:26:47,357580,아모센스,6230.0,21.92,1721591,0,-183122,6.54,14.60,0.35,N,141.59,1.63,-79.16,-79.16
2026-09-16T15:26:47,219130,타이거일렉,75200.0,15.69,147447,0,-13240,5.79,2.34,1.43,N,1709.09,8.97,-14.45,-14.45
2026-09-16T15:26:48,005160,동국산업,3465.0,12.68,12193483,0,-83254,1.62,22.48,0.66,N,-18.83,0.48,-12.17,-12.17
2026-09-16T15:26:49,031980,피에스케이홀딩스,165300.0,-0.96,153688,0,12296,6.43,0.71,0.44,N,38.88,7.04,-5.00,-5.00
2026-09-16T15:26:50,084370,유진테크,139500.0,8.22,119463,0,18799,36.30,0.52,0.22,N,75.28,6.85,-39.74,-39.74
2026-09-16T15:26:51,240810,원익IPS,119100.0,9.87,960821,0,153094,14.79,1.96,1.29,N,69.57,5.97,-36.58,-36.58
2026-09-16T15:26:52,319660,피에스케이,129400.0,9.38,253120,0,66428,21.58,0.87,1.06,N,47.71,6.95,-41.05,-41.05
2026-09-16T15:26:53,010170,대한광통신,16060.0,13.58,42036670,0,4304443,1.95,27.04,0.00,N,-66.36,32.71,-49.02,-49.02
2026-09-16T15:26:54,040300,YTN,2395.0,-9.11,4122926,-50848,-51645,2.15,8.65,0.40,N,-5.41,0.45,-51.12,-51.12
2026-09-16T15:26:55,365590,하이딥,1661.0,6.07,2350112,-1301555,-3909,0.13,12.77,0.00,N,0.00,0.00,-60.45,-80.23
2026-09-16T15:26:55,411080,샌즈랩,7180.0,4.06,10604558,0,52390,0.79,69.46,0.76,N,-199.44,2.03,-30.69,-30.69
2026-09-16T15:26:56,950250,테라뷰,3110.0,-7.72,1116382,0,0,0.00,3.13,0.42,N,-11.48,3.47,-85.05,-85.05
2026-09-16T15:26:57,424870,이뮨온시아,3535.0,0.57,5601665,0,-565092,3.11,6.13,0.44,N,0.00,0.00,-78.06,-77.19
2026-09-16T15:26:58,0007J0,인벤테라,10460.0,9.87,978116,0,-66805,3.77,12.44,0.11,N,0.00,0.00,-82.62,-82.62
2026-09-16T15:26:59,388790,라이콤,4840.0,10.25,4472905,0,-233122,1.09,14.61,0.04,N,0.00,0.00,-48.12,-48.12
2026-09-17T09:05:24,007460,에이프로젠,1985.0,0.86,1083,0,3,0.00,0.00,0.02,N,-0.60,0.01,-74.55,-87.77
2026-09-17T09:05:26,003060,에이프로젠바이오로직스,1638.0,-0.18,323,0,160,0.00,0.00,0.00,N,-0.13,0.10,-74.29,-85.17
2026-09-17T09:05:28,417030,니어스랩,26850.0,0.75,3734,0,-2387,5.70,0.06,0.00,N,-6.48,-0.59,-36.07,-36.07
2026-09-17T09:05:30,127120,제이에스링크,31350.0,0.8,1569,0,791,3.50,0.00,0.00,N,-52.16,14.60,-37.17,-37.17
2026-09-17T09:05:32,115180,큐리언트,22500.0,2.51,2943,0,1159,3.06,0.01,0.00,N,-26.63,24.89,-64.23,-64.23
2026-09-17T09:05:34,042370,비츠로테크,10530.0,19.66,568963,0,-1184,7.64,2.17,1.84,N,41.62,1.07,-55.76,-55.76
2026-09-17T09:05:36,201490,미투온,4445.0,15.76,9294623,0,71221,0.95,28.40,5.07,N,177.80,0.97,-35.58,-35.58
2026-09-17T09:05:38,067310,하나마이크론,38350.0,9.73,633698,0,190801,17.66,0.95,3.55,N,66.70,6.38,-34.44,-34.44
2026-09-17T09:05:40,024840,KBI메탈,5890.0,4.62,640004,0,223045,1.83,1.48,2.59,N,-5890.00,1.69,-49.91,-49.91
2026-09-17T09:05:42,119850,지엔씨에너지,53500.0,12.99,425964,0,-21664,7.76,2.59,4.52,N,22.03,3.95,-7.76,-7.76
2026-09-17T09:05:44,192650,드림텍,7630.0,7.31,615381,0,127515,58.96,0.93,2.30,N,7630.00,1.35,-16.34,-16.34
2026-09-17T09:05:47,138080,오이솔루션,26000.0,0.78,252360,0,-14528,3.12,2.04,0.02,N,-10.38,4.50,-55.09,-55.09
2026-09-17T09:05:49,049080,기가레인,10970.0,-0.18,971845,0,-128421,1.42,11.45,0.00,N,-8.78,2.25,-26.62,-64.90
2026-09-17T09:05:51,017900,광전자,10270.0,-1.82,2064310,0,-245335,18.42,3.56,0.89,N,140.68,2.15,-54.25,-54.25
2026-09-17T09:05:53,069540,빛과전자,4175.0,-5.33,2148434,0,93663,0.87,1.91,0.00,N,-10.99,4.41,-48.46,-48.46
2026-09-17T09:15:26,007460,에이프로젠,1972.0,0.2,13663,0,-8916,0.00,0.06,0.02,N,-0.60,0.01,-74.72,-87.85
2026-09-17T09:15:28,003060,에이프로젠바이오로직스,1648.0,0.43,4344,0,1106,0.00,0.03,0.00,N,-0.13,0.10,-74.13,-85.08
2026-09-17T09:15:30,417030,니어스랩,26750.0,0.38,8773,0,-1621,5.70,0.15,0.00,N,-6.46,-0.58,-36.31,-36.31
2026-09-17T09:15:32,127120,제이에스링크,31250.0,0.48,1890,0,777,3.50,0.01,0.00,N,-52.00,14.56,-37.37,-37.37
2026-09-17T09:15:34,115180,큐리언트,22400.0,2.05,7587,0,1277,3.06,0.02,0.00,N,-26.51,24.78,-64.39,-64.39
2026-09-17T09:15:36,478340,나라스페이스테크놀로지,13850.0,29.92,256040,0,20506,3.81,2.21,0.56,N,-11.60,-3.02,-78.56,-78.56
2026-09-17T09:15:38,274090,켄코아에어로스페이스,12150.0,19.35,987989,0,-181161,9.21,7.17,1.47,N,-10.27,0.99,-69.32,-69.32
2026-09-17T09:15:40,042370,비츠로테크,10030.0,13.98,1167394,0,-83476,7.64,4.46,1.84,N,39.64,1.02,-57.86,-57.86
2026-09-17T09:15:42,200470,에이팩트,6900.0,11.47,877182,0,366695,2.95,2.00,0.39,N,-5.76,5.29,-47.33,-47.33
2026-09-17T09:15:44,004310,현대약품,11300.0,13.34,3691197,0,888634,1.25,11.53,3.22,Y,0.00,0.00,-29.20,-29.20
2026-09-17T09:15:46,295310,에이치브이엠,59100.0,10.88,127794,0,-7975,4.61,1.03,1.89,N,-75.48,10.64,-58.96,-58.96
2026-09-17T09:15:47,232830,아이티센피엔에스,3390.0,-2.59,902097,0,-64453,1.64,5.46,0.00,Y,-9.24,3.52,-39.36,-39.36
2026-09-17T09:15:49,088800,에이스테크,2425.0,-1.02,1424447,0,-151092,0.00,1.89,0.00,N,-6.42,2.65,-69.26,-69.26
2026-09-17T09:15:51,138080,오이솔루션,25600.0,-0.78,340903,0,-28697,3.12,2.75,0.02,N,-10.22,4.43,-55.79,-55.79
2026-09-17T09:15:53,049080,기가레인,10640.0,-3.18,1286467,0,-153594,1.42,15.16,0.00,Y,-8.52,2.18,-28.83,-65.95
2026-09-17T09:15:55,072950,빛샘전자,13170.0,-2.66,1790135,0,-61069,1.76,22.23,2.46,N,14.04,1.27,-48.75,-48.75
2026-09-17T09:15:57,017900,광전자,10150.0,-2.96,2722497,0,-261214,18.42,4.70,0.89,N,139.04,2.12,-54.79,-54.79
2026-09-17T09:25:22,007460,에이프로젠,1971.0,0.15,17416,0,-7365,0.00,0.07,0.02,N,-0.60,0.01,-74.73,-87.86
2026-09-17T09:25:24,003060,에이프로젠바이오로직스,1657.0,0.98,4489,0,1101,0.00,0.03,0.00,N,-0.13,0.10,-73.99,-85.00
2026-09-17T09:25:26,417030,니어스랩,27800.0,4.32,30059,0,-493,5.70,0.52,0.00,N,-6.71,-0.61,-33.81,-33.81
2026-09-17T09:25:29,127120,제이에스링크,31600.0,1.61,4184,0,721,3.50,0.01,0.00,N,-52.58,14.72,-36.67,-36.67
2026-09-17T09:25:31,115180,큐리언트,22400.0,2.05,10725,0,1113,3.06,0.03,0.00,N,-26.51,24.78,-64.39,-64.39
2026-09-17T09:25:33,478340,나라스페이스테크놀로지,13850.0,29.92,982023,0,33124,3.81,8.49,0.56,N,-11.60,-3.02,-78.56,-78.56
2026-09-17T09:25:35,274090,켄코아에어로스페이스,11820.0,16.11,1377013,0,-231780,9.21,10.00,1.47,N,-9.99,0.97,-70.15,-70.15
2026-09-17T09:25:36,043260,성호전자,21150.0,13.95,2424958,217387,-2297,2.54,3.21,0.34,Y,15.77,5.98,-64.51,-64.51
2026-09-17T09:25:38,412350,레이저쎌,5270.0,10.95,591254,0,45860,3.82,4.05,0.00,N,-3.30,3.59,-64.00,-64.00
2026-09-17T09:25:40,004310,현대약품,11200.0,12.34,8712152,0,712784,1.25,27.23,3.22,N,0.00,0.00,-29.82,-29.82
2026-09-17T09:25:42,192650,드림텍,7820.0,9.99,1638382,0,264069,58.96,2.49,2.30,N,7820.00,1.39,-14.25,-14.25
2026-09-17T09:25:44,214450,파마리서치,356000.0,7.55,10389,0,499,12.48,0.10,2.35,Y,25.05,5.97,-43.49,-48.85
2026-09-17T09:25:46,200470,에이팩트,6810.0,10.02,1046478,0,433247,2.95,2.39,0.39,N,-5.69,5.22,-48.02,-48.02
2026-09-17T09:25:48,042370,비츠로테크,9880.0,12.27,1422751,0,-126263,7.64,5.43,1.84,N,39.05,1.00,-58.49,-58.49
2026-09-17T09:25:50,330860,네패스아크,25650.0,8.46,121759,0,28921,9.43,1.00,2.63,N,-10.90,1.89,-59.61,-59.61
2026-09-17T09:25:52,050890,쏠리드,9690.0,6.37,876614,0,66602,14.68,1.44,3.70,N,16.23,1.65,-53.64,-53.64
2026-09-17T09:25:54,232830,아이티센피엔에스,3190.0,-8.33,1199029,0,-78949,1.64,7.25,0.00,N,-8.69,3.32,-42.93,-42.93
2026-09-17T09:25:56,088800,에이스테크,2470.0,0.82,1669546,0,-191930,0.00,2.21,0.00,N,-6.53,2.70,-68.69,-68.69
2026-09-17T09:25:58,049080,기가레인,10890.0,-0.91,1491472,0,-155245,1.42,17.57,0.00,N,-8.72,2.24,-27.16,-65.15
2026-09-17T09:25:59,138080,오이솔루션,26350.0,2.13,398170,0,-36102,3.12,3.22,0.02,N,-10.52,4.56,-54.49,-54.49
2026-09-17T09:35:23,007460,에이프로젠,1972.0,0.2,17730,0,-7424,0.00,0.07,0.02,N,-0.60,0.01,-74.72,-87.85
2026-09-17T09:35:25,003060,에이프로젠바이오로직스,1634.0,-0.43,7612,0,-299,0.00,0.05,0.00,N,-0.13,0.10,-74.35,-85.20
2026-09-17T09:35:27,417030,니어스랩,27750.0,4.13,50574,0,3265,5.70,0.88,0.00,N,-6.70,-0.61,-33.93,-33.93
2026-09-17T09:35:29,127120,제이에스링크,31500.0,1.29,5882,0,441,3.50,0.02,0.00,N,-52.41,14.67,-36.87,-36.87
2026-09-17T09:35:31,115180,큐리언트,22550.0,2.73,12015,0,1382,3.06,0.03,0.00,N,-26.69,24.94,-64.15,-64.15
2026-09-17T09:35:33,478340,나라스페이스테크놀로지,13850.0,29.92,1333944,0,72817,3.81,11.53,0.56,N,-11.60,-3.02,-78.56,-78.56
2026-09-17T09:35:36,209640,와이제이링크,3810.0,23.3,1014628,0,-28501,4.70,3.57,0.71,N,-34.95,1.45,-63.19,-63.19
2026-09-17T09:35:38,420570,제이투케이바이오,10110.0,17.97,305535,0,3064,1.31,5.23,1.24,N,22.03,1.75,-21.38,-21.38
2026-09-17T09:35:40,274090,켄코아에어로스페이스,11830.0,16.21,1602666,0,-281963,9.21,11.64,1.47,N,-10.00,0.97,-70.13,-70.13
2026-09-17T09:35:42,412350,레이저쎌,5230.0,10.11,616783,0,38798,3.82,4.22,0.00,N,-3.27,3.57,-64.28,-64.28
2026-09-17T09:35:44,043260,성호전자,20700.0,11.53,3408146,217387,-55459,2.54,4.52,0.34,N,15.44,5.85,-65.27,-65.27
2026-09-17T09:35:46,004310,현대약품,11080.0,11.13,10479070,0,502401,1.25,32.75,3.22,N,0.00,0.00,-30.58,-30.58
2026-09-17T09:35:48,200470,에이팩트,6800.0,9.85,1137461,0,454942,2.95,2.60,0.39,N,-5.68,5.21,-48.09,-48.09
2026-09-17T09:35:50,192650,드림텍,7700.0,8.3,2150187,0,229047,58.96,3.26,2.30,N,7700.00,1.36,-15.57,-15.57
2026-09-17T09:35:52,232830,아이티센피엔에스,3130.0,-10.06,1382414,0,-84871,1.64,8.36,0.00,N,-8.53,3.25,-44.01,-44.01
2026-09-17T09:35:54,088800,에이스테크,2322.0,-5.22,1994089,0,-241109,0.00,2.64,0.00,N,-6.14,2.54,-70.57,-70.57
2026-09-17T09:35:56,049080,기가레인,10400.0,-5.37,1648244,0,-167528,1.42,19.42,0.00,N,-8.33,2.14,-30.43,-66.72
2026-09-17T09:35:58,138080,오이솔루션,25950.0,0.58,444319,0,-51323,3.12,3.59,0.02,N,-10.36,4.49,-55.18,-55.18
2026-09-17T09:36:00,042370,비츠로테크,9760.0,10.91,1549998,0,-155958,7.64,5.92,1.84,N,38.58,0.99,-58.99,-58.99
2026-09-17T09:45:22,007460,에이프로젠,1974.0,0.3,18305,0,-7421,0.00,0.07,0.02,N,-0.60,0.01,-74.69,-87.84
2026-09-17T09:45:24,003060,에이프로젠바이오로직스,1638.0,-0.18,13597,0,-1070,0.00,0.08,0.00,N,-0.13,0.10,-74.29,-85.17
2026-09-17T09:45:26,417030,니어스랩,27850.0,4.5,64039,0,7556,5.70,1.11,0.00,N,-6.72,-0.61,-33.69,-33.69
2026-09-17T09:45:28,127120,제이에스링크,31400.0,0.96,6108,0,343,3.50,0.02,0.00,N,-52.25,14.63,-37.07,-37.07
2026-09-17T09:45:30,115180,큐리언트,22400.0,2.05,14659,0,2237,3.06,0.04,0.00,N,-26.51,24.78,-64.39,-64.39
2026-09-17T09:45:32,478340,나라스페이스테크놀로지,13850.0,29.92,1346527,0,75680,3.81,11.64,0.56,N,-11.60,-3.02,-78.56,-78.56
2026-09-17T09:45:34,396270,넥스트칩,2625.0,23.24,1433642,0,-98686,3.45,4.36,0.00,N,-3.07,7.21,-65.32,-65.32
2026-09-17T09:45:36,209640,와이제이링크,3690.0,19.42,1515157,0,-77560,4.70,5.33,0.71,N,-33.85,1.41,-64.35,-64.35
2026-09-17T09:45:38,051630,진양화학,1641.0,20.13,1932435,0,-74835,0.57,9.12,0.00,N,-6.44,0.90,-53.31,-53.31
2026-09-17T09:45:40,043260,성호전자,22050.0,18.8,5113026,217387,-189351,2.54,6.78,0.34,N,16.44,6.24,-63.00,-63.00
2026-09-17T09:45:42,357580,아모센스,7100.0,10.25,1143188,0,-105187,5.22,9.70,0.34,N,161.36,1.85,-76.25,-76.25
2026-09-17T09:45:44,274090,켄코아에어로스페이스,11870.0,16.6,1704847,0,-310127,9.21,12.38,1.47,N,-10.03,0.97,-70.03,-70.03
2026-09-17T09:45:46,412350,레이저쎌,5310.0,11.79,661321,0,51402,3.82,4.53,0.00,N,-3.32,3.62,-63.73,-63.73
2026-09-17T09:45:48,420570,제이투케이바이오,9800.0,14.35,349762,0,8403,1.31,5.98,1.24,N,21.35,1.70,-23.79,-23.79
2026-09-17T09:45:50,042370,비츠로테크,9950.0,13.07,1690022,0,-157456,7.64,6.45,1.84,N,39.33,1.01,-58.19,-58.19
2026-09-17T09:45:51,200470,에이팩트,6740.0,8.89,1206308,0,456672,2.95,2.75,0.39,N,-5.63,5.17,-48.55,-48.55
2026-09-17T09:45:53,232830,아이티센피엔에스,3015.0,-13.36,1639617,0,-84101,1.64,9.92,0.00,N,-8.22,3.13,-46.06,-46.06
2026-09-17T09:45:55,088800,에이스테크,2315.0,-5.51,2186677,0,-216463,0.00,2.90,0.00,N,-6.12,2.53,-70.66,-70.66
2026-09-17T09:45:57,220100,퓨쳐켐,6610.0,-2.07,494141,0,-209263,6.29,2.20,0.36,N,-13.74,2.84,-81.14,-76.62
2026-09-17T09:45:59,049080,기가레인,10500.0,-4.46,1746094,0,-135002,1.42,20.57,0.00,N,-8.41,2.16,-29.77,-66.40
2026-09-17T09:46:01,201490,미투온,4105.0,6.9,23351057,0,142898,0.95,71.36,5.07,N,164.20,0.89,-40.51,-40.51
2026-09-17T09:46:03,138080,오이솔루션,26200.0,1.55,456687,0,-51889,3.12,3.69,0.02,N,-10.46,4.54,-54.75,-54.75
2026-09-17T09:46:05,004310,현대약품,10670.0,7.02,12109014,0,224504,1.25,37.84,3.22,N,0.00,0.00,-33.15,-33.15
2026-09-17T09:55:22,007460,에이프로젠,1964.0,-0.2,18630,0,-7378,0.00,0.08,0.02,N,-0.59,0.01,-74.82,-87.90
2026-09-17T09:55:24,003060,에이프로젠바이오로직스,1632.0,-0.55,15970,0,-3196,0.00,0.10,0.00,N,-0.13,0.10,-74.38,-85.22
2026-09-17T09:55:26,417030,니어스랩,28000.0,5.07,74938,0,10878,5.70,1.30,0.00,N,-6.76,-0.61,-33.33,-33.33
2026-09-17T09:55:28,127120,제이에스링크,31350.0,0.8,7367,0,59,3.50,0.02,0.00,N,-52.16,14.60,-37.17,-37.17
2026-09-17T09:55:30,115180,큐리언트,22950.0,4.56,25982,0,1706,3.06,0.07,0.00,N,-27.16,25.39,-63.51,-63.51
2026-09-17T09:55:32,478340,나라스페이스테크놀로지,13850.0,29.92,1358127,0,75680,3.81,11.74,0.56,N,-11.60,-3.02,-78.56,-78.56
2026-09-17T09:55:34,209640,와이제이링크,3720.0,20.39,1920789,0,-88540,4.70,6.75,0.71,N,-34.13,1.42,-64.06,-64.06
2026-09-17T09:55:36,043260,성호전자,22450.0,20.96,6604879,217387,-248119,2.54,8.75,0.34,N,16.74,6.35,-62.33,-62.33
2026-09-17T09:55:38,051630,진양화학,1653.0,21.01,2079948,0,-88090,0.57,9.81,0.00,N,-6.48,0.90,-52.97,-52.97
2026-09-17T09:55:40,396270,넥스트칩,2500.0,17.37,1918983,0,-120007,3.45,5.84,0.00,N,-2.92,6.87,-66.97,-66.97
2026-09-17T09:55:41,142280,녹십자엠에스,3475.0,13.38,2132892,0,23402,0.92,8.90,2.45,N,20.56,1.70,-47.82,-47.82
2026-09-17T09:55:43,412350,레이저쎌,5360.0,12.84,693083,0,53889,3.82,4.75,0.00,N,-3.35,3.65,-63.39,-63.39
2026-09-17T09:55:45,261780,아리바이오랩,4500.0,11.8,971649,0,145295,0.00,3.36,0.00,N,0.00,0.00,-33.04,-33.04
2026-09-17T09:55:47,274090,켄코아에어로스페이스,11490.0,12.87,1818707,0,-322539,9.21,13.20,1.47,N,-9.71,0.94,-70.98,-70.98
2026-09-17T09:55:49,357580,아모센스,6860.0,6.52,1383976,0,-131727,5.22,11.74,0.34,N,155.91,1.79,-77.06,-77.06
2026-09-17T09:55:51,420570,제이투케이바이오,9630.0,12.37,363785,0,7951,1.31,6.22,1.24,N,20.98,1.67,-25.12,-25.12
2026-09-17T09:55:53,042370,비츠로테크,9890.0,12.39,1751554,0,-161689,7.64,6.69,1.84,N,39.09,1.00,-58.45,-58.45
2026-09-17T09:55:55,232830,아이티센피엔에스,3045.0,-12.5,1746438,0,-99243,1.64,10.56,0.00,N,-8.30,3.17,-45.53,-45.53
2026-09-17T09:55:57,088800,에이스테크,2330.0,-4.9,2282058,0,-215817,0.00,3.02,0.00,N,-6.16,2.55,-70.47,-70.47
2026-09-17T09:55:59,220100,퓨쳐켐,6550.0,-2.96,524130,0,-226677,6.29,2.34,0.36,N,-13.62,2.81,-81.31,-76.83
2026-09-17T09:56:01,049080,기가레인,10410.0,-5.28,1849174,0,-152279,1.42,21.78,0.00,N,-8.33,2.14,-30.37,-66.69
2026-09-17T09:56:03,460940,피앤에스로보틱스,5180.0,5.71,602090,0,-41721,1.52,4.47,1.81,N,24.43,1.59,-77.82,-65.00
2026-09-17T09:56:05,201490,미투온,4035.0,5.08,24294908,0,10514,0.95,74.24,5.07,N,161.40,0.88,-41.52,-41.52
2026-09-17T09:56:07,004310,현대약품,10610.0,6.42,12704278,0,157791,1.25,39.70,3.22,N,0.00,0.00,-33.52,-33.52
2026-09-17T09:56:08,138080,오이솔루션,26150.0,1.36,477020,0,-48299,3.12,3.85,0.02,N,-10.44,4.53,-54.84,-54.84
2026-09-17T10:05:22,007460,에이프로젠,1961.0,-0.36,22384,0,-6412,0.00,0.09,0.02,N,-0.59,0.01,-74.86,-87.92
2026-09-17T10:05:24,003060,에이프로젠바이오로직스,1635.0,-0.37,16303,0,-3224,0.00,0.10,0.00,N,-0.13,0.10,-74.33,-85.19
2026-09-17T10:05:26,417030,니어스랩,28200.0,5.82,81043,0,12672,5.70,1.40,0.00,N,-6.81,-0.62,-32.86,-32.86
2026-09-17T10:05:28,127120,제이에스링크,31300.0,0.64,7548,0,156,3.50,0.02,0.00,N,-52.08,14.58,-37.27,-37.27
2026-09-17T10:05:30,115180,큐리언트,23600.0,7.52,37752,0,6573,3.06,0.10,0.00,N,-27.93,26.11,-62.48,-62.48
2026-09-17T10:05:32,478340,나라스페이스테크놀로지,13850.0,29.92,1361448,0,75680,3.81,11.77,0.56,N,-11.60,-3.02,-78.56,-78.56
2026-09-17T10:05:34,043260,성호전자,22800.0,22.84,8030402,217387,-294988,2.54,10.64,0.34,N,17.00,6.45,-61.74,-61.74
2026-09-17T10:05:36,209640,와이제이링크,3715.0,20.23,2352037,0,-94107,4.70,8.27,0.71,N,-34.08,1.42,-64.11,-64.11
2026-09-17T10:05:38,142280,녹십자엠에스,3550.0,15.82,3732125,0,-4038,0.92,15.57,2.45,N,21.01,1.74,-46.70,-46.70
2026-09-17T10:05:40,051630,진양화학,1593.0,16.62,2196918,0,-99956,0.57,10.36,0.00,N,-6.25,0.87,-54.68,-54.68
2026-09-17T10:05:42,396270,넥스트칩,2465.0,15.73,2232603,0,-172648,3.45,6.79,0.00,N,-2.88,6.77,-67.44,-67.44
2026-09-17T10:05:44,261780,아리바이오랩,4590.0,14.04,1213495,0,98249,0.00,4.19,0.00,N,0.00,0.00,-31.70,-31.70
2026-09-17T10:05:46,274090,켄코아에어로스페이스,11640.0,14.34,1874936,0,-321227,9.21,13.61,1.47,N,-9.84,0.95,-70.61,-70.61
2026-09-17T10:05:48,412350,레이저쎌,5350.0,12.63,708077,0,52875,3.82,4.85,0.00,N,-3.35,3.65,-63.46,-63.46
2026-09-17T10:05:50,357580,아모센스,6890.0,6.99,1441064,0,-123197,5.22,12.22,0.34,N,156.59,1.80,-76.96,-76.96
2026-09-17T10:05:52,192650,드림텍,7890.0,10.97,2796273,0,262620,58.96,4.24,2.30,N,7890.00,1.40,-13.49,-13.49
2026-09-17T10:05:54,200470,에이팩트,6820.0,10.18,1343850,0,474576,2.95,3.07,0.39,N,-5.70,5.23,-47.94,-47.94
2026-09-17T10:05:56,420570,제이투케이바이오,9630.0,12.37,370590,0,9084,1.31,6.34,1.24,N,20.98,1.67,-25.12,-25.12
2026-09-17T10:05:58,042370,비츠로테크,9920.0,12.73,1804478,0,-168473,7.64,6.89,1.84,N,39.21,1.00,-58.32,-58.32
2026-09-17T10:06:00,232830,아이티센피엔에스,3055.0,-12.21,1856648,0,-109262,1.64,11.23,0.00,N,-8.32,3.18,-45.35,-45.35
2026-09-17T10:06:02,088800,에이스테크,2325.0,-5.1,2318117,0,-200641,0.00,3.07,0.00,N,-6.15,2.54,-70.53,-70.53
2026-09-17T10:06:04,220100,퓨쳐켐,6530.0,-3.26,537828,0,-242231,6.29,2.40,0.36,N,-13.58,2.80,-81.37,-76.90
2026-09-17T10:06:06,049080,기가레인,10350.0,-5.82,1891421,0,-151019,1.42,22.28,0.00,N,-8.29,2.12,-30.77,-66.88
2026-09-17T10:06:08,460940,피앤에스로보틱스,5280.0,7.76,620179,0,-36073,1.52,4.61,1.81,N,24.91,1.62,-77.39,-64.32
2026-09-17T10:06:10,201490,미투온,4085.0,6.38,24920186,0,-177601,0.95,76.15,5.07,N,163.40,0.89,-40.80,-40.80
2026-09-17T10:06:12,004310,현대약품,10720.0,7.52,13099351,0,95153,1.25,40.94,3.22,N,0.00,0.00,-32.83,-32.83
2026-09-17T10:15:24,007460,에이프로젠,1961.0,-0.36,26936,0,-3406,0.00,0.11,0.02,N,-0.59,0.01,-74.86,-87.92
2026-09-17T10:15:26,003060,에이프로젠바이오로직스,1635.0,-0.37,16691,0,-2915,0.00,0.10,0.00,N,-0.13,0.10,-74.33,-85.19
2026-09-17T10:15:28,417030,니어스랩,27950.0,4.88,84728,0,12303,5.70,1.47,0.00,N,-6.75,-0.61,-33.45,-33.45
2026-09-17T10:15:30,127120,제이에스링크,31300.0,0.64,9125,0,1132,3.50,0.02,0.00,N,-52.08,14.58,-37.27,-37.27
2026-09-17T10:15:33,115180,큐리언트,23150.0,5.47,42583,0,4347,3.06,0.11,0.00,N,-27.40,25.61,-63.20,-63.20
2026-09-17T10:15:35,478340,나라스페이스테크놀로지,13850.0,29.92,1363752,0,75680,3.81,11.79,0.56,N,-11.60,-3.02,-78.56,-78.56
2026-09-17T10:15:36,043260,성호전자,22800.0,22.84,8784023,217387,-194336,2.54,11.64,0.34,N,17.00,6.45,-61.74,-61.74
2026-09-17T10:15:38,209640,와이제이링크,3710.0,20.06,2473695,0,-101667,4.70,8.70,0.71,N,-34.04,1.42,-64.15,-64.15
2026-09-17T10:15:40,042370,비츠로테크,10460.0,18.86,2695319,0,-132245,7.64,10.29,1.84,N,41.34,1.06,-56.05,-56.05
2026-09-17T10:15:42,051630,진양화학,1620.0,18.59,2248661,0,-89974,0.57,10.61,0.00,N,-6.35,0.89,-53.91,-53.91
2026-09-17T10:15:44,142280,녹십자엠에스,3535.0,15.33,5148547,0,-130468,0.92,21.49,2.45,N,20.92,1.73,-46.92,-46.92
2026-09-17T10:15:46,274090,켄코아에어로스페이스,11650.0,14.44,1902399,0,-322363,9.21,13.81,1.47,N,-9.85,0.95,-70.58,-70.58
2026-09-17T10:15:48,412350,레이저쎌,5380.0,13.26,724207,0,61850,3.82,4.96,0.00,N,-3.37,3.67,-63.25,-63.25
2026-09-17T10:15:50,261780,아리바이오랩,4550.0,13.04,1400782,0,164040,0.00,4.84,0.00,N,0.00,0.00,-32.29,-32.29
2026-09-17T10:15:52,357580,아모센스,6910.0,7.3,1497391,0,-148301,5.22,12.70,0.34,N,157.05,1.80,-76.89,-76.89
2026-09-17T10:15:54,396270,넥스트칩,2395.0,12.44,2541923,0,-171570,3.45,7.73,0.00,N,-2.80,6.58,-68.36,-68.36
2026-09-17T10:15:56,200470,에이팩트,6800.0,9.85,1382827,0,472957,2.95,3.16,0.39,N,-5.68,5.21,-48.09,-48.09
2026-09-17T10:15:58,420570,제이투케이바이오,9680.0,12.95,378611,0,12083,1.31,6.47,1.24,N,21.09,1.68,-24.73,-24.73
2026-09-17T10:16:00,192650,드림텍,7860.0,10.55,2981889,0,218768,58.96,4.53,2.30,N,7860.00,1.39,-13.82,-13.82
2026-09-17T10:16:02,232830,아이티센피엔에스,2995.0,-13.94,1959015,0,-109834,1.64,11.85,0.00,N,-8.16,3.11,-46.42,-46.42
2026-09-17T10:16:04,220100,퓨쳐켐,6410.0,-5.04,593016,0,-258538,6.29,2.64,0.36,N,-13.33,2.75,-81.71,-77.33
2026-09-17T10:16:06,088800,에이스테크,2310.0,-5.71,2408913,0,-232280,0.00,3.19,0.00,N,-6.11,2.53,-70.72,-70.72
2026-09-17T10:16:08,049080,기가레인,10390.0,-5.46,1949918,0,-139637,1.42,22.97,0.00,N,-8.32,2.13,-30.50,-66.75
2026-09-17T10:16:10,460940,피앤에스로보틱스,5300.0,8.16,633519,0,-29688,1.52,4.71,1.81,N,25.00,1.63,-77.30,-64.19
2026-09-17T10:16:12,004310,현대약품,10640.0,6.72,13354661,0,57396,1.25,41.73,3.22,N,0.00,0.00,-33.33,-33.33
2026-09-17T10:16:14,201490,미투온,4135.0,7.68,25490932,0,-184580,0.95,77.90,5.07,N,165.40,0.90,-40.07,-40.07
2026-09-17T10:25:22,007460,에이프로젠,1972.0,0.2,27042,0,-3430,0.00,0.11,0.02,N,-0.60,0.01,-74.72,-87.85
2026-09-17T10:25:24,003060,에이프로젠바이오로직스,1640.0,-0.06,17033,0,-2921,0.00,0.10,0.00,N,-0.13,0.10,-74.25,-85.15
2026-09-17T10:25:26,417030,니어스랩,27900.0,4.69,87123,0,12856,5.70,1.51,0.00,N,-6.74,-0.61,-33.57,-33.57
2026-09-17T10:25:28,127120,제이에스링크,31250.0,0.48,10045,0,1350,3.50,0.03,0.00,N,-52.00,14.56,-37.37,-37.37
2026-09-17T10:25:30,115180,큐리언트,23000.0,4.78,46745,0,3899,3.06,0.12,0.00,N,-27.22,25.44,-63.43,-63.43
2026-09-17T10:25:32,478340,나라스페이스테크놀로지,13850.0,29.92,1364599,0,75680,3.81,11.79,0.56,N,-11.60,-3.02,-78.56,-78.56
2026-09-17T10:25:34,051630,진양화학,1682.0,23.13,2378224,0,-69322,0.57,11.22,0.00,N,-6.60,0.92,-52.15,-52.15
2026-09-17T10:25:36,209640,와이제이링크,3705.0,19.9,2726268,0,-135362,4.70,9.58,0.71,N,-33.99,1.41,-64.20,-64.20
2026-09-17T10:25:38,043260,성호전자,22500.0,21.23,9187481,217387,-134049,2.54,12.18,0.34,N,16.78,6.36,-62.25,-62.25
2026-09-17T10:25:40,142280,녹십자엠에스,3550.0,15.82,5748818,0,-155835,0.92,23.99,2.45,N,21.01,1.74,-46.70,-46.70
2026-09-17T10:25:42,261780,아리바이오랩,4590.0,14.04,1465347,0,177585,0.00,5.06,0.00,N,0.00,0.00,-31.70,-31.70
2026-09-17T10:25:44,274090,켄코아에어로스페이스,11630.0,14.24,1940454,0,-309926,9.21,14.09,1.47,N,-9.83,0.95,-70.63,-70.63
2026-09-17T10:25:45,042370,비츠로테크,10120.0,15.0,3138033,0,-208126,7.64,11.98,1.84,N,40.00,1.02,-57.48,-57.48
2026-09-17T10:25:47,200470,에이팩트,7010.0,13.25,1615695,0,541437,2.95,3.69,0.39,N,-5.86,5.38,-46.49,-46.49
2026-09-17T10:25:49,357580,아모센스,6900.0,7.14,1574933,0,-159356,5.22,13.36,0.34,N,156.82,1.80,-76.92,-76.92
2026-09-17T10:25:51,192650,드림텍,7990.0,12.38,3472107,0,199757,58.96,5.27,2.30,N,7990.00,1.42,-12.39,-12.39
2026-09-17T10:25:53,412350,레이저쎌,5270.0,10.95,735430,0,62408,3.82,5.04,0.00,N,-3.30,3.59,-64.00,-64.00
2026-09-17T10:25:55,420570,제이투케이바이오,9650.0,12.6,395393,0,11323,1.31,6.76,1.24,N,21.02,1.67,-24.96,-24.96
2026-09-17T10:25:57,181710,NHN,58100.0,8.8,107130,0,11025,14.07,0.33,0.38,N,60.90,1.22,-25.70,-25.70
2026-09-17T10:25:59,232830,아이티센피엔에스,3020.0,-13.22,1980467,0,-110249,1.64,11.98,0.00,N,-8.23,3.14,-45.97,-45.97
2026-09-17T10:26:01,220100,퓨쳐켐,6440.0,-4.59,606477,0,-265709,6.29,2.70,0.36,N,-13.39,2.77,-81.63,-77.22
2026-09-17T10:26:03,088800,에이스테크,2330.0,-4.9,2464345,0,-251568,0.00,3.26,0.00,N,-6.16,2.55,-70.47,-70.47
2026-09-17T10:26:05,396270,넥스트칩,2380.0,11.74,2850100,0,-152679,3.45,8.67,0.00,N,-2.78,6.54,-68.56,-68.56
2026-09-17T10:26:07,049080,기가레인,10350.0,-5.82,1969317,0,-141014,1.42,23.20,0.00,N,-8.29,2.12,-30.77,-66.88
2026-09-17T10:26:09,072990,에이치시티,3320.0,9.75,950222,0,-97702,7.73,6.55,0.78,N,7.65,0.50,-76.62,-54.04
2026-09-17T10:26:11,460940,피앤에스로보틱스,5250.0,7.14,639895,0,-26836,1.52,4.76,1.81,N,24.76,1.61,-77.52,-64.53
2026-09-17T10:26:13,004310,현대약품,10610.0,6.42,13542202,0,40142,1.25,42.32,3.22,N,0.00,0.00,-33.52,-33.52
2026-09-17T10:35:22,007460,에이프로젠,1977.0,0.46,30083,0,-1895,0.00,0.12,0.02,N,-0.60,0.01,-74.65,-87.82
2026-09-17T10:35:24,003060,에이프로젠바이오로직스,1644.0,0.18,17173,0,-2993,0.00,0.11,0.00,N,-0.13,0.10,-74.19,-85.11
2026-09-17T10:35:26,417030,니어스랩,28700.0,7.69,104521,0,18488,5.70,1.81,0.00,N,-6.93,-0.63,-31.67,-31.67
2026-09-17T10:35:28,127120,제이에스링크,31200.0,0.32,10774,0,1626,3.50,0.03,0.00,N,-51.91,14.53,-37.47,-37.47
2026-09-17T10:35:30,115180,큐리언트,23100.0,5.24,48447,0,4236,3.06,0.13,0.00,N,-27.34,25.55,-63.28,-63.28
2026-09-17T10:35:32,478340,나라스페이스테크놀로지,13850.0,29.92,1365791,0,75644,3.81,11.80,0.56,N,-11.60,-3.02,-78.56,-78.56
2026-09-17T10:35:35,051630,진양화학,1729.0,26.57,2779585,0,-107104,0.57,13.11,0.00,N,-6.78,0.95,-50.81,-50.81
2026-09-17T10:35:36,209640,와이제이링크,3715.0,20.23,2806076,0,-157130,4.70,9.87,0.71,N,-34.08,1.42,-64.11,-64.11
2026-09-17T10:35:39,043260,성호전자,22300.0,20.15,9635366,217387,-125453,2.54,12.77,0.34,N,16.63,6.31,-62.58,-62.58
2026-09-17T10:35:40,274090,켄코아에어로스페이스,11680.0,14.73,1963631,0,-308526,9.21,14.26,1.47,N,-9.87,0.96,-70.51,-70.51
2026-09-17T10:35:42,142280,녹십자엠에스,3465.0,13.05,7219201,0,-184278,0.92,30.13,2.45,N,20.50,1.70,-47.97,-47.97
2026-09-17T10:35:44,396270,넥스트칩,2420.0,13.62,3240608,0,-159573,3.45,9.85,0.00,N,-2.83,6.65,-68.03,-68.03
2026-09-17T10:35:46,200470,에이팩트,6980.0,12.76,1739172,0,503569,2.95,3.97,0.39,N,-5.83,5.35,-46.72,-46.72
2026-09-17T10:35:48,261780,아리바이오랩,4525.0,12.42,1509736,0,196787,0.00,5.21,0.00,N,0.00,0.00,-32.66,-32.66
2026-09-17T10:35:50,330860,네패스아크,26450.0,11.84,282918,0,56641,9.43,2.32,2.63,N,-11.24,1.95,-58.35,-58.35
2026-09-17T10:35:52,042370,비츠로테크,10110.0,14.89,3221591,0,-214943,7.64,12.30,1.84,N,39.96,1.02,-57.52,-57.52
2026-09-17T10:35:54,138080,오이솔루션,28250.0,9.5,646299,0,27754,3.12,5.22,0.02,N,-11.28,4.89,-51.21,-51.21
2026-09-17T10:35:56,357580,아모센스,6900.0,7.14,1596514,0,-159088,5.22,13.54,0.34,N,156.82,1.80,-76.92,-76.92
2026-09-17T10:35:58,033640,네패스,26900.0,9.35,279181,0,37031,11.13,1.21,0.79,Y,37.41,5.02,-34.63,-34.63
2026-09-17T10:36:00,232830,아이티센피엔에스,3035.0,-12.79,1995160,0,-110923,1.64,12.07,0.00,N,-8.27,3.15,-45.71,-45.71
2026-09-17T10:36:02,220100,퓨쳐켐,6410.0,-5.04,620047,0,-274655,6.29,2.76,0.36,N,-13.33,2.75,-81.71,-77.33
2026-09-17T10:36:04,088800,에이스테크,2315.0,-5.51,2529676,0,-235690,0.00,3.35,0.00,N,-6.12,2.53,-70.66,-70.66
2026-09-17T10:36:06,049080,기가레인,10370.0,-5.64,1989721,0,-142331,1.42,23.44,0.00,N,-8.30,2.13,-30.64,-66.82
2026-09-17T10:36:08,072990,에이치시티,3270.0,8.1,1020825,0,-102396,7.73,7.04,0.78,N,7.53,0.50,-76.97,-54.73
2026-09-17T10:36:10,420570,제이투케이바이오,9260.0,8.05,480174,0,2563,1.31,8.21,1.24,N,20.17,1.60,-27.99,-27.99
2026-09-17T10:36:12,460940,피앤에스로보틱스,5230.0,6.73,642763,0,-25766,1.52,4.78,1.81,N,24.67,1.60,-77.60,-64.66
2026-09-17T10:45:21,007460,에이프로젠,1977.0,0.46,32617,0,63,0.00,0.13,0.02,N,-0.60,0.01,-74.65,-87.82
2026-09-17T10:45:23,003060,에이프로젠바이오로직스,1646.0,0.3,19238,0,-2983,0.00,0.12,0.00,N,-0.13,0.10,-74.16,-85.09
2026-09-17T10:45:26,417030,니어스랩,29300.0,9.94,147343,0,27886,5.70,2.55,0.00,N,-7.07,-0.64,-30.24,-30.24
2026-09-17T10:45:28,127120,제이에스링크,31200.0,0.32,12734,0,3261,3.50,0.03,0.00,N,-51.91,14.53,-37.47,-37.47
2026-09-17T10:45:30,115180,큐리언트,22950.0,4.56,50052,0,3298,3.06,0.13,0.00,N,-27.16,25.39,-63.51,-63.51
2026-09-17T10:45:32,0007J0,인벤테라,12830.0,22.19,461115,0,-13532,2.80,5.86,0.11,Y,0.00,0.00,-78.69,-78.69
2026-09-17T10:45:34,478340,나라스페이스테크놀로지,13850.0,29.92,1369289,0,75554,3.81,11.83,0.56,N,-11.60,-3.02,-78.56,-78.56
2026-09-17T10:45:36,051630,진양화학,1723.0,26.13,2881209,0,-106076,0.57,13.59,0.00,N,-6.76,0.94,-50.98,-50.98
2026-09-17T10:45:38,209640,와이제이링크,3835.0,24.11,3092761,0,-135145,4.70,10.87,0.71,N,-35.18,1.46,-62.95,-62.95
2026-09-17T10:45:40,043260,성호전자,21900.0,18.0,10185306,217387,-39257,2.54,13.50,0.34,N,16.33,6.19,-63.26,-63.26
2026-09-17T10:45:42,317850,대모,6750.0,14.21,520187,0,-29167,3.18,6.25,2.47,N,29.74,1.17,-38.13,-38.13
2026-09-17T10:45:44,200470,에이팩트,7120.0,15.02,2063394,0,534908,2.95,4.71,0.39,N,-5.95,5.46,-45.65,-45.65
2026-09-17T10:45:46,357580,아모센스,7060.0,9.63,1658234,0,-162623,5.22,14.07,0.34,N,160.45,1.84,-76.39,-76.39
2026-09-17T10:45:48,330860,네패스아크,26750.0,13.11,318143,0,45011,9.43,2.61,2.63,N,-11.36,1.97,-57.87,-57.87
2026-09-17T10:45:50,274090,켄코아에어로스페이스,11650.0,14.44,1981646,0,-311188,9.21,14.39,1.47,N,-9.85,0.95,-70.58,-70.58
2026-09-17T10:45:52,396270,넥스트칩,2435.0,14.32,3475125,0,-189492,3.45,10.57,0.00,N,-2.84,6.69,-67.83,-67.83
2026-09-17T10:45:54,042370,비츠로테크,10060.0,14.32,3314231,0,-224016,7.64,12.65,1.84,N,39.76,1.02,-57.73,-57.73
2026-09-17T10:45:56,412350,레이저쎌,5340.0,12.42,753358,0,68888,3.82,5.16,0.00,N,-3.34,3.64,-63.52,-63.52
2026-09-17T10:45:58,033640,네패스,27150.0,10.37,328393,0,25600,11.13,1.42,0.79,N,37.76,5.07,-34.02,-34.02
2026-09-17T10:46:00,261780,아리바이오랩,4480.0,11.3,1547129,0,196664,0.00,5.34,0.00,N,0.00,0.00,-33.33,-33.33
2026-09-17T10:46:02,088800,에이스테크,2290.0,-6.53,2550131,0,-237639,0.00,3.38,0.00,N,-6.06,2.51,-70.98,-70.98
2026-09-17T10:46:04,232830,아이티센피엔에스,3050.0,-12.36,2036731,0,-120832,1.64,12.32,0.00,N,-8.31,3.17,-45.44,-45.44
2026-09-17T10:46:06,220100,퓨쳐켐,6420.0,-4.89,630967,0,-281838,6.29,2.81,0.36,N,-13.35,2.76,-81.68,-77.29
2026-09-17T10:46:08,072990,에이치시티,3170.0,4.79,1074563,0,-93103,7.73,7.41,0.78,N,7.30,0.48,-77.68,-56.11
2026-09-17T10:46:10,049080,기가레인,10300.0,-6.28,2005568,0,-149929,1.42,23.63,0.00,N,-8.25,2.11,-31.10,-67.04
2026-09-17T10:46:12,460940,피앤에스로보틱스,5280.0,7.76,648994,0,-22861,1.52,4.82,1.81,N,24.91,1.62,-77.39,-64.32
2026-09-17T10:55:22,007460,에이프로젠,1980.0,0.61,36654,0,1568,0.00,0.15,0.02,N,-0.60,0.01,-74.62,-87.80
2026-09-17T10:55:24,003060,에이프로젠바이오로직스,1651.0,0.61,19469,0,-3056,0.00,0.12,0.00,N,-0.13,0.10,-74.08,-85.05
2026-09-17T10:55:25,417030,니어스랩,29400.0,10.32,179287,0,38956,5.70,3.10,0.00,N,-7.10,-0.64,-30.00,-30.00
2026-09-17T10:55:27,127120,제이에스링크,31300.0,0.64,14977,0,3119,3.50,0.04,0.00,N,-52.08,14.58,-37.27,-37.27
2026-09-17T10:55:29,115180,큐리언트,22850.0,4.1,51799,0,2704,3.06,0.14,0.00,N,-27.04,25.28,-63.67,-63.67
2026-09-17T10:55:31,478340,나라스페이스테크놀로지,13850.0,29.92,1369916,0,75406,3.81,11.84,0.56,N,-11.60,-3.02,-78.56,-78.56
2026-09-17T10:55:33,209640,와이제이링크,3940.0,27.51,3548716,0,-177837,4.70,12.48,0.71,N,-36.15,1.50,-61.93,-61.93
2026-09-17T10:55:35,0007J0,인벤테라,12050.0,14.76,790070,0,-27755,2.80,10.04,0.11,N,0.00,0.00,-79.98,-79.98
2026-09-17T10:55:37,051630,진양화학,1692.0,23.87,3010115,0,-31819,0.57,14.20,0.00,N,-6.64,0.93,-51.86,-51.86
2026-09-17T10:55:39,317850,대모,6810.0,15.23,944157,0,-64699,3.18,11.34,2.47,N,30.00,1.18,-37.58,-37.58
2026-09-17T10:55:41,274090,켄코아에어로스페이스,11830.0,16.21,2038391,0,-291746,9.21,14.80,1.47,N,-10.00,0.97,-70.13,-70.13
2026-09-17T10:55:43,043260,성호전자,21750.0,17.19,10655438,217387,-40209,2.54,14.12,0.34,N,16.22,6.15,-63.51,-63.51
2026-09-17T10:55:45,396270,넥스트칩,2440.0,14.55,3568738,0,-166408,3.45,10.85,0.00,N,-2.85,6.70,-67.77,-67.77
2026-09-17T10:55:47,200470,에이팩트,7030.0,13.57,2167744,0,543417,2.95,4.95,0.39,N,-5.87,5.39,-46.34,-46.34
2026-09-17T10:55:49,412350,레이저쎌,5360.0,12.84,765048,0,66329,3.82,5.24,0.00,N,-3.35,3.65,-63.39,-63.39
2026-09-17T10:55:51,042370,비츠로테크,10140.0,15.23,3397527,0,-245570,7.64,12.97,1.84,N,40.08,1.03,-57.39,-57.39
2026-09-17T10:55:53,357580,아모센스,6900.0,7.14,1701489,0,-163644,5.22,14.43,0.34,N,156.82,1.80,-76.92,-76.92
2026-09-17T10:55:55,330860,네패스아크,26150.0,10.57,333207,0,47323,9.43,2.73,2.63,N,-11.11,1.93,-58.82,-58.82
2026-09-17T10:55:57,232830,아이티센피엔에스,3020.0,-13.22,2065841,0,-125393,1.64,12.49,0.00,N,-8.23,3.14,-45.97,-45.97
2026-09-17T10:55:59,088800,에이스테크,2280.0,-6.94,2594496,0,-232923,0.00,3.44,0.00,N,-6.03,2.49,-71.10,-71.10
2026-09-17T10:56:01,220100,퓨쳐켐,6430.0,-4.74,638600,0,-288016,6.29,2.85,0.36,N,-13.37,2.76,-81.65,-77.26
2026-09-17T10:56:03,072990,에이치시티,3150.0,4.13,1095837,0,-88780,7.73,7.56,0.78,N,7.26,0.48,-77.82,-56.39
2026-09-17T10:56:05,049080,기가레인,10370.0,-5.64,2020172,0,-155946,1.42,23.80,0.00,N,-8.30,2.13,-30.64,-66.82
2026-09-17T10:56:07,460940,피앤에스로보틱스,5220.0,6.53,651312,0,-21385,1.52,4.84,1.81,N,24.62,1.60,-77.64,-64.73
2026-09-17T10:56:09,420570,제이투케이바이오,9380.0,9.45,503531,0,11836,1.31,8.61,1.24,N,20.44,1.62,-27.06,-27.06
2026-09-17T10:56:11,072950,빛샘전자,13300.0,-1.7,5279487,0,-115159,1.76,65.56,2.46,N,14.18,1.28,-48.25,-48.25
2026-09-17T11:05:21,007460,에이프로젠,1984.0,0.81,41897,0,4018,0.00,0.17,0.02,N,-0.60,0.01,-74.56,-87.78
2026-09-17T11:05:23,003060,에이프로젠바이오로직스,1648.0,0.43,19717,0,-3176,0.00,0.12,0.00,N,-0.13,0.10,-74.13,-85.08
2026-09-17T11:05:25,417030,니어스랩,29300.0,9.94,189656,0,41639,5.70,3.28,0.00,N,-7.07,-0.64,-30.24,-30.24
2026-09-17T11:05:27,127120,제이에스링크,31450.0,1.13,15826,0,3630,3.50,0.04,0.00,N,-52.33,14.65,-36.97,-36.97
2026-09-17T11:05:29,115180,큐리언트,22900.0,4.33,53311,0,2459,3.06,0.14,0.00,N,-27.10,25.33,-63.59,-63.59
2026-09-17T11:05:31,478340,나라스페이스테크놀로지,13850.0,29.92,1370437,0,75301,3.81,11.84,0.56,N,-11.60,-3.02,-78.56,-78.56
2026-09-17T11:05:33,209640,와이제이링크,3835.0,24.11,3838003,0,-210899,4.70,13.49,0.71,N,-35.18,1.46,-62.95,-62.95
2026-09-17T11:05:35,051630,진양화학,1690.0,23.72,3039308,0,-38684,0.57,14.34,0.00,N,-6.63,0.92,-51.92,-51.92
2026-09-17T11:05:37,0007J0,인벤테라,11470.0,9.24,965343,0,-35753,2.80,12.27,0.11,Y,0.00,0.00,-80.95,-80.95
2026-09-17T11:05:39,317850,대모,6900.0,16.75,1305892,0,-99156,3.18,15.69,2.47,N,30.40,1.19,-36.76,-36.76
2026-09-17T11:05:41,043260,성호전자,22000.0,18.53,11002220,217387,-13258,2.54,14.58,0.34,N,16.41,6.22,-63.09,-63.09
2026-09-17T11:05:43,274090,켄코아에어로스페이스,11840.0,16.31,2068498,0,-287422,9.21,15.02,1.47,N,-10.01,0.97,-70.10,-70.10
2026-09-17T11:05:44,042370,비츠로테크,10320.0,17.27,3663453,0,-230870,7.64,13.98,1.84,N,40.79,1.04,-56.64,-56.64
2026-09-17T11:05:46,200470,에이팩트,7040.0,13.73,2208124,0,552669,2.95,5.04,0.39,N,-5.88,5.40,-46.26,-46.26
2026-09-17T11:05:48,396270,넥스트칩,2430.0,14.08,3614636,0,-157140,3.45,10.99,0.00,N,-2.84,6.68,-67.90,-67.90
2026-09-17T11:05:50,412350,레이저쎌,5310.0,11.79,786308,0,54840,3.82,5.38,0.00,N,-3.32,3.62,-63.73,-63.73
2026-09-17T11:05:52,330860,네패스아크,26600.0,12.47,341155,0,48225,9.43,2.80,2.63,N,-11.30,1.96,-58.11,-58.11
2026-09-17T11:05:54,295310,에이치브이엠,60700.0,13.88,365537,0,-7448,4.61,2.95,1.89,N,-77.52,10.93,-57.85,-57.85
2026-09-17T11:05:56,347700,스피어,23250.0,14.25,2763783,0,-129674,9.02,5.36,0.43,N,4650.00,15.67,-59.42,-59.42
2026-09-17T11:05:57,290550,디케이티,18570.0,10.21,298330,0,35456,7.00,1.49,3.97,N,16.02,1.83,-46.87,-46.87
2026-09-17T11:05:59,142280,녹십자엠에스,3375.0,10.11,7982493,0,-195622,0.92,33.31,2.45,N,19.97,1.65,-49.32,-49.32
2026-09-17T11:06:01,232830,아이티센피엔에스,3005.0,-13.65,2090450,0,-125600,1.64,12.64,0.00,N,-8.19,3.12,-46.24,-46.24
2026-09-17T11:06:03,088800,에이스테크,2280.0,-6.94,2633507,0,-234821,0.00,3.49,0.00,N,-6.03,2.49,-71.10,-71.10
2026-09-17T11:06:05,220100,퓨쳐켐,6380.0,-5.48,654161,0,-291697,6.29,2.92,0.36,N,-13.26,2.74,-81.80,-77.43
2026-09-17T11:06:07,072990,에이치시티,3110.0,2.81,1126411,0,-81055,7.73,7.77,0.78,N,7.17,0.47,-78.10,-56.94
2026-09-17T11:06:09,049080,기가레인,10480.0,-4.64,2034061,0,-153190,1.42,23.96,0.00,N,-8.39,2.15,-29.90,-66.46
2026-09-17T11:06:11,460940,피앤에스로보틱스,5240.0,6.94,652968,0,-20631,1.52,4.85,1.81,N,24.72,1.61,-77.56,-64.59
2026-09-17T11:06:13,420570,제이투케이바이오,9350.0,9.1,506001,0,12560,1.31,8.65,1.24,N,20.37,1.62,-27.29,-27.29
2026-09-17T11:06:15,072950,빛샘전자,13230.0,-2.22,5408765,0,-98370,1.76,67.17,2.46,N,14.10,1.28,-48.52,-48.52
2026-09-17T11:06:17,357580,아모센스,6830.0,6.06,1735434,0,-171201,5.22,14.72,0.34,N,155.23,1.78,-77.16,-77.16
2026-09-17T11:06:19,004310,현대약품,10640.0,6.72,14469663,0,79459,1.25,45.22,3.22,N,0.00,0.00,-33.33,-33.33
2026-09-17T11:25:23,007460,에이프로젠,2010.0,2.13,58280,0,10177,0.00,0.23,0.02,N,-0.61,0.02,-74.23,-87.62
2026-09-17T11:25:25,003060,에이프로젠바이오로직스,1653.0,0.73,22876,0,-2845,0.00,0.14,0.00,N,-0.13,0.10,-74.05,-85.03
2026-09-17T11:25:27,417030,니어스랩,29350.0,10.13,204429,0,44852,5.70,3.54,0.00,N,-7.09,-0.64,-30.12,-30.12
2026-09-17T11:25:29,127120,제이에스링크,31550.0,1.45,17030,0,3731,3.50,0.05,0.00,N,-52.50,14.69,-36.77,-36.77
2026-09-17T11:25:31,115180,큐리언트,22850.0,4.1,57454,0,3826,3.06,0.15,0.00,N,-27.04,25.28,-63.67,-63.67
2026-09-17T11:25:33,478340,나라스페이스테크놀로지,13850.0,29.92,1372800,0,74889,3.81,11.87,0.56,N,-11.60,-3.02,-78.56,-78.56
2026-09-17T11:25:35,0007J0,인벤테라,12090.0,15.14,1294948,0,-37689,2.80,16.46,0.11,N,0.00,0.00,-79.92,-79.92
2026-09-17T11:25:37,051630,진양화학,1710.0,25.18,3123783,0,-39549,0.57,14.73,0.00,N,-6.71,0.93,-51.35,-51.35
2026-09-17T11:25:39,209640,와이제이링크,3785.0,22.49,4146941,0,-184734,4.70,14.58,0.71,N,-34.72,1.45,-63.43,-63.43
2026-09-17T11:25:41,317850,대모,7050.0,19.29,2074751,0,-111866,3.18,24.92,2.47,N,31.06,1.22,-35.38,-35.38
2026-09-17T11:25:43,201490,미투온,4655.0,21.22,42352027,0,-164119,0.95,129.42,5.07,N,186.20,1.01,-32.54,-32.54
2026-09-17T11:25:45,043260,성호전자,21700.0,16.92,11370370,217387,-48340,2.54,15.07,0.34,N,16.18,6.14,-63.59,-63.59
2026-09-17T11:25:47,484120,도우인시스,20800.0,14.47,148572,0,51772,0.38,1.36,2.15,N,424.49,1.35,-36.20,-39.27
2026-09-17T11:25:49,396270,넥스트칩,2480.0,16.43,4066594,0,-199754,3.45,12.37,0.00,N,-2.90,6.81,-67.24,-67.24
2026-09-17T11:25:51,274090,켄코아에어로스페이스,11660.0,14.54,2098385,0,-290095,9.21,15.23,1.47,N,-9.86,0.95,-70.56,-70.56
2026-09-17T11:25:53,042370,비츠로테크,10180.0,15.68,3846134,0,-238319,7.64,14.68,1.84,N,40.24,1.03,-57.23,-57.23
2026-09-17T11:25:55,200470,에이팩트,6980.0,12.76,2276097,0,557225,2.95,5.19,0.39,N,-5.83,5.35,-46.72,-46.72
2026-09-17T11:25:57,290550,디케이티,18760.0,11.34,348080,0,39619,7.00,1.74,3.97,N,16.19,1.85,-46.32,-46.32
2026-09-17T11:25:59,330860,네패스아크,26200.0,10.78,356519,0,50813,9.43,2.93,2.63,N,-11.13,1.93,-58.74,-58.74
2026-09-17T11:26:01,412350,레이저쎌,5260.0,10.74,810846,0,48913,3.82,5.55,0.00,N,-3.29,3.59,-64.07,-64.07
2026-09-17T11:26:03,232830,아이티센피엔에스,2930.0,-15.8,2201464,0,-125434,1.64,13.31,0.00,N,-7.98,3.05,-47.58,-47.58
2026-09-17T11:26:05,088800,에이스테크,2255.0,-7.96,2705848,0,-247344,0.00,3.58,0.00,N,-5.97,2.47,-71.42,-71.42
2026-09-17T11:26:07,220100,퓨쳐켐,6330.0,-6.22,675688,0,-307391,6.29,3.01,0.36,N,-13.16,2.72,-81.94,-77.61
2026-09-17T11:26:10,049080,기가레인,10160.0,-7.55,2108423,0,-173949,1.42,24.84,0.00,N,-8.13,2.09,-32.04,-67.49
2026-09-17T11:26:12,072990,에이치시티,3165.0,4.63,1132542,0,-79439,7.73,7.81,0.78,N,7.29,0.48,-77.71,-56.18
2026-09-17T11:26:14,072950,빛샘전자,13010.0,-3.84,5549262,0,-87743,1.76,68.91,2.46,N,13.87,1.26,-49.38,-49.38
2026-09-17T11:26:16,460940,피앤에스로보틱스,5220.0,6.53,660946,0,-16283,1.52,4.91,1.81,N,24.62,1.60,-77.64,-64.73
2026-09-17T11:26:18,357580,아모센스,6760.0,4.97,1784805,0,-174423,5.22,15.14,0.34,N,153.64,1.76,-77.39,-77.39
2026-09-17T11:26:20,004310,현대약품,10450.0,4.81,14993992,0,12464,1.25,46.86,3.22,N,0.00,0.00,-34.52,-34.52
2026-09-17T11:26:22,420570,제이투케이바이오,9360.0,9.22,509842,0,12428,1.31,8.72,1.24,N,20.39,1.62,-27.22,-27.22
2026-09-17T11:35:22,007460,에이프로젠,2020.0,2.64,65240,0,9869,0.00,0.26,0.02,N,-0.61,0.02,-74.10,-87.55
2026-09-17T11:35:24,003060,에이프로젠바이오로직스,1663.0,1.34,26442,0,200,0.00,0.16,0.00,N,-0.13,0.10,-73.89,-84.94
2026-09-17T11:35:26,417030,니어스랩,28950.0,8.63,209142,0,45535,5.70,3.62,0.00,N,-6.99,-0.63,-31.07,-31.07
2026-09-17T11:35:28,127120,제이에스링크,31650.0,1.77,18042,0,3820,3.50,0.05,0.00,N,-52.66,14.74,-36.57,-36.57
2026-09-17T11:35:30,115180,큐리언트,22850.0,4.1,59743,0,4839,3.06,0.16,0.00,N,-27.04,25.28,-63.67,-63.67
2026-09-17T11:35:32,478340,나라스페이스테크놀로지,13850.0,29.92,1373734,0,74889,3.81,11.87,0.56,N,-11.60,-3.02,-78.56,-78.56
2026-09-17T11:35:34,051630,진양화학,1726.0,26.35,3218014,0,-13797,0.57,15.18,0.00,N,-6.77,0.94,-50.90,-50.90
2026-09-17T11:35:36,317850,대모,7240.0,22.5,2623089,0,-128372,3.18,31.51,2.47,N,31.89,1.25,-33.64,-33.64
2026-09-17T11:35:38,209640,와이제이링크,3795.0,22.82,4282000,0,-216691,4.70,15.05,0.71,N,-34.82,1.45,-63.33,-63.33
2026-09-17T11:35:40,0007J0,인벤테라,11610.0,10.57,1417815,0,-37306,2.80,18.03,0.11,N,0.00,0.00,-80.71,-80.71
2026-09-17T11:35:42,201490,미투온,4700.0,22.4,46121918,0,-193031,0.95,140.94,5.07,N,188.00,1.02,-31.88,-31.88
2026-09-17T11:35:44,355150,코스텍시스,21950.0,14.92,152446,0,35286,16.54,1.96,0.45,N,-94.61,6.70,-65.76,-65.76
2026-09-17T11:35:45,042370,비츠로테크,10400.0,18.18,4106759,0,-154435,7.64,15.67,1.84,N,41.11,1.05,-56.30,-56.30
2026-09-17T11:35:47,484120,도우인시스,20750.0,14.2,151194,0,52624,0.38,1.38,2.15,N,423.47,1.34,-36.35,-39.42
2026-09-17T11:35:49,396270,넥스트칩,2485.0,16.67,4168949,0,-227151,3.45,12.68,0.00,N,-2.90,6.83,-67.17,-67.17
2026-09-17T11:35:51,289080,SV인베스트먼트,2815.0,11.93,5795619,0,83318,0.86,9.64,3.10,N,-156.39,2.19,-44.04,-44.04
2026-09-17T11:35:53,274090,켄코아에어로스페이스,11720.0,15.13,2111078,0,-290631,9.21,15.33,1.47,N,-9.91,0.96,-70.40,-70.40
2026-09-17T11:35:55,043260,성호전자,21400.0,15.3,11590140,217387,-63939,2.54,15.36,0.34,N,15.96,6.05,-64.09,-64.09
2026-09-17T11:35:57,200470,에이팩트,7020.0,13.41,2299614,0,566552,2.95,5.25,0.39,N,-5.86,5.38,-46.41,-46.41
2026-09-17T11:35:59,290550,디케이티,18750.0,11.28,359459,0,34025,7.00,1.80,3.97,N,16.18,1.85,-46.35,-46.35
2026-09-17T11:36:01,330860,네패스아크,26250.0,10.99,362491,0,51417,9.43,2.98,2.63,N,-11.15,1.93,-58.66,-58.66
2026-09-17T11:36:02,412350,레이저쎌,5260.0,10.74,826122,0,46882,3.82,5.66,0.00,N,-3.29,3.59,-64.07,-64.07
2026-09-17T11:36:04,232830,아이티센피엔에스,2790.0,-19.83,2414902,0,-119254,1.64,14.61,0.00,Y,-7.60,2.90,-50.09,-50.09
2026-09-17T11:36:06,088800,에이스테크,2255.0,-7.96,2723278,0,-242240,0.00,3.61,0.00,N,-5.97,2.47,-71.42,-71.42
2026-09-17T11:36:08,220100,퓨쳐켐,6330.0,-6.22,680629,0,-309037,6.29,3.03,0.36,N,-13.16,2.72,-81.94,-77.61
2026-09-17T11:36:10,049080,기가레인,10130.0,-7.83,2145678,0,-171091,1.42,25.28,0.00,N,-8.11,2.08,-32.24,-67.58
2026-09-17T11:36:12,072990,에이치시티,3180.0,5.12,1140021,0,-76409,7.73,7.86,0.78,N,7.33,0.48,-77.61,-55.97
2026-09-17T11:36:14,460940,피앤에스로보틱스,5190.0,5.92,668469,0,-12174,1.52,4.97,1.81,N,24.48,1.59,-77.77,-64.93
2026-09-17T11:36:16,072950,빛샘전자,12990.0,-3.99,5603517,0,-75979,1.76,69.59,2.46,N,13.85,1.25,-49.46,-49.46
2026-09-17T11:36:18,004310,현대약품,10460.0,4.91,15088933,0,3395,1.25,47.15,3.22,N,0.00,0.00,-34.46,-34.46
2026-09-17T11:36:20,420570,제이투케이바이오,9350.0,9.1,510684,0,12361,1.31,8.73,1.24,N,20.37,1.62,-27.29,-27.29
2026-09-17T11:36:22,357580,아모센스,6800.0,5.59,1796180,0,-175069,5.22,15.24,0.34,N,154.55,1.77,-77.26,-77.26
2026-09-17T11:45:22,007460,에이프로젠,2015.0,2.39,69643,0,11992,0.00,0.28,0.02,N,-0.61,0.02,-74.17,-87.58
2026-09-17T11:45:25,003060,에이프로젠바이오로직스,1660.0,1.16,29378,0,1181,0.00,0.18,0.00,N,-0.13,0.10,-73.94,-84.97
2026-09-17T11:45:27,417030,니어스랩,29250.0,9.76,214934,0,46489,5.70,3.72,0.00,N,-7.06,-0.64,-30.36,-30.36
2026-09-17T11:45:29,127120,제이에스링크,31750.0,2.09,18610,0,4079,3.50,0.05,0.00,N,-52.83,14.79,-36.37,-36.37
2026-09-17T11:45:31,115180,큐리언트,22900.0,4.33,61805,0,4984,3.06,0.16,0.00,N,-27.10,25.33,-63.59,-63.59
2026-09-17T11:45:33,478340,나라스페이스테크놀로지,13850.0,29.92,1374603,0,74889,3.81,11.88,0.56,N,-11.60,-3.02,-78.56,-78.56
2026-09-17T11:45:35,051630,진양화학,1750.0,28.11,3324397,0,-9432,0.57,15.68,0.00,N,-6.86,0.96,-50.21,-50.21
2026-09-17T11:45:37,209640,와이제이링크,3790.0,22.65,4342782,0,-209270,4.70,15.27,0.71,N,-34.77,1.45,-63.38,-63.38
2026-09-17T11:45:39,042370,비츠로테크,10820.0,22.95,4489754,0,-163293,7.64,17.14,1.84,N,42.77,1.10,-54.54,-54.54
2026-09-17T11:45:41,0007J0,인벤테라,11460.0,9.14,1463461,0,-35327,2.80,18.61,0.11,N,0.00,0.00,-80.96,-80.96
2026-09-17T11:45:43,201490,미투온,4700.0,22.4,47617058,0,-214928,0.95,145.51,5.07,N,188.00,1.02,-31.88,-31.88
2026-09-17T11:45:45,396270,넥스트칩,2540.0,19.25,4386713,0,-283277,3.45,13.34,0.00,N,-2.97,6.98,-66.45,-66.45
2026-09-17T11:45:47,355150,코스텍시스,21800.0,14.14,163203,0,36503,16.54,2.09,0.45,N,-93.97,6.65,-65.99,-65.99
2026-09-17T11:45:49,274090,켄코아에어로스페이스,11860.0,16.5,2134315,0,-287187,9.21,15.50,1.47,N,-10.03,0.97,-70.05,-70.05
2026-09-17T11:45:50,484120,도우인시스,20650.0,13.65,152579,0,52790,0.38,1.39,2.15,N,421.43,1.34,-36.66,-39.71
2026-09-17T11:45:52,043260,성호전자,21550.0,16.11,11737109,217387,-47646,2.54,15.56,0.34,N,16.07,6.09,-63.84,-63.84
2026-09-17T11:45:54,051160,지어소프트,11190.0,12.8,685735,0,-38331,18.76,4.43,0.71,N,13.71,1.04,-3.87,-3.87
2026-09-17T11:45:56,200470,에이팩트,6990.0,12.92,2316514,0,572608,2.95,5.29,0.39,N,-5.84,5.36,-46.64,-46.64
2026-09-17T11:45:58,317850,대모,6660.0,12.69,3259288,0,-128188,3.18,39.15,2.47,N,29.34,1.15,-38.96,-38.96
2026-09-17T11:46:00,412350,레이저쎌,5300.0,11.58,834238,0,50864,3.82,5.71,0.00,N,-3.32,3.61,-63.80,-63.80
2026-09-17T11:46:02,290550,디케이티,18790.0,11.51,369368,0,30358,7.00,1.85,3.97,N,16.21,1.85,-46.24,-46.24
2026-09-17T11:46:04,330860,네패스아크,26250.0,10.99,365784,0,51870,9.43,3.00,2.63,N,-11.15,1.93,-58.66,-58.66
2026-09-17T11:46:06,347700,스피어,23350.0,14.74,3176993,0,-211594,9.02,6.16,0.43,N,4670.00,15.73,-59.25,-59.25
2026-09-17T11:46:08,232830,아이티센피엔에스,2845.0,-18.25,2561538,0,-128515,1.64,15.49,0.00,N,-7.75,2.96,-49.11,-49.11
2026-09-17T11:46:10,088800,에이스테크,2255.0,-7.96,2740022,0,-245264,0.00,3.63,0.00,N,-5.97,2.47,-71.42,-71.42
2026-09-17T11:46:12,220100,퓨쳐켐,6340.0,-6.07,691044,0,-312342,6.29,3.08,0.36,N,-13.18,2.72,-81.91,-77.58
2026-09-17T11:46:14,049080,기가레인,10160.0,-7.55,2158732,0,-171848,1.42,25.43,0.00,N,-8.13,2.09,-32.04,-67.49
2026-09-17T11:46:16,072990,에이치시티,3185.0,5.29,1142301,0,-75087,7.73,7.88,0.78,N,7.34,0.48,-77.57,-55.90
2026-09-17T11:46:17,460940,피앤에스로보틱스,5220.0,6.53,672017,0,-10948,1.52,4.99,1.81,N,24.62,1.60,-77.64,-64.73
2026-09-17T11:46:19,072950,빛샘전자,13030.0,-3.7,5645518,0,-67163,1.76,70.11,2.46,N,13.89,1.26,-49.30,-49.30
2026-09-17T11:46:21,261780,아리바이오랩,4140.0,2.86,1862690,0,256465,0.00,6.43,0.00,N,0.00,0.00,-38.39,-38.39
2026-09-17T11:46:23,004310,현대약품,10530.0,5.62,15202263,0,-7950,1.25,47.51,3.22,N,0.00,0.00,-34.02,-34.02
2026-09-17T11:46:25,357580,아모센스,6810.0,5.75,1804879,0,-177337,5.22,15.31,0.34,N,154.77,1.78,-77.22,-77.22
2026-09-17T11:46:27,420570,제이투케이바이오,9490.0,10.74,515136,0,10858,1.31,8.81,1.24,N,20.68,1.64,-26.21,-26.21
2026-09-17T11:55:21,007460,에이프로젠,1992.0,1.22,73892,0,13304,0.00,0.30,0.02,N,-0.60,0.02,-74.46,-87.73
2026-09-17T11:55:23,003060,에이프로젠바이오로직스,1654.0,0.79,33636,0,1194,0.00,0.21,0.00,N,-0.13,0.10,-74.03,-85.02
2026-09-17T11:55:25,417030,니어스랩,29200.0,9.57,217826,0,46658,5.70,3.77,0.00,N,-7.05,-0.64,-30.48,-30.48
2026-09-17T11:55:27,127120,제이에스링크,31700.0,1.93,22067,0,2374,3.50,0.06,0.00,N,-52.75,14.76,-36.47,-36.47
2026-09-17T11:55:29,115180,큐리언트,22850.0,4.1,68614,0,5915,3.06,0.18,0.00,N,-27.04,25.28,-63.67,-63.67
2026-09-17T11:55:31,478340,나라스페이스테크놀로지,13850.0,29.92,1375202,0,74889,3.81,11.89,0.56,N,-11.60,-3.02,-78.56,-78.56
2026-09-17T11:55:32,051630,진양화학,1762.0,28.99,3434176,0,-39811,0.57,16.20,0.00,N,-6.91,0.96,-49.87,-49.87
2026-09-17T11:55:34,209640,와이제이링크,3775.0,22.17,4397167,0,-204763,4.70,15.46,0.71,N,-34.63,1.44,-63.53,-63.53
2026-09-17T11:55:36,042370,비츠로테크,10890.0,23.75,4876076,0,-148980,7.64,18.61,1.84,N,43.04,1.10,-54.24,-54.24
2026-09-17T11:55:38,396270,넥스트칩,2535.0,19.01,4617521,0,-326398,3.45,14.04,0.00,N,-2.96,6.96,-66.51,-66.51
2026-09-17T11:55:40,201490,미투온,4635.0,20.7,48570368,0,-227066,0.95,148.43,5.07,N,185.40,1.01,-32.83,-32.83
2026-09-17T11:55:42,0007J0,인벤테라,11400.0,8.57,1491315,0,-35667,2.80,18.96,0.11,N,0.00,0.00,-81.06,-81.06
2026-09-17T11:55:44,274090,켄코아에어로스페이스,11920.0,17.09,2179763,0,-268669,9.21,15.82,1.47,N,-10.08,0.97,-69.90,-69.90
2026-09-17T11:55:46,484120,도우인시스,20850.0,14.75,153531,0,53190,0.38,1.40,2.15,N,425.51,1.35,-36.04,-39.12
2026-09-17T11:55:47,043260,성호전자,21600.0,16.38,11821591,217387,-60508,2.54,15.67,0.34,N,16.11,6.11,-63.76,-63.76
2026-09-17T11:55:49,355150,코스텍시스,21400.0,12.04,189515,0,52402,16.54,2.43,0.45,N,-92.24,6.53,-66.61,-66.61
2026-09-17T11:55:51,412350,레이저쎌,5320.0,12.0,838508,0,52813,3.82,5.74,0.00,N,-3.33,3.63,-63.66,-63.66
2026-09-17T11:55:53,290550,디케이티,18830.0,11.75,381585,0,25723,7.00,1.91,3.97,N,16.25,1.86,-46.12,-46.12
2026-09-17T11:55:55,289080,SV인베스트먼트,2790.0,10.93,8697043,0,-235570,0.86,14.46,3.10,N,-155.00,2.17,-44.53,-44.53
2026-09-17T11:55:57,051160,지어소프트,10950.0,10.38,743483,0,-31294,18.76,4.80,0.71,N,13.42,1.02,-5.93,-5.93
2026-09-17T11:55:59,200470,에이팩트,6970.0,12.6,2333872,0,579147,2.95,5.33,0.39,N,-5.82,5.35,-46.79,-46.79
2026-09-17T11:56:00,330860,네패스아크,26300.0,11.21,370135,0,50930,9.43,3.04,2.63,N,-11.17,1.94,-58.58,-58.58
2026-09-17T11:56:02,420570,제이투케이바이오,9690.0,13.07,531498,0,14793,1.31,9.09,1.24,N,21.11,1.68,-24.65,-24.65
2026-09-17T11:56:04,232830,아이티센피엔에스,2855.0,-17.96,2624868,0,-126557,1.64,15.88,0.00,N,-7.78,2.97,-48.93,-48.93
2026-09-17T11:56:06,220100,퓨쳐켐,6300.0,-6.67,701819,0,-320359,6.29,3.13,0.36,N,-13.10,2.71,-82.03,-77.72
2026-09-17T11:56:08,088800,에이스테크,2280.0,-6.94,2754773,0,-250056,0.00,3.65,0.00,N,-6.03,2.49,-71.10,-71.10
2026-09-17T11:56:10,261780,아리바이오랩,3930.0,-2.36,1991784,0,277182,0.00,6.88,0.00,N,0.00,0.00,-41.52,-41.52
2026-09-17T11:56:12,049080,기가레인,10170.0,-7.46,2174951,0,-165138,1.42,25.62,0.00,N,-8.14,2.09,-31.97,-67.46
2026-09-17T11:56:14,072990,에이치시티,3215.0,6.28,1147512,0,-71414,7.73,7.91,0.78,N,7.41,0.49,-77.36,-55.49
2026-09-17T11:56:16,317850,대모,6440.0,8.97,3548813,0,-135996,3.18,42.63,2.47,N,28.37,1.11,-40.97,-40.97
2026-09-17T11:56:18,460940,피앤에스로보틱스,5240.0,6.94,676053,0,-7540,1.52,5.02,1.81,N,24.72,1.61,-77.56,-64.59
2026-09-17T11:56:20,004310,현대약품,10470.0,5.02,15301568,0,-27000,1.25,47.82,3.22,N,0.00,0.00,-34.40,-34.40
2026-09-17T11:56:22,072950,빛샘전자,13110.0,-3.1,5673794,0,-70834,1.76,70.46,2.46,N,13.98,1.27,-48.99,-48.99
2026-09-17T11:56:24,357580,아모센스,6800.0,5.59,1813539,0,-177015,5.22,15.38,0.34,N,154.55,1.77,-77.26,-77.26
2026-09-17T12:05:21,007460,에이프로젠,2015.0,2.39,77571,0,13644,0.00,0.31,0.02,N,-0.61,0.02,-74.17,-87.58
2026-09-17T12:05:23,003060,에이프로젠바이오로직스,1654.0,0.79,33642,0,1194,0.00,0.21,0.00,N,-0.13,0.10,-74.03,-85.02
2026-09-17T12:05:25,417030,니어스랩,28950.0,8.63,222196,0,46282,5.70,3.85,0.00,N,-6.99,-0.63,-31.07,-31.07
2026-09-17T12:05:27,127120,제이에스링크,31650.0,1.77,22194,0,2449,3.50,0.06,0.00,N,-52.66,14.74,-36.57,-36.57
2026-09-17T12:05:29,115180,큐리언트,22800.0,3.87,77341,0,8238,3.06,0.21,0.00,N,-26.98,25.22,-63.75,-63.75
2026-09-17T12:05:31,478340,나라스페이스테크놀로지,13850.0,29.92,1376260,0,74889,3.81,11.89,0.56,N,-11.60,-3.02,-78.56,-78.56
2026-09-17T12:05:33,051630,진양화학,1720.0,25.92,3477330,0,-38912,0.57,16.40,0.00,N,-6.75,0.94,-51.07,-51.07
2026-09-17T12:05:35,209640,와이제이링크,3780.0,22.33,4451420,0,-217865,4.70,15.65,0.71,N,-34.68,1.44,-63.48,-63.48
2026-09-17T12:05:37,042370,비츠로테크,10910.0,23.98,5324796,0,-155128,7.64,20.32,1.84,N,43.12,1.10,-54.16,-54.16
2026-09-17T12:05:38,0007J0,인벤테라,11550.0,10.0,1519101,0,-37652,2.80,19.31,0.11,N,0.00,0.00,-80.81,-80.81
2026-09-17T12:05:40,274090,켄코아에어로스페이스,11930.0,17.19,2202452,0,-268851,9.21,15.99,1.47,N,-10.08,0.98,-69.87,-69.87
2026-09-17T12:05:42,396270,넥스트칩,2490.0,16.9,4871123,0,-397566,3.45,14.81,0.00,N,-2.91,6.84,-67.11,-67.11
2026-09-17T12:05:44,484120,도우인시스,20850.0,14.75,153932,0,53240,0.38,1.40,2.15,N,425.51,1.35,-36.04,-39.12
2026-09-17T12:05:46,201490,미투온,4570.0,19.01,49619559,0,-206435,0.95,151.63,5.07,N,182.80,1.00,-33.77,-33.77
2026-09-17T12:05:48,457370,한켐,10670.0,9.66,3371215,0,35745,1.39,41.79,6.37,N,12.48,1.55,-37.38,-37.38
2026-09-17T12:05:50,412350,레이저쎌,5370.0,13.05,895076,0,55304,3.82,6.13,0.00,N,-3.36,3.66,-63.32,-63.32
2026-09-17T12:05:52,043260,성호전자,21500.0,15.84,11918210,217387,-67628,2.54,15.80,0.34,N,16.03,6.08,-63.93,-63.93
2026-09-17T12:05:54,355150,코스텍시스,21400.0,12.04,193685,0,52457,16.54,2.48,0.45,N,-92.24,6.53,-66.61,-66.61
2026-09-17T12:05:56,200470,에이팩트,7060.0,14.05,2358182,0,580919,2.95,5.38,0.39,N,-5.90,5.41,-46.11,-46.11
2026-09-17T12:05:58,051160,지어소프트,11130.0,12.2,793170,0,-11133,18.76,5.13,0.71,N,13.64,1.04,-4.38,-4.38
2026-09-17T12:05:59,290550,디케이티,18860.0,11.93,394626,0,21629,7.00,1.97,3.97,N,16.27,1.86,-46.04,-46.04
2026-09-17T12:06:01,347700,스피어,23350.0,14.74,3294858,0,-207622,9.02,6.39,0.43,N,4670.00,15.73,-59.25,-59.25
2026-09-17T12:06:03,289080,SV인베스트먼트,2775.0,10.34,9554477,0,-301353,0.86,15.89,3.10,N,-154.17,2.16,-44.83,-44.83
2026-09-17T12:06:05,330860,네패스아크,26200.0,10.78,373475,0,51686,9.43,3.07,2.63,N,-11.13,1.93,-58.74,-58.74
2026-09-17T12:06:07,232830,아이티센피엔에스,2875.0,-17.39,2653141,0,-131552,1.64,16.05,0.00,N,-7.83,2.99,-48.57,-48.57
2026-09-17T12:06:09,088800,에이스테크,2280.0,-6.94,2762230,0,-252421,0.00,3.66,0.00,N,-6.03,2.49,-71.10,-71.10
2026-09-17T12:06:11,220100,퓨쳐켐,6340.0,-6.07,706829,0,-323168,6.29,3.15,0.36,N,-13.18,2.72,-81.91,-77.58
2026-09-17T12:06:13,049080,기가레인,10180.0,-7.37,2180508,0,-164430,1.42,25.69,0.00,N,-8.15,2.09,-31.91,-67.42
2026-09-17T12:06:15,072990,에이치시티,3170.0,4.79,1152541,0,-71152,7.73,7.95,0.78,N,7.30,0.48,-77.68,-56.11
2026-09-17T12:06:17,317850,대모,6320.0,6.94,3650996,0,-135195,3.18,43.86,2.47,Y,27.84,1.09,-42.07,-42.07
2026-09-17T12:06:18,460940,피앤에스로보틱스,5190.0,5.92,676776,0,-7394,1.52,5.03,1.81,N,24.48,1.59,-77.77,-64.93
2026-09-17T12:06:20,261780,아리바이오랩,4135.0,2.73,2103511,0,245107,0.00,7.26,0.00,N,0.00,0.00,-38.47,-38.47
2026-09-17T12:06:22,072950,빛샘전자,13110.0,-3.1,5696293,0,-73571,1.76,70.74,2.46,N,13.98,1.27,-48.99,-48.99
2026-09-17T12:06:24,004310,현대약품,10470.0,5.02,15349269,0,-33822,1.25,47.97,3.22,N,0.00,0.00,-34.40,-34.40
2026-09-17T12:06:26,357580,아모센스,6790.0,5.43,1816362,0,-177326,5.22,15.41,0.34,N,154.32,1.77,-77.29,-77.29
2026-09-17T12:06:28,142280,녹십자엠에스,3300.0,7.67,8404348,0,-122601,0.92,35.07,2.45,N,19.53,1.62,-50.45,-50.45
2026-09-17T12:06:30,040300,YTN,2355.0,-1.46,1849370,-23876,-19838,1.67,3.88,0.39,N,-5.32,0.44,-51.94,-51.94
2026-09-17T12:15:28,007460,에이프로젠,2010.0,2.13,77603,0,13644,0.00,0.31,0.02,N,-0.61,0.02,-74.23,-87.62
2026-09-17T12:15:30,003060,에이프로젠바이오로직스,1654.0,0.79,33682,0,1202,0.00,0.21,0.00,N,-0.13,0.10,-74.03,-85.02
2026-09-17T12:15:33,417030,니어스랩,29200.0,9.57,225287,0,46223,5.70,3.90,0.00,N,-7.05,-0.64,-30.48,-30.48
2026-09-17T12:15:35,127120,제이에스링크,31800.0,2.25,23095,0,3144,3.50,0.06,0.00,N,-52.91,14.81,-36.27,-36.27
2026-09-17T12:15:38,115180,큐리언트,22850.0,4.1,79338,0,8028,3.06,0.21,0.00,N,-27.04,25.28,-63.67,-63.67
2026-09-17T12:15:40,478340,나라스페이스테크놀로지,13850.0,29.92,1376366,0,74889,3.81,11.90,0.56,N,-11.60,-3.02,-78.56,-78.56
2026-09-17T12:15:42,051630,진양화학,1751.0,28.18,3536856,0,-5135,0.57,16.68,0.00,N,-6.87,0.96,-50.18,-50.18
2026-09-17T12:15:45,209640,와이제이링크,3770.0,22.01,4485880,0,-226418,4.70,15.77,0.71,N,-34.59,1.44,-63.57,-63.57
2026-09-17T12:15:48,042370,비츠로테크,10710.0,21.7,5496243,0,-131671,7.64,20.98,1.84,N,42.33,1.08,-55.00,-55.00
2026-09-17T12:15:50,051160,지어소프트,11795.0,18.9,984856,0,-4414,18.76,6.36,0.71,N,14.45,1.10,-0.04,-0.04
2026-09-17T12:15:52,0007J0,인벤테라,11410.0,8.67,1529426,0,-38670,2.80,19.44,0.11,N,0.00,0.00,-81.05,-81.05
2026-09-17T12:15:55,043260,성호전자,22000.0,18.53,12091963,217387,-86180,2.54,16.03,0.34,N,16.41,6.22,-63.09,-63.09
2026-09-17T12:15:58,412350,레이저쎌,5500.0,15.79,936822,0,75866,3.82,6.42,0.00,N,-3.44,3.75,-62.43,-62.43
2026-09-17T12:16:00,396270,넥스트칩,2480.0,16.43,4947293,0,-386736,3.45,15.04,0.00,N,-2.90,6.81,-67.24,-67.24
2026-09-17T12:16:03,484120,도우인시스,20850.0,14.75,156335,0,52902,0.38,1.43,2.15,N,425.51,1.35,-36.04,-39.12
2026-09-17T12:16:05,274090,켄코아에어로스페이스,11830.0,16.21,2219455,0,-271886,9.21,16.11,1.47,N,-10.00,0.97,-70.13,-70.13
2026-09-17T12:16:07,201490,미투온,4540.0,18.23,50374681,0,-135204,0.95,153.94,5.07,N,181.60,0.99,-34.20,-34.20
2026-09-17T12:16:10,457370,한켐,10540.0,8.32,4267371,0,-14692,1.39,52.90,6.37,N,12.33,1.53,-38.15,-38.15
2026-09-17T12:16:13,200470,에이팩트,7050.0,13.89,2370914,0,576209,2.95,5.41,0.39,N,-5.89,5.41,-46.18,-46.18
2026-09-17T12:16:16,355150,코스텍시스,21250.0,11.26,198969,0,52621,16.54,2.55,0.45,N,-91.59,6.48,-66.85,-66.85
2026-09-17T12:16:18,290550,디케이티,18845.0,11.84,412139,0,19780,7.00,2.06,3.97,N,16.26,1.86,-46.08,-46.08
2026-09-17T12:16:20,330860,네패스아크,26550.0,12.26,377645,0,52151,9.43,3.10,2.63,N,-11.28,1.96,-58.19,-58.19
2026-09-17T12:16:22,232830,아이티센피엔에스,2895.0,-16.81,2676163,0,-134176,1.64,16.19,0.00,N,-7.89,3.01,-48.21,-48.21
2026-09-17T12:16:25,220100,퓨쳐켐,6340.0,-6.07,711725,0,-326996,6.29,3.17,0.36,N,-13.18,2.72,-81.91,-77.58
2026-09-17T12:16:27,088800,에이스테크,2285.0,-6.73,2777475,0,-254863,0.00,3.68,0.00,N,-6.04,2.50,-71.04,-71.04
2026-09-17T12:16:30,049080,기가레인,10130.0,-7.83,2191073,0,-163597,1.42,25.81,0.00,N,-8.11,2.08,-32.24,-67.58
2026-09-17T12:16:32,072990,에이치시티,3175.0,4.96,1155277,0,-69659,7.73,7.97,0.78,N,7.32,0.48,-77.64,-56.04
2026-09-17T12:16:34,317850,대모,6280.0,6.26,3702984,0,-132222,3.18,44.48,2.47,N,27.67,1.09,-42.44,-42.44
2026-09-17T12:16:36,261780,아리바이오랩,4065.0,0.99,2173919,0,204745,0.00,7.51,0.00,N,0.00,0.00,-39.51,-39.51
2026-09-17T12:16:38,460940,피앤에스로보틱스,5240.0,6.94,680109,0,-7357,1.52,5.05,1.81,N,24.72,1.61,-77.56,-64.59
2026-09-17T12:16:40,072950,빛샘전자,13140.0,-2.88,5713305,0,-77995,1.76,70.95,2.46,N,14.01,1.27,-48.87,-48.87
2026-09-17T12:16:43,004310,현대약품,10450.0,4.81,15408676,0,-48361,1.25,48.15,3.22,N,0.00,0.00,-34.52,-34.52
2026-09-17T12:16:45,357580,아모센스,6800.0,5.59,1819503,0,-177720,5.22,15.43,0.34,N,154.55,1.77,-77.26,-77.26
2026-09-17T12:25:25,007460,에이프로젠,1996.0,1.42,78206,0,13658,0.00,0.32,0.02,N,-0.60,0.02,-74.41,-87.70
2026-09-17T12:25:28,003060,에이프로젠바이오로직스,1653.0,0.73,36259,0,1221,0.00,0.22,0.00,N,-0.13,0.10,-74.05,-85.03
2026-09-17T12:25:30,417030,니어스랩,28850.0,8.26,227981,0,47664,5.70,3.95,0.00,N,-6.97,-0.63,-31.31,-31.31
2026-09-17T12:25:33,127120,제이에스링크,31900.0,2.57,27394,0,6033,3.50,0.07,0.00,N,-53.08,14.86,-36.07,-36.07
2026-09-17T12:25:35,115180,큐리언트,22750.0,3.64,80399,0,8164,3.06,0.21,0.00,N,-26.92,25.17,-63.83,-63.83
2026-09-17T12:25:38,478340,나라스페이스테크놀로지,13850.0,29.92,1376701,0,74889,3.81,11.90,0.56,N,-11.60,-3.02,-78.56,-78.56
2026-09-17T12:25:40,051630,진양화학,1743.0,27.6,3676773,0,-3435,0.57,17.34,0.00,N,-6.84,0.95,-50.41,-50.41
2026-09-17T12:25:42,051160,지어소프트,12200.0,22.98,1373342,0,-21704,18.76,8.87,0.71,N,14.95,1.14,-2.01,-2.01
2026-09-17T12:25:44,209640,와이제이링크,3750.0,21.36,4528284,0,-225823,4.70,15.92,0.71,N,-34.40,1.43,-63.77,-63.77
2026-09-17T12:25:47,042370,비츠로테크,10670.0,21.25,5595675,0,-139066,7.64,21.36,1.84,N,42.17,1.08,-55.17,-55.17
2026-09-17T12:25:49,457370,한켐,11070.0,13.77,4983811,0,11981,1.39,61.78,6.37,N,12.95,1.61,-35.04,-35.04
2026-09-17T12:25:52,043260,성호전자,22100.0,19.07,12272167,217387,-52568,2.54,16.26,0.34,N,16.48,6.25,-62.92,-62.92
2026-09-17T12:25:55,0007J0,인벤테라,11340.0,8.0,1538675,0,-37964,2.80,19.56,0.11,N,0.00,0.00,-81.16,-81.16
2026-09-17T12:25:58,484120,도우인시스,20800.0,14.47,157756,0,53797,0.38,1.44,2.15,N,424.49,1.35,-36.20,-39.27
2026-09-17T12:26:00,274090,켄코아에어로스페이스,11720.0,15.13,2231150,0,-273372,9.21,16.20,1.47,N,-9.91,0.96,-70.40,-70.40
2026-09-17T12:26:02,201490,미투온,4550.0,18.49,50863746,0,-138645,0.95,155.43,5.07,N,182.00,0.99,-34.06,-34.06
2026-09-17T12:26:04,412350,레이저쎌,5440.0,14.53,946094,0,78732,3.82,6.48,0.00,N,-3.40,3.71,-62.84,-62.84
2026-09-17T12:26:07,396270,넥스트칩,2470.0,15.96,5046574,0,-398292,3.45,15.34,0.00,N,-2.89,6.79,-67.37,-67.37
2026-09-17T12:26:09,200470,에이팩트,7080.0,14.38,2391422,0,577955,2.95,5.46,0.39,N,-5.91,5.43,-45.95,-45.95
2026-09-17T12:26:12,290550,디케이티,18910.0,12.23,421294,0,13401,7.00,2.11,3.97,N,16.32,1.86,-45.89,-45.89
2026-09-17T12:26:14,355150,코스텍시스,21350.0,11.78,202296,0,53152,16.54,2.59,0.45,N,-92.03,6.52,-66.69,-66.69
2026-09-17T12:26:16,330860,네패스아크,26550.0,12.26,385257,0,50811,9.43,3.16,2.63,N,-11.28,1.96,-58.19,-58.19
2026-09-17T12:26:18,232830,아이티센피엔에스,2895.0,-16.81,2731602,0,-139073,1.64,16.52,0.00,N,-7.89,3.01,-48.21,-48.21
2026-09-17T12:26:21,220100,퓨쳐켐,6340.0,-6.07,715932,0,-330580,6.29,3.19,0.36,N,-13.18,2.72,-81.91,-77.58
2026-09-17T12:26:23,088800,에이스테크,2290.0,-6.53,2791211,0,-257758,0.00,3.70,0.00,N,-6.06,2.51,-70.98,-70.98
2026-09-17T12:26:24,049080,기가레인,10180.0,-7.37,2213662,0,-155290,1.42,26.08,0.00,N,-8.15,2.09,-31.91,-67.42
2026-09-17T12:26:26,317850,대모,6270.0,6.09,3730244,0,-128500,3.18,44.81,2.47,N,27.62,1.08,-42.53,-42.53
2026-09-17T12:26:29,072990,에이치시티,3200.0,5.79,1160846,0,-69323,7.73,8.01,0.78,N,7.37,0.49,-77.46,-55.70
2026-09-17T12:26:31,261780,아리바이오랩,4050.0,0.62,2232120,0,188334,0.00,7.71,0.00,N,0.00,0.00,-39.73,-39.73
2026-09-17T12:26:33,460940,피앤에스로보틱스,5240.0,6.94,682409,0,-7149,1.52,5.07,1.81,N,24.72,1.61,-77.56,-64.59
2026-09-17T12:26:36,004310,현대약품,10430.0,4.61,15469903,0,-69987,1.25,48.34,3.22,N,0.00,0.00,-34.65,-34.65
2026-09-17T12:26:39,072950,빛샘전자,13210.0,-2.37,5775190,0,-84236,1.76,71.72,2.46,N,14.08,1.28,-48.60,-48.60
2026-09-17T12:26:42,357580,아모센스,6840.0,6.21,1827055,0,-177166,5.22,15.50,0.34,N,155.45,1.78,-77.12,-77.12
2026-09-17T12:26:44,142280,녹십자엠에스,3315.0,8.16,8467955,0,-113914,0.92,35.34,2.45,N,19.62,1.62,-50.23,-50.23
2026-09-17T12:35:22,007460,에이프로젠,2000.0,1.63,79657,0,14329,0.00,0.32,0.02,N,-0.60,0.02,-74.36,-87.68
2026-09-17T12:35:24,003060,에이프로젠바이오로직스,1650.0,0.55,36962,0,1295,0.00,0.23,0.00,N,-0.13,0.10,-74.10,-85.06
2026-09-17T12:35:26,417030,니어스랩,29350.0,10.13,233970,0,50610,5.70,4.05,0.00,N,-7.09,-0.64,-30.12,-30.12
2026-09-17T12:35:28,127120,제이에스링크,31900.0,2.57,28922,0,6986,3.50,0.08,0.00,N,-53.08,14.86,-36.07,-36.07
2026-09-17T12:35:30,115180,큐리언트,22750.0,3.64,92874,0,13195,3.06,0.25,0.00,N,-26.92,25.17,-63.83,-63.83
2026-09-17T12:35:32,478340,나라스페이스테크놀로지,13850.0,29.92,1377935,0,74889,3.81,11.91,0.56,N,-11.60,-3.02,-78.56,-78.56
2026-09-17T12:35:33,051630,진양화학,1744.0,27.67,3731238,0,11992,0.57,17.60,0.00,N,-6.84,0.95,-50.38,-50.38
2026-09-17T12:35:35,051160,지어소프트,12160.0,22.58,1511263,0,-10312,18.76,9.77,0.71,N,14.90,1.13,-2.33,-2.33
2026-09-17T12:35:37,209640,와이제이링크,3725.0,20.55,4570127,0,-224166,4.70,16.07,0.71,N,-34.17,1.42,-64.01,-64.01
2026-09-17T12:35:39,285800,진영,4615.0,22.25,716076,0,-14730,0.06,19.93,0.06,N,-5.83,0.46,-24.10,-68.87
2026-09-17T12:35:41,457370,한켐,10980.0,12.85,5732290,0,-23947,1.39,71.06,6.37,N,12.84,1.60,-35.56,-35.56
2026-09-17T12:35:43,042370,비츠로테크,10620.0,20.68,5714740,0,-149700,7.64,21.81,1.84,N,41.98,1.08,-55.38,-55.38
2026-09-17T12:35:45,201490,미투온,4630.0,20.57,51635099,0,-219458,0.95,157.79,5.07,N,185.20,1.01,-32.90,-32.90
2026-09-17T12:35:46,043260,성호전자,21900.0,18.0,12448585,217387,-40935,2.54,16.50,0.34,N,16.33,6.19,-63.26,-63.26
2026-09-17T12:35:48,0007J0,인벤테라,11250.0,7.14,1551448,0,-38046,2.80,19.72,0.11,N,0.00,0.00,-81.31,-81.31
2026-09-17T12:35:50,484120,도우인시스,20750.0,14.2,159043,0,54872,0.38,1.45,2.15,N,423.47,1.34,-36.35,-39.42
2026-09-17T12:35:52,412350,레이저쎌,5410.0,13.89,953408,0,80410,3.82,6.53,0.00,N,-3.39,3.69,-63.05,-63.05
2026-09-17T12:35:54,396270,넥스트칩,2480.0,16.43,5090255,0,-395515,3.45,15.48,0.00,N,-2.90,6.81,-67.24,-67.24
2026-09-17T12:35:56,274090,켄코아에어로스페이스,11730.0,15.23,2238150,0,-275046,9.21,16.25,1.47,N,-9.92,0.96,-70.38,-70.38
2026-09-17T12:35:58,355150,코스텍시스,21350.0,11.78,213771,0,52835,16.54,2.74,0.45,N,-92.03,6.52,-66.69,-66.69
2026-09-17T12:36:00,290550,디케이티,18830.0,11.75,433234,0,10718,7.00,2.17,3.97,N,16.25,1.86,-46.12,-46.12
2026-09-17T12:36:02,330860,네패스아크,26700.0,12.9,390696,0,50994,9.43,3.21,2.63,N,-11.34,1.97,-57.95,-57.95
2026-09-17T12:36:03,200470,에이팩트,6990.0,12.92,2433890,0,587840,2.95,5.55,0.39,N,-5.84,5.36,-46.64,-46.64
2026-09-17T12:36:06,232830,아이티센피엔에스,2885.0,-17.1,2756800,0,-139855,1.64,16.67,0.00,N,-7.86,3.00,-48.39,-48.39
2026-09-17T12:36:07,220100,퓨쳐켐,6350.0,-5.93,719944,0,-333422,6.29,3.21,0.36,N,-13.20,2.73,-81.88,-77.54
2026-09-17T12:36:10,088800,에이스테크,2275.0,-7.14,2797751,0,-258765,0.00,3.71,0.00,N,-6.02,2.49,-71.17,-71.17
2026-09-17T12:36:11,072990,에이치시티,3155.0,4.3,1163549,0,-68104,7.73,8.03,0.78,N,7.27,0.48,-77.78,-56.32
2026-09-17T12:36:13,049080,기가레인,10200.0,-7.19,2224540,0,-156992,1.42,26.21,0.00,N,-8.17,2.09,-31.77,-67.36
2026-09-17T12:36:15,317850,대모,6260.0,5.92,3745967,0,-126470,3.18,45.00,2.47,N,27.58,1.08,-42.62,-42.62
2026-09-17T12:36:17,261780,아리바이오랩,4045.0,0.5,2262651,0,169776,0.00,7.81,0.00,N,0.00,0.00,-39.81,-39.81
2026-09-17T12:36:19,004310,현대약품,10360.0,3.91,15625898,0,-86563,1.25,48.83,3.22,N,0.00,0.00,-35.09,-35.09
2026-09-17T12:36:21,460940,피앤에스로보틱스,5270.0,7.55,682633,0,-7142,1.52,5.07,1.81,N,24.86,1.62,-77.43,-64.39
2026-09-17T12:36:23,072950,빛샘전자,13250.0,-2.07,5803489,0,-90549,1.76,72.07,2.46,N,14.13,1.28,-48.44,-48.44
2026-09-17T12:36:25,357580,아모센스,6850.0,6.37,1830291,0,-176163,5.22,15.52,0.34,N,155.68,1.79,-77.09,-77.09
2026-09-17T12:45:20,007460,에이프로젠,2000.0,1.63,79801,0,14355,0.00,0.32,0.02,N,-0.60,0.02,-74.36,-87.68
2026-09-17T12:45:22,003060,에이프로젠바이오로직스,1646.0,0.3,37274,0,1136,0.00,0.23,0.00,N,-0.13,0.10,-74.16,-85.09
2026-09-17T12:45:24,417030,니어스랩,29700.0,11.44,245681,0,57129,5.70,4.25,0.00,N,-7.17,-0.65,-29.29,-29.29
2026-09-17T12:45:26,127120,제이에스링크,32000.0,2.89,32626,0,8896,3.50,0.09,0.00,N,-53.24,14.90,-35.87,-35.87
2026-09-17T12:45:28,115180,큐리언트,22850.0,4.1,94506,0,13197,3.06,0.25,0.00,N,-27.04,25.28,-63.67,-63.67
2026-09-17T12:45:30,478340,나라스페이스테크놀로지,13850.0,29.92,1378161,0,74889,3.81,11.91,0.56,N,-11.60,-3.02,-78.56,-78.56
2026-09-17T12:45:32,051630,진양화학,1751.0,28.18,3752757,0,15777,0.57,17.70,0.00,N,-6.87,0.96,-50.18,-50.18
2026-09-17T12:45:33,051160,지어소프트,12420.0,25.2,1670967,0,23347,18.76,10.80,0.71,N,15.22,1.16,-0.56,-0.56
2026-09-17T12:45:35,232830,아이티센피엔에스,3470.0,-0.29,3562337,0,-142870,1.64,21.55,0.00,Y,-9.46,3.61,-37.92,-37.92
2026-09-17T12:45:37,209640,와이제이링크,3770.0,22.01,4631010,0,-245172,4.70,16.28,0.71,N,-34.59,1.44,-63.57,-63.57
2026-09-17T12:45:39,355390,크라우드웍스,1521.0,21.2,1980287,0,6375,1.95,12.47,0.00,N,-0.84,1.20,-76.49,-76.49
2026-09-17T12:45:41,042370,비츠로테크,10660.0,21.14,5800586,0,-155027,7.64,22.14,1.84,N,42.13,1.08,-55.21,-55.21
2026-09-17T12:45:43,285800,진영,4480.0,18.68,736792,0,-11549,0.06,20.50,0.06,N,-5.66,0.45,-26.32,-69.78
2026-09-17T12:45:45,201490,미투온,4645.0,20.96,52707774,0,-238662,0.95,161.07,5.07,N,185.80,1.01,-32.68,-32.68
2026-09-17T12:45:47,043260,성호전자,22000.0,18.53,12521429,217387,-29038,2.54,16.60,0.34,N,16.41,6.22,-63.09,-63.09
2026-09-17T12:45:48,484120,도우인시스,20950.0,15.3,160191,0,55437,0.38,1.46,2.15,N,427.55,1.36,-35.74,-38.83
2026-09-17T12:45:50,457370,한켐,10690.0,9.87,6076511,0,-34392,1.39,75.32,6.37,N,12.50,1.56,-37.27,-37.27
2026-09-17T12:45:52,0007J0,인벤테라,11290.0,7.52,1555192,0,-37608,2.80,19.77,0.11,N,0.00,0.00,-81.25,-81.25
2026-09-17T12:45:54,396270,넥스트칩,2485.0,16.67,5225665,0,-399502,3.45,15.89,0.00,N,-2.90,6.83,-67.17,-67.17
2026-09-17T12:45:56,355150,코스텍시스,21500.0,12.57,220118,0,55037,16.54,2.82,0.45,N,-92.67,6.56,-66.46,-66.46
2026-09-17T12:45:58,412350,레이저쎌,5430.0,14.32,963068,0,85621,3.82,6.59,0.00,N,-3.40,3.70,-62.91,-62.91
2026-09-17T12:46:00,274090,켄코아에어로스페이스,11640.0,14.34,2252271,0,-277863,9.21,16.35,1.47,N,-9.84,0.95,-70.61,-70.61
2026-09-17T12:46:02,330860,네패스아크,26450.0,11.84,394864,0,51699,9.43,3.24,2.63,N,-11.24,1.95,-58.35,-58.35
2026-09-17T12:46:04,200470,에이팩트,7040.0,13.73,2442702,0,591136,2.95,5.57,0.39,N,-5.88,5.40,-46.26,-46.26
2026-09-17T12:46:06,290550,디케이티,18870.0,11.99,443334,0,7781,7.00,2.22,3.97,N,16.28,1.86,-46.01,-46.01
2026-09-17T12:46:08,272210,한화시스템,76700.0,11.48,711370,0,103166,10.50,0.38,0.63,N,59.83,2.96,-58.32,-58.32
2026-09-17T12:46:10,088800,에이스테크,2265.0,-7.55,2808040,0,-258817,0.00,3.72,0.00,N,-5.99,2.48,-71.29,-71.29
2026-09-17T12:46:12,220100,퓨쳐켐,6330.0,-6.22,723727,0,-336060,6.29,3.23,0.36,N,-13.16,2.72,-81.94,-77.61
2026-09-17T12:46:14,072990,에이치시티,3180.0,5.12,1164989,0,-67768,7.73,8.04,0.78,N,7.33,0.48,-77.61,-55.97
2026-09-17T12:46:15,049080,기가레인,10170.0,-7.46,2231379,0,-154505,1.42,26.29,0.00,N,-8.14,2.09,-31.97,-67.46
2026-09-17T12:46:17,317850,대모,6280.0,6.26,3771961,0,-121596,3.18,45.31,2.47,N,27.67,1.09,-42.44,-42.44
2026-09-17T12:46:19,261780,아리바이오랩,4090.0,1.61,2270484,0,169699,0.00,7.84,0.00,N,0.00,0.00,-39.14,-39.14
2026-09-17T12:46:21,004310,현대약품,10400.0,4.31,15684417,0,-97038,1.25,49.01,3.22,N,0.00,0.00,-34.84,-34.84
2026-09-17T12:46:23,460940,피앤에스로보틱스,5270.0,7.55,683599,0,-6733,1.52,5.08,1.81,N,24.86,1.62,-77.43,-64.39
2026-09-17T12:46:25,072950,빛샘전자,13200.0,-2.44,5816312,0,-91340,1.76,72.23,2.46,N,14.07,1.27,-48.64,-48.64
2026-09-17T12:46:27,357580,아모센스,6830.0,6.06,1908412,0,-175567,5.22,16.19,0.34,N,155.23,1.78,-77.16,-77.16
2026-09-17T12:55:20,007460,에이프로젠,2005.0,1.88,81076,0,15465,0.00,0.33,0.02,N,-0.61,0.02,-74.29,-87.65
2026-09-17T12:55:22,003060,에이프로젠바이오로직스,1645.0,0.24,40438,0,1343,0.00,0.25,0.00,N,-0.13,0.10,-74.18,-85.10
2026-09-17T12:55:24,417030,니어스랩,29500.0,10.69,249771,0,57945,5.70,4.32,0.00,N,-7.12,-0.64,-29.76,-29.76
2026-09-17T12:55:26,127120,제이에스링크,32000.0,2.89,37993,0,12289,3.50,0.10,0.00,N,-53.24,14.90,-35.87,-35.87
2026-09-17T12:55:28,115180,큐리언트,22750.0,3.64,96400,0,13111,3.06,0.26,0.00,N,-26.92,25.17,-63.83,-63.83
2026-09-17T12:55:30,232830,아이티센피엔에스,3810.0,9.48,4996166,0,-169441,1.64,30.22,0.00,N,-10.38,3.96,-31.84,-31.84
2026-09-17T12:55:32,051160,지어소프트,12890.0,29.94,2042177,0,199727,18.76,13.20,0.71,N,15.80,1.20,0.00,0.00
2026-09-17T12:55:34,478340,나라스페이스테크놀로지,13850.0,29.92,1378298,0,74889,3.81,11.91,0.56,N,-11.60,-3.02,-78.56,-78.56
2026-09-17T12:55:36,051630,진양화학,1736.0,27.09,3779382,0,4294,0.57,17.83,0.00,N,-6.81,0.95,-50.61,-50.61
2026-09-17T12:55:37,042370,비츠로테크,11120.0,26.36,6234107,0,-171203,7.64,23.79,1.84,N,43.95,1.13,-53.28,-53.28
2026-09-17T12:55:39,209640,와이제이링크,3745.0,21.2,4655286,0,-245306,4.70,16.37,0.71,N,-34.36,1.43,-63.82,-63.82
2026-09-17T12:55:41,285800,진영,4600.0,21.85,755806,0,-14833,0.06,21.03,0.06,N,-5.82,0.46,-24.34,-68.97
2026-09-17T12:55:43,355390,크라우드웍스,1498.0,19.36,2066703,0,7958,1.95,13.02,0.00,N,-0.83,1.18,-76.85,-76.85
2026-09-17T12:55:45,484120,도우인시스,21050.0,15.85,161883,0,56225,0.38,1.48,2.15,N,429.59,1.36,-35.43,-38.54
2026-09-17T12:55:47,201490,미투온,4605.0,19.92,53249218,0,-239354,0.95,162.72,5.07,N,184.20,1.00,-33.26,-33.26
2026-09-17T12:55:49,274090,켄코아에어로스페이스,11820.0,16.11,2270605,0,-279654,9.21,16.48,1.47,N,-9.99,0.97,-70.15,-70.15
2026-09-17T12:55:50,0007J0,인벤테라,11280.0,7.43,1569262,0,-35394,2.80,19.95,0.11,N,0.00,0.00,-81.26,-81.26
2026-09-17T12:55:52,043260,성호전자,21850.0,17.73,12590931,217387,-29282,2.54,16.69,0.34,N,16.29,6.18,-63.34,-63.34
2026-09-17T12:55:54,355150,코스텍시스,21450.0,12.3,227615,0,56630,16.54,2.92,0.45,N,-92.46,6.55,-66.54,-66.54
2026-09-17T12:55:56,412350,레이저쎌,5400.0,13.68,1010162,0,60288,3.82,6.92,0.00,N,-3.38,3.68,-63.11,-63.11
2026-09-17T12:55:58,396270,넥스트칩,2445.0,14.79,5270213,0,-398974,3.45,16.03,0.00,N,-2.86,6.72,-67.70,-67.70
2026-09-17T12:56:00,457370,한켐,10620.0,9.15,6312881,0,-43851,1.39,78.25,6.37,N,12.42,1.55,-37.68,-37.68
2026-09-17T12:56:02,200470,에이팩트,7070.0,14.22,2452436,0,592939,2.95,5.60,0.39,N,-5.91,5.42,-46.03,-46.03
2026-09-17T12:56:04,330860,네패스아크,26600.0,12.47,398607,0,51670,9.43,3.27,2.63,N,-11.30,1.96,-58.11,-58.11
2026-09-17T12:56:06,290550,디케이티,18850.0,11.87,453047,0,2599,7.00,2.27,3.97,N,16.26,1.86,-46.07,-46.07
2026-09-17T12:56:08,220100,퓨쳐켐,6340.0,-6.07,725264,0,-336802,6.29,3.23,0.36,N,-13.18,2.72,-81.91,-77.58
2026-09-17T12:56:09,088800,에이스테크,2295.0,-6.33,2829505,0,-264079,0.00,3.75,0.00,N,-6.07,2.51,-70.91,-70.91
2026-09-17T12:56:11,317850,대모,6260.0,5.92,3785765,0,-117780,3.18,45.48,2.47,N,27.58,1.08,-42.62,-42.62
2026-09-17T12:56:13,072990,에이치시티,3180.0,5.12,1172262,0,-66475,7.73,8.09,0.78,N,7.33,0.48,-77.61,-55.97
2026-09-17T12:56:16,049080,기가레인,10250.0,-6.73,2247741,0,-158613,1.42,26.48,0.00,N,-8.21,2.10,-31.44,-67.20
2026-09-17T12:56:18,004310,현대약품,10420.0,4.51,15719332,0,-95279,1.25,49.12,3.22,N,0.00,0.00,-34.71,-34.71
2026-09-17T12:56:20,357580,아모센스,6800.0,5.59,1930020,0,-179724,5.22,16.37,0.34,N,154.55,1.77,-77.26,-77.26
2026-09-17T12:56:22,261780,아리바이오랩,4180.0,3.85,2293117,0,166455,0.00,7.92,0.00,N,0.00,0.00,-37.80,-37.80
2026-09-17T12:56:23,460940,피앤에스로보틱스,5280.0,7.76,684415,0,-6730,1.52,5.09,1.81,N,24.91,1.62,-77.39,-64.32
2026-09-17T12:56:25,072950,빛샘전자,13200.0,-2.44,5839344,0,-92478,1.76,72.51,2.46,N,14.07,1.27,-48.64,-48.64
2026-09-17T12:56:27,142280,녹십자엠에스,3295.0,7.5,8525827,0,-114203,0.92,35.58,2.45,N,19.50,1.62,-50.53,-50.53
2026-09-17T13:05:21,007460,에이프로젠,2015.0,2.39,89743,0,21858,0.00,0.36,0.02,N,-0.61,0.02,-74.17,-87.58
2026-09-17T13:05:23,003060,에이프로젠바이오로직스,1659.0,1.1,42454,0,2841,0.00,0.26,0.00,N,-0.13,0.10,-73.96,-84.98
2026-09-17T13:05:25,417030,니어스랩,29400.0,10.32,261935,0,69037,5.70,4.53,0.00,N,-7.10,-0.64,-30.00,-30.00
2026-09-17T13:05:27,127120,제이에스링크,32550.0,4.66,47660,0,16451,3.50,0.13,0.00,N,-54.16,15.16,-34.77,-34.77
2026-09-17T13:05:29,115180,큐리언트,22750.0,3.64,98062,0,12552,3.06,0.26,0.00,N,-26.92,25.17,-63.83,-63.83
2026-09-17T13:05:31,232830,아이티센피엔에스,3670.0,5.46,6387977,0,-186386,1.64,38.64,0.00,N,-10.00,3.81,-34.35,-34.35
2026-09-17T13:05:33,051160,지어소프트,12890.0,29.94,2050636,0,199701,18.76,13.25,0.71,N,15.80,1.20,0.00,0.00
2026-09-17T13:05:35,478340,나라스페이스테크놀로지,13850.0,29.92,1378536,0,74889,3.81,11.91,0.56,N,-11.60,-3.02,-78.56,-78.56
2026-09-17T13:05:37,209640,와이제이링크,3925.0,27.02,5096595,0,-256018,4.70,17.92,0.71,N,-36.01,1.50,-62.08,-62.08
2026-09-17T13:05:39,042370,비츠로테크,11440.0,30.0,6796604,0,-16128,7.64,25.94,1.84,N,45.22,1.16,-51.93,-51.93
2026-09-17T13:05:41,051630,진양화학,1719.0,25.84,3797930,0,6286,0.57,17.91,0.00,N,-6.74,0.94,-51.10,-51.10
2026-09-17T13:05:42,234030,싸이닉솔루션,3510.0,21.66,859979,0,24729,4.32,3.64,1.27,N,44.43,2.27,-72.36,-72.36
2026-09-17T13:05:44,285800,진영,4560.0,20.79,766415,0,-15484,0.06,21.33,0.06,N,-5.76,0.45,-25.00,-69.24
2026-09-17T13:05:47,355390,크라우드웍스,1490.0,18.73,2104204,0,9340,1.95,13.26,0.00,N,-0.82,1.18,-76.97,-76.97
2026-09-17T13:05:49,484120,도우인시스,21150.0,16.4,163701,0,57331,0.38,1.49,2.15,N,431.63,1.37,-35.12,-38.25
2026-09-17T13:05:51,043260,성호전자,22050.0,18.8,12782443,217387,2928,2.54,16.94,0.34,N,16.44,6.24,-63.00,-63.00
2026-09-17T13:05:53,274090,켄코아에어로스페이스,11880.0,16.7,2301789,0,-276320,9.21,16.71,1.47,N,-10.04,0.97,-70.00,-70.00
2026-09-17T13:05:54,201490,미투온,4565.0,18.88,53717432,0,-234618,0.95,164.15,5.07,N,182.60,0.99,-33.84,-33.84
2026-09-17T13:05:56,200470,에이팩트,7130.0,15.19,2482185,0,599400,2.95,5.66,0.39,N,-5.96,5.47,-45.57,-45.57
2026-09-17T13:05:58,412350,레이저쎌,5370.0,13.05,1050701,0,55942,3.82,7.20,0.00,N,-3.36,3.66,-63.32,-63.32
2026-09-17T13:06:00,355150,코스텍시스,21350.0,11.78,231898,0,57144,16.54,2.97,0.45,N,-92.03,6.52,-66.69,-66.69
2026-09-17T13:06:02,0007J0,인벤테라,11040.0,5.14,1590118,0,-38102,2.80,20.22,0.11,N,0.00,0.00,-81.66,-81.66
2026-09-17T13:06:04,396270,넥스트칩,2435.0,14.32,5326564,0,-404398,3.45,16.20,0.00,N,-2.84,6.69,-67.83,-67.83
2026-09-17T13:06:06,347700,스피어,23700.0,16.46,3677670,0,-163625,9.02,7.13,0.43,N,4740.00,15.97,-58.64,-58.64
2026-09-17T13:06:08,488900,비츠로넥스텍,12060.0,13.03,468375,0,-8079,0.23,1.62,0.05,N,-19.08,8.23,-61.22,-61.22
2026-09-17T13:06:10,330860,네패스아크,26450.0,11.84,404897,0,51709,9.43,3.32,2.63,N,-11.24,1.95,-58.35,-58.35
2026-09-17T13:06:12,290550,디케이티,18830.0,11.75,463596,0,-927,7.00,2.32,3.97,N,16.25,1.86,-46.12,-46.12
2026-09-17T13:06:14,088800,에이스테크,2275.0,-7.14,2837166,0,-265672,0.00,3.76,0.00,N,-6.02,2.49,-71.17,-71.17
2026-09-17T13:06:16,220100,퓨쳐켐,6360.0,-5.78,729770,0,-338741,6.29,3.25,0.36,N,-13.22,2.73,-81.85,-77.51
2026-09-17T13:06:18,317850,대모,6280.0,6.26,3799340,0,-114645,3.18,45.64,2.47,N,27.67,1.09,-42.44,-42.44
2026-09-17T13:06:21,072990,에이치시티,3175.0,4.96,1173827,0,-65047,7.73,8.10,0.78,N,7.32,0.48,-77.64,-56.04
2026-09-17T13:06:23,049080,기가레인,10250.0,-6.73,2252781,0,-159251,1.42,26.54,0.00,N,-8.21,2.10,-31.44,-67.20
2026-09-17T13:06:25,261780,아리바이오랩,4095.0,1.74,2322179,0,168597,0.00,8.02,0.00,N,0.00,0.00,-39.06,-39.06
2026-09-17T13:06:27,004310,현대약품,10410.0,4.41,15763657,0,-105318,1.25,49.26,3.22,N,0.00,0.00,-34.77,-34.77
2026-09-17T13:06:29,357580,아모센스,6800.0,5.59,1938724,0,-180162,5.22,16.44,0.34,N,154.55,1.77,-77.26,-77.26
2026-09-17T13:06:31,142280,녹십자엠에스,3275.0,6.85,8608496,0,-112162,0.92,35.92,2.45,N,19.38,1.61,-50.83,-50.83
2026-09-17T13:06:33,460940,피앤에스로보틱스,5290.0,7.96,689546,0,-2648,1.52,5.12,1.81,N,24.95,1.62,-77.34,-64.26
2026-09-17T13:06:35,072950,빛샘전자,13250.0,-2.07,5855515,0,-92195,1.76,72.72,2.46,N,14.13,1.28,-48.44,-48.44
2026-09-17T13:15:26,007460,에이프로젠,2010.0,2.13,90251,0,22114,0.00,0.36,0.02,N,-0.61,0.02,-74.23,-87.62
2026-09-17T13:15:28,003060,에이프로젠바이오로직스,1652.0,0.67,48642,0,6768,0.00,0.30,0.00,N,-0.13,0.10,-74.07,-85.04
2026-09-17T13:15:30,417030,니어스랩,29450.0,10.51,263630,0,69634,5.70,4.56,0.00,N,-7.11,-0.64,-29.88,-29.88
2026-09-17T13:15:32,127120,제이에스링크,32500.0,4.5,51443,0,18692,3.50,0.14,0.00,N,-54.08,15.14,-34.87,-34.87
2026-09-17T13:15:34,115180,큐리언트,22650.0,3.19,99296,0,12429,3.06,0.26,0.00,N,-26.80,25.06,-63.99,-63.99
2026-09-17T13:15:36,232830,아이티센피엔에스,3755.0,7.9,7392850,0,-190912,1.64,44.71,0.00,N,-10.23,3.90,-32.83,-32.83
2026-09-17T13:15:38,051160,지어소프트,12890.0,29.94,2058213,0,199679,18.76,13.30,0.71,N,15.80,1.20,0.00,0.00
2026-09-17T13:15:40,478340,나라스페이스테크놀로지,13850.0,29.92,1379022,0,74889,3.81,11.92,0.56,N,-11.60,-3.02,-78.56,-78.56
2026-09-17T13:15:41,042370,비츠로테크,11440.0,30.0,6829554,0,-16920,7.64,26.07,1.84,N,45.22,1.16,-51.93,-51.93
2026-09-17T13:15:43,209640,와이제이링크,3900.0,26.21,5311177,0,-256581,4.70,18.67,0.71,N,-35.78,1.49,-62.32,-62.32
2026-09-17T13:15:45,355390,크라우드웍스,1588.0,26.53,2182831,0,30460,1.95,13.75,0.00,N,-0.88,1.26,-75.46,-75.46
2026-09-17T13:15:47,051630,진양화학,1714.0,25.48,3828569,0,-1639,0.57,18.06,0.00,N,-6.72,0.94,-51.24,-51.24
2026-09-17T13:15:49,234030,싸이닉솔루션,3475.0,20.45,880111,0,16238,4.32,3.73,1.27,N,43.99,2.24,-72.64,-72.64
2026-09-17T13:15:51,484120,도우인시스,21650.0,19.15,176954,0,65868,0.38,1.61,2.15,N,441.84,1.40,-33.59,-36.79
2026-09-17T13:15:53,285800,진영,4560.0,20.79,772517,0,-14183,0.06,21.50,0.06,N,-5.76,0.45,-25.00,-69.24
2026-09-17T13:15:55,201490,미투온,4600.0,19.79,54228017,0,-230353,0.95,165.71,5.07,N,184.00,1.00,-33.33,-33.33
2026-09-17T13:15:57,347700,스피어,24200.0,18.92,4205587,0,-263174,9.02,8.16,0.43,N,4840.00,16.31,-57.77,-57.77
2026-09-17T13:15:58,043260,성호전자,21800.0,17.46,12924858,217387,2749,2.54,17.13,0.34,N,16.26,6.17,-63.42,-63.42
2026-09-17T13:16:00,274090,켄코아에어로스페이스,11790.0,15.82,2330095,0,-269175,9.21,16.92,1.47,N,-9.97,0.96,-70.23,-70.23
2026-09-17T13:16:02,355150,코스텍시스,21450.0,12.3,236029,0,58011,16.54,3.03,0.45,N,-92.46,6.55,-66.54,-66.54
2026-09-17T13:16:04,200470,에이팩트,7070.0,14.22,2511109,0,605922,2.95,5.73,0.39,N,-5.91,5.42,-46.03,-46.03
2026-09-17T13:16:07,412350,레이저쎌,5380.0,13.26,1089490,0,67445,3.82,7.46,0.00,N,-3.37,3.67,-63.25,-63.25
2026-09-17T13:16:08,272210,한화시스템,78500.0,14.1,847166,0,141070,10.50,0.45,0.63,N,61.23,3.03,-57.34,-57.34
2026-09-17T13:16:11,290550,디케이티,18920.0,12.28,475700,0,-3595,7.00,2.38,3.97,N,16.32,1.87,-45.87,-45.87
2026-09-17T13:16:13,0007J0,인벤테라,10970.0,4.48,1600751,0,-40341,2.80,20.35,0.11,N,0.00,0.00,-81.78,-81.78
2026-09-17T13:16:15,088800,에이스테크,2280.0,-6.94,2846643,0,-269842,0.00,3.77,0.00,N,-6.03,2.49,-71.10,-71.10
2026-09-17T13:16:17,220100,퓨쳐켐,6370.0,-5.63,735039,0,-341512,6.29,3.28,0.36,N,-13.24,2.74,-81.83,-77.47
2026-09-17T13:16:19,072990,에이치시티,3170.0,4.79,1177774,0,-63874,7.73,8.12,0.78,N,7.30,0.48,-77.68,-56.11
2026-09-17T13:16:21,317850,대모,6230.0,5.41,3815371,0,-109527,3.18,45.83,2.47,N,27.44,1.08,-42.90,-42.90
2026-09-17T13:16:23,049080,기가레인,10250.0,-6.73,2261788,0,-161075,1.42,26.65,0.00,N,-8.21,2.10,-31.44,-67.20
2026-09-17T13:16:25,261780,아리바이오랩,4055.0,0.75,2337073,0,169686,0.00,8.07,0.00,N,0.00,0.00,-39.66,-39.66
2026-09-17T13:16:27,396270,넥스트칩,2435.0,14.32,5448024,0,-429375,3.45,16.57,0.00,N,-2.84,6.69,-67.83,-67.83
2026-09-17T13:16:29,004310,현대약품,10410.0,4.41,15815307,0,-94539,1.25,49.42,3.22,N,0.00,0.00,-34.77,-34.77
2026-09-17T13:16:31,072950,빛샘전자,13190.0,-2.51,5873484,0,-94829,1.76,72.94,2.46,N,14.06,1.27,-48.68,-48.68
2026-09-17T13:16:32,357580,아모센스,6790.0,5.43,1941689,0,-180429,5.22,16.47,0.34,N,154.32,1.77,-77.29,-77.29
2026-09-17T13:16:34,142280,녹십자엠에스,3270.0,6.69,8633541,0,-102085,0.92,36.03,2.45,N,19.35,1.60,-50.90,-50.90
2026-09-17T13:16:36,460940,피앤에스로보틱스,5280.0,7.76,691361,0,-1869,1.52,5.14,1.81,N,24.91,1.62,-77.39,-64.32
2026-09-17T13:25:20,007460,에이프로젠,2015.0,2.39,90371,0,22194,0.00,0.36,0.02,N,-0.61,0.02,-74.17,-87.58
2026-09-17T13:25:22,003060,에이프로젠바이오로직스,1655.0,0.85,48722,0,6689,0.00,0.30,0.00,N,-0.13,0.10,-74.02,-85.01
2026-09-17T13:25:24,417030,니어스랩,29050.0,9.01,270921,0,72393,5.70,4.69,0.00,N,-7.01,-0.63,-30.83,-30.83
2026-09-17T13:25:26,127120,제이에스링크,32450.0,4.34,52808,0,19276,3.50,0.14,0.00,N,-53.99,15.11,-34.97,-34.97
2026-09-17T13:25:28,115180,큐리언트,22800.0,3.87,100024,0,12286,3.06,0.27,0.00,N,-26.98,25.22,-63.75,-63.75
2026-09-17T13:25:30,051160,지어소프트,12890.0,29.94,2063708,0,199653,18.76,13.34,0.71,N,15.80,1.20,0.00,0.00
2026-09-17T13:25:32,478340,나라스페이스테크놀로지,13850.0,29.92,1379395,0,74889,3.81,11.92,0.56,N,-11.60,-3.02,-78.56,-78.56
2026-09-17T13:25:33,232830,아이티센피엔에스,3570.0,2.59,7867802,0,-190421,1.64,47.59,0.00,N,-9.73,3.71,-36.14,-36.14
2026-09-17T13:25:35,042370,비츠로테크,11440.0,30.0,6841054,0,-17221,7.64,26.11,1.84,N,45.22,1.16,-51.93,-51.93
2026-09-17T13:25:37,209640,와이제이링크,3850.0,24.6,5390780,0,-252042,4.70,18.95,0.71,N,-35.32,1.47,-62.80,-62.80
2026-09-17T13:25:39,355390,크라우드웍스,1576.0,25.58,2245329,0,22046,1.95,14.14,0.00,N,-0.87,1.25,-75.64,-75.64
2026-09-17T13:25:41,051630,진양화학,1720.0,25.92,3902335,0,-5457,0.57,18.41,0.00,N,-6.75,0.94,-51.07,-51.07
2026-09-17T13:25:43,234030,싸이닉솔루션,3460.0,19.93,888795,0,18079,4.32,3.77,1.27,N,43.80,2.24,-72.76,-72.76
2026-09-17T13:25:45,285800,진영,4525.0,19.87,777829,0,-13396,0.06,21.64,0.06,N,-5.72,0.45,-25.58,-69.48
2026-09-17T13:25:47,484120,도우인시스,21350.0,17.5,179758,0,66732,0.38,1.64,2.15,N,435.71,1.38,-34.51,-37.66
2026-09-17T13:25:49,005160,동국산업,3945.0,13.04,5633660,0,-18642,1.48,10.39,0.85,N,-21.44,0.55,-0.13,-0.13
2026-09-17T13:25:51,347700,스피어,24200.0,18.92,4342483,0,-256792,9.02,8.42,0.43,N,4840.00,16.31,-57.77,-57.77
2026-09-17T13:25:52,043260,성호전자,21650.0,16.65,12993333,217387,6025,2.54,17.22,0.34,N,16.14,6.12,-63.67,-63.67
2026-09-17T13:25:54,355150,코스텍시스,21400.0,12.04,239723,0,59199,16.54,3.07,0.45,N,-92.24,6.53,-66.61,-66.61
2026-09-17T13:25:56,412350,레이저쎌,5430.0,14.32,1101172,0,75225,3.82,7.54,0.00,N,-3.40,3.70,-62.91,-62.91
2026-09-17T13:25:58,201490,미투온,4560.0,18.75,54810287,0,-232921,0.95,167.49,5.07,N,182.40,0.99,-33.91,-33.91
2026-09-17T13:26:00,274090,켄코아에어로스페이스,11760.0,15.52,2345290,0,-271601,9.21,17.03,1.47,N,-9.94,0.96,-70.30,-70.30
2026-09-17T13:26:02,078350,한양디지텍,22200.0,24.65,1349257,0,229210,6.57,8.85,4.01,N,22.61,1.90,-49.89,-49.89
2026-09-17T13:26:04,354320,알멕,38600.0,10.6,155832,0,5991,4.77,2.44,0.43,N,-188.29,1.64,-62.88,-62.88
2026-09-17T13:26:06,200470,에이팩트,7080.0,14.38,2530566,0,603889,2.95,5.77,0.39,N,-5.91,5.43,-45.95,-45.95
2026-09-17T13:26:08,088800,에이스테크,2270.0,-7.35,2861347,0,-275484,0.00,3.79,0.00,N,-6.01,2.48,-71.23,-71.23
2026-09-17T13:26:10,220100,퓨쳐켐,6330.0,-6.22,747608,0,-343841,6.29,3.33,0.36,N,-13.16,2.72,-81.94,-77.61
2026-09-17T13:26:11,0007J0,인벤테라,10950.0,4.29,1610280,0,-39608,2.80,20.47,0.11,N,0.00,0.00,-81.81,-81.81
2026-09-17T13:26:13,072990,에이치시티,3180.0,5.12,1178615,0,-63564,7.73,8.13,0.78,N,7.33,0.48,-77.61,-55.97
2026-09-17T13:26:15,317850,대모,6260.0,5.92,3825791,0,-106825,3.18,45.96,2.47,N,27.58,1.08,-42.62,-42.62
2026-09-17T13:26:17,049080,기가레인,10260.0,-6.64,2272577,0,-166606,1.42,26.77,0.00,N,-8.21,2.11,-31.37,-67.17
2026-09-17T13:26:19,261780,아리바이오랩,4065.0,0.99,2342732,0,170645,0.00,8.09,0.00,N,0.00,0.00,-39.51,-39.51
2026-09-17T13:26:21,396270,넥스트칩,2405.0,12.91,5569966,0,-471344,3.45,16.94,0.00,N,-2.81,6.61,-68.23,-68.23
2026-09-17T13:26:23,072950,빛샘전자,13150.0,-2.81,5888179,0,-93778,1.76,73.12,2.46,N,14.02,1.27,-48.83,-48.83
2026-09-17T13:26:25,004310,현대약품,10460.0,4.91,15876419,0,-100164,1.25,49.61,3.22,N,0.00,0.00,-34.46,-34.46
2026-09-17T13:26:26,460940,피앤에스로보틱스,5290.0,7.96,693190,0,-923,1.52,5.15,1.81,N,24.95,1.62,-77.34,-64.26
2026-09-17T13:26:28,357580,아모센스,6800.0,5.59,1953003,0,-185484,5.22,16.57,0.34,N,154.55,1.77,-77.26,-77.26
2026-09-17T13:26:30,140430,카티스,3010.0,-9.2,1036573,0,-32,0.00,9.70,0.07,N,-31.68,4.69,-30.80,-70.85
2026-09-17T13:26:32,142280,녹십자엠에스,3285.0,7.18,8645731,0,-96523,0.92,36.08,2.45,N,19.44,1.61,-50.68,-50.68
2026-09-17T13:35:21,007460,에이프로젠,2005.0,1.88,92089,0,22212,0.00,0.37,0.02,N,-0.61,0.02,-74.29,-87.65
2026-09-17T13:35:23,003060,에이프로젠바이오로직스,1655.0,0.85,49057,0,6528,0.00,0.30,0.00,N,-0.13,0.10,-74.02,-85.01
2026-09-17T13:35:24,417030,니어스랩,29300.0,9.94,277646,0,77453,5.70,4.81,0.00,N,-7.07,-0.64,-30.24,-30.24
2026-09-17T13:35:26,127120,제이에스링크,32400.0,4.18,55704,0,19874,3.50,0.15,0.00,N,-53.91,15.09,-35.07,-35.07
2026-09-17T13:35:28,115180,큐리언트,22650.0,3.19,100874,0,12384,3.06,0.27,0.00,N,-26.80,25.06,-63.99,-63.99
2026-09-17T13:35:30,051160,지어소프트,12890.0,29.94,2066405,0,199631,18.76,13.35,0.71,N,15.80,1.20,0.00,0.00
2026-09-17T13:35:32,478340,나라스페이스테크놀로지,13850.0,29.92,1380077,0,74889,3.81,11.93,0.56,N,-11.60,-3.02,-78.56,-78.56
2026-09-17T13:35:34,232830,아이티센피엔에스,3585.0,3.02,8379988,0,-194904,1.64,50.68,0.00,N,-9.77,3.73,-35.87,-35.87
2026-09-17T13:35:36,355390,크라우드웍스,1601.0,27.57,2352270,0,40449,1.95,14.82,0.00,N,-0.89,1.27,-75.26,-75.26
2026-09-17T13:35:38,042370,비츠로테크,11440.0,30.0,6846748,0,-17416,7.64,26.13,1.84,N,45.22,1.16,-51.93,-51.93
2026-09-17T13:35:40,209640,와이제이링크,3850.0,24.6,5488967,0,-300450,4.70,19.30,0.71,N,-35.32,1.47,-62.80,-62.80
2026-09-17T13:35:42,051630,진양화학,1687.0,23.5,3944685,0,-13607,0.57,18.61,0.00,N,-6.62,0.92,-52.01,-52.01
2026-09-17T13:35:43,285800,진영,4635.0,22.78,807996,0,-8476,0.06,22.48,0.06,N,-5.86,0.46,-23.77,-68.74
2026-09-17T13:35:45,234030,싸이닉솔루션,3455.0,19.76,898205,0,17513,4.32,3.81,1.27,N,43.73,2.23,-72.80,-72.80
2026-09-17T13:35:47,484120,도우인시스,21400.0,17.78,180661,0,66735,0.38,1.65,2.15,N,436.73,1.39,-34.36,-37.52
2026-09-17T13:35:49,274090,켄코아에어로스페이스,11760.0,15.52,2353547,0,-275226,9.21,17.09,1.47,N,-9.94,0.96,-70.30,-70.30
2026-09-17T13:35:51,354320,알멕,39200.0,12.32,168351,0,2099,4.77,2.63,0.43,N,-191.22,1.67,-62.31,-62.31
2026-09-17T13:35:53,043260,성호전자,21650.0,16.65,13097688,217387,-12202,2.54,17.36,0.34,N,16.14,6.12,-63.67,-63.67
2026-09-17T13:35:55,412350,레이저쎌,5360.0,12.84,1120904,0,79818,3.82,7.68,0.00,N,-3.35,3.65,-63.39,-63.39
2026-09-17T13:35:56,347700,스피어,23950.0,17.69,4445213,0,-272319,9.02,8.62,0.43,N,4790.00,16.14,-58.20,-58.20
2026-09-17T13:35:58,355150,코스텍시스,21450.0,12.3,244034,0,59519,16.54,3.13,0.45,N,-92.46,6.55,-66.54,-66.54
2026-09-17T13:36:00,078350,한양디지텍,22100.0,24.09,1423156,0,202181,6.57,9.34,4.01,N,22.51,1.90,-50.11,-50.11
2026-09-17T13:36:02,457370,한켐,10610.0,9.04,7190392,0,-56633,1.39,89.13,6.37,N,12.41,1.54,-37.73,-37.73
2026-09-17T13:36:04,201490,미투온,4510.0,17.45,55162518,0,-232657,0.95,168.57,5.07,N,180.40,0.98,-34.64,-34.64
2026-09-17T13:36:06,005160,동국산업,3845.0,10.17,6509691,0,-35513,1.48,12.00,0.85,N,-20.90,0.53,-2.90,-2.90
2026-09-17T13:36:08,200470,에이팩트,7050.0,13.89,2548196,0,599895,2.95,5.81,0.39,N,-5.89,5.41,-46.18,-46.18
2026-09-17T13:36:10,290550,디케이티,18950.0,12.46,503075,0,-9099,7.00,2.52,3.97,N,16.35,1.87,-45.78,-45.78
2026-09-17T13:36:12,088800,에이스테크,2265.0,-7.55,2870017,0,-277399,0.00,3.80,0.00,N,-5.99,2.48,-71.29,-71.29
2026-09-17T13:36:14,220100,퓨쳐켐,6330.0,-6.22,750435,0,-345332,6.29,3.35,0.36,N,-13.16,2.72,-81.94,-77.61
2026-09-17T13:36:16,317850,대모,6240.0,5.58,3841326,0,-107428,3.18,46.15,2.47,N,27.49,1.08,-42.80,-42.80
2026-09-17T13:36:18,0007J0,인벤테라,10960.0,4.38,1614488,0,-40013,2.80,20.53,0.11,N,0.00,0.00,-81.79,-81.79
2026-09-17T13:36:20,049080,기가레인,10230.0,-6.92,2278242,0,-168356,1.42,26.84,0.00,N,-8.19,2.10,-31.57,-67.26
2026-09-17T13:36:22,072990,에이치시티,3175.0,4.96,1183268,0,-63069,7.73,8.16,0.78,N,7.32,0.48,-77.64,-56.04
2026-09-17T13:36:24,261780,아리바이오랩,4025.0,0.0,2374024,0,167479,0.00,8.20,0.00,N,0.00,0.00,-40.10,-40.10
2026-09-17T13:36:26,396270,넥스트칩,2405.0,12.91,5637246,0,-474413,3.45,17.14,0.00,N,-2.81,6.61,-68.23,-68.23
2026-09-17T13:36:27,072950,빛샘전자,13080.0,-3.33,5901694,0,-93182,1.76,73.29,2.46,N,13.94,1.26,-49.11,-49.11
2026-09-17T13:36:29,004310,현대약품,10480.0,5.12,15922308,0,-88211,1.25,49.76,3.22,N,0.00,0.00,-34.34,-34.34
2026-09-17T13:36:31,357580,아모센스,6820.0,5.9,1957704,0,-186148,5.22,16.61,0.34,N,155.00,1.78,-77.19,-77.19
2026-09-17T13:36:33,460940,피앤에스로보틱스,5290.0,7.96,693552,0,-895,1.52,5.15,1.81,N,24.95,1.62,-77.34,-64.26
2026-09-17T13:36:35,140430,카티스,3040.0,-8.3,1046776,0,-32,0.00,9.79,0.07,N,-32.00,4.74,-30.11,-70.56
2026-09-17T13:36:37,142280,녹십자엠에스,3295.0,7.5,8679381,0,-103829,0.92,36.22,2.45,N,19.50,1.62,-50.53,-50.53
2026-09-17T13:36:39,950190,고스트스튜디오,10280.0,-7.47,534803,0,0,30.22,4.11,0.17,N,15.94,0.86,-17.50,-17.50
2026-09-17T13:45:21,007460,에이프로젠,2010.0,2.13,93007,0,22270,0.00,0.37,0.02,N,-0.61,0.02,-74.23,-87.62
2026-09-17T13:45:23,003060,에이프로젠바이오로직스,1655.0,0.85,49074,0,6521,0.00,0.30,0.00,N,-0.13,0.10,-74.02,-85.01
2026-09-17T13:45:25,417030,니어스랩,28900.0,8.44,281651,0,79263,5.70,4.87,0.00,N,-6.98,-0.63,-31.19,-31.19
2026-09-17T13:45:27,127120,제이에스링크,32250.0,3.7,60665,0,23407,3.50,0.16,0.00,N,-53.66,15.02,-35.37,-35.37
2026-09-17T13:45:29,115180,큐리언트,22750.0,3.64,102186,0,12186,3.06,0.27,0.00,N,-26.92,25.17,-63.83,-63.83
2026-09-17T13:45:31,051160,지어소프트,12890.0,29.94,2069488,0,199613,18.76,13.37,0.71,N,15.80,1.20,0.00,0.00
2026-09-17T13:45:33,478340,나라스페이스테크놀로지,13850.0,29.92,1380345,0,74889,3.81,11.93,0.56,N,-11.60,-3.02,-78.56,-78.56
2026-09-17T13:45:35,355390,크라우드웍스,1613.0,28.53,2498748,0,10210,1.95,15.74,0.00,N,-0.89,1.28,-75.07,-75.07
2026-09-17T13:45:37,042370,비츠로테크,11440.0,30.0,6850578,0,-17673,7.64,26.15,1.84,N,45.22,1.16,-51.93,-51.93
2026-09-17T13:45:39,051630,진양화학,1735.0,27.01,4020185,0,19123,0.57,18.96,0.00,N,-6.80,0.95,-50.64,-50.64
2026-09-17T13:45:41,285800,진영,4675.0,23.84,813712,0,-6108,0.06,22.64,0.06,N,-5.91,0.46,-23.11,-68.47
2026-09-17T13:45:43,209640,와이제이링크,3805.0,23.14,5586805,0,-306592,4.70,19.64,0.71,N,-34.91,1.45,-63.24,-63.24
2026-09-17T13:45:45,232830,아이티센피엔에스,3395.0,-2.44,8730773,0,-191476,1.64,52.81,0.00,N,-9.25,3.53,-39.27,-39.27
2026-09-17T13:45:47,234030,싸이닉솔루션,3470.0,20.28,923142,0,21085,4.32,3.91,1.27,N,43.92,2.24,-72.68,-72.68
2026-09-17T13:45:49,457370,한켐,11210.0,15.21,8709978,0,-22118,1.39,107.97,6.37,N,13.11,1.63,-34.21,-34.21
2026-09-17T13:45:51,484120,도우인시스,21300.0,17.23,182095,0,66830,0.38,1.66,2.15,N,434.69,1.38,-34.66,-37.81
2026-09-17T13:45:53,078350,한양디지텍,22300.0,25.21,1465613,0,198396,6.57,9.61,4.01,N,22.71,1.91,-49.66,-49.66
2026-09-17T13:45:54,290550,디케이티,19110.0,13.41,538882,0,-9833,7.00,2.69,3.97,N,16.49,1.88,-45.32,-45.32
2026-09-17T13:45:56,043260,성호전자,21475.0,15.71,13163039,217387,-19117,2.54,17.45,0.34,N,16.01,6.07,-63.97,-63.97
2026-09-17T13:45:58,274090,켄코아에어로스페이스,11700.0,14.93,2364299,0,-276985,9.21,17.16,1.47,N,-9.89,0.96,-70.45,-70.45
2026-09-17T13:46:00,330860,네패스아크,26750.0,13.11,436206,0,57603,9.43,3.58,2.63,N,-11.36,1.97,-57.87,-57.87
2026-09-17T13:46:02,200470,에이팩트,7070.0,14.22,2561509,0,602731,2.95,5.85,0.39,N,-5.91,5.42,-46.03,-46.03
2026-09-17T13:46:04,355150,코스텍시스,21400.0,12.04,250498,0,59581,16.54,3.21,0.45,N,-92.24,6.53,-66.61,-66.61
2026-09-17T13:46:06,412350,레이저쎌,5360.0,12.84,1129907,0,82542,3.82,7.74,0.00,N,-3.35,3.65,-63.39,-63.39
2026-09-17T13:46:08,347700,스피어,23700.0,16.46,4562827,0,-281469,9.02,8.85,0.43,N,4740.00,15.97,-58.64,-58.64
2026-09-17T13:46:10,088800,에이스테크,2265.0,-7.55,2877458,0,-278493,0.00,3.81,0.00,N,-5.99,2.48,-71.29,-71.29
2026-09-17T13:46:12,220100,퓨쳐켐,6310.0,-6.52,756370,0,-349893,6.29,3.37,0.36,N,-13.12,2.71,-82.00,-77.68
2026-09-17T13:46:14,0007J0,인벤테라,10800.0,2.86,1622933,0,-40459,2.80,20.63,0.11,N,0.00,0.00,-82.06,-82.06
2026-09-17T13:46:15,317850,대모,6210.0,5.08,3856822,0,-107148,3.18,46.33,2.47,N,27.36,1.07,-43.08,-43.08
2026-09-17T13:46:17,072990,에이치시티,3170.0,4.79,1186720,0,-62630,7.73,8.19,0.78,N,7.30,0.48,-77.68,-56.11
2026-09-17T13:46:19,049080,기가레인,10230.0,-6.92,2285772,0,-165308,1.42,26.93,0.00,N,-8.19,2.10,-31.57,-67.26
2026-09-17T13:46:21,261780,아리바이오랩,4095.0,1.74,2385984,0,171029,0.00,8.24,0.00,N,0.00,0.00,-39.06,-39.06
2026-09-17T13:46:23,396270,넥스트칩,2415.0,13.38,5665452,0,-477280,3.45,17.23,0.00,N,-2.82,6.63,-68.10,-68.10
2026-09-17T13:46:25,004310,현대약품,10400.0,4.31,15988562,0,-96218,1.25,49.96,3.22,N,0.00,0.00,-34.84,-34.84
2026-09-17T13:46:27,140430,카티스,2975.0,-10.26,1075583,0,-32,0.00,10.06,0.07,N,-31.32,4.63,-31.61,-71.19
2026-09-17T13:46:29,460940,피앤에스로보틱스,5260.0,7.35,695993,0,586,1.52,5.17,1.81,N,24.81,1.61,-77.47,-64.46
2026-09-17T13:46:31,072950,빛샘전자,13190.0,-2.51,5918855,0,-87186,1.76,73.50,2.46,N,14.06,1.27,-48.68,-48.68
2026-09-17T13:46:33,950190,고스트스튜디오,10190.0,-8.28,541316,0,0,30.22,4.16,0.17,N,15.80,0.85,-18.22,-18.22
2026-09-17T13:46:34,142280,녹십자엠에스,3285.0,7.18,8694578,0,-98090,0.92,36.28,2.45,N,19.44,1.61,-50.68,-50.68
2026-09-17T13:46:36,357580,아모센스,6850.0,6.37,1966048,0,-186156,5.22,16.68,0.34,N,155.68,1.79,-77.09,-77.09
2026-09-17T13:55:20,007460,에이프로젠,2010.0,2.13,96884,0,22450,0.00,0.39,0.02,N,-0.61,0.02,-74.23,-87.62
2026-09-17T13:55:22,003060,에이프로젠바이오로직스,1655.0,0.85,49499,0,6201,0.00,0.30,0.00,N,-0.13,0.10,-74.02,-85.01
2026-09-17T13:55:24,417030,니어스랩,28800.0,8.07,284479,0,79307,5.70,4.92,0.00,N,-6.95,-0.63,-31.43,-31.43
2026-09-17T13:55:26,127120,제이에스링크,32350.0,4.02,63578,0,24659,3.50,0.17,0.00,N,-53.83,15.07,-35.17,-35.17
2026-09-17T13:55:28,115180,큐리언트,22750.0,3.64,103165,0,12032,3.06,0.27,0.00,N,-26.92,25.17,-63.83,-63.83
2026-09-17T13:55:30,051160,지어소프트,12890.0,29.94,2074108,0,199591,18.76,13.40,0.71,N,15.80,1.20,0.00,0.00
2026-09-17T13:55:31,478340,나라스페이스테크놀로지,13850.0,29.92,1380396,0,74877,3.81,11.93,0.56,N,-11.60,-3.02,-78.56,-78.56
2026-09-17T13:55:33,042370,비츠로테크,11440.0,30.0,6860031,0,-17977,7.64,26.18,1.84,N,45.22,1.16,-51.93,-51.93
2026-09-17T13:55:35,051630,진양화학,1765.0,29.21,4134228,0,68800,0.57,19.50,0.00,N,-6.92,0.97,-49.79,-49.79
2026-09-17T13:55:37,232830,아이티센피엔에스,3460.0,-0.57,9045243,0,-186832,1.64,54.71,0.00,N,-9.43,3.60,-38.10,-38.10
2026-09-17T13:55:39,457370,한켐,11610.0,19.32,9722054,0,5098,1.39,120.51,6.37,N,13.58,1.69,-31.87,-31.87
2026-09-17T13:55:41,285800,진영,4730.0,25.3,823865,0,-5153,0.06,22.92,0.06,N,-5.98,0.47,-22.20,-68.09
2026-09-17T13:55:43,209640,와이제이링크,3800.0,22.98,5631016,0,-325100,4.70,19.80,0.71,N,-34.86,1.45,-63.29,-63.29
2026-09-17T13:55:45,355390,크라우드웍스,1547.0,23.27,2598582,0,30942,1.95,16.37,0.00,N,-0.86,1.22,-76.09,-76.09
2026-09-17T13:55:47,234030,싸이닉솔루션,3455.0,19.76,949582,0,24594,4.32,4.02,1.27,N,43.73,2.23,-72.80,-72.80
2026-09-17T13:55:49,484120,도우인시스,21300.0,17.23,183174,0,67093,0.38,1.67,2.15,N,434.69,1.38,-34.66,-37.81
2026-09-17T13:55:50,078350,한양디지텍,22400.0,25.77,1513986,0,184935,6.57,9.93,4.01,N,22.81,1.92,-49.44,-49.44
2026-09-17T13:55:52,355150,코스텍시스,21450.0,12.3,258203,0,57670,16.54,3.31,0.45,N,-92.46,6.55,-66.54,-66.54
2026-09-17T13:55:54,290550,디케이티,19075.0,13.2,557464,0,-17968,7.00,2.79,3.97,N,16.46,1.88,-45.42,-45.42
2026-09-17T13:55:56,412350,레이저쎌,5400.0,13.68,1134356,0,84582,3.82,7.77,0.00,N,-3.38,3.68,-63.11,-63.11
2026-09-17T13:55:58,043260,성호전자,21550.0,16.11,13286084,217387,-137,2.54,17.61,0.34,N,16.07,6.09,-63.84,-63.84
2026-09-17T13:56:00,330860,네패스아크,26700.0,12.9,447686,0,62984,9.43,3.67,2.63,N,-11.34,1.97,-57.95,-57.95
2026-09-17T13:56:02,396270,넥스트칩,2440.0,14.55,5702511,0,-472870,3.45,17.34,0.00,N,-2.85,6.70,-67.77,-67.77
2026-09-17T13:56:04,200470,에이팩트,7040.0,13.73,2578060,0,605453,2.95,5.88,0.39,N,-5.88,5.40,-46.26,-46.26
2026-09-17T13:56:06,357580,아모센스,6960.0,8.07,2010807,0,-189683,5.22,17.06,0.34,N,158.18,1.82,-76.72,-76.72
2026-09-17T13:56:07,220100,퓨쳐켐,6310.0,-6.52,759059,0,-351583,6.29,3.38,0.36,N,-13.12,2.71,-82.00,-77.68
2026-09-17T13:56:09,088800,에이스테크,2280.0,-6.94,2885735,0,-281948,0.00,3.82,0.00,N,-6.03,2.49,-71.10,-71.10
2026-09-17T13:56:11,0007J0,인벤테라,10880.0,3.62,1633262,0,-40544,2.80,20.76,0.11,N,0.00,0.00,-81.93,-81.93
2026-09-17T13:56:13,317850,대모,6230.0,5.41,3864869,0,-102267,3.18,46.43,2.47,N,27.44,1.08,-42.90,-42.90
2026-09-17T13:56:15,072990,에이치시티,3160.0,4.46,1188818,0,-62509,7.73,8.20,0.78,N,7.28,0.48,-77.75,-56.25
2026-09-17T13:56:17,049080,기가레인,10250.0,-6.73,2291527,0,-165457,1.42,27.00,0.00,N,-8.21,2.10,-31.44,-67.20
2026-09-17T13:56:19,140430,카티스,2980.0,-10.11,1087979,0,-32,0.00,10.18,0.07,N,-31.37,4.64,-31.49,-71.14
2026-09-17T13:56:21,460940,피앤에스로보틱스,5240.0,6.94,697233,0,1286,1.52,5.18,1.81,N,24.72,1.61,-77.56,-64.59
2026-09-17T13:56:23,004310,현대약품,10420.0,4.51,16049101,0,-95930,1.25,50.15,3.22,N,0.00,0.00,-34.71,-34.71
2026-09-17T13:56:25,261780,아리바이오랩,4150.0,3.11,2416855,0,177703,0.00,8.35,0.00,N,0.00,0.00,-38.24,-38.24
2026-09-17T13:56:27,274090,켄코아에어로스페이스,11490.0,12.87,2393673,0,-280899,9.21,17.38,1.47,N,-9.71,0.94,-70.98,-70.98
2026-09-17T13:56:29,950190,고스트스튜디오,10120.0,-8.91,544804,0,0,30.22,4.19,0.17,N,15.69,0.84,-18.78,-18.78
2026-09-17T13:56:31,142280,녹십자엠에스,3275.0,6.85,8715724,0,-92683,0.92,36.37,2.45,N,19.38,1.61,-50.83,-50.83
2026-09-17T13:56:33,072950,빛샘전자,13260.0,-2.0,5933289,0,-83736,1.76,73.68,2.46,N,14.14,1.28,-48.40,-48.40
2026-09-17T14:05:20,007460,에이프로젠,2020.0,2.64,97922,0,23642,0.00,0.39,0.02,N,-0.61,0.02,-74.10,-87.55
2026-09-17T14:05:23,003060,에이프로젠바이오로직스,1653.0,0.73,49514,0,6215,0.00,0.30,0.00,N,-0.13,0.10,-74.05,-85.03
2026-09-17T14:05:24,417030,니어스랩,28800.0,8.07,288977,0,78582,5.70,5.00,0.00,N,-6.95,-0.63,-31.43,-31.43
2026-09-17T14:05:26,127120,제이에스링크,32450.0,4.34,67531,0,27440,3.50,0.18,0.00,N,-53.99,15.11,-34.97,-34.97
2026-09-17T14:05:28,115180,큐리언트,22700.0,3.42,104274,0,12072,3.06,0.28,0.00,N,-26.86,25.11,-63.91,-63.91
2026-09-17T14:05:30,232830,아이티센피엔에스,3705.0,6.47,10430701,0,-191048,1.64,63.09,0.00,N,-10.10,3.85,-33.72,-33.72
2026-09-17T14:05:32,051160,지어소프트,12890.0,29.94,2077380,0,199564,18.76,13.42,0.71,N,15.80,1.20,0.00,0.00
2026-09-17T14:05:34,478340,나라스페이스테크놀로지,13850.0,29.92,1381231,0,74795,3.81,11.94,0.56,N,-11.60,-3.02,-78.56,-78.56
2026-09-17T14:05:36,285800,진영,4855.0,28.61,848717,0,-3474,0.06,23.62,0.06,N,-6.14,0.48,-20.15,-67.25
2026-09-17T14:05:38,051630,진양화학,1775.0,29.94,4431498,0,101247,0.57,20.90,0.00,N,-6.96,0.97,-49.50,-49.50
2026-09-17T14:05:40,042370,비츠로테크,11440.0,30.0,6865919,0,-18174,7.64,26.21,1.84,N,45.22,1.16,-51.93,-51.93
2026-09-17T14:05:41,457370,한켐,11650.0,19.73,10563334,0,-59339,1.39,130.94,6.37,N,13.63,1.70,-31.63,-31.63
2026-09-17T14:05:43,355390,크라우드웍스,1565.0,24.7,2637994,0,20279,1.95,16.62,0.00,N,-0.87,1.24,-75.81,-75.81
2026-09-17T14:05:45,209640,와이제이링크,3805.0,23.14,5674970,0,-333567,4.70,19.95,0.71,N,-34.91,1.45,-63.24,-63.24
2026-09-17T14:05:47,234030,싸이닉솔루션,3450.0,19.58,954365,0,25108,4.32,4.04,1.27,N,43.67,2.23,-72.83,-72.83
2026-09-17T14:05:49,355150,코스텍시스,22400.0,17.28,284980,0,64105,16.54,3.65,0.45,N,-96.55,6.84,-65.05,-65.05
2026-09-17T14:05:51,484120,도우인시스,21200.0,16.68,184504,0,67433,0.38,1.68,2.15,N,432.65,1.37,-34.97,-38.10
2026-09-17T14:05:53,078350,한양디지텍,22300.0,25.21,1561688,0,172673,6.57,10.24,4.01,N,22.71,1.91,-49.66,-49.66
2026-09-17T14:05:55,043260,성호전자,21550.0,16.11,13327090,217387,-844,2.54,17.66,0.34,N,16.07,6.09,-63.84,-63.84
2026-09-17T14:05:57,290550,디케이티,19070.0,13.18,574735,0,-28182,7.00,2.87,3.97,N,16.45,1.88,-45.44,-45.44
2026-09-17T14:05:58,330860,네패스아크,26700.0,12.9,452644,0,60821,9.43,3.72,2.63,N,-11.34,1.97,-57.95,-57.95
2026-09-17T14:06:00,274090,켄코아에어로스페이스,11640.0,14.34,2404275,0,-279965,9.21,17.45,1.47,N,-9.84,0.95,-70.61,-70.61
2026-09-17T14:06:02,200470,에이팩트,7040.0,13.73,2602625,0,615702,2.95,5.94,0.39,N,-5.88,5.40,-46.26,-46.26
2026-09-17T14:06:04,005160,동국산업,3815.0,9.31,8015880,0,-34839,1.48,14.78,0.85,N,-20.73,0.53,-3.66,-3.66
2026-09-17T14:06:06,003780,진양산업,4620.0,14.5,996426,0,104123,3.96,7.66,3.50,N,8.65,0.89,-42.89,-42.89
2026-09-17T14:06:08,088800,에이스테크,2250.0,-8.16,2903678,0,-282834,0.00,3.85,0.00,N,-5.95,2.46,-71.48,-71.48
2026-09-17T14:06:10,220100,퓨쳐켐,6320.0,-6.37,762163,0,-352631,6.29,3.40,0.36,N,-13.14,2.71,-81.97,-77.65
2026-09-17T14:06:12,0007J0,인벤테라,10730.0,2.19,1640531,0,-41462,2.80,20.86,0.11,N,0.00,0.00,-82.18,-82.18
2026-09-17T14:06:14,072990,에이치시티,3165.0,4.63,1191038,0,-62383,7.73,8.22,0.78,N,7.29,0.48,-77.71,-56.18
2026-09-17T14:06:16,317850,대모,6210.0,5.08,3877374,0,-101350,3.18,46.58,2.47,N,27.36,1.07,-43.08,-43.08
2026-09-17T14:06:18,049080,기가레인,10320.0,-6.1,2304467,0,-160824,1.42,27.15,0.00,N,-8.26,2.12,-30.97,-66.98
2026-09-17T14:06:19,396270,넥스트칩,2410.0,13.15,5741155,0,-479757,3.45,17.46,0.00,N,-2.82,6.62,-68.16,-68.16
2026-09-17T14:06:21,140430,카티스,3010.0,-9.2,1122753,0,-32,0.00,10.50,0.07,N,-31.68,4.69,-30.80,-70.85
2026-09-17T14:06:23,004310,현대약품,10420.0,4.51,16097313,0,-104883,1.25,50.30,3.22,N,0.00,0.00,-34.71,-34.71
2026-09-17T14:06:25,950190,고스트스튜디오,10070.0,-9.36,551803,0,0,30.22,4.24,0.17,N,15.61,0.84,-19.18,-19.18
2026-09-17T14:06:27,460940,피앤에스로보틱스,5240.0,6.94,697919,0,1744,1.52,5.19,1.81,N,24.72,1.61,-77.56,-64.59
2026-09-17T14:06:29,072950,빛샘전자,13235.0,-2.18,5957174,0,-86854,1.76,73.98,2.46,N,14.11,1.28,-48.50,-48.50
2026-09-17T14:06:31,261780,아리바이오랩,4185.0,3.98,2448843,0,190178,0.00,8.46,0.00,N,0.00,0.00,-37.72,-37.72
2026-09-17T14:06:33,142280,녹십자엠에스,3275.0,6.85,8737990,0,-78258,0.92,36.46,2.45,N,19.38,1.61,-50.83,-50.83
2026-09-17T14:15:21,007460,에이프로젠,2005.0,1.88,99384,0,24801,0.00,0.40,0.02,N,-0.61,0.02,-74.29,-87.65
2026-09-17T14:15:23,003060,에이프로젠바이오로직스,1646.0,0.3,49669,0,6210,0.00,0.31,0.00,N,-0.13,0.10,-74.16,-85.09
2026-09-17T14:15:25,417030,니어스랩,28900.0,8.44,292346,0,78064,5.70,5.06,0.00,N,-6.98,-0.63,-31.19,-31.19
2026-09-17T14:15:27,127120,제이에스링크,32500.0,4.5,70237,0,30023,3.50,0.19,0.00,N,-54.08,15.14,-34.87,-34.87
2026-09-17T14:15:28,115180,큐리언트,22600.0,2.96,105497,0,11999,3.06,0.28,0.00,N,-26.75,25.00,-64.07,-64.07
2026-09-17T14:15:30,232830,아이티센피엔에스,3640.0,4.6,10778277,0,-190257,1.64,65.19,0.00,N,-9.92,3.78,-34.88,-34.88
2026-09-17T14:15:32,051160,지어소프트,12890.0,29.94,2079221,0,199550,18.76,13.44,0.71,N,15.80,1.20,0.00,0.00
2026-09-17T14:15:34,285800,진영,4905.0,29.93,917199,0,1505,0.06,25.52,0.06,N,-6.20,0.49,-19.33,-66.91
2026-09-17T14:15:36,478340,나라스페이스테크놀로지,13850.0,29.92,1381323,0,74795,3.81,11.94,0.56,N,-11.60,-3.02,-78.56,-78.56
2026-09-17T14:15:38,051630,진양화학,1775.0,29.94,4441160,0,108329,0.57,20.95,0.00,N,-6.96,0.97,-49.50,-49.50
2026-09-17T14:15:40,042370,비츠로테크,11440.0,30.0,6874903,0,-18755,7.64,26.24,1.84,N,45.22,1.16,-51.93,-51.93
2026-09-17T14:15:42,457370,한켐,11780.0,21.07,11197662,0,-58124,1.39,138.81,6.37,N,13.78,1.72,-30.87,-30.87
2026-09-17T14:15:44,355390,크라우드웍스,1560.0,24.3,2683288,0,9709,1.95,16.90,0.00,N,-0.86,1.23,-75.89,-75.89
2026-09-17T14:15:45,209640,와이제이링크,3782.0,22.39,5772023,0,-376854,4.70,20.29,0.71,N,-34.70,1.44,-63.46,-63.46
2026-09-17T14:15:47,234030,싸이닉솔루션,3440.0,19.24,965195,0,25745,4.32,4.09,1.27,N,43.54,2.22,-72.91,-72.91
2026-09-17T14:15:49,355150,코스텍시스,22150.0,15.97,298475,0,65441,16.54,3.83,0.45,N,-95.47,6.76,-65.44,-65.44
2026-09-17T14:15:51,484120,도우인시스,21150.0,16.4,186530,0,68338,0.38,1.70,2.15,N,431.63,1.37,-35.12,-38.25
2026-09-17T14:15:53,005160,동국산업,3905.0,11.89,8733369,0,-30236,1.48,16.10,0.85,N,-21.22,0.54,-1.39,-1.39
2026-09-17T14:15:55,078350,한양디지텍,22250.0,24.93,1610066,0,159261,6.57,10.56,4.01,N,22.66,1.91,-49.77,-49.77
2026-09-17T14:15:57,043260,성호전자,21550.0,16.11,13376024,217387,-1916,2.54,17.73,0.34,N,16.07,6.09,-63.84,-63.84
2026-09-17T14:15:58,290550,디케이티,19030.0,12.94,590321,0,-34521,7.00,2.95,3.97,N,16.42,1.88,-45.55,-45.55
2026-09-17T14:16:00,330860,네패스아크,26700.0,12.9,457551,0,59200,9.43,3.76,2.63,N,-11.34,1.97,-57.95,-57.95
2026-09-17T14:16:02,200470,에이팩트,7010.0,13.25,2614901,0,617694,2.95,5.97,0.39,N,-5.86,5.38,-46.49,-46.49
2026-09-17T14:16:04,488900,비츠로넥스텍,11940.0,11.9,636752,0,5778,0.23,2.20,0.05,N,-18.89,8.14,-61.61,-61.61
2026-09-17T14:16:06,088800,에이스테크,2247.0,-8.29,2921539,0,-283186,0.00,3.87,0.00,N,-5.94,2.46,-71.52,-71.52
2026-09-17T14:16:08,220100,퓨쳐켐,6320.0,-6.37,764570,0,-352937,6.29,3.41,0.36,N,-13.14,2.71,-81.97,-77.65
2026-09-17T14:16:10,0007J0,인벤테라,10700.0,1.9,1656882,0,-38247,2.80,21.06,0.11,N,0.00,0.00,-82.23,-82.23
2026-09-17T14:16:12,317850,대모,6200.0,4.91,3882899,0,-99489,3.18,46.64,2.47,N,27.31,1.07,-43.17,-43.17
2026-09-17T14:16:14,072990,에이치시티,3170.0,4.79,1191968,0,-62011,7.73,8.22,0.78,N,7.30,0.48,-77.68,-56.11
2026-09-17T14:16:16,049080,기가레인,10360.0,-5.73,2312403,0,-161377,1.42,27.24,0.00,N,-8.29,2.13,-30.70,-66.85
2026-09-17T14:16:18,396270,넥스트칩,2405.0,12.91,5756558,0,-479510,3.45,17.50,0.00,N,-2.81,6.61,-68.23,-68.23
2026-09-17T14:16:20,460940,피앤에스로보틱스,5240.0,6.94,698018,0,1746,1.52,5.19,1.81,N,24.72,1.61,-77.56,-64.59
2026-09-17T14:16:21,004310,현대약품,10430.0,4.61,16146649,0,-104510,1.25,50.46,3.22,N,0.00,0.00,-34.65,-34.65
2026-09-17T14:16:23,140430,카티스,2985.0,-9.95,1130318,0,-32,0.00,10.57,0.07,N,-31.42,4.65,-31.38,-71.09
2026-09-17T14:16:25,274090,켄코아에어로스페이스,11550.0,13.46,2423157,0,-274751,9.21,17.59,1.47,N,-9.76,0.94,-70.83,-70.83
2026-09-17T14:16:27,950190,고스트스튜디오,10130.0,-8.82,553900,0,0,30.22,4.26,0.17,N,15.71,0.84,-18.70,-18.70
2026-09-17T14:16:29,072950,빛샘전자,13290.0,-1.77,5970707,0,-86399,1.76,74.15,2.46,N,14.17,1.28,-48.29,-48.29
2026-09-17T14:16:31,142280,녹십자엠에스,3300.0,7.67,8749954,0,-78944,0.92,36.51,2.45,N,19.53,1.62,-50.45,-50.45
2026-09-17T14:25:21,007460,에이프로젠,2000.0,1.63,99563,0,24651,0.00,0.40,0.02,N,-0.60,0.02,-74.36,-87.68
2026-09-17T14:25:23,003060,에이프로젠바이오로직스,1643.0,0.12,54131,0,4045,0.00,0.33,0.00,N,-0.13,0.10,-74.21,-85.12
2026-09-17T14:25:25,417030,니어스랩,28950.0,8.63,295564,0,77675,5.70,5.12,0.00,N,-6.99,-0.63,-31.07,-31.07
2026-09-17T14:25:27,127120,제이에스링크,32250.0,3.7,73983,0,31079,3.50,0.20,0.00,N,-53.66,15.02,-35.37,-35.37
2026-09-17T14:25:29,115180,큐리언트,22550.0,2.73,106995,0,11893,3.06,0.29,0.00,N,-26.69,24.94,-64.15,-64.15
2026-09-17T14:25:31,051160,지어소프트,12890.0,29.94,2079693,0,199524,18.76,13.44,0.71,N,15.80,1.20,0.00,0.00
2026-09-17T14:25:33,232830,아이티센피엔에스,3610.0,3.74,11170456,0,-193204,1.64,67.56,0.00,N,-9.84,3.75,-35.42,-35.42
2026-09-17T14:25:35,285800,진영,4905.0,29.93,922898,0,1505,0.06,25.68,0.06,N,-6.20,0.49,-19.33,-66.91
2026-09-17T14:25:37,478340,나라스페이스테크놀로지,13850.0,29.92,1381452,0,74795,3.81,11.94,0.56,N,-11.60,-3.02,-78.56,-78.56
2026-09-17T14:25:39,051630,진양화학,1775.0,29.94,4446038,0,108329,0.57,20.97,0.00,N,-6.96,0.97,-49.50,-49.50
2026-09-17T14:25:41,457370,한켐,12000.0,23.33,11966120,0,-41640,1.39,148.33,6.37,N,14.04,1.75,-29.58,-29.58
2026-09-17T14:25:43,042370,비츠로테크,11440.0,30.0,6878705,0,-19531,7.64,26.25,1.84,N,45.22,1.16,-51.93,-51.93
2026-09-17T14:25:44,355390,크라우드웍스,1555.0,23.9,2724719,0,7553,1.95,17.16,0.00,N,-0.86,1.23,-75.97,-75.97
2026-09-17T14:25:46,209640,와이제이링크,3790.0,22.65,5802138,0,-374876,4.70,20.40,0.71,N,-34.77,1.45,-63.38,-63.38
2026-09-17T14:25:48,234030,싸이닉솔루션,3450.0,19.58,972516,0,27365,4.32,4.12,1.27,N,43.67,2.23,-72.83,-72.83
2026-09-17T14:25:50,484120,도우인시스,21200.0,16.68,187953,0,68586,0.38,1.72,2.15,N,432.65,1.37,-34.97,-38.10
2026-09-17T14:25:52,355150,코스텍시스,21900.0,14.66,313725,0,62611,16.54,4.02,0.45,N,-94.40,6.68,-65.83,-65.83
2026-09-17T14:25:54,005160,동국산업,3870.0,10.89,9366068,0,-30484,1.48,17.27,0.85,N,-21.03,0.54,-2.27,-2.27
2026-09-17T14:25:56,078350,한양디지텍,21900.0,22.96,1677227,0,147066,6.57,11.00,4.01,N,22.30,1.88,-50.56,-50.56
2026-09-17T14:25:58,043260,성호전자,21450.0,15.57,13439580,217387,13441,2.54,17.81,0.34,N,16.00,6.07,-64.01,-64.01
2026-09-17T14:26:00,201490,미투온,4505.0,17.32,60367616,0,-181621,0.95,184.48,5.07,N,180.20,0.98,-34.71,-34.71
2026-09-17T14:26:02,290550,디케이티,18920.0,12.28,607393,0,-39040,7.00,3.04,3.97,N,16.32,1.87,-45.87,-45.87
2026-09-17T14:26:04,330860,네패스아크,26550.0,12.26,463796,0,56804,9.43,3.81,2.63,N,-11.28,1.96,-58.19,-58.19
2026-09-17T14:26:06,354320,알멕,38650.0,10.74,207164,0,5309,4.77,3.24,0.43,N,-188.54,1.64,-62.84,-62.84
2026-09-17T14:26:07,088800,에이스테크,2250.0,-8.16,2935079,0,-290896,0.00,3.89,0.00,N,-5.95,2.46,-71.48,-71.48
2026-09-17T14:26:09,220100,퓨쳐켐,6310.0,-6.52,771639,0,-357285,6.29,3.44,0.36,N,-13.12,2.71,-82.00,-77.68
2026-09-17T14:26:11,0007J0,인벤테라,10610.0,1.05,1671385,0,-40300,2.80,21.25,0.11,N,0.00,0.00,-82.38,-82.38
2026-09-17T14:26:13,072990,에이치시티,3165.0,4.63,1194375,0,-60826,7.73,8.24,0.78,N,7.29,0.48,-77.71,-56.18
2026-09-17T14:26:15,317850,대모,6250.0,5.75,3892279,0,-101561,3.18,46.76,2.47,N,27.53,1.08,-42.71,-42.71
2026-09-17T14:26:17,049080,기가레인,10290.0,-6.37,2333506,0,-169111,1.42,27.49,0.00,N,-8.24,2.11,-31.17,-67.07
2026-09-17T14:26:19,396270,넥스트칩,2420.0,13.62,5785003,0,-486990,3.45,17.59,0.00,N,-2.83,6.65,-68.03,-68.03
2026-09-17T14:26:21,004310,현대약품,10410.0,4.41,16217883,0,-106857,1.25,50.68,3.22,N,0.00,0.00,-34.77,-34.77
2026-09-17T14:26:23,460940,피앤에스로보틱스,5240.0,6.94,701597,0,3251,1.52,5.21,1.81,N,24.72,1.61,-77.56,-64.59
2026-09-17T14:26:25,140430,카티스,3010.0,-9.2,1132961,0,-32,0.00,10.60,0.07,N,-31.68,4.69,-30.80,-70.85
2026-09-17T14:26:26,274090,켄코아에어로스페이스,11530.0,13.26,2430788,0,-272888,9.21,17.65,1.47,N,-9.75,0.94,-70.88,-70.88
2026-09-17T14:26:28,950190,고스트스튜디오,10200.0,-8.19,561330,0,0,30.22,4.31,0.17,N,15.81,0.85,-18.14,-18.14
2026-09-17T14:35:21,007460,에이프로젠,1999.0,1.58,100210,0,24641,0.00,0.40,0.02,N,-0.60,0.02,-74.37,-87.68
2026-09-17T14:35:24,003060,에이프로젠바이오로직스,1647.0,0.37,54358,0,3899,0.00,0.33,0.00,N,-0.13,0.10,-74.14,-85.09
2026-09-17T14:35:25,417030,니어스랩,28850.0,8.26,297875,0,77753,5.70,5.16,0.00,N,-6.97,-0.63,-31.31,-31.31
2026-09-17T14:35:27,127120,제이에스링크,32200.0,3.54,75203,0,31828,3.50,0.20,0.00,N,-53.58,15.00,-35.47,-35.47
2026-09-17T14:35:29,115180,큐리언트,22550.0,2.73,109343,0,10787,3.06,0.29,0.00,N,-26.69,24.94,-64.15,-64.15
2026-09-17T14:35:32,457370,한켐,12390.0,27.34,13076124,0,-55840,1.39,162.09,6.37,N,14.49,1.80,-27.29,-27.29
2026-09-17T14:35:34,051160,지어소프트,12890.0,29.94,2080661,0,199506,18.76,13.45,0.71,N,15.80,1.20,0.00,0.00
2026-09-17T14:35:36,232830,아이티센피엔에스,3600.0,3.45,11450454,0,-195202,1.64,69.26,0.00,N,-9.81,3.74,-35.60,-35.60
2026-09-17T14:35:37,285800,진영,4905.0,29.93,923612,0,1498,0.06,25.70,0.06,N,-6.20,0.49,-19.33,-66.91
2026-09-17T14:35:39,478340,나라스페이스테크놀로지,13850.0,29.92,1381473,0,74795,3.81,11.94,0.56,N,-11.60,-3.02,-78.56,-78.56
2026-09-17T14:35:41,051630,진양화학,1775.0,29.94,4450137,0,108329,0.57,20.99,0.00,N,-6.96,0.97,-49.50,-49.50
2026-09-17T14:35:43,042370,비츠로테크,11440.0,30.0,6883239,0,-19782,7.64,26.27,1.84,N,45.22,1.16,-51.93,-51.93
2026-09-17T14:35:45,209640,와이제이링크,3780.0,22.33,5908353,0,-405008,4.70,20.77,0.71,N,-34.68,1.44,-63.48,-63.48
2026-09-17T14:35:47,355390,크라우드웍스,1518.0,20.96,2798987,0,3815,1.95,17.63,0.00,N,-0.84,1.20,-76.54,-76.54
2026-09-17T14:35:49,234030,싸이닉솔루션,3425.0,18.72,983492,0,31710,4.32,4.17,1.27,N,43.35,2.21,-73.03,-73.03
2026-09-17T14:35:51,484120,도우인시스,21200.0,16.68,189102,0,68207,0.38,1.73,2.15,N,432.65,1.37,-34.97,-38.10
2026-09-17T14:35:53,355150,코스텍시스,22100.0,15.71,319261,0,61709,16.54,4.09,0.45,N,-95.26,6.74,-65.52,-65.52
2026-09-17T14:35:55,201490,미투온,4645.0,20.96,62910154,0,-140542,0.95,192.25,5.07,N,185.80,1.01,-32.68,-32.68
2026-09-17T14:35:56,043260,성호전자,21400.0,15.3,13515657,217387,9123,2.54,17.91,0.34,N,15.96,6.05,-64.09,-64.09
2026-09-17T14:35:58,290550,디케이티,18940.0,12.4,619852,0,-43145,7.00,3.10,3.97,N,16.34,1.87,-45.81,-45.81
2026-09-17T14:36:00,354320,알멕,38600.0,10.6,213231,0,3018,4.77,3.34,0.43,N,-188.29,1.64,-62.88,-62.88
2026-09-17T14:36:02,274090,켄코아에어로스페이스,11570.0,13.65,2434989,0,-273412,9.21,17.68,1.47,N,-9.78,0.95,-70.78,-70.78
2026-09-17T14:36:04,078350,한양디지텍,21850.0,22.68,1720977,0,148383,6.57,11.29,4.01,N,22.25,1.87,-50.68,-50.68
2026-09-17T14:36:06,261780,아리바이오랩,4300.0,6.83,2802998,0,196458,0.00,9.68,0.00,N,0.00,0.00,-36.01,-36.01
2026-09-17T14:36:08,088800,에이스테크,2250.0,-8.16,2938966,0,-291862,0.00,3.89,0.00,N,-5.95,2.46,-71.48,-71.48
2026-09-17T14:36:10,220100,퓨쳐켐,6300.0,-6.67,775602,0,-357948,6.29,3.46,0.36,N,-13.10,2.71,-82.03,-77.72
2026-09-17T14:36:12,0007J0,인벤테라,10550.0,0.48,1683480,0,-40382,2.80,21.40,0.11,N,0.00,0.00,-82.48,-82.48
2026-09-17T14:36:14,072990,에이치시티,3155.0,4.3,1198826,0,-58455,7.73,8.27,0.78,N,7.27,0.48,-77.78,-56.32
2026-09-17T14:36:16,317850,대모,6220.0,5.25,3896526,0,-101372,3.18,46.81,2.47,N,27.40,1.08,-42.99,-42.99
2026-09-17T14:36:18,049080,기가레인,10280.0,-6.46,2341431,0,-169646,1.42,27.58,0.00,N,-8.23,2.11,-31.24,-67.10
2026-09-17T14:36:20,396270,넥스트칩,2370.0,11.27,5840099,0,-490807,3.45,17.76,0.00,N,-2.77,6.51,-68.69,-68.69
2026-09-17T14:36:22,460940,피앤에스로보틱스,5250.0,7.14,701734,0,3441,1.52,5.22,1.81,N,24.76,1.61,-77.52,-64.53
2026-09-17T14:36:24,140430,카티스,3000.0,-9.5,1137723,0,-32,0.00,10.64,0.07,N,-31.58,4.67,-31.03,-70.94
2026-09-17T14:36:25,004310,현대약품,10430.0,4.61,16250882,0,-98603,1.25,50.78,3.22,N,0.00,0.00,-34.65,-34.65
2026-09-17T14:36:27,142280,녹십자엠에스,3280.0,7.01,8797527,0,-58734,0.92,36.71,2.45,N,19.41,1.61,-50.75,-50.75
2026-09-17T14:36:29,072950,빛샘전자,13280.0,-1.85,6015682,0,-76069,1.76,74.70,2.46,N,14.16,1.28,-48.33,-48.33
2026-09-17T14:45:22,007460,에이프로젠,1998.0,1.52,101294,0,24585,0.00,0.41,0.02,N,-0.60,0.02,-74.38,-87.69
2026-09-17T14:45:24,003060,에이프로젠바이오로직스,1642.0,0.06,54974,0,3673,0.00,0.34,0.00,N,-0.13,0.10,-74.22,-85.13
2026-09-17T14:45:26,417030,니어스랩,28800.0,8.07,301302,0,77554,5.70,5.22,0.00,N,-6.95,-0.63,-31.43,-31.43
2026-09-17T14:45:28,127120,제이에스링크,32450.0,4.34,76725,0,32894,3.50,0.21,0.00,N,-53.99,15.11,-34.97,-34.97
2026-09-17T14:45:30,115180,큐리언트,22550.0,2.73,110885,0,10804,3.06,0.30,0.00,N,-26.69,24.94,-64.15,-64.15
2026-09-17T14:45:32,457370,한켐,12360.0,27.03,13365523,0,-51900,1.39,165.68,6.37,N,14.46,1.80,-27.46,-27.46
2026-09-17T14:45:34,051160,지어소프트,12890.0,29.94,2081117,0,199488,18.76,13.45,0.71,N,15.80,1.20,0.00,0.00
2026-09-17T14:45:36,232830,아이티센피엔에스,3610.0,3.74,11637152,0,-195193,1.64,70.38,0.00,N,-9.84,3.75,-35.42,-35.42
2026-09-17T14:45:38,285800,진영,4905.0,29.93,932448,0,1484,0.06,25.95,0.06,N,-6.20,0.49,-19.33,-66.91
2026-09-17T14:45:41,478340,나라스페이스테크놀로지,13850.0,29.92,1382013,0,74795,3.81,11.94,0.56,N,-11.60,-3.02,-78.56,-78.56
2026-09-17T14:45:43,480370,씨케이솔루션,2100.0,24.26,1679187,0,20257,1.15,5.17,0.65,N,-1.67,0.95,-83.01,-49.65
2026-09-17T14:45:45,051630,진양화학,1775.0,29.94,4451194,0,108329,0.57,21.00,0.00,N,-6.96,0.97,-49.50,-49.50
2026-09-17T14:45:47,042370,비츠로테크,11440.0,30.0,6889295,0,-17150,7.64,26.29,1.84,N,45.22,1.16,-51.93,-51.93
2026-09-17T14:45:48,209640,와이제이링크,3840.0,24.27,6066304,0,-384918,4.70,21.33,0.71,N,-35.23,1.47,-62.90,-62.90
2026-09-17T14:45:50,355390,크라우드웍스,1546.0,23.19,2823713,0,1532,1.95,17.79,0.00,N,-0.85,1.22,-76.11,-76.11
2026-09-17T14:45:52,234030,싸이닉솔루션,3425.0,18.72,991749,0,32464,4.32,4.20,1.27,N,43.35,2.21,-73.03,-73.03
2026-09-17T14:45:54,201490,미투온,4760.0,23.96,65983067,0,-154510,0.95,201.64,5.07,N,190.40,1.04,-31.01,-31.01
2026-09-17T14:45:56,355150,코스텍시스,22100.0,15.71,328588,0,61513,16.54,4.21,0.45,N,-95.26,6.74,-65.52,-65.52
2026-09-17T14:45:58,484120,도우인시스,21100.0,16.13,191050,0,68049,0.38,1.74,2.15,N,430.61,1.37,-35.28,-38.39
2026-09-17T14:46:00,288180,케이피항공산업,8300.0,15.92,364789,0,13682,1.32,4.93,0.38,N,39.52,3.59,-82.15,-82.15
2026-09-17T14:46:02,372910,한컴라이프케어,2275.0,14.9,3420439,0,-70922,3.42,12.36,2.28,N,-8.15,0.50,-39.81,-39.81
2026-09-17T14:46:03,261780,아리바이오랩,4315.0,7.2,2875295,0,196963,0.00,9.93,0.00,N,0.00,0.00,-35.79,-35.79
2026-09-17T14:46:05,488900,비츠로넥스텍,12070.0,13.12,690503,0,29606,0.23,2.38,0.05,N,-19.10,8.23,-61.19,-61.19
2026-09-17T14:46:07,274090,켄코아에어로스페이스,11630.0,14.24,2443891,0,-274907,9.21,17.74,1.47,N,-9.83,0.95,-70.63,-70.63
2026-09-17T14:46:09,290550,디케이티,18830.0,11.75,633807,0,-47906,7.00,3.17,3.97,N,16.25,1.86,-46.12,-46.12
2026-09-17T14:46:11,078350,한양디지텍,22000.0,23.53,1806199,0,158211,6.57,11.85,4.01,N,22.40,1.89,-50.34,-50.34
2026-09-17T14:46:13,043260,성호전자,21300.0,14.76,13684819,217387,42885,2.54,18.14,0.34,N,15.88,6.02,-64.26,-64.26
2026-09-17T14:46:15,088800,에이스테크,2245.0,-8.37,2945502,0,-292643,0.00,3.90,0.00,N,-5.94,2.46,-71.55,-71.55
2026-09-17T14:46:17,220100,퓨쳐켐,6290.0,-6.81,782723,0,-360259,6.29,3.49,0.36,N,-13.08,2.70,-82.05,-77.75
2026-09-17T14:46:19,0007J0,인벤테라,10500.0,0.0,1698526,0,-41420,2.80,21.59,0.11,N,0.00,0.00,-82.56,-82.56
2026-09-17T14:46:21,072990,에이치시티,3145.0,3.97,1204581,0,-58436,7.73,8.31,0.78,N,7.25,0.48,-77.85,-56.46
2026-09-17T14:46:23,317850,대모,6240.0,5.58,3905023,0,-99434,3.18,46.91,2.47,N,27.49,1.08,-42.80,-42.80
2026-09-17T14:46:24,049080,기가레인,10310.0,-6.19,2356689,0,-173735,1.42,27.76,0.00,N,-8.25,2.12,-31.04,-67.01
2026-09-17T14:46:26,396270,넥스트칩,2365.0,11.03,5912565,0,-488498,3.45,17.98,0.00,N,-2.76,6.50,-68.76,-68.76
2026-09-17T14:46:28,460940,피앤에스로보틱스,5230.0,6.73,702865,0,3823,1.52,5.22,1.81,N,24.67,1.60,-77.60,-64.66
2026-09-17T14:46:30,004310,현대약품,10410.0,4.41,16308783,0,-83930,1.25,50.96,3.22,N,0.00,0.00,-34.77,-34.77
2026-09-17T14:46:32,140430,카티스,2980.0,-10.11,1143967,0,-32,0.00,10.70,0.07,N,-31.37,4.64,-31.49,-71.14
2026-09-17T14:46:34,072950,빛샘전자,13230.0,-2.22,6034037,0,-70978,1.76,74.93,2.46,N,14.10,1.28,-48.52,-48.52
2026-09-17T14:46:36,142280,녹십자엠에스,3285.0,7.18,8821561,0,-62497,0.92,36.81,2.45,N,19.44,1.61,-50.68,-50.68
2026-09-17T14:55:21,007460,에이프로젠,1997.0,1.47,103355,0,24380,0.00,0.42,0.02,N,-0.60,0.02,-74.40,-87.70
2026-09-17T14:55:23,003060,에이프로젠바이오로직스,1641.0,0.0,55201,0,3495,0.00,0.34,0.00,N,-0.13,0.10,-74.24,-85.14
2026-09-17T14:55:25,417030,니어스랩,28750.0,7.88,304809,0,78741,5.70,5.28,0.00,N,-6.94,-0.63,-31.55,-31.55
2026-09-17T14:55:27,127120,제이에스링크,32250.0,3.7,79897,0,34262,3.50,0.22,0.00,N,-53.66,15.02,-35.37,-35.37
2026-09-17T14:55:29,115180,큐리언트,22600.0,2.96,112349,0,10548,3.06,0.30,0.00,N,-26.75,25.00,-64.07,-64.07
2026-09-17T14:55:31,457370,한켐,12550.0,28.98,13698601,0,-53307,1.39,169.81,6.37,N,14.68,1.83,-26.35,-26.35
2026-09-17T14:55:33,051160,지어소프트,12890.0,29.94,2082165,0,199470,18.76,13.46,0.71,N,15.80,1.20,0.00,0.00
2026-09-17T14:55:35,285800,진영,4905.0,29.93,933299,0,1481,0.06,25.97,0.06,N,-6.20,0.49,-19.33,-66.91
2026-09-17T14:55:37,478340,나라스페이스테크놀로지,13850.0,29.92,1382089,0,74795,3.81,11.95,0.56,N,-11.60,-3.02,-78.56,-78.56
2026-09-17T14:55:39,480370,씨케이솔루션,2115.0,25.15,1899918,0,55584,1.15,5.85,0.65,N,-1.69,0.96,-82.89,-49.29
2026-09-17T14:55:40,051630,진양화학,1775.0,29.94,4454627,0,108329,0.57,21.01,0.00,N,-6.96,0.97,-49.50,-49.50
2026-09-17T14:55:42,232830,아이티센피엔에스,3510.0,0.86,11817218,0,-194679,1.64,71.47,0.00,N,-9.56,3.65,-37.21,-37.21
2026-09-17T14:55:44,042370,비츠로테크,11440.0,30.0,6899645,0,-10901,7.64,26.33,1.84,N,45.22,1.16,-51.93,-51.93
2026-09-17T14:55:46,209640,와이제이링크,3820.0,23.62,6212965,0,-409389,4.70,21.84,0.71,N,-35.05,1.46,-63.09,-63.09
2026-09-17T14:55:48,234030,싸이닉솔루션,3395.0,17.68,1000995,0,33136,4.32,4.24,1.27,N,42.97,2.19,-73.27,-73.27
2026-09-17T14:55:50,355390,크라우드웍스,1523.0,21.35,2885053,0,-22188,1.95,18.17,0.00,N,-0.84,1.20,-76.46,-76.46
2026-09-17T14:55:52,201490,미투온,4720.0,22.92,68283511,0,-162682,0.95,208.67,5.07,N,188.80,1.03,-31.59,-31.59
2026-09-17T14:55:54,355150,코스텍시스,22250.0,16.49,335327,0,60781,16.54,4.30,0.45,N,-95.91,6.79,-65.29,-65.29
2026-09-17T14:55:56,288180,케이피항공산업,8320.0,16.2,367678,0,14200,1.32,4.97,0.38,N,39.62,3.59,-82.11,-82.11
2026-09-17T14:55:57,484120,도우인시스,20950.0,15.3,193207,0,69054,0.38,1.76,2.15,N,427.55,1.36,-35.74,-38.83
2026-09-17T14:55:59,372910,한컴라이프케어,2255.0,13.89,3715877,0,-95360,3.42,13.43,2.28,N,-8.08,0.49,-40.34,-40.34
2026-09-17T14:56:01,078350,한양디지텍,22250.0,24.93,1864327,0,156888,6.57,12.23,4.01,N,22.66,1.91,-49.77,-49.77
2026-09-17T14:56:03,043260,성호전자,21450.0,15.57,13767764,217387,58361,2.54,18.25,0.34,N,16.00,6.07,-64.01,-64.01
2026-09-17T14:56:05,488900,비츠로넥스텍,12150.0,13.87,773856,0,42224,0.23,2.67,0.05,N,-19.22,8.29,-60.93,-60.93
2026-09-17T14:56:07,347700,스피어,23750.0,16.71,5234680,0,-239089,9.02,10.15,0.43,N,4750.00,16.00,-58.55,-58.55
2026-09-17T14:56:09,088800,에이스테크,2230.0,-8.98,2968594,0,-290399,0.00,3.93,0.00,N,-5.90,2.44,-71.74,-71.74
2026-09-17T14:56:11,220100,퓨쳐켐,6260.0,-7.26,789969,0,-361681,6.29,3.52,0.36,N,-13.01,2.69,-82.14,-77.86
2026-09-17T14:56:13,0007J0,인벤테라,10490.0,-0.1,1708276,0,-41604,2.80,21.72,0.11,N,0.00,0.00,-82.57,-82.57
2026-09-17T14:56:14,072990,에이치시티,3165.0,4.63,1204636,0,-58445,7.73,8.31,0.78,N,7.29,0.48,-77.71,-56.18
2026-09-17T14:56:16,396270,넥스트칩,2380.0,11.74,5947197,0,-474489,3.45,18.08,0.00,N,-2.78,6.54,-68.56,-68.56
2026-09-17T14:56:18,049080,기가레인,10350.0,-5.82,2380560,0,-165649,1.42,28.05,0.00,N,-8.29,2.12,-30.77,-66.88
2026-09-17T14:56:20,317850,대모,6300.0,6.6,3930147,0,-94626,3.18,47.21,2.47,N,27.75,1.09,-42.25,-42.25
2026-09-17T14:56:22,140430,카티스,2950.0,-11.01,1162014,0,-32,0.00,10.87,0.07,N,-31.05,4.60,-32.18,-71.43
2026-09-17T14:56:24,460940,피앤에스로보틱스,5240.0,6.94,703896,0,4431,1.52,5.23,1.81,N,24.72,1.61,-77.56,-64.59
2026-09-17T14:56:26,004310,현대약품,10450.0,4.81,16340274,0,-79289,1.25,51.06,3.22,N,0.00,0.00,-34.52,-34.52
2026-09-17T14:56:28,274090,켄코아에어로스페이스,11570.0,13.65,2456158,0,-273551,9.21,17.83,1.47,N,-9.78,0.95,-70.78,-70.78
2026-09-17T14:56:29,072950,빛샘전자,13280.0,-1.85,6047070,0,-68837,1.76,75.09,2.46,N,14.16,1.28,-48.33,-48.33
2026-09-17T15:05:22,007460,에이프로젠,2000.0,1.63,105299,0,22944,0.00,0.42,0.02,N,-0.60,0.02,-74.36,-87.68
2026-09-17T15:05:23,003060,에이프로젠바이오로직스,1627.0,-0.85,59723,0,3371,0.00,0.37,0.00,N,-0.13,0.10,-74.46,-85.27
2026-09-17T15:05:25,417030,니어스랩,28850.0,8.26,307808,0,78845,5.70,5.33,0.00,N,-6.97,-0.63,-31.31,-31.31
2026-09-17T15:05:28,127120,제이에스링크,31900.0,2.57,86841,0,37559,3.50,0.23,0.00,N,-53.08,14.86,-36.07,-36.07
2026-09-17T15:05:30,115180,큐리언트,22550.0,2.73,114898,0,9688,3.06,0.31,0.00,N,-26.69,24.94,-64.15,-64.15
2026-09-17T15:05:32,457370,한켐,12600.0,29.5,14196026,0,-57762,1.39,175.97,6.37,N,14.74,1.83,-26.06,-26.06
2026-09-17T15:05:33,480370,씨케이솔루션,2170.0,28.4,2111156,0,-815,1.15,6.50,0.65,N,-1.73,0.98,-82.44,-47.97
2026-09-17T15:05:35,285800,진영,4905.0,29.93,934567,0,1478,0.06,26.01,0.06,N,-6.20,0.49,-19.33,-66.91
2026-09-17T15:05:38,478340,나라스페이스테크놀로지,13850.0,29.92,1382192,0,74795,3.81,11.95,0.56,N,-11.60,-3.02,-78.56,-78.56
2026-09-17T15:05:40,051630,진양화학,1775.0,29.94,4454724,0,108329,0.57,21.01,0.00,N,-6.96,0.97,-49.50,-49.50
2026-09-17T15:05:42,232830,아이티센피엔에스,3585.0,3.02,12005964,0,-195003,1.64,72.61,0.00,N,-9.77,3.73,-35.87,-35.87
2026-09-17T15:05:44,042370,비츠로테크,11440.0,30.0,7647219,0,6771,7.64,29.19,1.84,N,45.22,1.16,-51.93,-51.93
2026-09-17T15:05:46,209640,와이제이링크,3765.0,21.84,6337908,0,-413903,4.70,22.28,0.71,N,-34.54,1.44,-63.62,-63.62
2026-09-17T15:05:48,051160,지어소프트,11980.0,20.77,2757666,0,71825,18.76,17.82,0.71,N,14.68,1.12,-7.06,-7.06
2026-09-17T15:05:50,234030,싸이닉솔루션,3405.0,18.02,1015423,0,30486,4.32,4.30,1.27,N,43.10,2.20,-73.19,-73.19
2026-09-17T15:05:52,355390,크라우드웍스,1527.0,21.67,2951677,0,-22057,1.95,18.59,0.00,N,-0.84,1.21,-76.40,-76.40
2026-09-17T15:05:53,321820,아티스트컴퍼니,3990.0,17.7,765167,0,10149,0.82,4.91,0.04,N,47.50,1.52,-33.83,-34.91
2026-09-17T15:05:55,355150,코스텍시스,22050.0,15.45,338519,0,59852,16.54,4.34,0.45,N,-95.04,6.73,-65.60,-65.60
2026-09-17T15:05:57,201490,미투온,4630.0,20.57,69710987,0,-170221,0.95,213.03,5.07,N,185.20,1.01,-32.90,-32.90
2026-09-17T15:05:59,484120,도우인시스,21050.0,15.85,194753,0,69148,0.38,1.78,2.15,N,429.59,1.36,-35.43,-38.54
2026-09-17T15:06:01,288180,케이피항공산업,8290.0,15.78,369824,0,14632,1.32,5.00,0.38,N,39.48,3.58,-82.17,-82.17
2026-09-17T15:06:03,078350,한양디지텍,22300.0,25.21,1937262,0,154014,6.57,12.71,4.01,N,22.71,1.91,-49.66,-49.66
2026-09-17T15:06:05,043260,성호전자,21500.0,15.84,13844048,217387,54187,2.54,18.35,0.34,N,16.03,6.08,-63.93,-63.93
2026-09-17T15:06:07,347700,스피어,23900.0,17.44,5361043,0,-261426,9.02,10.40,0.43,N,4780.00,16.11,-58.29,-58.29
2026-09-17T15:06:09,372910,한컴라이프케어,2230.0,12.63,3854644,0,-74696,3.42,13.93,2.28,N,-7.99,0.49,-41.01,-41.01
2026-09-17T15:06:11,088800,에이스테크,2250.0,-8.16,3059333,0,-286017,0.00,4.05,0.00,N,-5.95,2.46,-71.48,-71.48
2026-09-17T15:06:13,220100,퓨쳐켐,6230.0,-7.7,799329,0,-365780,6.29,3.56,0.36,N,-12.95,2.68,-82.23,-77.96
2026-09-17T15:06:15,0007J0,인벤테라,10680.0,1.71,1719034,0,-41055,2.80,21.85,0.11,N,0.00,0.00,-82.26,-82.26
2026-09-17T15:06:17,072990,에이치시티,3165.0,4.63,1207739,0,-58407,7.73,8.33,0.78,N,7.29,0.48,-77.71,-56.18
2026-09-17T15:06:19,396270,넥스트칩,2360.0,10.8,5973571,0,-467906,3.45,18.16,0.00,N,-2.76,6.48,-68.82,-68.82
2026-09-17T15:06:21,317850,대모,6270.0,6.09,3940649,0,-94541,3.18,47.34,2.47,N,27.62,1.08,-42.53,-42.53
2026-09-17T15:06:23,049080,기가레인,10270.0,-6.55,2393726,0,-164338,1.42,28.20,0.00,N,-8.22,2.11,-31.30,-67.14
2026-09-17T15:06:25,140430,카티스,2970.0,-10.41,1167193,0,-32,0.00,10.92,0.07,N,-31.26,4.63,-31.72,-71.23
2026-09-17T15:06:26,460940,피앤에스로보틱스,5240.0,6.94,705758,0,4093,1.52,5.25,1.81,N,24.72,1.61,-77.56,-64.59
2026-09-17T15:06:28,004310,현대약품,10450.0,4.81,16394660,0,-62115,1.25,51.23,3.22,N,0.00,0.00,-34.52,-34.52
2026-09-17T15:06:30,072950,빛샘전자,13230.0,-2.22,6067425,0,-67739,1.76,75.35,2.46,N,14.10,1.28,-48.52,-48.52
2026-09-17T15:06:32,274090,켄코아에어로스페이스,11560.0,13.56,2472182,0,-268552,9.21,17.95,1.47,N,-9.77,0.95,-70.81,-70.81
2026-09-17T15:06:34,950190,고스트스튜디오,10200.0,-8.19,620455,0,0,30.22,4.77,0.17,N,15.81,0.85,-18.14,-18.14
2026-09-17T15:15:24,007460,에이프로젠,2005.0,1.88,105727,0,22902,0.00,0.43,0.02,N,-0.61,0.02,-74.29,-87.65
2026-09-17T15:15:26,003060,에이프로젠바이오로직스,1641.0,0.0,59733,0,3378,0.00,0.37,0.00,N,-0.13,0.10,-74.24,-85.14
2026-09-17T15:15:28,417030,니어스랩,28650.0,7.5,310562,0,80108,5.70,5.38,0.00,N,-6.92,-0.63,-31.79,-31.79
2026-09-17T15:15:30,127120,제이에스링크,31950.0,2.73,95444,0,42995,3.50,0.26,0.00,N,-53.16,14.88,-35.97,-35.97
2026-09-17T15:15:31,115180,큐리언트,22450.0,2.28,116420,0,9851,3.06,0.31,0.00,N,-26.57,24.83,-64.31,-64.31
2026-09-17T15:15:33,457370,한켐,12640.0,29.91,14425204,0,-53290,1.39,178.81,6.37,N,14.78,1.84,-25.82,-25.82
2026-09-17T15:15:35,285800,진영,4905.0,29.93,934692,0,1456,0.06,26.01,0.06,N,-6.20,0.49,-19.33,-66.91
2026-09-17T15:15:37,478340,나라스페이스테크놀로지,13850.0,29.92,1383530,0,73748,3.81,11.96,0.56,N,-11.60,-3.02,-78.56,-78.56
2026-09-17T15:15:39,051630,진양화학,1775.0,29.94,4456298,0,107396,0.57,21.02,0.00,N,-6.96,0.97,-49.50,-49.50
2026-09-17T15:15:41,480370,씨케이솔루션,2100.0,24.26,2273799,0,-16111,1.15,7.00,0.65,N,-1.67,0.95,-83.01,-49.65
2026-09-17T15:15:43,232830,아이티센피엔에스,3485.0,0.14,12188316,0,-195575,1.64,73.72,0.00,N,-9.50,3.62,-37.66,-37.66
2026-09-17T15:15:45,042370,비츠로테크,11280.0,28.18,8688674,0,-138413,7.64,33.16,1.84,N,44.58,1.14,-52.61,-52.61
2026-09-17T15:15:47,051160,지어소프트,11890.0,19.86,3269410,0,35987,18.76,21.13,0.71,N,14.57,1.11,-7.76,-7.76
2026-09-17T15:15:48,209640,와이제이링크,3780.0,22.33,6412473,0,-417173,4.70,22.54,0.71,N,-34.68,1.44,-63.48,-63.48
2026-09-17T15:15:50,355390,크라우드웍스,1510.0,20.32,2987536,0,-26441,1.95,18.82,0.00,N,-0.83,1.19,-76.66,-76.66
2026-09-17T15:15:52,234030,싸이닉솔루션,3395.0,17.68,1022470,0,33408,4.32,4.33,1.27,N,42.97,2.19,-73.27,-73.27
2026-09-17T15:15:54,321820,아티스트컴퍼니,3960.0,16.81,778993,0,11186,0.82,5.00,0.04,N,47.14,1.51,-34.33,-35.40
2026-09-17T15:15:56,484120,도우인시스,21150.0,16.4,196437,0,69784,0.38,1.79,2.15,N,431.63,1.37,-35.12,-38.25
2026-09-17T15:15:58,355150,코스텍시스,22000.0,15.18,343237,0,58431,16.54,4.40,0.45,N,-94.83,6.71,-65.68,-65.68
2026-09-17T15:16:00,288180,케이피항공산업,8280.0,15.64,370872,0,14593,1.32,5.02,0.38,N,39.43,3.58,-82.19,-82.19
2026-09-17T15:16:02,201490,미투온,4580.0,19.27,70594474,0,-169893,0.95,215.73,5.07,N,183.20,1.00,-33.62,-33.62
2026-09-17T15:16:04,078350,한양디지텍,22350.0,25.49,1988661,0,150321,6.57,13.05,4.01,N,22.76,1.92,-49.55,-49.55
2026-09-17T15:16:06,043260,성호전자,21500.0,15.84,13963213,217387,54783,2.54,18.51,0.34,N,16.03,6.08,-63.93,-63.93
2026-09-17T15:16:07,372910,한컴라이프케어,2200.0,11.11,3964967,0,-47170,3.42,14.33,2.28,N,-7.89,0.48,-41.80,-41.80
2026-09-17T15:16:09,347700,스피어,23750.0,16.71,5490088,0,-248600,9.02,10.65,0.43,N,4750.00,16.00,-58.55,-58.55
2026-09-17T15:16:11,088800,에이스테크,2205.0,-10.0,3098039,0,-281932,0.00,4.10,0.00,N,-5.83,2.41,-72.05,-72.05
2026-09-17T15:16:13,220100,퓨쳐켐,6280.0,-6.96,806134,0,-368631,6.29,3.59,0.36,N,-13.06,2.70,-82.08,-77.79
2026-09-17T15:16:15,0007J0,인벤테라,10660.0,1.52,1743778,0,-39441,2.80,22.17,0.11,N,0.00,0.00,-82.29,-82.29
2026-09-17T15:16:17,072990,에이치시티,3165.0,4.63,1213734,0,-58397,7.73,8.37,0.78,N,7.29,0.48,-77.71,-56.18
2026-09-17T15:16:19,317850,대모,6280.0,6.26,3951257,0,-94199,3.18,47.47,2.47,N,27.67,1.09,-42.44,-42.44
2026-09-17T15:16:21,049080,기가레인,10290.0,-6.37,2411133,0,-166654,1.42,28.41,0.00,N,-8.24,2.11,-31.17,-67.07
2026-09-17T15:16:23,396270,넥스트칩,2385.0,11.97,6020240,0,-458685,3.45,18.31,0.00,N,-2.79,6.55,-68.49,-68.49
2026-09-17T15:16:24,140430,카티스,2970.0,-10.41,1174274,0,-32,0.00,10.99,0.07,N,-31.26,4.63,-31.72,-71.23
2026-09-17T15:16:26,460940,피앤에스로보틱스,5250.0,7.14,708052,0,3852,1.52,5.26,1.81,N,24.76,1.61,-77.52,-64.53
2026-09-17T15:16:28,274090,켄코아에어로스페이스,11530.0,13.26,2486062,0,-268127,9.21,18.05,1.47,N,-9.75,0.94,-70.88,-70.88
2026-09-17T15:16:30,072950,빛샘전자,13180.0,-2.59,6091697,0,-62388,1.76,75.65,2.46,N,14.05,1.27,-48.72,-48.72
2026-09-17T15:16:32,004310,현대약품,10470.0,5.02,16468827,0,-53688,1.25,51.47,3.22,N,0.00,0.00,-34.40,-34.40
2026-09-17T15:16:34,950190,고스트스튜디오,10120.0,-8.91,624622,0,0,30.22,4.80,0.17,N,15.69,0.84,-18.78,-18.78
2026-09-17T15:25:20,007460,에이프로젠,1995.0,1.37,106840,0,23039,0.00,0.43,0.02,N,-0.60,0.02,-74.42,-87.71
2026-09-17T15:25:22,003060,에이프로젠바이오로직스,1641.0,0.0,59742,0,3387,0.00,0.37,0.00,N,-0.13,0.10,-74.24,-85.14
2026-09-17T15:25:24,417030,니어스랩,28600.0,7.32,311923,0,80337,5.70,5.40,0.00,N,-6.90,-0.62,-31.90,-31.90
2026-09-17T15:25:26,127120,제이에스링크,32350.0,4.02,98088,0,43217,3.50,0.26,0.00,N,-53.83,15.07,-35.17,-35.17
2026-09-17T15:25:28,115180,큐리언트,22400.0,2.05,117476,0,9318,3.06,0.31,0.00,N,-26.51,24.78,-64.39,-64.39
2026-09-17T15:25:30,457370,한켐,12640.0,29.91,14434870,0,-51693,1.39,178.93,6.37,N,14.78,1.84,-25.82,-25.82
2026-09-17T15:25:31,285800,진영,4905.0,29.93,935309,0,1456,0.06,26.03,0.06,N,-6.20,0.49,-19.33,-66.91
2026-09-17T15:25:33,478340,나라스페이스테크놀로지,13850.0,29.92,1383621,0,73748,3.81,11.96,0.56,N,-11.60,-3.02,-78.56,-78.56
2026-09-17T15:25:35,051630,진양화학,1775.0,29.94,4456636,0,107396,0.57,21.02,0.00,N,-6.96,0.97,-49.50,-49.50
2026-09-17T15:25:37,042370,비츠로테크,11440.0,30.0,8899653,0,-155866,7.64,33.97,1.84,N,45.22,1.16,-51.93,-51.93
2026-09-17T15:25:39,480370,씨케이솔루션,2080.0,23.08,2300485,0,-11488,1.15,7.08,0.65,N,-1.66,0.94,-83.17,-50.13
2026-09-17T15:25:41,232830,아이티센피엔에스,3460.0,-0.57,12243637,0,-194695,1.64,74.05,0.00,N,-9.43,3.60,-38.10,-38.10
2026-09-17T15:25:43,209640,와이제이링크,3805.0,23.14,6445450,0,-416042,4.70,22.66,0.71,N,-34.91,1.45,-63.24,-63.24
2026-09-17T15:25:44,051160,지어소프트,11900.0,19.96,3378638,0,29466,18.76,21.83,0.71,N,14.58,1.11,-7.68,-7.68
2026-09-17T15:25:46,234030,싸이닉솔루션,3430.0,18.89,1027474,0,33252,4.32,4.35,1.27,N,43.42,2.22,-72.99,-72.99
2026-09-17T15:25:48,355390,크라우드웍스,1498.0,19.36,2991155,0,-26961,1.95,18.84,0.00,N,-0.83,1.18,-76.85,-76.85
2026-09-17T15:25:50,484120,도우인시스,21150.0,16.4,196888,0,70108,0.38,1.80,2.15,N,431.63,1.37,-35.12,-38.25
2026-09-17T15:25:52,321820,아티스트컴퍼니,3920.0,15.63,790129,0,12907,0.82,5.07,0.04,N,46.67,1.50,-34.99,-36.05
2026-09-17T15:25:54,355150,코스텍시스,22000.0,15.18,345868,0,57102,16.54,4.44,0.45,N,-94.83,6.71,-65.68,-65.68
2026-09-17T15:25:56,201490,미투온,4635.0,20.7,71465969,0,-124921,0.95,218.39,5.07,N,185.40,1.01,-32.83,-32.83
2026-09-17T15:25:58,288180,케이피항공산업,8190.0,14.39,371343,0,14737,1.32,5.02,0.38,N,39.00,3.54,-82.39,-82.39
2026-09-17T15:25:59,078350,한양디지텍,22200.0,24.65,2004657,0,148688,6.57,13.15,4.01,N,22.61,1.90,-49.89,-49.89
2026-09-17T15:26:01,043260,성호전자,21500.0,15.84,14013834,217387,42669,2.54,18.57,0.34,N,16.03,6.08,-63.93,-63.93
2026-09-17T15:26:03,488900,비츠로넥스텍,12070.0,13.12,849391,0,74140,0.23,2.93,0.05,N,-19.10,8.23,-61.19,-61.19
2026-09-17T15:26:05,347700,스피어,23700.0,16.46,5527088,0,-249895,9.02,10.72,0.43,N,4740.00,15.97,-58.64,-58.64
2026-09-17T15:26:07,088800,에이스테크,2215.0,-9.59,3120908,0,-280884,0.00,4.13,0.00,N,-5.86,2.42,-71.93,-71.93
2026-09-17T15:26:09,220100,퓨쳐켐,6310.0,-6.52,808324,0,-368569,6.29,3.60,0.36,N,-13.12,2.71,-82.00,-77.68
2026-09-17T15:26:11,0007J0,인벤테라,10900.0,3.81,1750140,0,-36254,2.80,22.25,0.11,N,0.00,0.00,-81.89,-81.89
2026-09-17T15:26:12,049080,기가레인,10300.0,-6.28,2419738,0,-165215,1.42,28.51,0.00,N,-8.25,2.11,-31.10,-67.04
2026-09-17T15:26:14,317850,대모,6340.0,7.28,3964576,0,-94574,3.18,47.63,2.47,N,27.93,1.10,-41.89,-41.89
2026-09-17T15:26:16,072990,에이치시티,3215.0,6.28,1219577,0,-58362,7.73,8.41,0.78,N,7.41,0.49,-77.36,-55.49
2026-09-17T15:26:18,396270,넥스트칩,2385.0,11.97,6042644,0,-455900,3.45,18.37,0.00,N,-2.79,6.55,-68.49,-68.49
2026-09-17T15:26:20,140430,카티스,2965.0,-10.56,1177951,0,-32,0.00,11.02,0.07,N,-31.21,4.62,-31.84,-71.28
2026-09-17T15:26:22,460940,피앤에스로보틱스,5210.0,6.33,709412,0,4480,1.52,5.27,1.81,N,24.58,1.60,-77.69,-64.80
2026-09-17T15:26:24,004310,현대약품,10460.0,4.91,16505737,0,-42693,1.25,51.58,3.22,N,0.00,0.00,-34.46,-34.46
2026-09-17T15:26:26,274090,켄코아에어로스페이스,11550.0,13.46,2498174,0,-267528,9.21,18.14,1.47,N,-9.76,0.94,-70.83,-70.83
2026-09-18T09:05:11,007460,에이프로젠,2000.0,-0.25,2282,0,1003,0.00,0.01,0.02,N,-0.60,0.02,-74.36,-87.68
2026-09-18T09:05:12,003060,에이프로젠바이오로직스,1647.0,0.67,1160,0,-591,0.00,0.01,0.00,N,-0.13,0.10,-74.14,-85.09
2026-09-18T09:05:13,417030,니어스랩,29200.0,1.39,8992,0,-692,7.29,0.16,0.00,N,-7.05,-0.64,-30.48,-30.48
2026-09-18T09:05:14,127120,제이에스링크,31900.0,-1.39,1929,0,-290,3.59,0.01,0.00,N,-53.08,14.86,-36.07,-36.07
2026-09-18T09:05:15,115180,큐리언트,22050.0,-1.56,1558,0,149,3.15,0.00,0.00,N,-26.09,24.39,-64.94,-64.94
2026-09-18T09:05:16,265740,엔에프씨,7490.0,17.95,457611,0,102682,2.83,2.56,1.99,Y,0.00,0.00,-23.96,-23.96
2026-09-18T09:05:17,046970,우리로,7890.0,12.39,1215242,0,503886,0.69,2.77,0.00,Y,-438.33,8.74,-51.30,-51.30
2026-09-18T09:05:18,125490,한라캐스트,12520.0,11.99,1424493,0,-77613,1.72,3.90,4.24,N,107.01,4.33,-50.61,-50.61
2026-09-18T09:05:19,456010,아이씨티케이,24300.0,18.54,443312,0,41490,2.02,3.06,1.05,N,-48.70,7.69,-39.17,-39.17
2026-09-18T09:05:20,010170,대한광통신,17110.0,6.08,3557871,0,553631,4.61,2.29,0.00,N,-70.70,34.85,-45.68,-45.68
2026-09-18T09:05:21,478340,나라스페이스테크놀로지,14030.0,1.3,727076,0,-90357,4.23,6.28,0.55,N,-11.75,-3.06,-78.28,-78.28
2026-09-18T09:05:23,042370,비츠로테크,11230.0,-1.84,1291747,0,-74635,7.04,4.93,1.85,N,44.39,1.14,-52.82,-52.82
2026-09-18T09:15:12,007460,에이프로젠,2015.0,0.5,10349,0,7444,0.00,0.04,0.02,N,-0.61,0.02,-74.17,-87.58
2026-09-18T09:15:13,003060,에이프로젠바이오로직스,1648.0,0.73,2386,0,-1259,0.00,0.01,0.00,N,-0.13,0.10,-74.13,-85.08
2026-09-18T09:15:14,417030,니어스랩,28750.0,-0.17,32106,0,192,7.29,0.56,0.00,N,-6.94,-0.63,-31.55,-31.55
2026-09-18T09:15:15,127120,제이에스링크,32000.0,-1.08,2454,0,-628,3.59,0.01,0.00,N,-53.24,14.90,-35.87,-35.87
2026-09-18T09:15:16,115180,큐리언트,22250.0,-0.67,4596,0,-1727,3.15,0.01,0.00,N,-26.33,24.61,-64.63,-64.63
2026-09-18T09:15:17,001520,동양,1353.0,29.97,4308429,0,-127399,3.01,4.02,0.30,N,8.05,0.18,0.00,-49.14
2026-09-18T09:15:18,046970,우리로,8680.0,23.65,5753517,0,886353,0.69,13.13,0.00,Y,-482.22,9.61,-46.42,-46.42
2026-09-18T09:15:19,115440,우리넷,10370.0,10.67,625426,0,52196,1.40,5.79,2.37,Y,30.50,1.13,-51.43,-51.43
2026-09-18T09:15:20,043260,성호전자,23950.0,10.88,2297404,0,-336949,2.41,3.04,0.32,N,17.86,6.77,-59.82,-59.82
2026-09-18T09:15:21,050890,쏠리드,10220.0,9.42,972886,0,297924,14.52,1.60,3.65,N,17.12,1.74,-51.10,-51.10
2026-09-18T09:15:22,265740,엔에프씨,7260.0,14.33,951572,0,219775,2.83,5.33,1.99,N,0.00,0.00,-26.29,-26.29
2026-09-18T09:15:23,443670,에스피소프트,6200.0,9.35,1664072,0,88019,1.46,6.93,3.88,N,40.00,2.24,-14.95,-14.95
2026-09-18T09:15:24,456010,아이씨티케이,24000.0,17.07,1036381,0,101671,2.02,7.15,1.05,N,-48.10,7.59,-39.92,-39.92
2026-09-18T09:15:25,463480,모티브링크,4505.0,13.48,752396,0,11805,1.72,6.07,1.29,N,-500.56,1.52,-62.02,-62.02
2026-09-18T09:15:26,051630,진양화학,1833.0,3.27,2048411,0,-163381,1.02,9.66,0.00,N,-7.19,1.00,-47.85,-47.85
2026-09-18T09:15:27,042370,비츠로테크,10960.0,-4.2,1788930,0,-226084,7.04,6.83,1.85,N,43.32,1.11,-53.95,-53.95
2026-09-18T09:15:28,478340,나라스페이스테크놀로지,13960.0,0.79,1097853,0,-126260,4.23,9.49,0.55,N,-11.69,-3.05,-78.39,-78.39
2026-09-18T09:25:09,007460,에이프로젠,2010.0,0.25,13827,0,6034,0.00,0.06,0.02,N,-0.61,0.02,-74.23,-87.62
2026-09-18T09:25:10,003060,에이프로젠바이오로직스,1632.0,-0.24,12968,0,612,0.00,0.08,0.00,N,-0.13,0.10,-74.38,-85.22
2026-09-18T09:25:11,417030,니어스랩,28650.0,-0.52,41875,0,2395,7.29,0.72,0.00,N,-6.92,-0.63,-31.79,-31.79
2026-09-18T09:25:12,127120,제이에스링크,32300.0,-0.15,3467,0,-1116,3.59,0.01,0.00,N,-53.74,15.04,-35.27,-35.27
2026-09-18T09:25:13,115180,큐리언트,22250.0,-0.67,5700,0,-2153,3.15,0.02,0.00,N,-26.33,24.61,-64.63,-64.63
2026-09-18T09:25:14,001520,동양,1353.0,29.97,4384778,0,-127455,3.01,4.09,0.30,N,8.05,0.18,0.00,-49.14
2026-09-18T09:25:15,046970,우리로,8610.0,22.65,8095223,0,899050,0.69,18.47,0.00,N,-478.33,9.53,-46.85,-46.85
2026-09-18T09:25:16,000500,가온전선,297000.0,14.01,234169,0,84881,1.96,0.79,0.52,N,166.20,18.28,-53.23,-15.83
2026-09-18T09:25:17,285800,진영,5790.0,18.04,769976,0,-21601,0.00,21.43,0.06,N,-7.32,0.58,-7.36,-60.94
2026-09-18T09:25:18,024840,KBI메탈,6530.0,11.05,1972696,0,443948,2.85,4.56,2.59,Y,-6530.00,1.87,-44.47,-44.47
2026-09-18T09:25:19,463480,모티브링크,4665.0,17.51,857958,0,12743,1.72,6.92,1.29,N,-518.33,1.57,-60.67,-60.67
2026-09-18T09:25:20,229640,LS에코에너지,59000.0,11.32,185896,0,58486,5.53,0.61,0.53,Y,42.94,8.55,-46.27,-46.27
2026-09-18T09:25:21,043260,성호전자,23700.0,9.72,3485968,0,-383263,2.41,4.62,0.32,N,17.67,6.70,-60.23,-60.23
2026-09-18T09:25:22,051160,지어소프트,12580.0,5.01,677741,0,196754,18.88,4.38,0.70,N,15.42,1.17,-2.48,-2.48
2026-09-18T09:25:22,051630,진양화학,1812.0,2.08,2231617,0,-162645,1.02,10.53,0.00,N,-7.11,0.99,-48.45,-48.45
2026-09-18T09:35:09,007460,에이프로젠,2045.0,2.0,17776,0,2908,0.00,0.07,0.02,N,-0.62,0.02,-73.78,-87.40
2026-09-18T09:35:10,003060,에이프로젠바이오로직스,1641.0,0.31,13250,0,438,0.00,0.08,0.00,N,-0.13,0.10,-74.24,-85.14
2026-09-18T09:35:11,417030,니어스랩,29200.0,1.39,46816,0,673,7.29,0.81,0.00,N,-7.05,-0.64,-30.48,-30.48
2026-09-18T09:35:12,127120,제이에스링크,32000.0,-1.08,4704,0,-1151,3.59,0.01,0.00,N,-53.24,14.90,-35.87,-35.87
2026-09-18T09:35:13,115180,큐리언트,22300.0,-0.45,7396,0,-1853,3.15,0.02,0.00,N,-26.39,24.67,-64.55,-64.55
2026-09-18T09:35:14,001520,동양,1353.0,29.97,4672773,0,-127852,3.01,4.36,0.30,N,8.05,0.18,0.00,-49.14
2026-09-18T09:35:15,046970,우리로,8760.0,24.79,10910120,0,1096875,0.69,24.89,0.00,N,-486.67,9.70,-45.93,-45.93
2026-09-18T09:35:16,024840,KBI메탈,6720.0,14.29,5128110,0,888666,2.85,11.85,2.59,N,-6720.00,1.93,-42.86,-42.86
2026-09-18T09:35:17,285800,진영,5920.0,20.69,870740,0,-25268,0.00,24.23,0.06,N,-7.48,0.59,-5.28,-60.07
2026-09-18T09:35:18,000500,가온전선,298500.0,14.59,298558,0,100106,1.96,1.00,0.52,N,167.04,18.37,-52.99,-15.41
2026-09-18T09:35:19,077500,유니퀘스트,8630.0,13.55,375812,0,203180,59.61,1.74,2.22,N,9.04,0.76,-9.35,-9.35
2026-09-18T09:35:20,115440,우리넷,10420.0,11.21,2030820,0,73378,1.40,18.81,2.37,N,30.65,1.13,-51.19,-51.19
2026-09-18T09:35:21,078350,한양디지텍,24500.0,9.62,436840,0,16819,6.98,2.87,3.99,N,24.95,2.10,-44.70,-44.70
2026-09-18T09:35:22,229640,LS에코에너지,59700.0,12.64,290796,0,72247,5.53,0.95,0.53,N,43.45,8.65,-45.63,-45.63
2026-09-18T09:35:23,043260,성호전자,24300.0,12.5,4601604,0,-340150,2.41,6.10,0.32,N,18.12,6.87,-59.23,-59.23
2026-09-18T09:35:24,010170,대한광통신,17810.0,10.42,15327273,0,1857176,4.61,9.86,0.00,N,-73.60,36.27,-43.46,-43.46
2026-09-18T09:35:25,463480,모티브링크,4580.0,15.37,952676,0,-1378,1.72,7.69,1.29,N,-508.89,1.55,-61.38,-61.38
2026-09-18T09:35:26,100590,머큐리,5090.0,8.3,754482,0,123930,1.10,4.40,1.49,N,-32.63,0.57,-60.08,-60.08
2026-09-18T09:35:27,050890,쏠리드,10150.0,8.67,1807165,0,255934,14.52,2.97,3.65,N,17.00,1.72,-51.44,-51.44
2026-09-18T09:35:28,348080,큐라티스,5270.0,9.45,770450,0,-51576,0.81,6.01,0.00,N,-8.95,14.93,-14.17,-59.38
2026-09-18T09:35:29,051630,진양화학,1795.0,1.13,2339493,0,-179957,1.02,11.04,0.00,N,-7.04,0.98,-48.93,-48.93
2026-09-18T09:35:29,224060,더코디,5490.0,-29.89,553942,0,20852,0.00,10.73,0.00,N,1.17,0.24,-56.94,-56.94
2026-09-18T09:45:09,007460,에이프로젠,2035.0,1.5,18482,0,2359,0.00,0.07,0.02,N,-0.61,0.02,-73.91,-87.46
2026-09-18T09:45:11,003060,에이프로젠바이오로직스,1634.0,-0.12,13852,0,403,0.00,0.09,0.00,N,-0.13,0.10,-74.35,-85.20
2026-09-18T09:45:12,417030,니어스랩,29050.0,0.87,60496,0,-5286,7.29,1.05,0.00,N,-7.01,-0.63,-30.83,-30.83
2026-09-18T09:45:13,127120,제이에스링크,31950.0,-1.24,6186,0,-721,3.59,0.02,0.00,N,-53.16,14.88,-35.97,-35.97
2026-09-18T09:45:14,115180,큐리언트,22500.0,0.45,9329,0,-2154,3.15,0.02,0.00,N,-26.63,24.89,-64.23,-64.23
2026-09-18T09:45:15,001520,동양,1353.0,29.97,4693540,0,-127852,3.01,4.38,0.30,N,8.05,0.18,0.00,-49.14
2026-09-18T09:45:16,046970,우리로,8640.0,23.08,11964420,0,1184315,0.69,27.30,0.00,N,-480.00,9.57,-46.67,-46.67
2026-09-18T09:45:17,000500,가온전선,311000.0,19.39,415487,0,139394,1.96,1.40,0.52,N,174.03,19.14,-51.02,-11.86
2026-09-18T09:45:18,043260,성호전자,25100.0,16.2,5459430,0,-191552,2.41,7.24,0.32,N,18.72,7.10,-57.89,-57.89
2026-09-18T09:45:19,229640,LS에코에너지,61100.0,15.28,381037,0,83639,5.53,1.24,0.53,N,44.47,8.86,-44.35,-44.35
2026-09-18T09:45:20,024840,KBI메탈,6560.0,11.56,7114026,0,965302,2.85,16.43,2.59,N,-6560.00,1.88,-44.22,-44.22
2026-09-18T09:45:21,077500,유니퀘스트,8510.0,11.97,448539,0,229076,59.61,2.08,2.22,N,8.91,0.74,-10.61,-10.61
2026-09-18T09:45:22,052710,아모텍,17880.0,12.59,820229,0,-9114,6.37,4.39,0.77,N,39.82,2.02,-50.68,-44.71
2026-09-18T09:45:23,078350,한양디지텍,24300.0,8.72,590920,0,295,6.98,3.88,3.99,N,24.75,2.08,-45.15,-45.15
2026-09-18T09:45:25,010170,대한광통신,17920.0,11.1,17715153,0,2086912,4.61,11.39,0.00,N,-74.05,36.50,-43.11,-43.11
2026-09-18T09:45:26,463480,모티브링크,4570.0,15.11,988555,0,367,1.72,7.98,1.29,N,-507.78,1.54,-61.47,-61.47
2026-09-18T09:45:27,115440,우리넷,10200.0,8.86,2293268,0,72915,1.40,21.25,2.37,N,30.00,1.11,-52.22,-52.22
2026-09-18T09:45:28,348080,큐라티스,5190.0,7.79,815643,0,-37472,0.81,6.36,0.00,N,-8.81,14.70,-15.47,-60.00
2026-09-18T09:45:29,285800,진영,5660.0,15.39,958259,0,-21992,0.00,26.66,0.06,N,-7.16,0.56,-9.44,-61.82
2026-09-18T09:45:30,051630,진양화학,1825.0,2.82,2577364,0,-181277,1.02,12.16,0.00,N,-7.16,1.00,-48.08,-48.08
2026-09-18T09:45:31,456010,아이씨티케이,22750.0,10.98,1426966,0,91457,2.02,9.84,1.05,N,-45.59,7.20,-43.05,-43.05
2026-09-18T09:45:32,478340,나라스페이스테크놀로지,13900.0,0.36,1347889,0,-184367,4.23,11.65,0.55,N,-11.64,-3.03,-78.48,-78.48
2026-09-18T09:55:14,007460,에이프로젠,2015.0,0.5,21456,0,2186,0.00,0.09,0.02,N,-0.61,0.02,-74.17,-87.58
2026-09-18T09:55:15,003060,에이프로젠바이오로직스,1635.0,-0.06,14886,0,318,0.00,0.09,0.00,N,-0.13,0.10,-74.33,-85.19
2026-09-18T09:55:16,417030,니어스랩,28950.0,0.52,64899,0,-6301,7.29,1.12,0.00,N,-6.99,-0.63,-31.07,-31.07
2026-09-18T09:55:17,127120,제이에스링크,31950.0,-1.24,7586,0,-503,3.59,0.02,0.00,N,-53.16,14.88,-35.97,-35.97
2026-09-18T09:55:18,115180,큐리언트,22250.0,-0.67,10799,0,-2176,3.15,0.03,0.00,N,-26.33,24.61,-64.63,-64.63
2026-09-18T09:55:19,007610,선도전기,4945.0,29.96,2260027,0,93061,1.89,12.56,0.03,N,16.82,2.35,-70.19,-70.19
2026-09-18T09:55:19,001520,동양,1353.0,29.97,4699795,0,-127852,3.01,4.39,0.30,N,8.05,0.18,0.00,-49.14
2026-09-18T09:55:20,000500,가온전선,317500.0,21.88,488966,0,148404,1.96,1.64,0.52,N,177.67,19.54,-50.00,-10.02
2026-09-18T09:55:21,046970,우리로,8540.0,21.65,13020533,0,1246348,0.69,29.71,0.00,N,-474.44,9.46,-47.28,-47.28
2026-09-18T09:55:22,024840,KBI메탈,6760.0,14.97,9024824,0,938862,2.85,20.85,2.59,N,-6760.00,1.94,-42.52,-42.52
2026-09-18T09:55:23,229640,LS에코에너지,61300.0,15.66,445689,0,93379,5.53,1.46,0.53,N,44.61,8.89,-44.17,-44.17
2026-09-18T09:55:24,052710,아모텍,18320.0,15.37,1077789,0,-32966,6.37,5.77,0.77,N,40.80,2.07,-49.46,-43.35
2026-09-18T09:55:25,043260,성호전자,24500.0,13.43,6198031,0,-138459,2.41,8.21,0.32,N,18.27,6.93,-58.89,-58.89
2026-09-18T09:55:26,010170,대한광통신,18090.0,12.15,20698429,0,2304272,4.61,13.31,0.00,N,-74.75,36.84,-42.57,-42.57
2026-09-18T09:55:27,078350,한양디지텍,23950.0,7.16,688965,0,783,6.98,4.52,3.99,N,24.39,2.05,-45.94,-45.94
2026-09-18T09:55:28,077500,유니퀘스트,8360.0,10.0,502883,0,227592,59.61,2.33,2.22,N,8.75,0.73,-12.18,-12.18
2026-09-18T09:55:29,001440,대한전선,31150.0,10.07,2482308,0,561915,11.44,1.27,1.55,N,68.92,3.61,-58.96,-58.96
2026-09-18T09:55:30,348080,큐라티스,5400.0,12.15,865482,0,-32714,0.81,6.75,0.00,N,-9.17,15.30,-12.05,-58.38
2026-09-18T09:55:30,463480,모티브링크,4550.0,14.61,1017384,0,-12185,1.72,8.21,1.29,N,-505.56,1.54,-61.64,-61.64
2026-09-18T09:55:31,051630,진양화학,1797.0,1.24,2649077,0,-176952,1.02,12.50,0.00,N,-7.05,0.98,-48.88,-48.88
2026-09-18T09:55:32,285800,진영,5620.0,14.58,1013909,0,-23698,0.00,28.21,0.06,N,-7.10,0.56,-10.08,-62.09
2026-09-18T09:55:33,0015S0,페스카로,8560.0,5.29,385304,0,56526,1.59,3.91,0.72,N,28.16,1.36,-81.79,-81.79
2026-09-18T10:05:09,007460,에이프로젠,2015.0,0.5,23579,0,2286,0.00,0.09,0.02,N,-0.61,0.02,-74.17,-87.58
2026-09-18T10:05:10,003060,에이프로젠바이오로직스,1632.0,-0.24,15045,0,266,0.00,0.09,0.00,N,-0.13,0.10,-74.38,-85.22
2026-09-18T10:05:11,417030,니어스랩,29100.0,1.04,66221,0,-6803,7.29,1.15,0.00,N,-7.03,-0.64,-30.71,-30.71
2026-09-18T10:05:12,127120,제이에스링크,32300.0,-0.15,10260,0,1007,3.59,0.03,0.00,N,-53.74,15.04,-35.27,-35.27
2026-09-18T10:05:13,115180,큐리언트,22400.0,0.0,12250,0,-2783,3.15,0.03,0.00,N,-26.51,24.78,-64.39,-64.39
2026-09-18T10:05:14,456070,이엔셀,6820.0,29.9,972984,0,-98490,3.78,8.82,0.81,N,-4.27,1.52,-67.45,-67.45
2026-09-18T10:05:15,007610,선도전기,4945.0,29.96,2370832,0,93061,1.89,13.17,0.03,N,16.82,2.35,-70.19,-70.19
2026-09-18T10:05:16,001520,동양,1353.0,29.97,4817876,0,-127852,3.01,4.50,0.30,N,8.05,0.18,0.00,-49.14
2026-09-18T10:05:17,000500,가온전선,324500.0,24.57,573243,0,169761,1.96,1.93,0.52,N,181.59,19.97,-48.90,-8.04
2026-09-18T10:05:18,046970,우리로,8420.0,19.94,13581658,0,1272473,0.69,30.99,0.00,N,-467.78,9.32,-48.02,-48.02
2026-09-18T10:05:19,024840,KBI메탈,6770.0,15.14,9919227,0,1006564,2.85,22.91,2.59,N,-6770.00,1.94,-42.43,-42.43
2026-09-18T10:05:20,229640,LS에코에너지,61900.0,16.79,486948,0,100644,5.53,1.59,0.53,N,45.05,8.97,-43.62,-43.62
2026-09-18T10:05:21,043260,성호전자,24800.0,14.81,6513899,0,-78411,2.41,8.63,0.32,N,18.49,7.01,-58.39,-58.39
2026-09-18T10:05:22,012200,계양전기,4130.0,14.4,889438,0,-85652,0.01,3.27,0.00,N,-3.41,6.03,-71.06,-69.39
2026-09-18T10:05:23,265740,엔에프씨,7660.0,20.63,1689036,0,402260,2.83,9.46,1.99,N,0.00,0.00,-22.23,-22.23
2026-09-18T10:05:24,001440,대한전선,31650.0,11.84,3457248,0,581392,11.44,1.76,1.55,N,70.02,3.67,-58.30,-58.30
2026-09-18T10:05:25,290550,디케이티,21350.0,14.05,398455,0,-28072,6.51,1.99,3.58,N,18.42,2.11,-38.91,-38.91
2026-09-18T10:05:26,052710,아모텍,17740.0,11.71,1407843,0,-107107,6.37,7.54,0.77,N,39.51,2.00,-51.06,-45.14
2026-09-18T10:05:27,010170,대한광통신,17900.0,10.97,21980982,0,2216319,4.61,14.14,0.00,N,-73.97,36.46,-43.17,-43.17
2026-09-18T10:05:28,078350,한양디지텍,24050.0,7.61,748513,0,662,6.98,4.91,3.99,N,24.49,2.06,-45.71,-45.71
2026-09-18T10:05:28,348080,큐라티스,5210.0,8.2,936969,0,-39165,0.81,7.30,0.00,N,-8.85,14.76,-15.15,-59.85
2026-09-18T10:05:29,463480,모티브링크,4490.0,13.1,1035245,0,-15453,1.72,8.36,1.29,N,-498.89,1.52,-62.14,-62.14
2026-09-18T10:05:31,051630,진양화학,1812.0,2.08,2742015,0,-177099,1.02,12.93,0.00,N,-7.11,0.99,-48.45,-48.45
2026-09-18T10:05:31,0015S0,페스카로,8530.0,4.92,396673,0,54944,1.59,4.02,0.72,N,28.06,1.35,-81.85,-81.85
2026-09-18T10:05:32,285800,진영,5610.0,14.37,1053990,0,-27783,0.00,29.33,0.06,N,-7.09,0.56,-10.24,-62.16
2026-09-18T10:05:33,232830,아이티센피엔에스,3380.0,-3.01,896999,0,14749,0.49,5.43,0.00,N,-9.21,3.51,-39.53,-39.53
2026-09-18T10:15:09,007460,에이프로젠,2020.0,0.75,24762,0,2503,0.00,0.10,0.02,N,-0.61,0.02,-74.10,-87.55
2026-09-18T10:15:10,003060,에이프로젠바이오로직스,1632.0,-0.24,15063,0,260,0.00,0.09,0.00,N,-0.13,0.10,-74.38,-85.22
2026-09-18T10:15:11,417030,니어스랩,29150.0,1.22,68547,0,-6358,7.29,1.19,0.00,N,-7.04,-0.64,-30.60,-30.60
2026-09-18T10:15:12,127120,제이에스링크,32350.0,0.0,12126,0,915,3.59,0.03,0.00,N,-53.83,15.07,-35.17,-35.17
2026-09-18T10:15:13,115180,큐리언트,22300.0,-0.45,12968,0,-2938,3.15,0.03,0.00,N,-26.39,24.67,-64.55,-64.55
2026-09-18T10:15:14,007610,선도전기,4945.0,29.96,3821543,0,175839,1.89,21.23,0.03,N,16.82,2.35,-70.19,-70.19
2026-09-18T10:15:15,001520,동양,1353.0,29.97,4836362,0,-127852,3.01,4.51,0.30,N,8.05,0.18,0.00,-49.14
2026-09-18T10:15:16,456070,이엔셀,6460.0,23.05,1224136,0,-110127,3.78,11.10,0.81,N,-4.04,1.44,-69.16,-69.16
2026-09-18T10:15:17,000500,가온전선,315500.0,21.11,615666,0,178368,1.96,2.07,0.52,N,176.55,19.42,-50.31,-10.59
2026-09-18T10:15:18,046970,우리로,8390.0,19.52,13990866,0,1291673,0.69,31.92,0.00,N,-466.11,9.29,-48.21,-48.21
2026-09-18T10:15:19,265740,엔에프씨,7930.0,24.88,2028141,0,351158,2.83,11.35,1.99,N,0.00,0.00,-19.49,-19.49
2026-09-18T10:15:20,229640,LS에코에너지,61900.0,16.79,561211,0,102327,5.53,1.83,0.53,N,45.05,8.97,-43.62,-43.62
2026-09-18T10:15:21,043260,성호전자,24750.0,14.58,6808797,0,-41988,2.41,9.02,0.32,N,18.46,7.00,-58.47,-58.47
2026-09-18T10:15:22,012200,계양전기,4065.0,12.6,1215419,0,-149149,0.01,4.46,0.00,N,-3.36,5.93,-71.51,-69.88
2026-09-18T10:15:23,024840,KBI메탈,6530.0,11.05,10791817,0,858006,2.85,24.93,2.59,N,-6530.00,1.87,-44.47,-44.47
2026-09-18T10:15:24,010170,대한광통신,18040.0,11.84,23138936,0,2364489,4.61,14.88,0.00,N,-74.55,36.74,-42.73,-42.73
2026-09-18T10:15:25,078350,한양디지텍,24150.0,8.05,783302,0,-8459,6.98,5.14,3.99,N,24.59,2.07,-45.49,-45.49
2026-09-18T10:15:26,290550,디케이티,21100.0,12.71,436566,0,-32904,6.51,2.18,3.58,N,18.21,2.08,-39.63,-39.63
2026-09-18T10:15:27,348080,큐라티스,5100.0,5.92,977324,0,-50130,0.81,7.62,0.00,N,-8.66,14.45,-16.94,-60.69
2026-09-18T10:15:28,285800,진영,5370.0,9.48,1087622,0,-27509,0.00,30.26,0.06,N,-6.79,0.53,-14.08,-63.78
2026-09-18T10:15:29,463480,모티브링크,4465.0,12.47,1066307,0,-16940,1.72,8.61,1.29,N,-496.11,1.51,-62.35,-62.35
2026-09-18T10:15:30,051630,진양화학,1815.0,2.25,2830524,0,-184679,1.02,13.35,0.00,N,-7.12,0.99,-48.36,-48.36
2026-09-18T10:15:31,089980,상아프론테크,16920.0,12.65,262321,0,-65882,4.73,1.64,1.33,N,40.09,1.30,-43.69,-43.69
2026-09-18T10:15:32,0015S0,페스카로,8600.0,5.78,401712,0,53613,1.59,4.07,0.72,N,28.29,1.36,-81.70,-81.70
2026-09-18T10:25:09,007460,에이프로젠,2015.0,0.5,28183,0,2386,0.00,0.11,0.02,N,-0.61,0.02,-74.17,-87.58
2026-09-18T10:25:10,003060,에이프로젠바이오로직스,1629.0,-0.43,18037,0,1291,0.00,0.11,0.00,N,-0.13,0.10,-74.43,-85.25
2026-09-18T10:25:11,417030,니어스랩,29450.0,2.26,72526,0,-6143,7.29,1.26,0.00,N,-7.11,-0.64,-29.88,-29.88
2026-09-18T10:25:12,127120,제이에스링크,32350.0,0.0,13436,0,1661,3.59,0.04,0.00,N,-53.83,15.07,-35.17,-35.17
2026-09-18T10:25:13,115180,큐리언트,22300.0,-0.45,13727,0,-2949,3.15,0.04,0.00,N,-26.39,24.67,-64.55,-64.55
2026-09-18T10:25:14,007610,선도전기,4945.0,29.96,4021857,0,177070,1.89,22.34,0.03,N,16.82,2.35,-70.19,-70.19
2026-09-18T10:25:15,001520,동양,1353.0,29.97,4872278,0,-127852,3.01,4.55,0.30,N,8.05,0.18,0.00,-49.14
2026-09-18T10:25:16,012200,계양전기,4500.0,24.65,1862016,0,-45714,0.01,6.84,0.00,Y,-3.72,6.57,-68.47,-66.65
2026-09-18T10:25:16,000500,가온전선,316000.0,21.31,641871,0,185209,1.96,2.16,0.52,N,176.83,19.45,-50.24,-10.45
2026-09-18T10:25:17,456070,이엔셀,6230.0,18.67,1418040,0,-115932,3.78,12.86,0.81,N,-3.90,1.39,-70.26,-70.26
2026-09-18T10:25:18,265740,엔에프씨,8080.0,27.24,2351948,0,379806,2.83,13.17,1.99,N,0.00,0.00,-17.97,-17.97
2026-09-18T10:25:19,046970,우리로,8400.0,19.66,14477985,0,1270413,0.69,33.04,0.00,N,-466.67,9.30,-48.15,-48.15
2026-09-18T10:25:20,229640,LS에코에너지,61500.0,16.04,588121,0,94808,5.53,1.92,0.53,N,44.76,8.92,-43.99,-43.99
2026-09-18T10:25:21,043260,성호전자,24700.0,14.35,7269946,0,-33834,2.41,9.64,0.32,N,18.42,6.99,-58.56,-58.56
2026-09-18T10:25:22,010170,대한광통신,18140.0,12.46,24292270,0,2804895,4.61,15.62,0.00,N,-74.96,36.95,-42.41,-42.41
2026-09-18T10:25:23,285800,진영,5820.0,18.65,1189211,0,-28157,0.00,33.09,0.06,N,-7.36,0.58,-6.88,-60.74
2026-09-18T10:25:24,024840,KBI메탈,6540.0,11.22,11171630,0,802986,2.85,25.81,2.59,N,-6540.00,1.88,-44.39,-44.39
2026-09-18T10:25:25,290550,디케이티,21450.0,14.58,474524,0,-33766,6.51,2.37,3.58,N,18.51,2.12,-38.63,-38.63
2026-09-18T10:25:26,348080,큐라티스,5210.0,8.2,1014321,0,-47388,0.81,7.91,0.00,N,-8.85,14.76,-15.15,-59.85
2026-09-18T10:25:27,463480,모티브링크,4515.0,13.73,1073575,0,-18978,1.72,8.66,1.29,N,-501.67,1.52,-61.93,-61.93
2026-09-18T10:25:28,051630,진양화학,1820.0,2.54,2880326,0,-185009,1.02,13.59,0.00,N,-7.14,1.00,-48.22,-48.22
2026-09-18T10:25:29,0015S0,페스카로,8540.0,5.04,403573,0,53309,1.59,4.09,0.72,N,28.09,1.35,-81.83,-81.83
2026-09-18T10:25:29,052710,아모텍,17030.0,7.24,1672971,0,-132159,6.37,8.96,0.77,N,37.93,1.92,-53.02,-47.34
2026-09-18T10:35:09,007460,에이프로젠,2015.0,0.5,29510,0,2274,0.00,0.12,0.02,N,-0.61,0.02,-74.17,-87.58
2026-09-18T10:35:10,003060,에이프로젠바이오로직스,1626.0,-0.61,20760,0,1259,0.00,0.13,0.00,N,-0.13,0.10,-74.47,-85.28
2026-09-18T10:35:11,417030,니어스랩,29650.0,2.95,97067,0,1982,7.29,1.68,0.00,N,-7.16,-0.65,-29.40,-29.40
2026-09-18T10:35:12,127120,제이에스링크,32450.0,0.31,17342,0,2835,3.59,0.05,0.00,N,-53.99,15.11,-34.97,-34.97
2026-09-18T10:35:13,115180,큐리언트,22350.0,-0.22,14442,0,-3072,3.15,0.04,0.00,N,-26.45,24.72,-64.47,-64.47
2026-09-18T10:35:14,007610,선도전기,4945.0,29.96,4070255,0,181905,1.89,22.61,0.03,N,16.82,2.35,-70.19,-70.19
2026-09-18T10:35:15,012200,계양전기,4515.0,25.07,2503217,0,-137808,0.01,9.20,0.00,N,-3.73,6.59,-68.36,-66.54
2026-09-18T10:35:16,001520,동양,1353.0,29.97,4873583,0,-127852,3.01,4.55,0.30,N,8.05,0.18,0.00,-49.14
2026-09-18T10:35:17,000500,가온전선,316500.0,21.5,664145,0,190886,1.96,2.23,0.52,N,177.11,19.48,-50.16,-10.30
2026-09-18T10:35:18,456070,이엔셀,6300.0,20.0,1459102,0,-121266,3.78,13.23,0.81,N,-3.94,1.41,-69.93,-69.93
2026-09-18T10:35:19,265740,엔에프씨,8140.0,28.19,2469693,0,419021,2.83,13.83,1.99,N,0.00,0.00,-17.36,-17.36
2026-09-18T10:35:20,046970,우리로,8340.0,18.8,14748495,0,1198191,0.69,33.65,0.00,N,-463.33,9.24,-48.52,-48.52
2026-09-18T10:35:21,229640,LS에코에너지,61900.0,16.79,610772,0,101551,5.53,1.99,0.53,N,45.05,8.97,-43.62,-43.62
2026-09-18T10:35:21,043260,성호전자,24850.0,15.05,7509179,0,54832,2.41,9.95,0.32,N,18.53,7.03,-58.31,-58.31
2026-09-18T10:35:22,024840,KBI메탈,6600.0,12.24,11498564,0,818639,2.85,26.56,2.59,N,-6600.00,1.89,-43.88,-43.88
2026-09-18T10:35:23,010170,대한광통신,18090.0,12.15,25228549,0,2724427,4.61,16.23,0.00,N,-74.75,36.84,-42.57,-42.57
2026-09-18T10:35:24,348080,큐라티스,5120.0,6.33,1081045,0,-46868,0.81,8.43,0.00,N,-8.69,14.50,-16.61,-60.54
2026-09-18T10:35:25,463480,모티브링크,4530.0,14.11,1080974,0,-17610,1.72,8.72,1.29,N,-503.33,1.53,-61.80,-61.80
2026-09-18T10:35:26,051630,진양화학,1806.0,1.75,2903065,0,-185466,1.02,13.69,0.00,N,-7.08,0.99,-48.62,-48.62
2026-09-18T10:35:27,285800,진영,5690.0,16.0,1244893,0,-28518,0.00,34.64,0.06,N,-7.19,0.57,-8.96,-61.62
2026-09-18T10:35:28,456010,아이씨티케이,22700.0,10.73,1597154,0,80848,2.02,11.01,1.05,N,-45.49,7.18,-43.18,-43.18
2026-09-18T10:45:13,007460,에이프로젠,2030.0,1.25,31361,0,2172,0.00,0.13,0.02,N,-0.61,0.02,-73.97,-87.49
2026-09-18T10:45:14,003060,에이프로젠바이오로직스,1628.0,-0.49,22514,0,1349,0.00,0.14,0.00,N,-0.13,0.10,-74.44,-85.26
2026-09-18T10:45:15,417030,니어스랩,30250.0,5.03,111660,0,8167,7.29,1.93,0.00,N,-7.30,-0.66,-27.98,-27.98
2026-09-18T10:45:16,127120,제이에스링크,32300.0,-0.15,20143,0,2794,3.59,0.05,0.00,N,-53.74,15.04,-35.27,-35.27
2026-09-18T10:45:17,115180,큐리언트,22350.0,-0.22,15247,0,-3207,3.15,0.04,0.00,N,-26.45,24.72,-64.47,-64.47
2026-09-18T10:45:18,007610,선도전기,4945.0,29.96,4138478,0,168667,1.89,22.99,0.03,N,16.82,2.35,-70.19,-70.19
2026-09-18T10:45:19,001520,동양,1353.0,29.97,4884019,0,-127852,3.01,4.56,0.30,N,8.05,0.18,0.00,-49.14
2026-09-18T10:45:20,012200,계양전기,4440.0,22.99,3139577,0,-236595,0.01,11.53,0.00,N,-3.67,6.48,-68.89,-67.10
2026-09-18T10:45:20,456070,이엔셀,6360.0,21.14,1487445,0,-118293,3.78,13.49,0.81,N,-3.98,1.42,-69.64,-69.64
2026-09-18T10:45:21,265740,엔에프씨,8250.0,29.92,2772715,0,446947,2.83,15.52,1.99,N,0.00,0.00,-16.24,-16.24
2026-09-18T10:45:22,000500,가온전선,312000.0,19.77,689343,0,191857,1.96,2.31,0.52,N,174.59,19.20,-50.87,-11.58
2026-09-18T10:45:23,043260,성호전자,25700.0,18.98,8161002,0,153019,2.41,10.82,0.32,N,19.16,7.27,-56.88,-56.88
2026-09-18T10:45:24,046970,우리로,8340.0,18.8,15034848,0,1184160,0.69,34.31,0.00,N,-463.33,9.24,-48.52,-48.52
2026-09-18T10:45:25,229640,LS에코에너지,60700.0,14.53,624754,0,102497,5.53,2.04,0.53,N,44.18,8.80,-44.72,-44.72
2026-09-18T10:45:26,010170,대한광통신,18280.0,13.33,27093277,0,3268827,4.61,17.42,0.00,N,-75.54,37.23,-41.97,-41.97
2026-09-18T10:45:27,024840,KBI메탈,6540.0,11.22,11670330,0,823856,2.85,26.96,2.59,N,-6540.00,1.88,-44.39,-44.39
2026-09-18T10:45:28,290550,디케이티,21600.0,15.38,568227,0,-29503,6.51,2.84,3.58,N,18.64,2.13,-38.20,-38.20
2026-09-18T10:45:29,285800,진영,5720.0,16.62,1278810,0,-28796,0.00,35.58,0.06,N,-7.23,0.57,-8.48,-61.42
2026-09-18T10:45:30,348080,큐라티스,5100.0,5.92,1128236,0,-50893,0.81,8.80,0.00,N,-8.66,14.45,-16.94,-60.69
2026-09-18T10:45:31,463480,모티브링크,4550.0,14.61,1086444,0,-15135,1.72,8.77,1.29,N,-505.56,1.54,-61.64,-61.64
2026-09-18T10:45:32,051630,진양화학,1836.0,3.44,2971191,0,-174760,1.02,14.02,0.00,N,-7.20,1.00,-47.77,-47.77
2026-09-18T10:45:33,0015S0,페스카로,8670.0,6.64,419979,0,57298,1.59,4.26,0.72,N,28.52,1.37,-81.55,-81.55
2026-09-18T10:45:34,089980,상아프론테크,17090.0,13.78,279186,0,-68608,4.73,1.75,1.33,N,40.50,1.31,-43.13,-43.13
2026-09-18T10:55:09,007460,에이프로젠,2025.0,1.0,34393,0,904,0.00,0.14,0.02,N,-0.61,0.02,-74.04,-87.52
2026-09-18T10:55:10,003060,에이프로젠바이오로직스,1627.0,-0.55,25465,0,248,0.00,0.16,0.00,N,-0.13,0.10,-74.46,-85.27
2026-09-18T10:55:11,417030,니어스랩,31750.0,10.24,179658,0,26037,7.29,3.11,0.00,Y,-7.67,-0.69,-24.40,-24.40
2026-09-18T10:55:12,127120,제이에스링크,32250.0,-0.31,20696,0,2834,3.59,0.06,0.00,N,-53.66,15.02,-35.37,-35.37
2026-09-18T10:55:13,115180,큐리언트,22250.0,-0.67,15951,0,-3237,3.15,0.04,0.00,N,-26.33,24.61,-64.63,-64.63
2026-09-18T10:55:14,007610,선도전기,4885.0,28.38,4639156,0,220192,1.89,25.77,0.03,N,16.62,2.32,-70.55,-70.55
2026-09-18T10:55:15,001520,동양,1353.0,29.97,4889588,0,-127852,3.01,4.56,0.30,N,8.05,0.18,0.00,-49.14
2026-09-18T10:55:16,456070,이엔셀,6450.0,22.86,1510360,0,-119430,3.78,13.69,0.81,N,-4.04,1.44,-69.21,-69.21
2026-09-18T10:55:17,012200,계양전기,4445.0,23.13,3382584,0,-245890,0.01,12.43,0.00,N,-3.67,6.49,-68.85,-67.06
2026-09-18T10:55:17,265740,엔에프씨,8250.0,29.92,2807946,0,446947,2.83,15.72,1.99,N,0.00,0.00,-16.24,-16.24
2026-09-18T10:55:18,000500,가온전선,315500.0,21.11,702735,0,198599,1.96,2.36,0.52,N,176.55,19.42,-50.31,-10.59
2026-09-18T10:55:19,043260,성호전자,25700.0,18.98,8807310,0,88408,2.41,11.67,0.32,N,19.16,7.27,-56.88,-56.88
2026-09-18T10:55:20,046970,우리로,8270.0,17.81,15394293,0,1201851,0.69,35.13,0.00,N,-459.44,9.16,-48.95,-48.95
2026-09-18T10:55:21,229640,LS에코에너지,60900.0,14.91,634691,0,103564,5.53,2.07,0.53,N,44.32,8.83,-44.54,-44.54
2026-09-18T10:55:22,010170,대한광통신,18440.0,14.32,28667492,0,3223056,4.61,18.44,0.00,N,-76.20,37.56,-41.46,-41.46
2026-09-18T10:55:23,024840,KBI메탈,6520.0,10.88,11822515,0,793027,2.85,27.31,2.59,N,-6520.00,1.87,-44.56,-44.56
2026-09-18T10:55:24,348080,큐라티스,5030.0,4.47,1156785,0,-51605,0.81,9.02,0.00,Y,-8.54,14.25,-18.08,-61.23
2026-09-18T10:55:25,463480,모티브링크,4520.0,13.85,1107921,0,-19223,1.72,8.94,1.29,N,-502.22,1.53,-61.89,-61.89
2026-09-18T10:55:26,285800,진영,5530.0,12.74,1352501,0,-24238,0.00,37.63,0.06,N,-6.99,0.55,-11.52,-62.70
2026-09-18T10:55:27,0015S0,페스카로,8510.0,4.67,431355,0,57084,1.59,4.37,0.72,N,27.99,1.35,-81.89,-81.89
2026-09-18T10:55:28,443670,에스피소프트,5820.0,2.65,2702304,0,26866,1.46,11.25,3.88,N,37.55,2.10,-20.16,-20.16
2026-09-18T11:05:09,007460,에이프로젠,2025.0,1.0,34509,0,904,0.00,0.14,0.02,N,-0.61,0.02,-74.04,-87.52
2026-09-18T11:05:10,003060,에이프로젠바이오로직스,1628.0,-0.49,26164,0,-139,0.00,0.16,0.00,N,-0.13,0.10,-74.44,-85.26
2026-09-18T11:05:11,417030,니어스랩,32050.0,11.28,321616,0,47766,7.29,5.57,0.00,N,-7.74,-0.70,-23.69,-23.69
2026-09-18T11:05:13,127120,제이에스링크,32200.0,-0.46,21347,0,3104,3.59,0.06,0.00,N,-53.58,15.00,-35.47,-35.47
2026-09-18T11:05:14,115180,큐리언트,22250.0,-0.67,16923,0,-3128,3.15,0.05,0.00,N,-26.33,24.61,-64.63,-64.63
2026-09-18T11:05:15,007610,선도전기,4895.0,28.65,4819842,0,240076,1.89,26.78,0.03,N,16.65,2.33,-70.49,-70.49
2026-09-18T11:05:16,001520,동양,1353.0,29.97,4897903,0,-127852,3.01,4.57,0.30,N,8.05,0.18,0.00,-49.14
2026-09-18T11:05:17,456070,이엔셀,6480.0,23.43,1555030,0,-117755,3.78,14.10,0.81,N,-4.06,1.45,-69.07,-69.07
2026-09-18T11:05:18,265740,엔에프씨,8250.0,29.92,2825954,0,446947,2.83,15.82,1.99,N,0.00,0.00,-16.24,-16.24
2026-09-18T11:05:19,012200,계양전기,4385.0,21.47,3505159,0,-239815,0.01,12.88,0.00,N,-3.62,6.40,-69.27,-67.50
2026-09-18T11:05:20,000500,가온전선,313500.0,20.35,713803,0,202422,1.96,2.40,0.52,N,175.43,19.30,-50.63,-11.15
2026-09-18T11:05:21,043260,성호전자,25400.0,17.59,9085072,0,104829,2.41,12.04,0.32,N,18.94,7.18,-57.38,-57.38
2026-09-18T11:05:22,046970,우리로,8360.0,19.09,15562613,0,1251538,0.69,35.51,0.00,N,-464.44,9.26,-48.40,-48.40
2026-09-18T11:05:23,229640,LS에코에너지,60800.0,14.72,640550,0,104417,5.53,2.09,0.53,N,44.25,8.81,-44.63,-44.63
2026-09-18T11:05:24,010170,대한광통신,18360.0,13.83,29650125,0,2995416,4.61,19.07,0.00,N,-75.87,37.39,-41.71,-41.71
2026-09-18T11:05:25,348080,큐라티스,4860.0,0.93,1354907,0,-10874,0.81,10.56,0.00,N,-8.25,13.77,-20.85,-62.54
2026-09-18T11:05:25,463480,모티브링크,4525.0,13.98,1111046,0,-19168,1.72,8.97,1.29,N,-502.78,1.53,-61.85,-61.85
2026-09-18T11:05:26,051630,진양화학,1787.0,0.68,3158493,0,-185420,1.02,14.90,0.00,N,-7.01,0.98,-49.16,-49.16
2026-09-18T11:05:27,443670,에스피소프트,5710.0,0.71,2900830,0,67922,1.46,12.08,3.88,N,36.84,2.06,-21.67,-21.67
2026-09-18T11:05:28,285800,진영,5640.0,14.98,1395788,0,-29628,0.00,38.84,0.06,N,-7.13,0.56,-9.76,-61.96
2026-09-18T11:05:29,048430,유라테크,6510.0,6.55,603898,0,-67933,1.90,5.24,1.35,N,6.80,0.49,-33.30,-33.30
2026-09-18T11:05:30,089980,상아프론테크,16970.0,12.98,286330,0,-70534,4.73,1.79,1.33,N,40.21,1.31,-43.53,-43.53
2026-09-18T11:15:10,007460,에이프로젠,2020.0,0.75,36451,0,-93,0.00,0.15,0.02,N,-0.61,0.02,-74.10,-87.55
2026-09-18T11:15:11,003060,에이프로젠바이오로직스,1629.0,-0.43,26277,0,-155,0.00,0.16,0.00,N,-0.13,0.10,-74.43,-85.25
2026-09-18T11:15:12,417030,니어스랩,32700.0,13.54,417957,0,54476,7.29,7.23,0.00,N,-7.89,-0.71,-22.14,-22.14
2026-09-18T11:15:13,127120,제이에스링크,32200.0,-0.46,22128,0,3572,3.59,0.06,0.00,N,-53.58,15.00,-35.47,-35.47
2026-09-18T11:15:14,115180,큐리언트,22200.0,-0.89,18057,0,-3462,3.15,0.05,0.00,N,-26.27,24.56,-64.71,-64.71
2026-09-18T11:15:15,007610,선도전기,4945.0,29.96,4991476,0,274271,1.89,27.73,0.03,N,16.82,2.35,-70.19,-70.19
2026-09-18T11:15:16,052300,오션인더블유,1939.0,29.7,1573509,0,-60135,2.13,9.69,0.00,N,-1.71,0.12,-32.56,-16.10
2026-09-18T11:15:18,001520,동양,1353.0,29.97,4898347,0,-127852,3.01,4.57,0.30,N,8.05,0.18,0.00,-49.14
2026-09-18T11:15:19,456070,이엔셀,6440.0,22.67,1571461,0,-113006,3.78,14.25,0.81,N,-4.03,1.44,-69.26,-69.26
2026-09-18T11:15:20,012200,계양전기,4430.0,22.71,3740291,0,-200840,0.01,13.74,0.00,N,-3.66,6.47,-68.96,-67.17
2026-09-18T11:15:20,265740,엔에프씨,8250.0,29.92,2841810,0,446947,2.83,15.91,1.99,N,0.00,0.00,-16.24,-16.24
2026-09-18T11:15:22,000500,가온전선,315500.0,21.11,728724,0,206574,1.96,2.45,0.52,N,176.55,19.42,-50.31,-10.59
2026-09-18T11:15:23,043260,성호전자,25250.0,16.9,9479289,0,163887,2.41,12.56,0.32,N,18.83,7.14,-57.63,-57.63
2026-09-18T11:15:24,046970,우리로,8280.0,17.95,15694549,0,1250172,0.69,35.81,0.00,N,-460.00,9.17,-48.89,-48.89
2026-09-18T11:15:25,229640,LS에코에너지,61400.0,15.85,657182,0,106318,5.53,2.15,0.53,N,44.69,8.90,-44.08,-44.08
2026-09-18T11:15:26,010170,대한광통신,18230.0,13.02,30285751,0,2967826,4.61,19.48,0.00,N,-75.33,37.13,-42.13,-42.13
2026-09-18T11:15:27,348080,큐라티스,4820.0,0.1,1436425,0,-16983,0.81,11.20,0.00,N,-8.18,13.65,-21.50,-62.85
2026-09-18T11:15:28,463480,모티브링크,4495.0,13.22,1133987,0,-34262,1.72,9.15,1.29,N,-499.44,1.52,-62.10,-62.10
2026-09-18T11:15:29,051630,진양화학,1764.0,-0.62,3194263,0,-185368,1.02,15.07,0.00,N,-6.92,0.96,-49.82,-49.82
2026-09-18T11:15:30,285800,진영,5580.0,13.76,1406848,0,-29488,0.00,39.15,0.06,N,-7.05,0.56,-10.72,-62.36
2026-09-18T11:15:31,443670,에스피소프트,5700.0,0.53,2974705,0,77836,1.46,12.39,3.88,N,36.77,2.06,-21.81,-21.81
2026-09-18T11:15:32,089980,상아프론테크,16900.0,12.52,294487,0,-70938,4.73,1.84,1.33,N,40.05,1.30,-43.76,-43.76
2026-09-18T11:25:09,007460,에이프로젠,2020.0,0.75,36817,0,-125,0.00,0.15,0.02,N,-0.61,0.02,-74.10,-87.55
2026-09-18T11:25:10,003060,에이프로젠바이오로직스,1628.0,-0.49,26335,0,-203,0.00,0.16,0.00,N,-0.13,0.10,-74.44,-85.26
2026-09-18T11:25:11,417030,니어스랩,32550.0,13.02,501912,0,74840,7.29,8.69,0.00,N,-7.86,-0.71,-22.50,-22.50
2026-09-18T11:25:12,127120,제이에스링크,32250.0,-0.31,22634,0,3711,3.59,0.06,0.00,N,-53.66,15.02,-35.37,-35.37
2026-09-18T11:25:13,115180,큐리언트,22200.0,-0.89,20692,0,-3478,3.15,0.06,0.00,N,-26.27,24.56,-64.71,-64.71
2026-09-18T11:25:14,007610,선도전기,4945.0,29.96,5040937,0,323732,1.89,28.01,0.03,N,16.82,2.35,-70.19,-70.19
2026-09-18T11:25:15,052300,오션인더블유,1938.0,29.63,1595611,0,-61009,2.13,9.82,0.00,N,-1.71,0.12,-32.59,-16.14
2026-09-18T11:25:16,456070,이엔셀,6630.0,26.29,1645851,0,-108233,3.78,14.92,0.81,N,-4.15,1.48,-68.35,-68.35
2026-09-18T11:25:17,001520,동양,1353.0,29.97,4898845,0,-127852,3.01,4.57,0.30,N,8.05,0.18,0.00,-49.14
2026-09-18T11:25:18,265740,엔에프씨,8250.0,29.92,2869089,0,446947,2.83,16.06,1.99,N,0.00,0.00,-16.24,-16.24
2026-09-18T11:25:19,012200,계양전기,4365.0,20.91,3862549,0,-210256,0.01,14.19,0.00,N,-3.60,6.37,-69.41,-67.65
2026-09-18T11:25:20,000500,가온전선,314750.0,20.83,735911,0,208620,1.96,2.47,0.52,N,176.13,19.37,-50.43,-10.80
2026-09-18T11:25:21,046970,우리로,8340.0,18.8,15850277,0,1241127,0.69,36.17,0.00,N,-463.33,9.24,-48.52,-48.52
2026-09-18T11:25:22,043260,성호전자,25250.0,16.9,9653081,0,166826,2.41,12.79,0.32,N,18.83,7.14,-57.63,-57.63
2026-09-18T11:25:22,229640,LS에코에너지,61500.0,16.04,666797,0,105772,5.53,2.18,0.53,N,44.76,8.92,-43.99,-43.99
2026-09-18T11:25:23,010170,대한광통신,18330.0,13.64,30690359,0,3101410,4.61,19.74,0.00,N,-75.74,37.33,-41.81,-41.81
2026-09-18T11:25:24,218410,RFHIC,61400.0,14.98,975944,0,82176,20.90,3.67,3.53,N,56.75,4.59,-51.62,-51.62
2026-09-18T11:25:25,290550,디케이티,21550.0,15.12,632564,0,-48959,6.51,3.16,3.58,N,18.59,2.13,-38.34,-38.34
2026-09-18T11:25:26,348080,큐라티스,4770.0,-0.93,1456310,0,-21059,0.81,11.35,0.00,N,-8.10,13.51,-22.31,-63.24
2026-09-18T11:25:27,051630,진양화학,1770.0,-0.28,3247118,0,-182821,1.02,15.32,0.00,N,-6.94,0.97,-49.64,-49.64
2026-09-18T11:25:28,314130,지놈앤컴퍼니,3030.0,-13.8,1034594,0,-92336,2.87,1.98,0.22,N,-17.62,1.26,-70.24,-70.24
2026-09-18T11:25:29,463480,모티브링크,4530.0,14.11,1138309,0,-33606,1.72,9.19,1.29,N,-503.33,1.53,-61.80,-61.80
2026-09-18T11:25:30,443670,에스피소프트,5730.0,1.06,2997453,0,75272,1.46,12.48,3.88,N,36.97,2.07,-21.40,-21.40
2026-09-18T11:25:31,285800,진영,5620.0,14.58,1417835,0,-29124,0.00,39.45,0.06,N,-7.10,0.56,-10.08,-62.09
2026-09-18T11:25:32,048430,유라테크,6490.0,6.22,694957,0,-55872,1.90,6.03,1.35,N,6.77,0.48,-33.50,-33.50
2026-09-18T11:25:33,456010,아이씨티케이,22500.0,9.76,1698799,0,80370,2.02,11.71,1.05,N,-45.09,7.12,-43.68,-43.68
2026-09-18T11:35:09,007460,에이프로젠,2010.0,0.25,57303,0,9493,0.00,0.23,0.02,N,-0.61,0.02,-74.23,-87.62
2026-09-18T11:35:10,003060,에이프로젠바이오로직스,1628.0,-0.49,30395,0,-270,0.00,0.19,0.00,N,-0.13,0.10,-74.44,-85.26
2026-09-18T11:35:11,417030,니어스랩,32200.0,11.81,519350,0,81266,7.29,8.99,0.00,N,-7.77,-0.70,-23.33,-23.33
2026-09-18T11:35:12,127120,제이에스링크,32200.0,-0.46,22990,0,3967,3.59,0.06,0.00,N,-53.58,15.00,-35.47,-35.47
2026-09-18T11:35:13,115180,큐리언트,22300.0,-0.45,22001,0,-3178,3.15,0.06,0.00,N,-26.39,24.67,-64.55,-64.55
2026-09-18T11:35:14,007610,선도전기,4945.0,29.96,5053494,0,326903,1.89,28.07,0.03,N,16.82,2.35,-70.19,-70.19
2026-09-18T11:35:15,052300,오션인더블유,1935.0,29.43,1616299,0,-59978,2.13,9.95,0.00,N,-1.71,0.12,-32.70,-16.27
2026-09-18T11:35:16,456070,이엔셀,6660.0,26.86,1695920,0,-97553,3.78,15.38,0.81,N,-4.17,1.49,-68.21,-68.21
2026-09-18T11:35:17,001520,동양,1353.0,29.97,4901898,0,-127852,3.01,4.58,0.30,N,8.05,0.18,0.00,-49.14
2026-09-18T11:35:18,265740,엔에프씨,8250.0,29.92,2874021,0,446947,2.83,16.09,1.99,N,0.00,0.00,-16.24,-16.24
2026-09-18T11:35:19,012200,계양전기,4310.0,19.39,4035151,0,-219846,0.01,14.82,0.00,N,-3.56,6.29,-69.80,-68.06
2026-09-18T11:35:20,000500,가온전선,311750.0,19.67,750562,0,206354,1.96,2.52,0.52,N,174.45,19.19,-50.91,-11.65
2026-09-18T11:35:21,043260,성호전자,25400.0,17.59,9774351,0,194645,2.41,12.95,0.32,N,18.94,7.18,-57.38,-57.38
2026-09-18T11:35:22,046970,우리로,8340.0,18.8,16079560,0,1186117,0.69,36.69,0.00,N,-463.33,9.24,-48.52,-48.52
2026-09-18T11:35:23,229640,LS에코에너지,61000.0,15.09,674835,0,106790,5.53,2.20,0.53,N,44.40,8.84,-44.44,-44.44
2026-09-18T11:35:24,048430,유라테크,7080.0,15.88,874377,0,-52567,1.90,7.59,1.35,N,7.39,0.53,-27.46,-27.46
2026-09-18T11:35:25,010170,대한광통신,18270.0,13.27,31055961,0,3101126,4.61,19.97,0.00,N,-75.50,37.21,-42.00,-42.00
2026-09-18T11:35:26,348080,큐라티스,4580.0,-4.88,1540143,0,-23103,0.81,12.01,0.00,N,-7.78,12.97,-25.41,-64.70
2026-09-18T11:35:27,314130,지놈앤컴퍼니,3000.0,-14.65,1093427,0,-101412,2.87,2.09,0.22,N,-17.44,1.25,-70.53,-70.53
2026-09-18T11:35:28,051630,진양화학,1757.0,-1.01,3268893,0,-185322,1.02,15.42,0.00,N,-6.89,0.96,-50.01,-50.01
2026-09-18T11:35:29,463480,모티브링크,4550.0,14.61,1141414,0,-33736,1.72,9.21,1.29,N,-505.56,1.54,-61.64,-61.64
2026-09-18T11:35:30,443670,에스피소프트,5720.0,0.88,3014140,0,71660,1.46,12.55,3.88,N,36.90,2.06,-21.54,-21.54
2026-09-18T11:35:31,285800,진영,5590.0,13.97,1425622,0,-29199,0.00,39.67,0.06,N,-7.07,0.56,-10.56,-62.29
2026-09-18T11:35:32,089980,상아프론테크,16790.0,11.78,301598,0,-72770,4.73,1.89,1.33,N,39.79,1.29,-44.13,-44.13
2026-09-18T11:45:10,007460,에이프로젠,2005.0,0.0,58120,0,9232,0.00,0.23,0.02,N,-0.61,0.02,-74.29,-87.65
2026-09-18T11:45:11,003060,에이프로젠바이오로직스,1634.0,-0.12,33236,0,-513,0.00,0.20,0.00,N,-0.13,0.10,-74.35,-85.20
2026-09-18T11:45:12,417030,니어스랩,32050.0,11.28,530760,0,84253,7.29,9.19,0.00,N,-7.74,-0.70,-23.69,-23.69
2026-09-18T11:45:13,127120,제이에스링크,32300.0,-0.15,23417,0,4205,3.59,0.06,0.00,N,-53.74,15.04,-35.27,-35.27
2026-09-18T11:45:14,115180,큐리언트,22350.0,-0.22,23105,0,-3093,3.15,0.06,0.00,N,-26.45,24.72,-64.47,-64.47
2026-09-18T11:45:15,007610,선도전기,4945.0,29.96,5058030,0,326903,1.89,28.10,0.03,N,16.82,2.35,-70.19,-70.19
2026-09-18T11:45:16,052300,오션인더블유,1916.0,28.16,1761117,0,-30332,2.13,10.84,0.00,N,-1.69,0.12,-33.36,-17.09
2026-09-18T11:45:17,456070,이엔셀,6630.0,26.29,1711904,0,-95506,3.78,15.52,0.81,N,-4.15,1.48,-68.35,-68.35
2026-09-18T11:45:18,001520,동양,1353.0,29.97,4917768,0,-127852,3.01,4.59,0.30,N,8.05,0.18,0.00,-49.14
2026-09-18T11:45:19,265740,엔에프씨,8250.0,29.92,2879190,0,446947,2.83,16.12,1.99,N,0.00,0.00,-16.24,-16.24
2026-09-18T11:45:21,000500,가온전선,313500.0,20.35,759456,0,211405,1.96,2.55,0.52,N,175.43,19.30,-50.63,-11.15
2026-09-18T11:45:22,012200,계양전기,4260.0,18.01,4120689,0,-237723,0.01,15.14,0.00,N,-3.52,6.22,-70.15,-68.43
2026-09-18T11:45:22,043260,성호전자,25450.0,17.82,9860368,0,216403,2.41,13.07,0.32,N,18.98,7.20,-57.30,-57.30
2026-09-18T11:45:23,046970,우리로,8350.0,18.95,16234558,0,1188014,0.69,37.04,0.00,N,-463.89,9.25,-48.46,-48.46
2026-09-18T11:45:24,229640,LS에코에너지,60900.0,14.91,679325,0,107624,5.53,2.22,0.53,N,44.32,8.83,-44.54,-44.54
2026-09-18T11:45:25,010170,대한광통신,18420.0,14.2,32089837,0,3459646,4.61,20.64,0.00,N,-76.12,37.52,-41.52,-41.52
2026-09-18T11:45:26,048430,유라테크,6960.0,13.91,1231171,0,-60473,1.90,10.69,1.35,N,7.27,0.52,-28.69,-28.69
2026-09-18T11:45:27,218410,RFHIC,61600.0,15.36,1046929,0,77484,20.90,3.94,3.53,N,56.93,4.61,-51.46,-51.46
2026-09-18T11:45:28,348080,큐라티스,4690.0,-2.6,1579192,0,-15896,0.81,12.31,0.00,N,-7.96,13.29,-23.62,-63.85
2026-09-18T11:45:29,314130,지놈앤컴퍼니,2960.0,-15.79,1214342,0,-117783,2.87,2.32,0.22,N,-17.21,1.23,-70.92,-70.92
2026-09-18T11:45:30,463480,모티브링크,4515.0,13.73,1153610,0,-30184,1.72,9.31,1.29,N,-501.67,1.52,-61.93,-61.93
2026-09-18T11:45:31,051630,진양화학,1761.0,-0.79,3293922,0,-185770,1.02,15.54,0.00,N,-6.91,0.96,-49.90,-49.90
2026-09-18T11:45:32,285800,진영,5540.0,12.95,1444703,0,-28651,0.00,40.20,0.06,N,-7.00,0.55,-11.36,-62.63
2026-09-18T11:45:33,443670,에스피소프트,5740.0,1.23,3025403,0,66962,1.46,12.60,3.88,N,37.03,2.07,-21.26,-21.26
2026-09-18T11:45:34,089980,상아프론테크,16810.0,11.92,304954,0,-73329,4.73,1.91,1.33,N,39.83,1.29,-44.06,-44.06
2026-09-18T11:55:09,007460,에이프로젠,2010.0,0.25,59060,0,9716,0.00,0.24,0.02,N,-0.61,0.02,-74.23,-87.62
2026-09-18T11:55:10,003060,에이프로젠바이오로직스,1636.0,0.0,37166,0,-1120,0.00,0.23,0.00,N,-0.13,0.10,-74.32,-85.19
2026-09-18T11:55:11,417030,니어스랩,32000.0,11.11,550736,0,93886,7.29,9.53,0.00,N,-7.73,-0.70,-23.81,-23.81
2026-09-18T11:55:12,127120,제이에스링크,32300.0,-0.15,23816,0,4261,3.59,0.06,0.00,N,-53.74,15.04,-35.27,-35.27
2026-09-18T11:55:13,115180,큐리언트,22350.0,-0.22,25084,0,-2463,3.15,0.07,0.00,N,-26.45,24.72,-64.47,-64.47
2026-09-18T11:55:14,007610,선도전기,4945.0,29.96,5063058,0,328944,1.89,28.13,0.03,N,16.82,2.35,-70.19,-70.19
2026-09-18T11:55:15,052300,오션인더블유,1893.0,26.62,1802509,0,-28364,2.13,11.10,0.00,N,-1.67,0.12,-34.16,-18.09
2026-09-18T11:55:16,456070,이엔셀,6550.0,24.76,1735432,0,-94498,3.78,15.73,0.81,N,-4.10,1.46,-68.74,-68.74
2026-09-18T11:55:17,001520,동양,1353.0,29.97,4939990,0,-127852,3.01,4.61,0.30,N,8.05,0.18,0.00,-49.14
2026-09-18T11:55:18,265740,엔에프씨,8250.0,29.92,2884170,0,446947,2.83,16.15,1.99,N,0.00,0.00,-16.24,-16.24
2026-09-18T11:55:19,000500,가온전선,315500.0,21.11,777353,0,224200,1.96,2.61,0.52,N,176.55,19.42,-50.31,-10.59
2026-09-18T11:55:20,043260,성호전자,25700.0,18.98,10119906,0,279504,2.41,13.41,0.32,N,19.16,7.27,-56.88,-56.88
2026-09-18T11:55:21,012200,계양전기,4275.0,18.42,4220280,0,-222612,0.01,15.50,0.00,N,-3.53,6.24,-70.04,-68.32
2026-09-18T11:55:22,046970,우리로,8310.0,18.38,16374999,0,1195514,0.69,37.36,0.00,N,-461.67,9.20,-48.70,-48.70
2026-09-18T11:55:23,010170,대한광통신,18740.0,16.18,33507180,0,3879611,4.61,21.55,0.00,N,-77.44,38.17,-40.51,-40.51
2026-09-18T11:55:23,229640,LS에코에너지,61150.0,15.38,684650,0,106926,5.53,2.24,0.53,N,44.51,8.86,-44.31,-44.31
2026-09-18T11:55:24,218410,RFHIC,61800.0,15.73,1090213,0,69985,20.90,4.10,3.53,N,57.12,4.62,-51.30,-51.30
2026-09-18T11:55:25,348080,큐라티스,4650.0,-3.43,1673817,0,-15405,0.81,13.05,0.00,N,-7.89,13.17,-24.27,-64.16
2026-09-18T11:55:26,051630,진양화학,1738.0,-2.08,3301878,0,-183314,1.02,15.57,0.00,N,-6.82,0.95,-50.55,-50.55
2026-09-18T11:55:27,463480,모티브링크,4500.0,13.35,1155982,0,-30068,1.72,9.33,1.29,N,-500.00,1.52,-62.06,-62.06
2026-09-18T11:55:28,314130,지놈앤컴퍼니,3040.0,-13.51,1313705,0,-134630,2.87,2.51,0.22,N,-17.67,1.27,-70.14,-70.14
2026-09-18T11:55:29,285800,진영,5510.0,12.33,1467161,0,-23861,0.00,40.82,0.06,N,-6.97,0.55,-11.84,-62.83
2026-09-18T11:55:30,089980,상아프론테크,16850.0,12.18,306789,0,-74483,4.73,1.92,1.33,N,39.93,1.30,-43.93,-43.93
2026-09-18T12:05:11,007460,에이프로젠,2010.0,0.25,59260,0,9629,0.00,0.24,0.02,N,-0.61,0.02,-74.23,-87.62
2026-09-18T12:05:12,003060,에이프로젠바이오로직스,1629.0,-0.43,38643,0,-1065,0.00,0.24,0.00,N,-0.13,0.10,-74.43,-85.25
2026-09-18T12:05:13,417030,니어스랩,31750.0,10.24,570018,0,93892,7.29,9.87,0.00,N,-7.67,-0.69,-24.40,-24.40
2026-09-18T12:05:14,127120,제이에스링크,32200.0,-0.46,24581,0,4239,3.59,0.07,0.00,N,-53.58,15.00,-35.47,-35.47
2026-09-18T12:05:15,115180,큐리언트,22350.0,-0.22,26406,0,-2098,3.15,0.07,0.00,N,-26.45,24.72,-64.47,-64.47
2026-09-18T12:05:16,007610,선도전기,4945.0,29.96,5064934,0,330820,1.89,28.14,0.03,N,16.82,2.35,-70.19,-70.19
2026-09-18T12:05:17,052300,오션인더블유,1905.0,27.42,1808792,0,-28382,2.13,11.14,0.00,N,-1.68,0.12,-33.74,-17.57
2026-09-18T12:05:18,456070,이엔셀,6560.0,24.95,1745916,0,-96129,3.78,15.83,0.81,N,-4.11,1.47,-68.69,-68.69
2026-09-18T12:05:19,001520,동양,1353.0,29.97,4962124,0,-127852,3.01,4.63,0.30,N,8.05,0.18,0.00,-49.14
2026-09-18T12:05:20,265740,엔에프씨,8250.0,29.92,2889559,0,446947,2.83,16.18,1.99,N,0.00,0.00,-16.24,-16.24
2026-09-18T12:05:21,000500,가온전선,318500.0,22.26,791719,0,230325,1.96,2.66,0.52,N,178.23,19.60,-49.84,-9.74
2026-09-18T12:05:22,043260,성호전자,25950.0,20.14,10299928,0,314623,2.41,13.65,0.32,N,19.35,7.34,-56.46,-56.46
2026-09-18T12:05:23,012200,계양전기,4235.0,17.31,4356955,0,-267862,0.01,16.00,0.00,N,-3.50,6.18,-70.32,-68.62
2026-09-18T12:05:24,010170,대한광통신,18830.0,16.74,34981017,0,3691064,4.61,22.50,0.00,N,-77.81,38.35,-40.22,-40.22
2026-09-18T12:05:25,046970,우리로,8250.0,17.52,16528632,0,1196456,0.69,37.72,0.00,N,-458.33,9.14,-49.07,-49.07
2026-09-18T12:05:26,218410,RFHIC,62500.0,17.04,1145177,0,59895,20.90,4.31,3.53,N,57.76,4.67,-50.75,-50.75
2026-09-18T12:05:27,229640,LS에코에너지,61200.0,15.47,691067,0,105559,5.53,2.26,0.53,N,44.54,8.87,-44.26,-44.26
2026-09-18T12:05:28,020000,한섬,17780.0,11.89,307979,0,49138,23.45,1.43,0.87,N,8.63,0.27,-38.16,-38.16
2026-09-18T12:05:29,348080,큐라티스,4665.0,-3.12,1693343,0,-13683,0.81,13.20,0.00,N,-7.92,13.22,-24.02,-64.05
2026-09-18T12:05:30,051630,진양화학,1739.0,-2.03,3312322,0,-180851,1.02,15.62,0.00,N,-6.82,0.95,-50.53,-50.53
2026-09-18T12:05:31,463480,모티브링크,4510.0,13.6,1161295,0,-30834,1.72,9.37,1.29,N,-501.11,1.52,-61.97,-61.97
2026-09-18T12:05:32,285800,진영,5520.0,12.54,1470701,0,-24265,0.00,40.92,0.06,N,-6.98,0.55,-11.68,-62.77
2026-09-18T12:05:32,314130,지놈앤컴퍼니,3085.0,-12.23,1448089,0,-108170,2.87,2.77,0.22,N,-17.94,1.28,-69.70,-69.70
2026-09-18T12:05:33,443670,에스피소프트,5760.0,1.59,3071011,0,55829,1.46,12.79,3.88,N,37.16,2.08,-20.99,-20.99
2026-09-18T12:05:34,052710,아모텍,16970.0,6.86,1975639,0,-84896,6.37,10.58,0.77,N,37.80,1.92,-53.19,-47.52
2026-09-18T12:05:35,089980,상아프론테크,16780.0,11.72,311015,0,-76676,4.73,1.95,1.33,N,39.76,1.29,-44.16,-44.16
2026-09-18T12:15:09,007460,에이프로젠,2015.0,0.5,61338,0,7591,0.00,0.25,0.02,N,-0.61,0.02,-74.17,-87.58
2026-09-18T12:15:10,003060,에이프로젠바이오로직스,1632.0,-0.24,38917,0,-1140,0.00,0.24,0.00,N,-0.13,0.10,-74.38,-85.22
2026-09-18T12:15:11,417030,니어스랩,31550.0,9.55,579218,0,95527,7.29,10.03,0.00,N,-7.62,-0.69,-24.88,-24.88
2026-09-18T12:15:13,127120,제이에스링크,32000.0,-1.08,25639,0,4159,3.59,0.07,0.00,N,-53.24,14.90,-35.87,-35.87
2026-09-18T12:15:14,115180,큐리언트,22350.0,-0.22,27640,0,-1846,3.15,0.07,0.00,N,-26.45,24.72,-64.47,-64.47
2026-09-18T12:15:15,007610,선도전기,4850.0,27.46,5541802,0,371745,1.89,30.79,0.03,N,16.50,2.30,-70.77,-70.77
2026-09-18T12:15:16,052300,오션인더블유,1886.0,26.15,1835440,0,-36896,2.13,11.30,0.00,N,-1.67,0.12,-34.40,-18.39
2026-09-18T12:15:17,456070,이엔셀,6560.0,24.95,1754513,0,-97258,3.78,15.91,0.81,N,-4.11,1.47,-68.69,-68.69
2026-09-18T12:15:18,001520,동양,1353.0,29.97,4964569,0,-127852,3.01,4.63,0.30,N,8.05,0.18,0.00,-49.14
2026-09-18T12:15:19,265740,엔에프씨,8250.0,29.92,2900458,0,446947,2.83,16.24,1.99,N,0.00,0.00,-16.24,-16.24
2026-09-18T12:15:20,000500,가온전선,314500.0,20.73,805140,0,231971,1.96,2.70,0.52,N,175.99,19.36,-50.47,-10.87
2026-09-18T12:15:21,043260,성호전자,25850.0,19.68,10562490,0,315859,2.41,14.00,0.32,N,19.28,7.31,-56.63,-56.63
2026-09-18T12:15:22,010170,대한광통신,18940.0,17.42,36155430,0,3532914,4.61,23.25,0.00,N,-78.26,38.57,-39.87,-39.87
2026-09-18T12:15:23,012200,계양전기,4200.0,16.34,4467196,0,-277385,0.01,16.41,0.00,N,-3.47,6.13,-70.57,-68.88
2026-09-18T12:15:24,046970,우리로,8300.0,18.23,16673998,0,1160770,0.69,38.05,0.00,N,-461.11,9.19,-48.77,-48.77
2026-09-18T12:15:25,229640,LS에코에너지,60800.0,14.72,696021,0,103910,5.53,2.27,0.53,N,44.25,8.81,-44.63,-44.63
2026-09-18T12:15:26,484120,도우인시스,23550.0,10.05,136034,0,5617,1.43,1.24,2.13,N,480.61,1.52,-27.76,-29.91
2026-09-18T12:15:27,115440,우리넷,10550.0,12.59,3257752,0,136946,1.40,30.18,2.37,N,31.03,1.14,-50.59,-50.59
2026-09-18T12:15:28,290550,디케이티,21550.0,15.12,683175,0,-66067,6.51,3.42,3.58,N,18.59,2.13,-38.34,-38.34
2026-09-18T12:15:29,348080,큐라티스,4785.0,-0.62,1793267,0,-21270,0.81,13.98,0.00,N,-8.12,13.56,-22.07,-63.12
2026-09-18T12:15:30,051630,진양화학,1732.0,-2.42,3341249,0,-186867,1.02,15.76,0.00,N,-6.79,0.95,-50.73,-50.73
2026-09-18T12:15:31,463480,모티브링크,4510.0,13.6,1186611,0,-33366,1.72,9.58,1.29,N,-501.11,1.52,-61.97,-61.97
2026-09-18T12:15:32,285800,진영,5490.0,11.93,1485678,0,-29048,0.00,41.34,0.06,N,-6.94,0.55,-12.16,-62.97
2026-09-18T12:15:33,443670,에스피소프트,5710.0,0.71,3116634,0,34009,1.46,12.98,3.88,N,36.84,2.06,-21.67,-21.67
2026-09-18T12:25:10,007460,에이프로젠,2000.0,-0.25,63458,0,7531,0.00,0.26,0.02,N,-0.60,0.02,-74.36,-87.68
2026-09-18T12:25:11,003060,에이프로젠바이오로직스,1629.0,-0.43,38931,0,-1154,0.00,0.24,0.00,N,-0.13,0.10,-74.43,-85.25
2026-09-18T12:25:12,417030,니어스랩,31400.0,9.03,587225,0,97087,7.29,10.16,0.00,N,-7.58,-0.69,-25.24,-25.24
2026-09-18T12:25:13,127120,제이에스링크,31950.0,-1.24,26404,0,4393,3.59,0.07,0.00,N,-53.16,14.88,-35.97,-35.97
2026-09-18T12:25:14,115180,큐리언트,22350.0,-0.22,28606,0,-1733,3.15,0.08,0.00,N,-26.45,24.72,-64.47,-64.47
2026-09-18T12:25:15,007610,선도전기,4870.0,27.99,5696175,0,386611,1.89,31.65,0.03,N,16.56,2.31,-70.64,-70.64
2026-09-18T12:25:15,456070,이엔셀,6540.0,24.57,1768680,0,-97335,3.78,16.04,0.81,N,-4.09,1.46,-68.78,-68.78
2026-09-18T12:25:16,001520,동양,1353.0,29.97,4964846,0,-127852,3.01,4.63,0.30,N,8.05,0.18,0.00,-49.14
2026-09-18T12:25:17,052300,오션인더블유,1860.0,24.41,1863826,0,-41394,2.13,11.47,0.00,N,-1.64,0.11,-35.30,-19.52
2026-09-18T12:25:18,043260,성호전자,26450.0,22.45,11018676,0,268392,2.41,14.60,0.32,N,19.72,7.48,-55.62,-55.62
2026-09-18T12:25:19,265740,엔에프씨,8250.0,29.92,2905793,0,446947,2.83,16.27,1.99,N,0.00,0.00,-16.24,-16.24
2026-09-18T12:25:20,000500,가온전선,315000.0,20.92,811872,0,234399,1.96,2.73,0.52,N,176.27,19.39,-50.39,-10.73
2026-09-18T12:25:21,046970,우리로,8360.0,19.09,16803584,0,1190028,0.69,38.34,0.00,N,-464.44,9.26,-48.40,-48.40
2026-09-18T12:25:22,010170,대한광통신,18870.0,16.99,37426317,0,3321022,4.61,24.07,0.00,N,-77.98,38.43,-40.10,-40.10
2026-09-18T12:25:23,115440,우리넷,10680.0,13.98,4037665,0,102413,1.40,37.41,2.37,N,31.41,1.16,-49.98,-49.98
2026-09-18T12:25:24,012200,계양전기,4140.0,14.68,4563196,0,-249493,0.01,16.76,0.00,N,-3.42,6.04,-70.99,-69.32
2026-09-18T12:25:25,229640,LS에코에너지,60700.0,14.53,702372,0,103248,5.53,2.29,0.53,N,44.18,8.80,-44.72,-44.72
2026-09-18T12:25:26,484120,도우인시스,23400.0,9.35,139195,0,5220,1.43,1.27,2.13,N,477.55,1.51,-28.22,-30.36
2026-09-18T12:25:27,020000,한섬,17790.0,11.96,335158,0,49135,23.45,1.56,0.87,N,8.63,0.27,-38.12,-38.12
2026-09-18T12:25:28,348080,큐라티스,4750.0,-1.35,1805297,0,-21157,0.81,14.07,0.00,N,-8.06,13.46,-22.64,-63.39
2026-09-18T12:25:29,051630,진양화학,1688.0,-4.9,3391298,0,-172752,1.02,16.00,0.00,N,-6.62,0.92,-51.98,-51.98
2026-09-18T12:25:30,463480,모티브링크,4485.0,12.97,1190956,0,-32860,1.72,9.61,1.29,N,-498.33,1.51,-62.18,-62.18
2026-09-18T12:25:31,285800,진영,5450.0,11.11,1490981,0,-28852,0.00,41.49,0.06,N,-6.89,0.54,-12.80,-63.24
2026-09-18T12:25:31,090435,아모레퍼시픽우,41100.0,-7.85,89549,0,0,48.48,0.85,0.17,N,0.00,0.00,-27.51,-27.51
2026-09-18T12:25:32,443670,에스피소프트,5690.0,0.35,3144282,0,21344,1.46,13.10,3.88,N,36.71,2.05,-21.95,-21.95
2026-09-18T12:35:09,007460,에이프로젠,2020.0,0.75,64958,0,6875,0.00,0.26,0.02,N,-0.61,0.02,-74.10,-87.55
2026-09-18T12:35:10,003060,에이프로젠바이오로직스,1627.0,-0.55,39173,0,-1154,0.00,0.24,0.00,N,-0.13,0.10,-74.46,-85.27
2026-09-18T12:35:11,417030,니어스랩,31500.0,9.38,592413,0,97984,7.29,10.25,0.00,N,-7.61,-0.69,-25.00,-25.00
2026-09-18T12:35:12,127120,제이에스링크,32050.0,-0.93,27125,0,4434,3.59,0.07,0.00,N,-53.33,14.93,-35.77,-35.77
2026-09-18T12:35:13,115180,큐리언트,22400.0,0.0,29642,0,-1586,3.15,0.08,0.00,N,-26.51,24.78,-64.39,-64.39
2026-09-18T12:35:14,456070,이엔셀,6600.0,25.71,1785995,0,-95550,3.78,16.19,0.81,N,-4.13,1.48,-68.50,-68.50
2026-09-18T12:35:15,007610,선도전기,4805.0,26.28,5831670,0,376004,1.89,32.40,0.03,N,16.34,2.28,-71.04,-71.04
2026-09-18T12:35:16,001520,동양,1353.0,29.97,4968151,0,-127852,3.01,4.64,0.30,N,8.05,0.18,0.00,-49.14
2026-09-18T12:35:17,265740,엔에프씨,8250.0,29.92,2906385,0,446947,2.83,16.27,1.99,N,0.00,0.00,-16.24,-16.24
2026-09-18T12:35:18,043260,성호전자,26450.0,22.45,11334998,0,211530,2.41,15.02,0.32,N,19.72,7.48,-55.62,-55.62
2026-09-18T12:35:19,052300,오션인더블유,1832.0,22.54,1933509,0,-36633,2.13,11.90,0.00,N,-1.62,0.11,-36.28,-20.73
2026-09-18T12:35:20,000500,가온전선,313500.0,20.35,819164,0,235357,1.96,2.75,0.52,N,175.43,19.30,-50.63,-11.15
2026-09-18T12:35:21,010170,대한광통신,18900.0,17.17,38209544,0,3513785,4.61,24.57,0.00,N,-78.10,38.49,-40.00,-40.00
2026-09-18T12:35:22,046970,우리로,8310.0,18.38,16911422,0,1200098,0.69,38.59,0.00,N,-461.67,9.20,-48.70,-48.70
2026-09-18T12:35:23,012200,계양전기,4170.0,15.51,4708865,0,-279035,0.01,17.30,0.00,N,-3.44,6.09,-70.78,-69.10
2026-09-18T12:35:24,229640,LS에코에너지,60600.0,14.34,705853,0,101449,5.53,2.30,0.53,N,44.10,8.79,-44.81,-44.81
2026-09-18T12:35:25,484120,도우인시스,23500.0,9.81,145079,0,7030,1.43,1.32,2.13,N,479.59,1.52,-27.91,-30.06
2026-09-18T12:35:26,115440,우리넷,10620.0,13.34,4474307,0,102032,1.40,41.45,2.37,N,31.24,1.15,-50.26,-50.26
2026-09-18T12:35:27,020000,한섬,17910.0,12.71,352813,0,47175,23.45,1.64,0.87,N,8.69,0.27,-37.70,-37.70
2026-09-18T12:35:27,290550,디케이티,21550.0,15.12,704258,0,-72458,6.51,3.52,3.58,N,18.59,2.13,-38.34,-38.34
2026-09-18T12:35:28,348080,큐라티스,4750.0,-1.35,1817652,0,-19078,0.81,14.17,0.00,N,-8.06,13.46,-22.64,-63.39
2026-09-18T12:35:29,051630,진양화학,1685.0,-5.07,3418329,0,-165114,1.02,16.12,0.00,N,-6.61,0.92,-52.06,-52.06
2026-09-18T12:35:30,463480,모티브링크,4515.0,13.73,1192704,0,-32379,1.72,9.63,1.29,N,-501.67,1.52,-61.93,-61.93
2026-09-18T12:35:31,285800,진영,5480.0,11.72,1503579,0,-30610,0.00,41.84,0.06,N,-6.93,0.55,-12.32,-63.04
2026-09-18T12:35:32,090435,아모레퍼시픽우,40900.0,-8.3,99038,0,0,48.48,0.94,0.17,N,0.00,0.00,-27.87,-27.87
2026-09-18T12:35:33,443670,에스피소프트,5700.0,0.53,3160626,0,17796,1.46,13.16,3.88,N,36.77,2.06,-21.81,-21.81
2026-09-18T12:45:09,007460,에이프로젠,2020.0,0.75,68090,0,4194,0.00,0.27,0.02,N,-0.61,0.02,-74.10,-87.55
2026-09-18T12:45:10,003060,에이프로젠바이오로직스,1628.0,-0.49,40161,0,-1369,0.00,0.25,0.00,N,-0.13,0.10,-74.44,-85.26
2026-09-18T12:45:11,417030,니어스랩,31200.0,8.33,599515,0,98535,7.29,10.38,0.00,N,-7.53,-0.68,-25.71,-25.71
2026-09-18T12:45:12,127120,제이에스링크,31950.0,-1.24,28101,0,4726,3.59,0.08,0.00,N,-53.16,14.88,-35.97,-35.97
2026-09-18T12:45:13,115180,큐리언트,22400.0,0.0,32578,0,-2393,3.15,0.09,0.00,N,-26.51,24.78,-64.39,-64.39
2026-09-18T12:45:14,456070,이엔셀,6750.0,28.57,1947102,0,-98501,3.78,17.65,0.81,N,-4.22,1.51,-67.78,-67.78
2026-09-18T12:45:15,007610,선도전기,4815.0,26.54,5974504,0,364340,1.89,33.19,0.03,N,16.38,2.29,-70.98,-70.98
2026-09-18T12:45:16,001520,동양,1353.0,29.97,4974827,0,-127852,3.01,4.64,0.30,N,8.05,0.18,0.00,-49.14
2026-09-18T12:45:18,052300,오션인더블유,1848.0,23.61,1962552,0,-33865,2.13,12.08,0.00,N,-1.63,0.11,-35.72,-20.03
2026-09-18T12:45:19,043260,성호전자,26600.0,23.15,11647883,0,133585,2.41,15.44,0.32,N,19.84,7.52,-55.37,-55.37
2026-09-18T12:45:20,265740,엔에프씨,8250.0,29.92,2907195,0,446947,2.83,16.27,1.99,N,0.00,0.00,-16.24,-16.24
2026-09-18T12:45:21,000500,가온전선,312500.0,19.96,831011,0,234670,1.96,2.79,0.52,N,174.87,19.23,-50.79,-11.44
2026-09-18T12:45:22,072950,빛샘전자,15500.0,16.19,6442982,0,77836,1.01,80.01,3.35,N,16.52,1.50,-39.69,-39.69
2026-09-18T12:45:23,010170,대한광통신,18890.0,17.11,38928669,0,3631675,4.61,25.04,0.00,N,-78.06,38.47,-40.03,-40.03
2026-09-18T12:45:24,046970,우리로,8290.0,18.09,17013639,0,1181423,0.69,38.82,0.00,N,-460.56,9.18,-48.83,-48.83
2026-09-18T12:45:24,484120,도우인시스,23500.0,9.81,151010,0,9271,1.43,1.38,2.13,N,479.59,1.52,-27.91,-30.06
2026-09-18T12:45:25,115440,우리넷,10570.0,12.81,4622329,0,106867,1.40,42.82,2.37,N,31.09,1.15,-50.49,-50.49
2026-09-18T12:45:26,229640,LS에코에너지,60200.0,13.58,718368,0,99010,5.53,2.35,0.53,N,43.81,8.73,-45.17,-45.17
2026-09-18T12:45:27,012200,계양전기,4070.0,12.74,4869066,0,-290084,0.01,17.89,0.00,N,-3.36,5.94,-71.48,-69.84
2026-09-18T12:45:28,020000,한섬,17780.0,11.89,372138,0,51998,23.45,1.73,0.87,N,8.63,0.27,-38.16,-38.16
2026-09-18T12:45:29,218410,RFHIC,61400.0,14.98,1315869,0,60471,20.90,4.95,3.53,N,56.75,4.59,-51.62,-51.62
2026-09-18T12:45:30,290550,디케이티,21500.0,14.85,713536,0,-75353,6.51,3.57,3.58,N,18.55,2.12,-38.48,-38.48
2026-09-18T12:45:31,348080,큐라티스,4845.0,0.62,1856718,0,-17361,0.81,14.47,0.00,N,-8.23,13.73,-21.09,-62.66
2026-09-18T12:45:32,051630,진양화학,1689.0,-4.85,3434732,0,-158813,1.02,16.20,0.00,N,-6.62,0.92,-51.95,-51.95
2026-09-18T12:45:33,285800,진영,5470.0,11.52,1510840,0,-30720,0.00,42.04,0.06,N,-6.92,0.54,-12.48,-63.10
2026-09-18T12:45:34,463480,모티브링크,4485.0,12.97,1196464,0,-32913,1.72,9.66,1.29,N,-498.33,1.51,-62.18,-62.18
2026-09-18T12:45:35,090435,아모레퍼시픽우,40850.0,-8.41,104493,0,0,48.48,0.99,0.17,N,0.00,0.00,-27.95,-27.95
2026-09-18T12:45:36,443670,에스피소프트,5650.0,-0.35,3248981,0,8785,1.46,13.53,3.88,N,36.45,2.04,-22.50,-22.50
2026-09-18T12:55:09,007460,에이프로젠,2020.0,0.75,68392,0,3983,0.00,0.28,0.02,N,-0.61,0.02,-74.10,-87.55
2026-09-18T12:55:10,003060,에이프로젠바이오로직스,1629.0,-0.43,40366,0,-1388,0.00,0.25,0.00,N,-0.13,0.10,-74.43,-85.25
2026-09-18T12:55:11,417030,니어스랩,31600.0,9.72,605950,0,99508,7.29,10.49,0.00,N,-7.63,-0.69,-24.76,-24.76
2026-09-18T12:55:12,127120,제이에스링크,31950.0,-1.24,31840,0,5106,3.59,0.09,0.00,N,-53.16,14.88,-35.97,-35.97
2026-09-18T12:55:13,115180,큐리언트,22400.0,0.0,33705,0,-2236,3.15,0.09,0.00,N,-26.51,24.78,-64.39,-64.39
2026-09-18T12:55:14,456070,이엔셀,6700.0,27.62,1990945,0,-103798,3.78,18.05,0.81,N,-4.19,1.50,-68.02,-68.02
2026-09-18T12:55:15,007610,선도전기,4820.0,26.68,6035397,0,362603,1.89,33.53,0.03,N,16.39,2.29,-70.95,-70.95
2026-09-18T12:55:16,001520,동양,1353.0,29.97,4976672,0,-127852,3.01,4.65,0.30,N,8.05,0.18,0.00,-49.14
2026-09-18T12:55:17,072950,빛샘전자,16300.0,22.19,8285774,0,9947,1.01,102.90,3.35,N,17.38,1.57,-36.58,-36.58
2026-09-18T12:55:18,043260,성호전자,26700.0,23.61,11975379,0,80958,2.41,15.87,0.32,N,19.91,7.55,-55.20,-55.20
2026-09-18T12:55:19,052300,오션인더블유,1835.0,22.74,1967522,0,-33818,2.13,12.11,0.00,N,-1.62,0.11,-36.17,-20.60
2026-09-18T12:55:20,265740,엔에프씨,8250.0,29.92,2908459,0,446947,2.83,16.28,1.99,N,0.00,0.00,-16.24,-16.24
2026-09-18T12:55:21,000500,가온전선,314000.0,20.54,837920,0,236883,1.96,2.81,0.52,N,175.71,19.33,-50.55,-11.01
2026-09-18T12:55:22,010170,대한광통신,18810.0,16.62,39623194,0,3611386,4.61,25.48,0.00,N,-77.73,38.31,-40.29,-40.29
2026-09-18T12:55:23,046970,우리로,8280.0,17.95,17221637,0,1182966,0.69,39.30,0.00,N,-460.00,9.17,-48.89,-48.89
2026-09-18T12:55:23,115440,우리넷,10750.0,14.73,4850235,0,113402,1.40,44.93,2.37,N,31.62,1.17,-49.65,-49.65
2026-09-18T12:55:24,484120,도우인시스,23400.0,9.35,154311,0,7943,1.43,1.41,2.13,N,477.55,1.51,-28.22,-30.36
2026-09-18T12:55:25,229640,LS에코에너지,60200.0,13.58,725171,0,99641,5.53,2.37,0.53,N,43.81,8.73,-45.17,-45.17
2026-09-18T12:55:26,314130,지놈앤컴퍼니,3280.0,-6.69,1692663,0,-104423,2.87,3.24,0.22,N,-19.07,1.37,-67.78,-67.78
2026-09-18T12:55:27,218410,RFHIC,61200.0,14.61,1345071,0,64566,20.90,5.06,3.53,N,56.56,4.58,-51.77,-51.77
2026-09-18T12:55:28,348080,큐라티스,4755.0,-1.25,1980668,0,-22829,0.81,15.44,0.00,N,-8.07,13.47,-22.56,-63.35
2026-09-18T12:55:29,051630,진양화학,1653.0,-6.87,3498542,0,-159908,1.02,16.50,0.00,N,-6.48,0.90,-52.97,-52.97
2026-09-18T12:55:30,463480,모티브링크,4440.0,11.84,1200301,0,-33123,1.72,9.69,1.29,N,-493.33,1.50,-62.56,-62.56
2026-09-18T12:55:31,012200,계양전기,4035.0,11.77,4927430,0,-285126,0.01,18.10,0.00,N,-3.33,5.89,-71.72,-70.10
2026-09-18T12:55:32,285800,진영,5500.0,12.13,1514312,0,-30995,0.00,42.14,0.06,N,-6.95,0.55,-12.00,-62.90
2026-09-18T12:55:33,090435,아모레퍼시픽우,40950.0,-8.18,110769,0,0,48.48,1.05,0.17,N,0.00,0.00,-27.78,-27.78
2026-09-18T12:55:34,478340,나라스페이스테크놀로지,13490.0,-2.6,1865268,0,-164402,4.23,16.12,0.55,N,-11.30,-2.94,-79.12,-79.12
2026-09-18T13:05:09,007460,에이프로젠,2020.0,0.75,69245,0,4034,0.00,0.28,0.02,N,-0.61,0.02,-74.10,-87.55
2026-09-18T13:05:10,003060,에이프로젠바이오로직스,1632.0,-0.24,41015,0,-1728,0.00,0.25,0.00,N,-0.13,0.10,-74.38,-85.22
2026-09-18T13:05:11,417030,니어스랩,31050.0,7.81,610612,0,96861,7.29,10.57,0.00,N,-7.50,-0.68,-26.07,-26.07
2026-09-18T13:05:12,127120,제이에스링크,31700.0,-2.01,33723,0,5004,3.59,0.09,0.00,N,-52.75,14.76,-36.47,-36.47
2026-09-18T13:05:13,115180,큐리언트,22300.0,-0.45,35186,0,-2305,3.15,0.09,0.00,N,-26.39,24.67,-64.55,-64.55
2026-09-18T13:05:14,456070,이엔셀,6650.0,26.67,2016745,0,-107542,3.78,18.28,0.81,N,-4.16,1.49,-68.26,-68.26
2026-09-18T13:05:15,007610,선도전기,4825.0,26.81,6124297,0,329210,1.89,34.02,0.03,N,16.41,2.29,-70.92,-70.92
2026-09-18T13:05:16,001520,동양,1353.0,29.97,4978684,0,-127852,3.01,4.65,0.30,N,8.05,0.18,0.00,-49.14
2026-09-18T13:05:17,052300,오션인더블유,1859.0,24.35,1974434,0,-31920,2.13,12.15,0.00,N,-1.64,0.11,-35.34,-19.56
2026-09-18T13:05:18,265740,엔에프씨,8250.0,29.92,2909051,0,446947,2.83,16.28,1.99,N,0.00,0.00,-16.24,-16.24
2026-09-18T13:05:19,000500,가온전선,316500.0,21.5,848258,0,243497,1.96,2.85,0.52,N,177.11,19.48,-50.16,-10.30
2026-09-18T13:05:20,043260,성호전자,26200.0,21.3,12266441,0,100492,2.41,16.26,0.32,N,19.54,7.41,-56.04,-56.04
2026-09-18T13:05:21,072950,빛샘전자,15720.0,17.84,9383570,0,-29262,1.01,116.53,3.35,N,16.76,1.52,-38.83,-38.83
2026-09-18T13:05:22,010170,대한광통신,18680.0,15.81,40588666,0,3691656,4.61,26.10,0.00,N,-77.19,38.04,-40.70,-40.70
2026-09-18T13:05:23,046970,우리로,8180.0,16.52,17488739,0,1232396,0.69,39.91,0.00,N,-454.44,9.06,-49.51,-49.51
2026-09-18T13:05:23,229640,LS에코에너지,60250.0,13.68,731860,0,98707,5.53,2.39,0.53,N,43.85,8.73,-45.13,-45.13
2026-09-18T13:05:24,484120,도우인시스,23300.0,8.88,156806,0,7269,1.43,1.43,2.13,N,475.51,1.51,-28.53,-30.65
2026-09-18T13:05:25,115440,우리넷,10480.0,11.85,5013944,0,112909,1.40,46.45,2.37,N,30.82,1.14,-50.91,-50.91
2026-09-18T13:05:26,003350,한국화장품제조,16280.0,9.78,2184311,0,153115,1.07,9.64,2.91,N,0.00,0.00,-73.61,-9.10
2026-09-18T13:05:27,348080,큐라티스,4755.0,-1.25,2005413,0,-22272,0.81,15.63,0.00,N,-8.07,13.47,-22.56,-63.35
2026-09-18T13:05:28,051630,진양화학,1657.0,-6.65,3553837,0,-150789,1.02,16.76,0.00,N,-6.50,0.91,-52.86,-52.86
2026-09-18T13:05:29,463480,모티브링크,4465.0,12.47,1204967,0,-32029,1.72,9.73,1.29,N,-496.11,1.51,-62.35,-62.35
2026-09-18T13:05:30,012200,계양전기,4035.0,11.77,4981599,0,-273572,0.01,18.30,0.00,N,-3.33,5.89,-71.72,-70.10
2026-09-18T13:05:31,285800,진영,5470.0,11.52,1521321,0,-30954,0.00,42.33,0.06,N,-6.92,0.54,-12.48,-63.10
2026-09-18T13:05:32,090435,아모레퍼시픽우,40750.0,-8.63,128311,0,0,48.48,1.22,0.17,N,0.00,0.00,-28.13,-28.13
2026-09-18T13:05:33,443670,에스피소프트,5650.0,-0.35,3279068,0,2555,1.46,13.66,3.88,N,36.45,2.04,-22.50,-22.50
2026-09-18T13:05:34,478340,나라스페이스테크놀로지,13400.0,-3.25,1895169,0,-164750,4.23,16.38,0.55,N,-11.22,-2.92,-79.26,-79.26
2026-09-18T13:15:09,007460,에이프로젠,2015.0,0.5,69711,0,4044,0.00,0.28,0.02,N,-0.61,0.02,-74.17,-87.58
2026-09-18T13:15:10,003060,에이프로젠바이오로직스,1632.0,-0.24,41115,0,-1827,0.00,0.25,0.00,N,-0.13,0.10,-74.38,-85.22
2026-09-18T13:15:11,417030,니어스랩,31000.0,7.64,622204,0,100725,7.29,10.77,0.00,N,-7.48,-0.68,-26.19,-26.19
2026-09-18T13:15:12,127120,제이에스링크,31800.0,-1.7,35968,0,4936,3.59,0.10,0.00,N,-52.91,14.81,-36.27,-36.27
2026-09-18T13:15:13,115180,큐리언트,22400.0,0.0,36375,0,-2092,3.15,0.10,0.00,N,-26.51,24.78,-64.39,-64.39
2026-09-18T13:15:14,456070,이엔셀,6640.0,26.48,2050608,0,-110663,3.78,18.59,0.81,N,-4.16,1.48,-68.31,-68.31
2026-09-18T13:15:15,007610,선도전기,4840.0,27.2,6222563,0,322613,1.89,34.57,0.03,N,16.46,2.30,-70.83,-70.83
2026-09-18T13:15:17,001520,동양,1353.0,29.97,4978893,0,-127852,3.01,4.65,0.30,N,8.05,0.18,0.00,-49.14
2026-09-18T13:15:17,052300,오션인더블유,1865.0,24.75,2005895,0,-35791,2.13,12.35,0.00,N,-1.65,0.11,-35.13,-19.30
2026-09-18T13:15:18,265740,엔에프씨,8250.0,29.92,2910418,0,446947,2.83,16.29,1.99,N,0.00,0.00,-16.24,-16.24
2026-09-18T13:15:19,043260,성호전자,26300.0,21.76,12452463,0,138185,2.41,16.50,0.32,N,19.61,7.44,-55.87,-55.87
2026-09-18T13:15:20,000500,가온전선,317000.0,21.69,868606,0,254084,1.96,2.92,0.52,N,177.39,19.51,-50.08,-10.16
2026-09-18T13:15:21,072950,빛샘전자,15840.0,18.74,10063059,0,-32447,1.01,124.97,3.35,N,16.89,1.53,-38.37,-38.37
2026-09-18T13:15:22,010170,대한광통신,18630.0,15.5,41758428,0,4092377,4.61,26.86,0.00,N,-76.98,37.94,-40.86,-40.86
2026-09-18T13:15:23,003350,한국화장품제조,16350.0,10.25,2560602,0,140854,1.07,11.30,2.91,Y,0.00,0.00,-73.50,-8.71
2026-09-18T13:15:24,046970,우리로,8170.0,16.38,17662898,0,1253114,0.69,40.30,0.00,N,-453.89,9.05,-49.57,-49.57
2026-09-18T13:15:25,229640,LS에코에너지,60400.0,13.96,738531,0,99037,5.53,2.41,0.53,N,43.96,8.76,-44.99,-44.99
2026-09-18T13:15:26,348080,큐라티스,4850.0,0.73,2061916,0,-25926,0.81,16.07,0.00,N,-8.23,13.74,-21.01,-62.62
2026-09-18T13:15:27,051630,진양화학,1660.0,-6.48,3579880,0,-147259,1.02,16.89,0.00,N,-6.51,0.91,-52.77,-52.77
2026-09-18T13:15:28,285800,진영,5380.0,9.68,1536401,0,-29646,0.00,42.75,0.06,N,-6.80,0.54,-13.92,-63.71
2026-09-18T13:15:29,012200,계양전기,4042.0,11.97,5005167,0,-267237,0.01,18.39,0.00,N,-3.34,5.90,-71.67,-70.05
2026-09-18T13:15:30,463480,모티브링크,4520.0,13.85,1211679,0,-32980,1.72,9.78,1.29,N,-502.22,1.53,-61.89,-61.89
2026-09-18T13:15:31,090435,아모레퍼시픽우,41100.0,-7.85,137374,0,0,48.48,1.30,0.17,N,0.00,0.00,-27.51,-27.51
2026-09-18T13:15:32,443670,에스피소프트,5700.0,0.53,3287454,0,3287,1.46,13.69,3.88,N,36.77,2.06,-21.81,-21.81
2026-09-18T13:25:10,007460,에이프로젠,2020.0,0.75,71079,0,3851,0.00,0.29,0.02,N,-0.61,0.02,-74.10,-87.55
2026-09-18T13:25:11,003060,에이프로젠바이오로직스,1633.0,-0.18,41676,0,-2150,0.00,0.26,0.00,N,-0.13,0.10,-74.36,-85.21
2026-09-18T13:25:12,417030,니어스랩,31200.0,8.33,630091,0,102082,7.29,10.91,0.00,N,-7.53,-0.68,-25.71,-25.71
2026-09-18T13:25:13,127120,제이에스링크,31800.0,-1.7,36609,0,5074,3.59,0.10,0.00,N,-52.91,14.81,-36.27,-36.27
2026-09-18T13:25:14,115180,큐리언트,22400.0,0.0,37395,0,-1806,3.15,0.10,0.00,N,-26.51,24.78,-64.39,-64.39
2026-09-18T13:25:15,456070,이엔셀,6620.0,26.1,2063835,0,-112179,3.78,18.71,0.81,N,-4.14,1.48,-68.40,-68.40
2026-09-18T13:25:16,007610,선도전기,4820.0,26.68,6267465,0,326860,1.89,34.82,0.03,N,16.39,2.29,-70.95,-70.95
2026-09-18T13:25:17,043260,성호전자,27600.0,27.78,13001893,0,167531,2.41,17.23,0.32,N,20.58,7.81,-53.69,-53.69
2026-09-18T13:25:18,052300,오션인더블유,1876.0,25.48,2033744,0,-47154,2.13,12.52,0.00,N,-1.66,0.12,-34.75,-18.82
2026-09-18T13:25:19,001520,동양,1353.0,29.97,4981202,0,-127852,3.01,4.65,0.30,N,8.05,0.18,0.00,-49.14
2026-09-18T13:25:20,265740,엔에프씨,8250.0,29.92,2911000,0,446947,2.83,16.30,1.99,N,0.00,0.00,-16.24,-16.24
2026-09-18T13:25:21,000500,가온전선,316000.0,21.31,875168,0,256185,1.96,2.94,0.52,N,176.83,19.45,-50.24,-10.45
2026-09-18T13:25:21,072950,빛샘전자,15840.0,18.74,10384489,0,-31942,1.01,128.96,3.35,N,16.89,1.53,-38.37,-38.37
2026-09-18T13:25:22,010170,대한광통신,18790.0,16.49,42331764,0,4128610,4.61,27.23,0.00,N,-77.64,38.27,-40.35,-40.35
2026-09-18T13:25:23,003350,한국화장품제조,16430.0,10.79,3071785,0,79337,1.07,13.56,2.91,N,0.00,0.00,-73.37,-8.26
2026-09-18T13:25:24,046970,우리로,8180.0,16.52,17777281,0,1238211,0.69,40.56,0.00,N,-454.44,9.06,-49.51,-49.51
2026-09-18T13:25:25,314130,지놈앤컴퍼니,3325.0,-5.41,1802667,0,-61828,2.87,3.45,0.22,N,-19.33,1.38,-67.34,-67.34
2026-09-18T13:25:26,115440,우리넷,10510.0,12.17,5161986,0,108242,1.40,47.82,2.37,N,30.91,1.14,-50.77,-50.77
2026-09-18T13:25:27,348080,큐라티스,4750.0,-1.35,2103728,0,-32850,0.81,16.40,0.00,N,-8.06,13.46,-22.64,-63.39
2026-09-18T13:25:28,051630,진양화학,1655.0,-6.76,3595010,0,-136440,1.02,16.96,0.00,N,-6.49,0.90,-52.92,-52.92
2026-09-18T13:25:29,285800,진영,5270.0,7.44,1552502,0,-30185,0.00,43.20,0.06,N,-6.66,0.52,-15.68,-64.45
2026-09-18T13:25:30,463480,모티브링크,4455.0,12.22,1213306,0,-33195,1.72,9.79,1.29,N,-495.00,1.50,-62.44,-62.44
2026-09-18T13:25:31,012200,계양전기,4015.0,11.22,5031652,0,-261894,0.01,18.48,0.00,N,-3.32,5.86,-71.86,-70.25
2026-09-18T13:25:32,443670,에스피소프트,5690.0,0.35,3293679,0,3242,1.46,13.72,3.88,N,36.71,2.05,-21.95,-21.95
2026-09-18T13:35:11,007460,에이프로젠,2020.0,0.75,71132,0,3798,0.00,0.29,0.02,N,-0.61,0.02,-74.10,-87.55
2026-09-18T13:35:12,003060,에이프로젠바이오로직스,1632.0,-0.24,42964,0,-2299,0.00,0.26,0.00,N,-0.13,0.10,-74.38,-85.22
2026-09-18T13:35:13,417030,니어스랩,31650.0,9.9,637583,0,103291,7.29,11.04,0.00,N,-7.64,-0.69,-24.64,-24.64
2026-09-18T13:35:14,127120,제이에스링크,32000.0,-1.08,37229,0,5060,3.59,0.10,0.00,N,-53.24,14.90,-35.87,-35.87
2026-09-18T13:35:15,115180,큐리언트,22500.0,0.45,39544,0,-457,3.15,0.11,0.00,N,-26.63,24.89,-64.23,-64.23
2026-09-18T13:35:16,456070,이엔셀,6650.0,26.67,2078559,0,-111652,3.78,18.85,0.81,N,-4.16,1.49,-68.26,-68.26
2026-09-18T13:35:17,043260,성호전자,27650.0,28.01,14937835,0,-92460,2.41,19.80,0.32,N,20.62,7.82,-53.61,-53.61
2026-09-18T13:35:18,052300,오션인더블유,1893.0,26.62,2041906,0,-44650,2.13,12.57,0.00,N,-1.67,0.12,-34.16,-18.09
2026-09-18T13:35:18,001520,동양,1353.0,29.97,4984232,0,-127852,3.01,4.65,0.30,N,8.05,0.18,0.00,-49.14
2026-09-18T13:35:19,007610,선도전기,4675.0,22.86,6554005,0,336921,1.89,36.41,0.03,N,15.90,2.22,-71.82,-71.82
2026-09-18T13:35:20,072950,빛샘전자,16080.0,20.54,11080668,0,-24920,1.01,137.60,3.35,N,17.14,1.55,-37.43,-37.43
2026-09-18T13:35:21,265740,엔에프씨,8250.0,29.92,2911249,0,446947,2.83,16.30,1.99,N,0.00,0.00,-16.24,-16.24
2026-09-18T13:35:22,000500,가온전선,316000.0,21.31,880805,0,257775,1.96,2.96,0.52,N,176.83,19.45,-50.24,-10.45
2026-09-18T13:35:23,228760,지노믹트리,11830.0,16.09,261389,0,-9100,2.68,1.05,0.36,N,-32.06,2.47,-64.47,-64.47
2026-09-18T13:35:24,010170,대한광통신,18750.0,16.24,43106726,0,4070387,4.61,27.72,0.00,N,-77.48,38.19,-40.48,-40.48
2026-09-18T13:35:25,314130,지놈앤컴퍼니,3350.0,-4.69,1853533,0,-61919,2.87,3.54,0.22,N,-19.48,1.39,-67.09,-67.09
2026-09-18T13:35:26,046970,우리로,8190.0,16.67,17876192,0,1262218,0.69,40.79,0.00,N,-455.00,9.07,-49.44,-49.44
2026-09-18T13:35:27,003350,한국화장품제조,16300.0,9.91,3330007,0,45467,1.07,14.70,2.91,N,0.00,0.00,-73.58,-8.99
2026-09-18T13:35:28,0007C0,아크릴,21400.0,4.14,221070,0,8071,3.46,2.75,1.17,N,-44.77,3.93,-72.21,-72.21
2026-09-18T13:35:29,348080,큐라티스,4725.0,-1.87,2149962,0,-34300,0.81,16.76,0.00,N,-8.02,13.39,-23.05,-63.58
2026-09-18T13:35:29,051630,진양화학,1647.0,-7.21,3606927,0,-134637,1.02,17.01,0.00,N,-6.46,0.90,-53.14,-53.14
2026-09-18T13:35:30,285800,진영,5290.0,7.85,1561903,0,-30871,0.00,43.46,0.06,N,-6.69,0.53,-15.36,-64.32
2026-09-18T13:35:31,012200,계양전기,3980.0,10.25,5117205,0,-239556,0.01,18.80,0.00,N,-3.29,5.81,-72.11,-70.51
2026-09-18T13:35:32,463480,모티브링크,4445.0,11.96,1221933,0,-33055,1.72,9.86,1.29,N,-493.89,1.50,-62.52,-62.52
2026-09-18T13:35:33,443670,에스피소프트,5660.0,-0.18,3312844,0,3219,1.46,13.80,3.88,N,36.52,2.04,-22.36,-22.36
2026-09-18T13:35:34,090435,아모레퍼시픽우,41200.0,-7.62,150898,0,0,48.48,1.43,0.17,N,0.00,0.00,-27.34,-27.34
2026-09-18T13:45:10,007460,에이프로젠,2025.0,1.0,71781,0,3703,0.00,0.29,0.02,N,-0.61,0.02,-74.04,-87.52
2026-09-18T13:45:11,003060,에이프로젠바이오로직스,1636.0,0.0,44143,0,-2366,0.00,0.27,0.00,N,-0.13,0.10,-74.32,-85.19
2026-09-18T13:45:12,417030,니어스랩,31750.0,10.24,648278,0,104591,7.29,11.22,0.00,N,-7.67,-0.69,-24.40,-24.40
2026-09-18T13:45:13,127120,제이에스링크,31850.0,-1.55,38474,0,5016,3.59,0.10,0.00,N,-53.00,14.83,-36.17,-36.17
2026-09-18T13:45:14,115180,큐리언트,22500.0,0.45,40562,0,-290,3.15,0.11,0.00,N,-26.63,24.89,-64.23,-64.23
2026-09-18T13:45:15,456070,이엔셀,6690.0,27.43,2092567,0,-110480,3.78,18.97,0.81,N,-4.19,1.50,-68.07,-68.07
2026-09-18T13:45:16,052300,오션인더블유,1899.0,27.02,2076803,0,-46234,2.13,12.78,0.00,N,-1.68,0.12,-33.95,-17.83
2026-09-18T13:45:17,043260,성호전자,27350.0,26.62,15305464,0,-116057,2.41,20.29,0.32,N,20.40,7.73,-54.11,-54.11
2026-09-18T13:45:18,001520,동양,1353.0,29.97,4984400,0,-127852,3.01,4.65,0.30,N,8.05,0.18,0.00,-49.14
2026-09-18T13:45:19,007610,선도전기,4725.0,24.18,6689750,0,342452,1.89,37.17,0.03,N,16.07,2.24,-71.52,-71.52
2026-09-18T13:45:20,000500,가온전선,319000.0,22.46,889770,0,260167,1.96,2.99,0.52,N,178.51,19.63,-49.76,-9.60
2026-09-18T13:45:21,265740,엔에프씨,8250.0,29.92,2911838,0,446947,2.83,16.30,1.99,N,0.00,0.00,-16.24,-16.24
2026-09-18T13:45:21,072950,빛샘전자,16110.0,20.76,11371371,0,-22718,1.01,141.21,3.35,N,17.17,1.56,-37.32,-37.32
2026-09-18T13:45:22,314130,지놈앤컴퍼니,3455.0,-1.71,1920054,0,-40183,2.87,3.67,0.22,N,-20.09,1.44,-66.06,-66.06
2026-09-18T13:45:23,228760,지노믹트리,11930.0,17.08,272737,0,-11129,2.68,1.10,0.36,N,-32.33,2.49,-64.17,-64.17
2026-09-18T13:45:24,078350,한양디지텍,25350.0,13.42,1282422,0,5872,6.98,8.41,3.99,N,25.81,2.17,-42.78,-42.78
2026-09-18T13:45:25,010170,대한광통신,18530.0,14.88,43675645,0,4049862,4.61,28.09,0.00,N,-76.57,37.74,-41.17,-41.17
2026-09-18T13:45:26,046970,우리로,8180.0,16.52,18031750,0,1244318,0.69,41.14,0.00,N,-454.44,9.06,-49.51,-49.51
2026-09-18T13:45:27,484120,도우인시스,23400.0,9.35,169602,0,8242,1.43,1.55,2.13,N,477.55,1.51,-28.22,-30.36
2026-09-18T13:45:28,348080,큐라티스,4665.0,-3.12,2188880,0,-36562,0.81,17.06,0.00,N,-7.92,13.22,-24.02,-64.05
2026-09-18T13:45:29,051630,진양화학,1649.0,-7.1,3613845,0,-135436,1.02,17.05,0.00,N,-6.47,0.90,-53.09,-53.09
2026-09-18T13:45:30,012200,계양전기,3995.0,10.66,5164587,0,-251524,0.01,18.97,0.00,N,-3.30,5.83,-72.00,-70.39
2026-09-18T13:45:31,463480,모티브링크,4470.0,12.59,1242265,0,-37240,1.72,10.03,1.29,N,-496.67,1.51,-62.31,-62.31
2026-09-18T13:45:32,443670,에스피소프트,5650.0,-0.35,3328320,0,890,1.46,13.86,3.88,N,36.45,2.04,-22.50,-22.50
2026-09-18T13:45:33,285800,진영,5550.0,13.15,1666771,0,-29752,0.00,46.38,0.06,N,-7.02,0.55,-11.20,-62.56
2026-09-18T13:45:33,456010,아이씨티케이,22200.0,8.29,1906750,0,93156,2.02,13.15,1.05,N,-44.49,7.02,-44.43,-44.43
2026-09-18T13:45:34,090435,아모레퍼시픽우,41550.0,-6.84,157454,0,0,48.48,1.49,0.17,N,0.00,0.00,-26.72,-26.72
2026-09-18T13:55:09,007460,에이프로젠,2015.0,0.5,72015,0,3785,0.00,0.29,0.02,N,-0.61,0.02,-74.17,-87.58
2026-09-18T13:55:10,003060,에이프로젠바이오로직스,1636.0,0.0,44394,0,-2342,0.00,0.27,0.00,N,-0.13,0.10,-74.32,-85.19
2026-09-18T13:55:11,417030,니어스랩,31350.0,8.85,654327,0,103121,7.29,11.33,0.00,N,-7.57,-0.68,-25.36,-25.36
2026-09-18T13:55:12,127120,제이에스링크,31800.0,-1.7,39196,0,4961,3.59,0.11,0.00,N,-52.91,14.81,-36.27,-36.27
2026-09-18T13:55:12,115180,큐리언트,22450.0,0.22,41850,0,-326,3.15,0.11,0.00,N,-26.57,24.83,-64.31,-64.31
2026-09-18T13:55:13,456070,이엔셀,6640.0,26.48,2104859,0,-113294,3.78,19.08,0.81,N,-4.16,1.48,-68.31,-68.31
2026-09-18T13:55:14,043260,성호전자,27250.0,26.16,15768058,0,-116032,2.41,20.90,0.32,N,20.32,7.71,-54.28,-54.28
2026-09-18T13:55:15,052300,오션인더블유,1877.0,25.55,2112280,0,-46821,2.13,13.00,0.00,N,-1.66,0.12,-34.71,-18.78
2026-09-18T13:55:16,001520,동양,1353.0,29.97,4984712,0,-127852,3.01,4.65,0.30,N,8.05,0.18,0.00,-49.14
2026-09-18T13:55:17,007610,선도전기,4745.0,24.7,6848902,0,314469,1.89,38.05,0.03,N,16.14,2.25,-71.40,-71.40
2026-09-18T13:55:18,265740,엔에프씨,8250.0,29.92,2912265,0,446947,2.83,16.30,1.99,N,0.00,0.00,-16.24,-16.24
2026-09-18T13:55:19,000500,가온전선,317000.0,21.69,895756,0,260954,1.96,3.01,0.52,N,177.39,19.51,-50.08,-10.16
2026-09-18T13:55:20,072950,빛샘전자,15850.0,18.82,11594779,0,-24966,1.01,143.99,3.35,N,16.90,1.53,-38.33,-38.33
2026-09-18T13:55:21,314130,지놈앤컴퍼니,3500.0,-0.43,1959702,0,-32735,2.87,3.75,0.22,N,-20.35,1.46,-65.62,-65.62
2026-09-18T13:55:22,228760,지노믹트리,12020.0,17.96,292329,0,-11698,2.68,1.18,0.36,N,-32.57,2.51,-63.90,-63.90
2026-09-18T13:55:23,285800,진영,6050.0,23.34,1859072,0,-29693,0.00,51.73,0.06,N,-7.65,0.60,-3.20,-59.19
2026-09-18T13:55:24,078350,한양디지텍,25150.0,12.53,1350909,0,-12092,6.98,8.86,3.99,N,25.61,2.16,-43.23,-43.23
2026-09-18T13:55:25,010170,대한광통신,18630.0,15.5,44073327,0,4077811,4.61,28.35,0.00,N,-76.98,37.94,-40.86,-40.86
2026-09-18T13:55:26,046970,우리로,8120.0,15.67,18137481,0,1262626,0.69,41.39,0.00,N,-451.11,8.99,-49.88,-49.88
2026-09-18T13:55:27,348080,큐라티스,4835.0,0.42,2238294,0,-38716,0.81,17.45,0.00,N,-8.21,13.70,-21.25,-62.74
2026-09-18T13:55:27,051630,진양화학,1665.0,-6.2,3639778,0,-127841,1.02,17.17,0.00,N,-6.53,0.91,-52.63,-52.63
2026-09-18T13:55:28,012200,계양전기,3960.0,9.7,5192313,0,-249779,0.01,19.07,0.00,N,-3.27,5.78,-72.25,-70.65
2026-09-18T13:55:29,463480,모티브링크,4395.0,10.71,1268423,0,-47298,1.72,10.24,1.29,N,-488.33,1.48,-62.94,-62.94
2026-09-18T13:55:30,443670,에스피소프트,5600.0,-1.23,3365169,0,1383,1.46,14.02,3.88,N,36.13,2.02,-23.18,-23.18
2026-09-18T13:55:31,090435,아모레퍼시픽우,41450.0,-7.06,163643,0,0,48.48,1.55,0.17,N,0.00,0.00,-26.90,-26.90
2026-09-18T13:55:32,456010,아이씨티케이,22200.0,8.29,1919465,0,94753,2.02,13.24,1.05,N,-44.49,7.02,-44.43,-44.43
2026-09-18T14:05:11,007460,에이프로젠,2015.0,0.5,72252,0,3689,0.00,0.29,0.02,N,-0.61,0.02,-74.17,-87.58
2026-09-18T14:05:12,003060,에이프로젠바이오로직스,1636.0,0.0,44398,0,-2342,0.00,0.27,0.00,N,-0.13,0.10,-74.32,-85.19
2026-09-18T14:05:13,417030,니어스랩,31150.0,8.16,657800,0,103338,7.29,11.39,0.00,N,-7.52,-0.68,-25.83,-25.83
2026-09-18T14:05:14,127120,제이에스링크,31600.0,-2.32,41044,0,5070,3.59,0.11,0.00,N,-52.58,14.72,-36.67,-36.67
2026-09-18T14:05:15,115180,큐리언트,22450.0,0.22,42947,0,-237,3.15,0.11,0.00,N,-26.57,24.83,-64.31,-64.31
2026-09-18T14:05:16,117670,알파칩스,13460.0,29.92,438168,0,12075,0.90,6.58,0.00,N,-6.33,1.97,-36.81,-36.81
2026-09-18T14:05:17,456070,이엔셀,6670.0,27.05,2115996,0,-117429,3.78,19.18,0.81,N,-4.17,1.49,-68.16,-68.16
2026-09-18T14:05:18,043260,성호전자,27350.0,26.62,16055110,0,-186395,2.41,21.28,0.32,N,20.40,7.73,-54.11,-54.11
2026-09-18T14:05:19,052300,오션인더블유,1876.0,25.48,2122344,0,-48288,2.13,13.07,0.00,N,-1.66,0.12,-34.75,-18.82
2026-09-18T14:05:20,001520,동양,1353.0,29.97,4985772,0,-127852,3.01,4.65,0.30,N,8.05,0.18,0.00,-49.14
2026-09-18T14:05:21,007610,선도전기,4710.0,23.78,6935319,0,316203,1.89,38.53,0.03,N,16.02,2.24,-71.61,-71.61
2026-09-18T14:05:22,265740,엔에프씨,8250.0,29.92,2913207,0,446947,2.83,16.31,1.99,N,0.00,0.00,-16.24,-16.24
2026-09-18T14:05:23,228760,지노믹트리,12370.0,21.39,339974,0,-25984,2.68,1.37,0.36,N,-33.52,2.58,-62.85,-62.85
2026-09-18T14:05:24,000500,가온전선,317500.0,21.88,903916,0,264631,1.96,3.04,0.52,N,177.67,19.54,-50.00,-10.02
2026-09-18T14:05:25,072950,빛샘전자,15680.0,17.54,11967209,0,-26878,1.01,148.61,3.35,N,16.72,1.51,-38.99,-38.99
2026-09-18T14:05:26,314130,지놈앤컴퍼니,3430.0,-2.42,1975658,0,-36813,2.87,3.78,0.22,N,-19.94,1.43,-66.31,-66.31
2026-09-18T14:05:27,274090,켄코아에어로스페이스,12950.0,12.32,1255986,0,-49615,7.27,9.12,1.42,N,-10.95,1.06,-67.30,-67.30
2026-09-18T14:05:28,010170,대한광통신,18720.0,16.06,44406138,0,4186048,4.61,28.56,0.00,N,-77.36,38.13,-40.57,-40.57
2026-09-18T14:05:28,285800,진영,5990.0,22.12,2027396,0,-31380,0.00,56.41,0.06,N,-7.57,0.60,-4.16,-59.60
2026-09-18T14:05:29,078350,한양디지텍,25000.0,11.86,1387206,0,-14565,6.98,9.10,3.99,N,25.46,2.14,-43.57,-43.57
2026-09-18T14:05:30,348080,큐라티스,4750.0,-1.35,2340951,0,-38211,0.81,18.25,0.00,N,-8.06,13.46,-22.64,-63.39
2026-09-18T14:05:31,051630,진양화학,1661.0,-6.42,3650894,0,-131495,1.02,17.22,0.00,N,-6.51,0.91,-52.75,-52.75
2026-09-18T14:05:32,012200,계양전기,3965.0,9.83,5215928,0,-241184,0.01,19.16,0.00,N,-3.27,5.79,-72.21,-70.62
2026-09-18T14:05:33,463480,모티브링크,4475.0,12.72,1275296,0,-45018,1.72,10.29,1.29,N,-497.22,1.51,-62.27,-62.27
2026-09-18T14:05:34,443670,에스피소프트,5620.0,-0.88,3392182,0,4830,1.46,14.13,3.88,N,36.26,2.03,-22.91,-22.91
2026-09-18T14:05:35,0007C0,아크릴,19940.0,-2.97,297372,0,7689,3.46,3.70,1.17,N,-41.72,3.66,-74.10,-74.10
2026-09-18T14:05:36,456010,아이씨티케이,22300.0,8.78,1940578,0,104291,2.02,13.38,1.05,N,-44.69,7.05,-44.18,-44.18
2026-09-18T14:15:09,007460,에이프로젠,2010.0,0.25,73596,0,4306,0.00,0.30,0.02,N,-0.61,0.02,-74.23,-87.62
2026-09-18T14:15:10,003060,에이프로젠바이오로직스,1636.0,0.0,44492,0,-2411,0.00,0.27,0.00,N,-0.13,0.10,-74.32,-85.19
2026-09-18T14:15:11,417030,니어스랩,31300.0,8.68,661086,0,104981,7.29,11.44,0.00,N,-7.56,-0.68,-25.48,-25.48
2026-09-18T14:15:12,127120,제이에스링크,31600.0,-2.32,44243,0,5870,3.59,0.12,0.00,N,-52.58,14.72,-36.67,-36.67
2026-09-18T14:15:13,115180,큐리언트,22500.0,0.45,44278,0,93,3.15,0.12,0.00,N,-26.63,24.89,-64.23,-64.23
2026-09-18T14:15:14,456070,이엔셀,6800.0,29.52,2166622,0,-123648,3.78,19.64,0.81,N,-4.26,1.52,-67.54,-67.54
2026-09-18T14:15:15,052300,오션인더블유,1877.0,25.55,2132625,0,-50477,2.13,13.13,0.00,N,-1.66,0.12,-34.71,-18.78
2026-09-18T14:15:16,043260,성호전자,27200.0,25.93,16270866,0,-227995,2.41,21.56,0.32,N,20.28,7.69,-54.36,-54.36
2026-09-18T14:15:17,001520,동양,1353.0,29.97,4992761,0,-127852,3.01,4.66,0.30,N,8.05,0.18,0.00,-49.14
2026-09-18T14:15:18,007610,선도전기,4735.0,24.44,7003404,0,312282,1.89,38.91,0.03,N,16.11,2.25,-71.46,-71.46
2026-09-18T14:15:19,228760,지노믹트리,12490.0,22.57,372860,0,-24557,2.68,1.50,0.36,N,-33.85,2.61,-62.49,-62.49
2026-09-18T14:15:21,274090,켄코아에어로스페이스,13710.0,18.91,2156480,0,-109082,7.27,15.66,1.42,N,-11.59,1.12,-65.38,-65.38
2026-09-18T14:15:22,265740,엔에프씨,8250.0,29.92,2913522,0,446947,2.83,16.31,1.99,N,0.00,0.00,-16.24,-16.24
2026-09-18T14:15:23,117670,알파칩스,12440.0,20.08,561473,0,1948,0.90,8.43,0.00,N,-5.85,1.82,-41.60,-41.60
2026-09-18T14:15:24,000500,가온전선,315500.0,21.11,909890,0,265255,1.96,3.06,0.52,N,176.55,19.42,-50.31,-10.59
2026-09-18T14:15:25,314130,지놈앤컴퍼니,3380.0,-3.84,1997035,0,-34754,2.87,3.82,0.22,N,-19.65,1.41,-66.80,-66.80
2026-09-18T14:15:26,010170,대한광통신,18510.0,14.76,44930433,0,4125618,4.61,28.90,0.00,N,-76.49,37.70,-41.24,-41.24
2026-09-18T14:15:27,078350,한양디지텍,25050.0,12.08,1432725,0,-6554,6.98,9.40,3.99,N,25.51,2.15,-43.45,-43.45
2026-09-18T14:15:28,072950,빛샘전자,15030.0,12.67,12649267,0,-26477,1.01,157.08,3.35,N,16.02,1.45,-41.52,-41.52
2026-09-18T14:15:29,348080,큐라티스,4690.0,-2.6,2372436,0,-39389,0.81,18.49,0.00,N,-7.96,13.29,-23.62,-63.85
2026-09-18T14:15:30,051630,진양화학,1664.0,-6.25,3655768,0,-131787,1.02,17.24,0.00,N,-6.53,0.91,-52.66,-52.66
2026-09-18T14:15:31,012200,계양전기,3900.0,8.03,5284402,0,-232524,0.01,19.41,0.00,N,-3.22,5.69,-72.67,-71.10
2026-09-18T14:15:33,463480,모티브링크,4445.0,11.96,1278184,0,-45047,1.72,10.32,1.29,N,-493.89,1.50,-62.52,-62.52
2026-09-18T14:15:33,443670,에스피소프트,5630.0,-0.71,3415635,0,-13215,1.46,14.23,3.88,N,36.32,2.03,-22.77,-22.77
2026-09-18T14:15:35,0007C0,아크릴,19830.0,-3.5,303175,0,6617,3.46,3.78,1.17,N,-41.49,3.64,-74.25,-74.25
2026-09-18T14:25:09,007460,에이프로젠,2010.0,0.25,74017,0,4018,0.00,0.30,0.02,N,-0.61,0.02,-74.23,-87.62
2026-09-18T14:25:10,003060,에이프로젠바이오로직스,1636.0,0.0,44492,0,-2411,0.00,0.27,0.00,N,-0.13,0.10,-74.32,-85.19
2026-09-18T14:25:11,417030,니어스랩,31300.0,8.68,663991,0,104607,7.29,11.49,0.00,N,-7.56,-0.68,-25.48,-25.48
2026-09-18T14:25:12,127120,제이에스링크,31600.0,-2.32,48058,0,6883,3.59,0.13,0.00,N,-52.58,14.72,-36.67,-36.67
2026-09-18T14:25:13,115180,큐리언트,22350.0,-0.22,46310,0,-595,3.15,0.12,0.00,N,-26.45,24.72,-64.47,-64.47
2026-09-18T14:25:14,456070,이엔셀,6610.0,25.9,2327686,0,-149456,3.78,21.10,0.81,N,-4.14,1.48,-68.45,-68.45
2026-09-18T14:25:15,001520,동양,1353.0,29.97,4994127,0,-127852,3.01,4.66,0.30,N,8.05,0.18,0.00,-49.14
2026-09-18T14:25:16,052300,오션인더블유,1861.0,24.48,2147766,0,-52315,2.13,13.22,0.00,N,-1.64,0.11,-35.27,-19.47
2026-09-18T14:25:17,007610,선도전기,4710.0,23.78,7082760,0,305780,1.89,39.35,0.03,N,16.02,2.24,-71.61,-71.61
2026-09-18T14:25:18,274090,켄코아에어로스페이스,13780.0,19.51,2624531,0,-120724,7.27,19.05,1.42,N,-11.65,1.13,-65.20,-65.20
2026-09-18T14:25:19,043260,성호전자,26500.0,22.69,16766306,0,-222357,2.41,22.22,0.32,N,19.76,7.49,-55.54,-55.54
2026-09-18T14:25:20,265740,엔에프씨,8250.0,29.92,2913694,0,446947,2.83,16.31,1.99,N,0.00,0.00,-16.24,-16.24
2026-09-18T14:25:21,000500,가온전선,320500.0,23.03,934225,0,273411,1.96,3.14,0.52,N,179.35,19.73,-49.53,-9.17
2026-09-18T14:25:22,228760,지노믹트리,12260.0,20.31,400685,0,-23674,2.68,1.61,0.36,N,-33.22,2.56,-63.18,-63.18
2026-09-18T14:25:23,117670,알파칩스,12110.0,16.89,605131,0,-5734,0.90,9.08,0.00,N,-5.69,1.77,-43.15,-43.15
2026-09-18T14:25:24,314130,지놈앤컴퍼니,3390.0,-3.56,2024460,0,-33682,2.87,3.87,0.22,N,-19.71,1.41,-66.70,-66.70
2026-09-18T14:25:24,078350,한양디지텍,25150.0,12.53,1463125,0,-7109,6.98,9.60,3.99,N,25.61,2.16,-43.23,-43.23
2026-09-18T14:25:25,285800,진영,5970.0,21.71,2197453,0,-31605,0.00,61.15,0.06,N,-7.55,0.59,-4.48,-59.73
2026-09-18T14:25:26,010170,대한광통신,18460.0,14.45,45599066,0,4282304,4.61,29.33,0.00,N,-76.28,37.60,-41.40,-41.40
2026-09-18T14:25:27,348080,큐라티스,4670.0,-3.01,2385555,0,-39463,0.81,18.60,0.00,N,-7.93,13.23,-23.94,-64.01
2026-09-18T14:25:28,051630,진양화학,1676.0,-5.58,3723820,0,-116380,1.02,17.57,0.00,N,-6.57,0.92,-52.32,-52.32
2026-09-18T14:25:29,012200,계양전기,3915.0,8.45,5378495,0,-162603,0.01,19.76,0.00,N,-3.23,5.72,-72.56,-70.99
2026-09-18T14:25:30,463480,모티브링크,4400.0,10.83,1282380,0,-45164,1.72,10.35,1.29,N,-488.89,1.48,-62.90,-62.90
2026-09-18T14:25:31,443670,에스피소프트,5680.0,0.18,3434344,0,-19315,1.46,14.30,3.88,N,36.65,2.05,-22.09,-22.09
2026-09-18T14:25:32,232830,아이티센피엔에스,3305.0,-5.16,1714602,0,-1512,0.49,10.37,0.00,N,-9.01,3.44,-40.88,-40.88
2026-09-18T14:25:33,089980,상아프론테크,16640.0,10.79,369465,0,-92368,4.73,2.31,1.33,N,39.43,1.28,-44.63,-44.63
2026-09-18T14:35:09,007460,에이프로젠,2005.0,0.0,82636,0,-142,0.00,0.33,0.02,N,-0.61,0.02,-74.29,-87.65
2026-09-18T14:35:10,003060,에이프로젠바이오로직스,1633.0,-0.18,44581,0,-2420,0.00,0.27,0.00,N,-0.13,0.10,-74.36,-85.21
2026-09-18T14:35:11,417030,니어스랩,31250.0,8.51,665460,0,105158,7.29,11.52,0.00,N,-7.54,-0.68,-25.60,-25.60
2026-09-18T14:35:12,127120,제이에스링크,31350.0,-3.09,51676,0,5510,3.59,0.14,0.00,N,-52.16,14.60,-37.17,-37.17
2026-09-18T14:35:13,115180,큐리언트,22150.0,-1.12,51452,0,-3086,3.15,0.14,0.00,N,-26.21,24.50,-64.79,-64.79
2026-09-18T14:35:14,456070,이엔셀,6650.0,26.67,2367512,0,-150928,3.78,21.47,0.81,N,-4.16,1.49,-68.26,-68.26
2026-09-18T14:35:15,000500,가온전선,330000.0,26.68,1030446,0,285228,1.96,3.46,0.52,N,184.67,20.31,-48.03,-6.48
2026-09-18T14:35:17,001520,동양,1353.0,29.97,4999574,0,-127852,3.01,4.67,0.30,N,8.05,0.18,0.00,-49.14
2026-09-18T14:35:18,007610,선도전기,4740.0,24.57,7374319,0,295520,1.89,40.97,0.03,N,16.12,2.25,-71.43,-71.43
2026-09-18T14:35:19,052300,오션인더블유,1841.0,23.14,2161003,0,-50295,2.13,13.30,0.00,N,-1.63,0.11,-35.97,-20.34
2026-09-18T14:35:20,043260,성호전자,26450.0,22.45,17208210,0,-175428,2.41,22.81,0.32,N,19.72,7.48,-55.62,-55.62
2026-09-18T14:35:21,265740,엔에프씨,8250.0,29.92,2915769,0,446947,2.83,16.32,1.99,N,0.00,0.00,-16.24,-16.24
2026-09-18T14:35:22,228760,지노믹트리,12200.0,19.73,413964,0,-19849,2.68,1.67,0.36,N,-33.06,2.55,-63.36,-63.36
2026-09-18T14:35:22,274090,켄코아에어로스페이스,13470.0,16.83,2996604,0,-121411,7.27,21.76,1.42,N,-11.39,1.10,-65.98,-65.98
2026-09-18T14:35:23,078350,한양디지텍,25600.0,14.54,1517819,0,-13082,6.98,9.96,3.99,N,26.07,2.20,-42.21,-42.21
2026-09-18T14:35:24,314130,지놈앤컴퍼니,3390.0,-3.56,2036841,0,-29171,2.87,3.89,0.22,N,-19.71,1.41,-66.70,-66.70
2026-09-18T14:35:25,010170,대한광통신,18470.0,14.51,46068819,0,4391460,4.61,29.63,0.00,N,-76.32,37.62,-41.37,-41.37
2026-09-18T14:35:26,285800,진영,5920.0,20.69,2222745,0,-30946,0.00,61.85,0.06,N,-7.48,0.59,-5.28,-60.07
2026-09-18T14:35:27,117670,알파칩스,11620.0,12.16,642711,0,-8657,0.90,9.65,0.00,N,-5.46,1.70,-45.45,-45.45
2026-09-18T14:35:28,348080,큐라티스,4700.0,-2.39,2393957,0,-39530,0.81,18.66,0.00,N,-7.98,13.31,-23.45,-63.78
2026-09-18T14:35:29,051630,진양화학,1682.0,-5.24,3731571,0,-121640,1.02,17.60,0.00,N,-6.60,0.92,-52.15,-52.15
2026-09-18T14:35:30,012200,계양전기,3925.0,8.73,5404719,0,-168416,0.01,19.85,0.00,N,-3.24,5.73,-72.49,-70.91
2026-09-18T14:35:31,463480,모티브링크,4425.0,11.46,1285088,0,-44008,1.72,10.37,1.29,N,-491.67,1.49,-62.69,-62.69
2026-09-18T14:35:32,232830,아이티센피엔에스,3235.0,-7.17,1762157,0,-854,0.49,10.66,0.00,N,-8.81,3.36,-42.13,-42.13
2026-09-18T14:35:33,443670,에스피소프트,5590.0,-1.41,3462679,0,-30801,1.46,14.42,3.88,N,36.06,2.02,-23.32,-23.32
2026-09-18T14:35:34,072950,빛샘전자,14570.0,9.22,13357187,0,-15661,1.01,165.87,3.35,N,15.53,1.41,-43.31,-43.31
2026-09-18T14:45:09,007460,에이프로젠,2000.0,-0.25,83350,0,-690,0.00,0.34,0.02,N,-0.60,0.02,-74.36,-87.68
2026-09-18T14:45:10,003060,에이프로젠바이오로직스,1630.0,-0.37,46152,0,-2428,0.00,0.28,0.00,N,-0.13,0.10,-74.41,-85.24
2026-09-18T14:45:11,417030,니어스랩,31300.0,8.68,667754,0,105567,7.29,11.56,0.00,N,-7.56,-0.68,-25.48,-25.48
2026-09-18T14:45:12,127120,제이에스링크,31300.0,-3.25,57980,0,7623,3.59,0.16,0.00,N,-52.08,14.58,-37.27,-37.27
2026-09-18T14:45:13,115180,큐리언트,22050.0,-1.56,62467,0,-2978,3.15,0.17,0.00,N,-26.09,24.39,-64.94,-64.94
2026-09-18T14:45:14,456070,이엔셀,6760.0,28.76,2388180,0,-149695,3.78,21.65,0.81,N,-4.23,1.51,-67.73,-67.73
2026-09-18T14:45:15,000500,가온전선,331000.0,27.06,1053530,0,290447,1.96,3.54,0.52,N,185.23,20.37,-47.87,-6.20
2026-09-18T14:45:16,001520,동양,1353.0,29.97,5000488,0,-127852,3.01,4.67,0.30,N,8.05,0.18,0.00,-49.14
2026-09-18T14:45:17,007610,선도전기,4710.0,23.78,7466018,0,293982,1.89,41.48,0.03,N,16.02,2.24,-71.61,-71.61
2026-09-18T14:45:18,265740,엔에프씨,8250.0,29.92,2918525,0,446947,2.83,16.34,1.99,N,0.00,0.00,-16.24,-16.24
2026-09-18T14:45:19,228760,지노믹트리,12290.0,20.61,431475,0,-28640,2.68,1.74,0.36,N,-33.31,2.57,-63.09,-63.09
2026-09-18T14:45:20,052300,오션인더블유,1811.0,21.14,2171671,0,-53933,2.13,13.37,0.00,N,-1.60,0.11,-37.01,-21.64
2026-09-18T14:45:21,043260,성호전자,26250.0,21.53,17507306,0,-231683,2.41,23.20,0.32,N,19.57,7.42,-55.96,-55.96
2026-09-18T14:45:22,274090,켄코아에어로스페이스,13410.0,16.31,3226879,0,-137246,7.27,23.43,1.42,N,-11.34,1.10,-66.14,-66.14
2026-09-18T14:45:23,078350,한양디지텍,25650.0,14.77,1581757,0,-30809,6.98,10.38,3.99,N,26.12,2.20,-42.10,-42.10
2026-09-18T14:45:24,314130,지놈앤컴퍼니,3385.0,-3.7,2044804,0,-29400,2.87,3.91,0.22,N,-19.68,1.41,-66.75,-66.75
2026-09-18T14:45:26,117670,알파칩스,11730.0,13.22,661255,0,-7784,0.90,9.93,0.00,N,-5.51,1.71,-44.93,-44.93
2026-09-18T14:45:27,228850,레이언스,8340.0,14.25,364571,0,70624,3.50,2.20,0.39,N,-26.23,0.55,-1.42,-1.42
2026-09-18T14:45:28,010170,대한광통신,18410.0,14.14,46510855,0,4474033,4.61,29.91,0.00,N,-76.07,37.49,-41.56,-41.56
2026-09-18T14:45:29,229640,LS에코에너지,60800.0,14.72,843118,0,75740,5.53,2.75,0.53,N,44.25,8.81,-44.63,-44.63
2026-09-18T14:45:30,348080,큐라티스,4720.0,-1.97,2410761,0,-39504,0.81,18.79,0.00,N,-8.01,13.37,-23.13,-63.62
2026-09-18T14:45:30,051630,진양화학,1669.0,-5.97,3754601,0,-126660,1.02,17.71,0.00,N,-6.55,0.91,-52.52,-52.52
2026-09-18T14:45:31,012200,계양전기,3905.0,8.17,5425876,0,-162947,0.01,19.93,0.00,N,-3.22,5.70,-72.63,-71.06
2026-09-18T14:45:32,463480,모티브링크,4460.0,12.34,1289152,0,-43084,1.72,10.40,1.29,N,-495.56,1.51,-62.39,-62.39
2026-09-18T14:45:33,443670,에스피소프트,5590.0,-1.41,3494889,0,-39816,1.46,14.56,3.88,N,36.06,2.02,-23.32,-23.32
2026-09-18T14:45:34,072950,빛샘전자,14520.0,8.85,13580850,0,-17019,1.01,168.65,3.35,N,15.48,1.40,-43.50,-43.50
2026-09-18T14:45:35,089980,상아프론테크,16640.0,10.79,377920,0,-91779,4.73,2.36,1.33,N,39.43,1.28,-44.63,-44.63
2026-09-18T14:55:09,007460,에이프로젠,1998.0,-0.35,89388,0,-3324,0.00,0.36,0.02,N,-0.60,0.02,-74.38,-87.69
2026-09-18T14:55:10,003060,에이프로젠바이오로직스,1630.0,-0.37,46179,0,-2454,0.00,0.28,0.00,N,-0.13,0.10,-74.41,-85.24
2026-09-18T14:55:11,417030,니어스랩,31200.0,8.33,671898,0,106257,7.29,11.63,0.00,N,-7.53,-0.68,-25.71,-25.71
2026-09-18T14:55:12,127120,제이에스링크,31350.0,-3.09,62726,0,9600,3.59,0.17,0.00,N,-52.16,14.60,-37.17,-37.17
2026-09-18T14:55:13,115180,큐리언트,21850.0,-2.46,65858,0,-4479,3.15,0.18,0.00,N,-25.86,24.17,-65.26,-65.26
2026-09-18T14:55:14,456070,이엔셀,6680.0,27.24,2497927,0,-153421,3.78,22.65,0.81,N,-4.18,1.49,-68.11,-68.11
2026-09-18T14:55:15,001520,동양,1353.0,29.97,5003455,0,-127852,3.01,4.67,0.30,N,8.05,0.18,0.00,-49.14
2026-09-18T14:55:16,000500,가온전선,326500.0,25.34,1082853,0,293137,1.96,3.64,0.52,N,182.71,20.10,-48.58,-7.47
2026-09-18T14:55:17,007610,선도전기,4740.0,24.57,7561346,0,290635,1.89,42.01,0.03,N,16.12,2.25,-71.43,-71.43
2026-09-18T14:55:18,274090,켄코아에어로스페이스,13820.0,19.86,3747176,0,-151387,7.27,27.20,1.42,N,-11.68,1.13,-65.10,-65.10
2026-09-18T14:55:19,043260,성호전자,26450.0,22.45,18142639,0,-361570,2.41,24.05,0.32,N,19.72,7.48,-55.62,-55.62
2026-09-18T14:55:20,265740,엔에프씨,8250.0,29.92,2920462,0,446947,2.83,16.35,1.99,N,0.00,0.00,-16.24,-16.24
2026-09-18T14:55:21,228760,지노믹트리,12120.0,18.94,440377,0,-28955,2.68,1.77,0.36,N,-32.85,2.53,-63.60,-63.60
2026-09-18T14:55:22,052300,오션인더블유,1780.0,19.06,2222021,0,-34299,2.13,13.68,0.00,N,-1.57,0.11,-38.09,-22.98
2026-09-18T14:55:23,078350,한양디지텍,25350.0,13.42,1631680,0,-34113,6.98,10.70,3.99,N,25.81,2.17,-42.78,-42.78
2026-09-18T14:55:24,314130,지놈앤컴퍼니,3370.0,-4.13,2051073,0,-28606,2.87,3.92,0.22,N,-19.59,1.40,-66.90,-66.90
2026-09-18T14:55:25,228850,레이언스,8330.0,14.11,368552,0,68657,3.50,2.22,0.39,N,-26.19,0.55,-1.54,-1.54
2026-09-18T14:55:26,117670,알파칩스,11590.0,11.87,673191,0,-9105,0.90,10.11,0.00,N,-5.45,1.69,-45.59,-45.59
2026-09-18T14:55:27,010170,대한광통신,18240.0,13.08,48022149,0,4816403,4.61,30.89,0.00,N,-75.37,37.15,-42.10,-42.10
2026-09-18T14:55:27,020000,한섬,17880.0,12.52,512275,0,1504,23.45,2.39,0.87,N,8.68,0.27,-37.81,-37.81
2026-09-18T14:55:28,348080,큐라티스,4675.0,-2.91,2419932,0,-39510,0.81,18.86,0.00,N,-7.94,13.24,-23.86,-63.97
2026-09-18T14:55:29,051630,진양화학,1659.0,-6.54,3761031,0,-129720,1.02,17.74,0.00,N,-6.51,0.91,-52.80,-52.80
2026-09-18T14:55:30,012200,계양전기,3925.0,8.73,5449331,0,-162347,0.01,20.02,0.00,N,-3.24,5.73,-72.49,-70.91
2026-09-18T14:55:31,463480,모티브링크,4380.0,10.33,1296972,0,-40301,1.72,10.47,1.29,N,-486.67,1.48,-63.07,-63.07
2026-09-18T14:55:32,443670,에스피소프트,5530.0,-2.47,3578963,0,-26287,1.46,14.91,3.88,N,35.68,1.99,-24.14,-24.14
2026-09-18T14:55:33,232830,아이티센피엔에스,3250.0,-6.74,1805784,0,-853,0.49,10.92,0.00,N,-8.86,3.38,-41.86,-41.86
2026-09-18T14:55:34,072950,빛샘전자,14290.0,7.12,13748715,0,-3147,1.01,170.74,3.35,N,15.23,1.38,-44.40,-44.40
2026-09-18T15:05:09,007460,에이프로젠,1998.0,-0.35,90487,0,-4310,0.00,0.36,0.02,N,-0.60,0.02,-74.38,-87.69
2026-09-18T15:05:10,003060,에이프로젠바이오로직스,1630.0,-0.37,46179,0,-2454,0.00,0.28,0.00,N,-0.13,0.10,-74.41,-85.24
2026-09-18T15:05:11,417030,니어스랩,31050.0,7.81,675550,0,106321,7.29,11.69,0.00,N,-7.50,-0.68,-26.07,-26.07
2026-09-18T15:05:12,127120,제이에스링크,31400.0,-2.94,63882,0,9037,3.59,0.17,0.00,N,-52.25,14.63,-37.07,-37.07
2026-09-18T15:05:13,115180,큐리언트,21900.0,-2.23,69186,0,-4089,3.15,0.18,0.00,N,-25.92,24.23,-65.18,-65.18
2026-09-18T15:05:14,007610,선도전기,4945.0,29.96,8071000,0,363794,1.89,44.84,0.03,N,16.82,2.35,-70.19,-70.19
2026-09-18T15:05:15,456070,이엔셀,6530.0,24.38,2590219,0,-184901,3.78,23.48,0.81,N,-4.09,1.46,-68.83,-68.83
2026-09-18T15:05:17,274090,켄코아에어로스페이스,14090.0,22.2,4345748,0,-171291,7.27,31.55,1.42,N,-11.91,1.15,-64.42,-64.42
2026-09-18T15:05:18,001520,동양,1353.0,29.97,5005595,0,-127852,3.01,4.67,0.30,N,8.05,0.18,0.00,-49.14
2026-09-18T15:05:19,000500,가온전선,326500.0,25.34,1105276,0,293230,1.96,3.71,0.52,N,182.71,20.10,-48.58,-7.47
2026-09-18T15:05:20,043260,성호전자,26450.0,22.45,18337453,0,-336195,2.41,24.30,0.32,N,19.72,7.48,-55.62,-55.62
2026-09-18T15:05:21,265740,엔에프씨,8250.0,29.92,2929116,0,446947,2.83,16.40,1.99,N,0.00,0.00,-16.24,-16.24
2026-09-18T15:05:22,228760,지노믹트리,12020.0,17.96,448689,0,-25931,2.68,1.80,0.36,N,-32.57,2.51,-63.90,-63.90
2026-09-18T15:05:23,052300,오션인더블유,1776.0,18.8,2244063,0,-43248,2.13,13.81,0.00,N,-1.57,0.11,-38.23,-23.15
2026-09-18T15:05:24,314130,지놈앤컴퍼니,3385.0,-3.7,2073936,0,-22744,2.87,3.97,0.22,N,-19.68,1.41,-66.75,-66.75
2026-09-18T15:05:25,078350,한양디지텍,25350.0,13.42,1663223,0,-33087,6.98,10.91,3.99,N,25.81,2.17,-42.78,-42.78
2026-09-18T15:05:26,228850,레이언스,8370.0,14.66,379273,0,68786,3.50,2.29,0.39,N,-26.32,0.56,-1.06,-1.06
2026-09-18T15:05:27,117670,알파칩스,11670.0,12.64,678521,0,-8802,0.90,10.19,0.00,N,-5.49,1.71,-45.21,-45.21
2026-09-18T15:05:28,020000,한섬,17900.0,12.65,526303,0,-4167,23.45,2.45,0.87,N,8.69,0.27,-37.74,-37.74
2026-09-18T15:05:29,348080,큐라티스,4630.0,-3.84,2435557,0,-39565,0.81,18.99,0.00,N,-7.86,13.12,-24.59,-64.32
2026-09-18T15:05:30,051630,진양화학,1667.0,-6.08,3768879,0,-131636,1.02,17.78,0.00,N,-6.54,0.91,-52.57,-52.57
2026-09-18T15:05:31,463480,모티브링크,4360.0,9.82,1317424,0,-26854,1.72,10.63,1.29,N,-484.44,1.47,-63.24,-63.24
2026-09-18T15:05:32,012200,계양전기,3930.0,8.86,5477810,0,-168738,0.01,20.12,0.00,N,-3.25,5.74,-72.46,-70.88
2026-09-18T15:05:33,443670,에스피소프트,5530.0,-2.47,3604966,0,-28609,1.46,15.01,3.88,N,35.68,1.99,-24.14,-24.14
2026-09-18T15:05:34,072950,빛샘전자,14250.0,6.82,14047617,0,26898,1.01,174.45,3.35,N,15.19,1.38,-44.55,-44.55
2026-09-18T15:05:35,232830,아이티센피엔에스,3250.0,-6.74,1814471,0,-856,0.49,10.97,0.00,N,-8.86,3.38,-41.86,-41.86
2026-09-18T15:15:10,007460,에이프로젠,1997.0,-0.4,92678,0,-6148,0.00,0.37,0.02,N,-0.60,0.02,-74.40,-87.70
2026-09-18T15:15:10,003060,에이프로젠바이오로직스,1631.0,-0.31,46496,0,-2771,0.00,0.29,0.00,N,-0.13,0.10,-74.40,-85.23
2026-09-18T15:15:11,417030,니어스랩,31200.0,8.33,680003,0,107135,7.29,11.77,0.00,N,-7.53,-0.68,-25.71,-25.71
2026-09-18T15:15:12,127120,제이에스링크,31450.0,-2.78,65195,0,8558,3.59,0.18,0.00,N,-52.33,14.65,-36.97,-36.97
2026-09-18T15:15:13,115180,큐리언트,21950.0,-2.01,73766,0,-4665,3.15,0.20,0.00,N,-25.98,24.28,-65.10,-65.10
2026-09-18T15:15:14,007610,선도전기,4945.0,29.96,8116335,0,366814,1.89,45.09,0.03,N,16.82,2.35,-70.19,-70.19
2026-09-18T15:15:15,456070,이엔셀,6690.0,27.43,2653487,0,-193807,3.78,24.06,0.81,N,-4.19,1.50,-68.07,-68.07
2026-09-18T15:15:16,001520,동양,1353.0,29.97,5015922,0,-135814,3.01,4.68,0.30,N,8.05,0.18,0.00,-49.14
2026-09-18T15:15:17,000500,가온전선,327000.0,25.53,1124466,0,298175,1.96,3.78,0.52,N,182.99,20.13,-48.50,-7.33
2026-09-18T15:15:18,043260,성호전자,26400.0,22.22,18494443,0,-297346,2.41,24.51,0.32,N,19.69,7.47,-55.70,-55.70
2026-09-18T15:15:19,265740,엔에프씨,8250.0,29.92,2929700,0,446947,2.83,16.40,1.99,N,0.00,0.00,-16.24,-16.24
2026-09-18T15:15:20,274090,켄코아에어로스페이스,13360.0,15.87,4795852,0,-185619,7.27,34.82,1.42,N,-11.29,1.09,-66.26,-66.26
2026-09-18T15:15:21,052300,오션인더블유,1769.0,18.33,2268227,0,-35008,2.13,13.96,0.00,N,-1.56,0.11,-38.47,-23.45
2026-09-18T15:15:22,228760,지노믹트리,11930.0,17.08,462265,0,-17949,2.68,1.86,0.36,N,-32.33,2.49,-64.17,-64.17
2026-09-18T15:15:23,078350,한양디지텍,25425.0,13.76,1683988,0,-30979,6.98,11.05,3.99,N,25.89,2.18,-42.61,-42.61
2026-09-18T15:15:24,314130,지놈앤컴퍼니,3385.0,-3.7,2092658,0,-22778,2.87,4.00,0.22,N,-19.68,1.41,-66.75,-66.75
2026-09-18T15:15:25,117670,알파칩스,11740.0,13.32,683770,0,-8406,0.90,10.26,0.00,N,-5.52,1.72,-44.88,-44.88
2026-09-18T15:15:26,020000,한섬,18060.0,13.66,569485,0,-10614,23.45,2.65,0.87,N,8.76,0.27,-37.18,-37.18
2026-09-18T15:15:27,228850,레이언스,8270.0,13.29,388023,0,69681,3.50,2.34,0.39,N,-26.01,0.55,-2.25,-2.25
2026-09-18T15:15:28,229640,LS에코에너지,60200.0,13.58,874527,0,75217,5.53,2.86,0.53,N,43.81,8.73,-45.17,-45.17
2026-09-18T15:15:29,348080,큐라티스,4520.0,-6.13,2472442,0,-39969,0.81,19.27,0.00,Y,-7.67,12.80,-26.38,-65.16
2026-09-18T15:15:30,051630,진양화학,1645.0,-7.32,3784179,0,-133640,1.02,17.85,0.00,N,-6.45,0.90,-53.20,-53.20
2026-09-18T15:15:31,012200,계양전기,3905.0,8.17,5508431,0,-164066,0.01,20.23,0.00,N,-3.22,5.70,-72.63,-71.06
2026-09-18T15:15:32,463480,모티브링크,4330.0,9.07,1322373,0,-27330,1.72,10.67,1.29,N,-481.11,1.46,-63.49,-63.49
2026-09-18T15:15:33,443670,에스피소프트,5500.0,-3.0,3629296,0,-27934,1.46,15.12,3.88,N,35.48,1.98,-24.55,-24.55
2026-09-18T15:15:34,232830,아이티센피엔에스,3225.0,-7.46,1855794,0,-831,0.49,11.22,0.00,N,-8.79,3.35,-42.31,-42.31
2026-09-18T15:15:35,072950,빛샘전자,14260.0,6.9,14163134,0,37482,1.01,175.88,3.35,N,15.20,1.38,-44.51,-44.51
2026-09-18T15:25:09,007460,에이프로젠,1998.0,-0.35,94175,0,-7139,0.00,0.38,0.02,N,-0.60,0.02,-74.38,-87.69
2026-09-18T15:25:10,003060,에이프로젠바이오로직스,1630.0,-0.37,46908,0,-2779,0.00,0.29,0.00,N,-0.13,0.10,-74.41,-85.24
2026-09-18T15:25:11,417030,니어스랩,31100.0,7.99,681605,0,107218,7.29,11.80,0.00,N,-7.51,-0.68,-25.95,-25.95
2026-09-18T15:25:12,127120,제이에스링크,32250.0,-0.31,71505,0,7639,3.59,0.19,0.00,N,-53.66,15.02,-35.37,-35.37
2026-09-18T15:25:13,115180,큐리언트,21850.0,-2.46,75961,0,-4911,3.15,0.20,0.00,N,-25.86,24.17,-65.26,-65.26
2026-09-18T15:25:14,007610,선도전기,4945.0,29.96,8126284,0,366814,1.89,45.15,0.03,N,16.82,2.35,-70.19,-70.19
2026-09-18T15:25:14,456070,이엔셀,6640.0,26.48,2691136,0,-196250,3.78,24.40,0.81,N,-4.16,1.48,-68.31,-68.31
2026-09-18T15:25:15,001520,동양,1353.0,29.97,5016247,0,-135814,3.01,4.68,0.30,N,8.05,0.18,0.00,-49.14
2026-09-18T15:25:16,000500,가온전선,324000.0,24.38,1138789,0,293682,1.96,3.82,0.52,N,181.31,19.94,-48.98,-8.18
2026-09-18T15:25:17,043260,성호전자,26550.0,22.92,18645883,0,-273660,2.41,24.71,0.32,N,19.80,7.51,-55.45,-55.45
2026-09-18T15:25:18,265740,엔에프씨,8250.0,29.92,2938612,0,444820,2.83,16.45,1.99,N,0.00,0.00,-16.24,-16.24
2026-09-18T15:25:19,052300,오션인더블유,1770.0,18.39,2275709,0,-37577,2.13,14.01,0.00,N,-1.56,0.11,-38.43,-23.41
2026-09-18T15:25:20,228760,지노믹트리,11860.0,16.39,468819,0,-15208,2.68,1.89,0.36,N,-32.14,2.48,-64.38,-64.38
2026-09-18T15:25:21,314130,지놈앤컴퍼니,3420.0,-2.7,2098053,0,-23092,2.87,4.01,0.22,N,-19.88,1.42,-66.40,-66.40
2026-09-18T15:25:22,274090,켄코아에어로스페이스,13060.0,13.27,4985504,0,-184600,7.27,36.19,1.42,N,-11.04,1.07,-67.02,-67.02
2026-09-18T15:25:23,078350,한양디지텍,25300.0,13.2,1695209,0,-33300,6.98,11.12,3.99,N,25.76,2.17,-42.89,-42.89
2026-09-18T15:25:24,020000,한섬,18100.0,13.91,583929,0,-17978,23.45,2.72,0.87,N,8.78,0.27,-37.04,-37.04
2026-09-18T15:25:25,117670,알파칩스,11640.0,12.36,693183,0,-9213,0.90,10.41,0.00,N,-5.47,1.70,-45.35,-45.35
2026-09-18T15:25:25,228850,레이언스,8270.0,13.29,409654,0,74863,3.50,2.47,0.39,N,-26.01,0.55,-2.25,-2.25
2026-09-18T15:25:26,348080,큐라티스,4545.0,-5.61,2491236,0,-40062,0.81,19.42,0.00,N,-7.72,12.88,-25.98,-64.97
2026-09-18T15:25:27,051630,진양화학,1670.0,-5.92,3803699,0,-132023,1.02,17.94,0.00,N,-6.55,0.91,-52.49,-52.49
2026-09-18T15:25:28,012200,계양전기,3900.0,8.03,5527143,0,-162371,0.01,20.30,0.00,N,-3.22,5.69,-72.67,-71.10
2026-09-18T15:25:29,463480,모티브링크,4365.0,9.95,1324484,0,-27398,1.72,10.69,1.29,N,-485.00,1.47,-63.20,-63.20
2026-09-18T15:25:30,443670,에스피소프트,5510.0,-2.82,3646879,0,-28499,1.46,15.19,3.88,N,35.55,1.99,-24.42,-24.42
2026-09-18T15:25:31,232830,아이티센피엔에스,3220.0,-7.6,1866200,0,-1141,0.49,11.29,0.00,N,-8.77,3.35,-42.40,-42.40
2026-09-18T15:25:32,072950,빛샘전자,14210.0,6.52,14232859,0,47415,1.01,176.75,3.35,N,15.15,1.37,-44.71,-44.71
2026-09-21T09:05:11,007460,에이프로젠,1986.0,-0.6,6109,0,-5071,0.00,0.02,0.01,N,-0.60,0.01,-74.54,-87.76
2026-09-21T09:05:12,003060,에이프로젠바이오로직스,1615.0,-0.98,3025,0,-969,0.00,0.02,0.00,N,-0.13,0.10,-74.65,-85.38
2026-09-21T09:05:13,417030,니어스랩,32300.0,3.36,50742,0,15391,9.19,0.88,0.00,N,-7.80,-0.71,-23.10,-23.10
2026-09-21T09:05:14,127120,제이에스링크,32550.0,0.15,37959,0,-1751,3.82,0.10,0.00,N,-54.16,15.16,-34.77,-34.77
2026-09-21T09:05:15,115180,큐리언트,22100.0,3.27,2435,0,873,3.11,0.01,0.00,N,-26.15,24.45,-64.86,-64.86
2026-09-21T09:05:16,0161M0,네오사피엔스,29100.0,191.0,3667203,80622,0,0.66,30.02,0.00,N,0.00,0.00,-1.52,-1.52
2026-09-21T09:05:17,234340,헥토파이낸셜,22450.0,13.96,183471,0,67422,2.97,1.31,5.89,Y,33.81,1.78,-50.11,-50.11
2026-09-21T09:05:18,204270,제이앤티씨,25600.0,8.7,486005,0,118759,2.64,0.84,2.18,N,-16.17,5.91,-14.95,-14.95
2026-09-21T09:05:19,017900,광전자,11350.0,7.89,1164525,0,131316,18.29,2.01,0.90,N,155.48,2.37,-49.44,-49.44
2026-09-21T09:05:20,426030,TIME 미국나스닥100액티브,47900.0,1.83,88802,0,0,0.10,0.16,0.01,N,0.00,0.00,-23.54,-23.54
2026-09-21T09:05:21,007610,선도전기,5200.0,5.16,1251959,0,146283,3.83,6.96,0.03,N,17.69,2.47,-68.66,-68.66
2026-09-21T09:05:22,386380,스카이랩스,20700.0,6.48,426607,0,115690,0.35,2.27,0.00,N,0.00,0.00,-47.40,-47.40
2026-09-21T09:05:23,032820,우리기술,14690.0,5.91,1251068,0,215692,5.50,0.72,0.53,N,2938.00,19.46,-51.36,-51.36
2026-09-21T09:05:24,001520,동양,1355.0,0.15,2949330,0,-141375,2.89,2.75,0.30,N,8.07,0.18,-8.57,-49.06
2026-09-21T09:15:10,007460,에이프로젠,2010.0,0.6,11717,0,-5510,0.00,0.05,0.01,N,-0.61,0.02,-74.23,-87.62
2026-09-21T09:15:11,003060,에이프로젠바이오로직스,1599.0,-1.96,24910,0,-3847,0.00,0.15,0.00,N,-0.12,0.10,-74.90,-85.52
2026-09-21T09:15:12,417030,니어스랩,31800.0,1.76,70235,0,9668,9.19,1.22,0.00,N,-7.68,-0.69,-24.29,-24.29
2026-09-21T09:15:13,127120,제이에스링크,32400.0,-0.31,65670,0,9114,3.82,0.18,0.00,N,-53.91,15.09,-35.07,-35.07
2026-09-21T09:15:14,115180,큐리언트,21900.0,2.34,10129,0,3024,3.11,0.03,0.00,N,-25.92,24.23,-65.18,-65.18
2026-09-21T09:15:15,0161M0,네오사피엔스,29500.0,195.0,5950742,80622,0,0.66,48.71,0.00,N,0.00,0.00,-3.91,-3.91
2026-09-21T09:15:16,017900,광전자,11750.0,11.69,6269528,0,234404,18.29,10.82,0.90,N,160.96,2.46,-47.66,-47.66
2026-09-21T09:15:17,386380,스카이랩스,21650.0,11.37,1120543,0,194994,0.35,5.97,0.00,N,0.00,0.00,-44.98,-44.98
2026-09-21T09:15:18,100590,머큐리,5290.0,7.09,835942,0,69809,2.03,4.88,1.42,N,-33.91,0.59,-58.51,-58.51
2026-09-21T09:15:19,041190,우리기술투자,6080.0,11.97,3477976,0,-12129,0.19,4.36,4.23,N,4.62,0.61,-53.73,-53.73
2026-09-21T09:15:20,067310,하나마이크론,42000.0,8.67,820504,0,107888,18.23,1.23,3.49,N,73.04,6.99,-28.21,-28.21
2026-09-21T09:15:21,036540,SFA반도체,9740.0,7.98,2052159,0,8651,8.60,1.25,0.86,N,-83.97,3.38,-16.32,-16.32
2026-09-21T09:15:22,023160,태광,28650.0,9.98,111999,0,-4161,17.86,0.43,2.55,N,11.89,1.19,-44.15,-44.15
2026-09-21T09:15:23,426030,TIME 미국나스닥100액티브,47800.0,1.62,165189,0,0,0.10,0.30,0.01,N,0.00,0.00,-23.70,-23.70
2026-09-21T09:15:24,001520,동양,1323.0,-2.22,4336463,0,-336145,2.89,4.05,0.30,N,7.88,0.17,-10.73,-50.26
2026-09-21T09:15:25,388790,라이콤,5400.0,6.51,995170,0,33254,0.66,3.25,0.03,N,0.00,0.00,-42.12,-42.12
2026-09-21T09:25:10,007460,에이프로젠,2055.0,2.85,20700,0,-8194,0.00,0.08,0.01,N,-0.62,0.02,-73.65,-87.34
2026-09-21T09:25:11,003060,에이프로젠바이오로직스,1599.0,-1.96,30236,0,-6098,0.00,0.19,0.00,N,-0.12,0.10,-74.90,-85.52
2026-09-21T09:25:12,417030,니어스랩,31750.0,1.6,85243,0,11023,9.19,1.48,0.00,N,-7.67,-0.69,-24.40,-24.40
2026-09-21T09:25:13,127120,제이에스링크,33300.0,2.46,78067,0,10566,3.82,0.21,0.00,N,-55.41,15.51,-33.27,-33.27
2026-09-21T09:25:14,115180,큐리언트,21800.0,1.87,11783,0,3346,3.11,0.03,0.00,N,-25.80,24.12,-65.34,-65.34
2026-09-21T09:25:15,036540,SFA반도체,10255.0,13.69,4120658,0,343295,8.60,2.51,0.86,N,-88.41,3.56,-11.90,-11.90
2026-09-21T09:25:16,340810,시선AI,4755.0,14.58,680605,0,-15955,4.84,4.88,0.00,N,-3.73,4.22,-6.76,-6.76
2026-09-21T09:25:16,017900,광전자,11800.0,12.17,9204605,0,153695,18.29,15.89,0.90,N,161.64,2.47,-47.44,-47.44
2026-09-21T09:25:17,386380,스카이랩스,21875.0,12.53,2077480,0,165187,0.35,11.07,0.00,N,0.00,0.00,-44.41,-44.41
2026-09-21T09:25:18,067310,하나마이크론,42850.0,10.87,1474452,0,224615,18.23,2.22,3.49,Y,74.52,7.13,-26.75,-26.75
2026-09-21T09:25:19,0161M0,네오사피엔스,27450.0,174.5,7428995,80622,0,0.66,60.81,0.00,N,0.00,0.00,-10.59,-10.59
2026-09-21T09:25:20,003160,디아이,34100.0,8.6,362735,0,104272,14.43,1.28,3.17,N,189.44,5.42,-18.23,-18.23
2026-09-21T09:25:21,200470,에이팩트,7810.0,7.87,474979,0,-28701,3.66,1.08,0.39,N,-6.52,5.99,-40.38,-40.38
2026-09-21T09:25:22,203650,드림시큐리티,2945.0,4.06,2505681,0,254714,1.52,2.46,0.81,N,35.06,2.37,-38.77,-38.77
2026-09-21T09:25:23,232140,와이씨,12960.0,8.82,1186361,0,249226,5.34,1.45,2.69,N,55.15,2.89,-46.34,-46.34
2026-09-21T09:25:24,023160,태광,28850.0,10.75,186462,0,25123,17.86,0.72,2.55,N,11.97,1.19,-43.76,-43.76
2026-09-21T09:25:25,388790,라이콤,5440.0,7.3,1256119,0,46217,0.66,4.10,0.03,N,0.00,0.00,-41.69,-41.69
2026-09-21T09:25:26,092870,엑시콘,38000.0,7.34,101784,0,16846,4.56,0.78,2.32,N,55.31,2.51,-8.87,-8.87
2026-09-21T09:25:27,092600,앤씨앤,4075.0,11.04,918898,0,-102411,5.03,18.32,0.00,N,1.64,0.51,-36.72,-58.14
2026-09-21T09:25:27,389470,인벤티지랩,27800.0,9.23,142806,0,-75514,11.99,1.07,0.02,N,-36.39,5.38,-72.66,-72.66
2026-09-21T09:25:28,001520,동양,1322.0,-2.29,4919015,0,-498822,2.89,4.59,0.30,N,7.87,0.17,-10.80,-50.30
2026-09-21T09:25:29,007610,선도전기,4850.0,-1.92,1908410,0,112291,3.83,10.60,0.03,N,16.50,2.30,-70.77,-70.77
2026-09-21T09:35:10,007460,에이프로젠,2030.0,1.6,21089,0,-8277,0.00,0.08,0.01,N,-0.61,0.02,-73.97,-87.49
2026-09-21T09:35:11,003060,에이프로젠바이오로직스,1603.0,-1.72,36640,0,-6478,0.00,0.23,0.00,N,-0.12,0.10,-74.84,-85.48
2026-09-21T09:35:12,417030,니어스랩,32000.0,2.4,97962,0,11957,9.19,1.70,0.00,N,-7.73,-0.70,-23.81,-23.81
2026-09-21T09:35:13,127120,제이에스링크,33550.0,3.23,89864,0,7281,3.82,0.24,0.00,N,-55.82,15.63,-32.77,-32.77
2026-09-21T09:35:14,115180,큐리언트,22100.0,3.27,12760,0,3998,3.11,0.03,0.00,N,-26.15,24.45,-64.86,-64.86
2026-09-21T09:35:15,036540,SFA반도체,10500.0,16.41,6534711,0,423450,8.60,3.97,0.86,N,-90.52,3.64,-9.79,-9.79
2026-09-21T09:35:16,386380,스카이랩스,22650.0,16.51,3110089,0,146426,0.35,16.58,0.00,N,0.00,0.00,-42.44,-42.44
2026-09-21T09:35:17,067310,하나마이크론,44200.0,14.36,2256284,0,304544,18.23,3.39,3.49,N,76.87,7.36,-24.44,-24.44
2026-09-21T09:35:19,340810,시선AI,4660.0,12.29,837078,0,4089,4.84,6.00,0.00,N,-3.66,4.14,-8.63,-8.63
2026-09-21T09:35:20,200470,에이팩트,7900.0,9.12,627938,0,-33653,3.66,1.43,0.39,N,-6.60,6.06,-39.69,-39.69
2026-09-21T09:35:21,078350,한양디지텍,27700.0,8.41,326186,0,-65028,5.63,2.14,4.15,N,28.21,2.38,-37.47,-37.47
2026-09-21T09:35:22,232140,와이씨,13140.0,10.33,1795153,0,381945,5.34,2.19,2.69,N,55.91,2.93,-45.59,-45.59
2026-09-21T09:35:23,003160,디아이,34250.0,9.08,487799,0,141439,14.43,1.72,3.17,N,190.28,5.45,-17.87,-17.87
2026-09-21T09:35:24,310210,보로노이,151300.0,14.62,46378,0,5769,5.87,0.25,0.65,N,-65.13,26.52,-59.71,-59.71
2026-09-21T09:35:25,092870,엑시콘,38050.0,7.49,125425,0,20744,4.56,0.96,2.32,N,55.39,2.52,-8.75,-8.75
2026-09-21T09:35:26,092600,앤씨앤,3990.0,8.72,1068731,0,-136018,5.03,21.30,0.00,N,1.60,0.50,-38.04,-59.01
2026-09-21T09:35:27,0161M0,네오사피엔스,26000.0,160.0,8872327,80622,0,0.66,72.63,0.00,N,0.00,0.00,-15.31,-15.31
2026-09-21T09:35:28,389470,인벤티지랩,27350.0,7.47,169634,0,-87227,11.99,1.27,0.02,N,-35.80,5.30,-73.11,-73.11
2026-09-21T09:35:29,001520,동양,1314.0,-2.88,5138156,0,-516360,2.89,4.80,0.30,N,7.82,0.17,-11.34,-50.60
2026-09-21T09:35:30,100590,머큐리,5050.0,2.23,1097075,0,51373,2.03,6.40,1.42,N,-32.37,0.57,-60.39,-60.39
2026-09-21T09:35:31,053690,한미글로벌,22050.0,-0.45,183971,0,22147,2.96,1.68,3.42,N,13.03,1.03,-36.55,-36.55
2026-09-21T09:45:12,007460,에이프로젠,2045.0,2.35,25727,0,-8375,0.00,0.10,0.01,N,-0.62,0.02,-73.78,-87.40
2026-09-21T09:45:12,003060,에이프로젠바이오로직스,1599.0,-1.96,40461,0,-7676,0.00,0.25,0.00,N,-0.12,0.10,-74.90,-85.52
2026-09-21T09:45:13,417030,니어스랩,34000.0,8.8,268124,0,42828,9.19,4.64,0.00,N,-8.21,-0.74,-19.05,-19.05
2026-09-21T09:45:14,127120,제이에스링크,33300.0,2.46,94531,0,5427,3.82,0.26,0.00,N,-55.41,15.51,-33.27,-33.27
2026-09-21T09:45:15,115180,큐리언트,22000.0,2.8,13150,0,4087,3.11,0.04,0.00,N,-26.04,24.34,-65.02,-65.02
2026-09-21T09:45:16,386380,스카이랩스,22950.0,18.06,3915341,0,141356,0.35,20.87,0.00,N,0.00,0.00,-41.68,-41.68
2026-09-21T09:45:17,036540,SFA반도체,10440.0,15.74,8569773,0,510617,8.60,5.21,0.86,N,-90.00,3.62,-10.31,-10.31
2026-09-21T09:45:18,240550,동방메디컬,6730.0,15.44,506971,0,6806,1.19,2.42,1.94,N,11.77,1.14,-41.17,-41.17
2026-09-21T09:45:19,232140,와이씨,13530.0,13.6,2640542,0,436711,5.34,3.22,2.69,N,57.57,3.01,-43.98,-43.98
2026-09-21T09:45:20,314130,지놈앤컴퍼니,3910.0,15.17,791377,0,134371,2.82,1.51,0.23,N,-22.73,1.63,-61.59,-61.59
2026-09-21T09:45:21,067310,하나마이크론,43500.0,12.55,2640664,0,289799,18.23,3.97,3.49,N,75.65,7.24,-25.64,-25.64
2026-09-21T09:45:22,310210,보로노이,155100.0,17.5,63454,0,-273,5.87,0.34,0.65,N,-66.77,27.19,-58.70,-58.70
2026-09-21T09:45:23,003160,디아이,34700.0,10.51,653572,0,168784,14.43,2.31,3.17,N,192.78,5.52,-16.79,-16.79
2026-09-21T09:45:24,0161M0,네오사피엔스,27700.0,177.0,10110820,80622,0,0.66,82.77,0.00,N,0.00,0.00,-9.77,-9.77
2026-09-21T09:45:25,078350,한양디지텍,27750.0,8.61,424148,0,-72119,5.63,2.78,4.15,N,28.26,2.38,-37.36,-37.36
2026-09-21T09:45:26,200470,에이팩트,7890.0,8.98,754838,0,-62537,3.66,1.72,0.39,N,-6.59,6.05,-39.77,-39.77
2026-09-21T09:45:27,340810,시선AI,4640.0,11.81,920138,0,23095,4.84,6.60,0.00,N,-3.64,4.12,-9.02,-9.02
2026-09-21T09:45:28,080580,오킨스전자,23800.0,7.21,176740,0,-28379,6.86,0.84,0.62,N,57.63,9.50,-13.45,-13.45
2026-09-21T09:45:29,092600,앤씨앤,3985.0,8.58,1232898,0,-151232,5.03,24.58,0.00,N,1.60,0.50,-38.12,-59.07
2026-09-21T09:45:29,389470,인벤티지랩,27350.0,7.47,175718,0,-90149,11.99,1.32,0.02,N,-35.80,5.30,-73.11,-73.11
2026-09-21T09:45:30,001520,동양,1317.0,-2.66,5355533,0,-527792,2.89,5.00,0.30,N,7.84,0.17,-11.13,-50.49
2026-09-21T09:45:31,100590,머큐리,5060.0,2.43,1140036,0,41208,2.03,6.65,1.42,N,-32.44,0.57,-60.31,-60.31
2026-09-21T09:45:32,388790,라이콤,5330.0,5.13,1439032,0,19514,0.66,4.70,0.03,N,0.00,0.00,-42.87,-42.87
2026-09-21T09:55:14,007460,에이프로젠,2010.0,0.6,28703,0,-8004,0.00,0.12,0.01,N,-0.61,0.02,-74.23,-87.62
2026-09-21T09:55:15,003060,에이프로젠바이오로직스,1597.0,-2.08,46699,0,-6181,0.00,0.29,0.00,N,-0.12,0.10,-74.93,-85.54
2026-09-21T09:55:16,417030,니어스랩,34550.0,10.56,386748,0,60422,9.19,6.69,0.00,N,-8.34,-0.75,-17.74,-17.74
2026-09-21T09:55:17,127120,제이에스링크,33800.0,4.0,106730,0,7727,3.82,0.29,0.00,N,-56.24,15.74,-32.26,-32.26
2026-09-21T09:55:18,115180,큐리언트,22400.0,4.67,18372,0,4684,3.11,0.05,0.00,N,-26.51,24.78,-64.39,-64.39
2026-09-21T09:55:19,232140,와이씨,14120.0,18.56,4049746,0,416969,5.34,4.94,2.69,N,60.09,3.14,-41.53,-41.53
2026-09-21T09:55:20,386380,스카이랩스,22800.0,17.28,4336700,0,179920,0.35,23.11,0.00,N,0.00,0.00,-42.06,-42.06
2026-09-21T09:55:21,036540,SFA반도체,10440.0,15.74,9527424,0,660758,8.60,5.79,0.86,N,-90.00,3.62,-10.31,-10.31
2026-09-21T09:55:21,240550,동방메디컬,6670.0,14.41,752439,0,6721,1.19,3.59,1.94,N,11.66,1.13,-41.70,-41.70
2026-09-21T09:55:22,067310,하나마이크론,43850.0,13.45,2944455,0,375475,18.23,4.43,3.49,N,76.26,7.30,-25.04,-25.04
2026-09-21T09:55:24,310210,보로노이,156400.0,18.48,70988,0,-964,5.87,0.38,0.65,N,-67.33,27.41,-58.35,-58.35
2026-09-21T09:55:25,003160,디아이,35050.0,11.62,797145,0,171298,14.43,2.82,3.17,N,194.72,5.57,-15.95,-15.95
2026-09-21T09:55:25,078350,한양디지텍,28250.0,10.57,555227,0,-107994,5.63,3.64,4.15,N,28.77,2.42,-36.23,-36.23
2026-09-21T09:55:26,314130,지놈앤컴퍼니,3860.0,13.7,869750,0,125349,2.82,1.66,0.23,N,-22.44,1.61,-62.08,-62.08
2026-09-21T09:55:27,0161M0,네오사피엔스,27950.0,179.5,11082524,80622,0,0.66,90.72,0.00,N,0.00,0.00,-8.96,-8.96
2026-09-21T09:55:28,200470,에이팩트,7960.0,9.94,850800,0,-52687,3.66,1.94,0.39,N,-6.65,6.10,-39.24,-39.24
2026-09-21T09:55:29,080580,오킨스전자,23950.0,7.88,218394,0,-36862,6.86,1.04,0.62,N,57.99,9.56,-12.91,-12.91
2026-09-21T09:55:30,092600,앤씨앤,3980.0,8.45,1289360,0,-170510,5.03,25.70,0.00,N,1.60,0.50,-38.20,-59.12
2026-09-21T09:55:31,389470,인벤티지랩,27200.0,6.88,184356,0,-91600,11.99,1.39,0.02,N,-35.60,5.27,-73.25,-73.25
2026-09-21T09:55:32,001520,동양,1308.0,-3.33,5580331,0,-533928,2.89,5.21,0.30,N,7.79,0.17,-11.74,-50.83
2026-09-21T09:55:33,340810,시선AI,4575.0,10.24,965433,0,6378,4.84,6.92,0.00,N,-3.59,4.06,-10.29,-10.29
2026-09-21T09:55:34,100590,머큐리,5070.0,2.63,1172950,0,29011,2.03,6.84,1.42,N,-32.50,0.57,-60.24,-60.24
2026-09-21T10:05:10,007460,에이프로젠,2045.0,2.35,32861,0,-9580,0.00,0.13,0.01,N,-0.62,0.02,-73.78,-87.40
2026-09-21T10:05:11,003060,에이프로젠바이오로직스,1600.0,-1.9,48429,0,-5771,0.00,0.30,0.00,N,-0.12,0.10,-74.88,-85.51
2026-09-21T10:05:12,417030,니어스랩,34900.0,11.68,462605,0,96738,9.19,8.01,0.00,N,-8.43,-0.76,-16.90,-16.90
2026-09-21T10:05:13,127120,제이에스링크,33850.0,4.15,115719,0,8205,3.82,0.31,0.00,N,-56.32,15.77,-32.16,-32.16
2026-09-21T10:05:14,115180,큐리언트,22400.0,4.67,20933,0,4279,3.11,0.06,0.00,N,-26.51,24.78,-64.39,-64.39
2026-09-21T10:05:15,224060,더코디,6190.0,12.75,602186,0,-22081,0.00,11.67,0.00,N,1.32,0.27,-51.45,-51.45
2026-09-21T10:05:16,386380,스카이랩스,23800.0,22.43,5238983,0,207533,0.35,27.92,0.00,N,0.00,0.00,-39.52,-39.52
2026-09-21T10:05:17,232140,와이씨,14120.0,18.56,4956922,0,417704,5.34,6.04,2.69,N,60.09,3.14,-41.53,-41.53
2026-09-21T10:05:18,036540,SFA반도체,10620.0,17.74,10937478,0,897103,8.60,6.65,0.86,N,-91.55,3.68,-8.76,-8.76
2026-09-21T10:05:19,067310,하나마이크론,44350.0,14.75,3206494,0,435546,18.23,4.82,3.49,N,77.13,7.38,-24.19,-24.19
2026-09-21T10:05:20,240550,동방메디컬,6700.0,14.92,1084113,0,-6463,1.19,5.18,1.94,N,11.71,1.13,-41.43,-41.43
2026-09-21T10:05:21,003160,디아이,35050.0,11.62,899426,0,185424,14.43,3.18,3.17,N,194.72,5.57,-15.95,-15.95
2026-09-21T10:05:22,310210,보로노이,156000.0,18.18,78373,0,1581,5.87,0.42,0.65,N,-67.15,27.34,-58.46,-58.46
2026-09-21T10:05:23,200470,에이팩트,7990.0,10.36,906952,0,-35833,3.66,2.07,0.39,N,-6.68,6.13,-39.01,-39.01
2026-09-21T10:05:24,950250,테라뷰,3450.0,15.0,905738,0,0,0.00,2.54,0.33,N,-12.73,3.85,-83.41,-83.41
2026-09-21T10:05:25,314130,지놈앤컴퍼니,3865.0,13.84,925893,0,135626,2.82,1.77,0.23,N,-22.47,1.61,-62.03,-62.03
2026-09-21T10:05:26,078350,한양디지텍,27950.0,9.39,618368,0,-106109,5.63,4.06,4.15,N,28.46,2.40,-36.91,-36.91
2026-09-21T10:05:27,010580,에스엠벡셀,2780.0,11.2,2502191,0,140632,0.49,2.25,0.49,N,278.00,4.59,-20.46,-20.46
2026-09-21T10:05:28,131970,두산테스나,92600.0,7.55,223008,0,-40021,10.72,1.15,2.00,N,48.66,4.07,-52.97,-52.97
2026-09-21T10:05:29,092780,DYP,3805.0,-7.2,801938,0,-106467,2.43,6.09,0.28,N,6.43,0.33,-62.88,-62.88
2026-09-21T10:05:30,092600,앤씨앤,3985.0,8.58,1337068,0,-174492,5.03,26.65,0.00,N,1.60,0.50,-38.12,-59.07
2026-09-21T10:05:31,389470,인벤티지랩,26750.0,5.11,202148,0,-94488,11.99,1.52,0.02,N,-35.01,5.18,-73.70,-73.70
2026-09-21T10:05:32,340810,시선AI,4500.0,8.43,999278,0,16209,4.84,7.16,0.00,Y,-3.53,4.00,-11.76,-11.76
2026-09-21T10:05:33,0161M0,네오사피엔스,27350.0,173.5,11553623,80622,0,0.66,94.58,0.00,N,0.00,0.00,-10.91,-10.91
2026-09-21T10:05:34,001520,동양,1330.0,-1.7,6181339,0,-634558,2.89,5.77,0.30,N,7.92,0.17,-10.26,-50.00
2026-09-21T10:05:35,100590,머큐리,5060.0,2.43,1214186,0,13243,2.03,7.08,1.42,N,-32.44,0.57,-60.31,-60.31
2026-09-21T10:05:35,493280,아이엠바이오로직스,13830.0,-11.97,269852,0,-39724,3.50,1.82,0.71,N,0.00,0.00,-86.70,-86.70
2026-09-21T10:15:13,007460,에이프로젠,2020.0,1.1,36526,0,-8740,0.00,0.15,0.01,N,-0.61,0.02,-74.10,-87.55
2026-09-21T10:15:15,003060,에이프로젠바이오로직스,1605.0,-1.59,49739,0,-5598,0.00,0.31,0.00,N,-0.12,0.10,-74.80,-85.47
2026-09-21T10:15:16,417030,니어스랩,34000.0,8.8,499410,0,106387,9.19,8.64,0.00,N,-8.21,-0.74,-19.05,-19.05
2026-09-21T10:15:17,127120,제이에스링크,33700.0,3.69,132564,0,12807,3.82,0.36,0.00,N,-56.07,15.70,-32.46,-32.46
2026-09-21T10:15:18,115180,큐리언트,22450.0,4.91,22676,0,4247,3.11,0.06,0.00,N,-26.57,24.83,-64.31,-64.31
2026-09-21T10:15:19,033170,시그네틱스,2795.0,30.0,1101423,0,-29762,1.38,6.42,0.00,N,-2.62,0.92,0.00,-52.75
2026-09-21T10:15:20,224060,더코디,5700.0,3.83,758188,0,-22129,0.00,14.69,0.00,N,1.21,0.25,-55.29,-55.29
2026-09-21T10:15:21,232140,와이씨,14390.0,20.82,5632864,0,510707,5.34,6.87,2.69,N,61.23,3.20,-40.41,-40.41
2026-09-21T10:15:22,036540,SFA반도체,10730.0,18.96,11936943,0,1070652,8.60,7.26,0.86,N,-92.50,3.72,-7.82,-7.82
2026-09-21T10:15:23,386380,스카이랩스,23150.0,19.08,5790284,0,143001,0.35,30.86,0.00,N,0.00,0.00,-41.17,-41.17
2026-09-21T10:15:24,067310,하나마이크론,45050.0,16.56,3713509,0,576461,18.23,5.58,3.49,N,78.35,7.50,-22.99,-22.99
2026-09-21T10:15:25,240550,동방메디컬,6710.0,15.09,1417035,0,-94,1.19,6.77,1.94,N,11.73,1.14,-41.35,-41.35
2026-09-21T10:15:26,950250,테라뷰,3485.0,16.17,1025695,0,0,0.00,2.87,0.33,N,-12.86,3.89,-83.25,-83.25
2026-09-21T10:15:27,003160,디아이,35250.0,12.26,967367,0,202536,14.43,3.42,3.17,N,195.83,5.61,-15.47,-15.47
2026-09-21T10:15:28,314130,지놈앤컴퍼니,3880.0,14.29,943747,0,137296,2.82,1.80,0.23,N,-22.56,1.62,-61.89,-61.89
2026-09-21T10:15:29,200470,에이팩트,8010.0,10.64,968630,0,-31946,3.66,2.21,0.39,N,-6.69,6.14,-38.85,-38.85
2026-09-21T10:15:30,310210,보로노이,155400.0,17.73,81323,0,2045,5.87,0.44,0.65,N,-66.90,27.24,-58.62,-58.62
2026-09-21T10:15:31,078350,한양디지텍,28150.0,10.18,646364,0,-97822,5.63,4.24,4.15,N,28.67,2.41,-36.46,-36.46
2026-09-21T10:15:32,437730,삼현,54900.0,9.58,919163,0,53092,1.17,2.90,1.30,N,167.38,13.17,-28.61,-28.61
2026-09-21T10:15:34,092780,DYP,3805.0,-7.2,821583,0,-112003,2.43,6.24,0.28,N,6.43,0.33,-62.88,-62.88
2026-09-21T10:15:35,092600,앤씨앤,3915.0,6.68,1368787,0,-181784,5.03,27.28,0.00,N,1.57,0.49,-39.21,-59.78
2026-09-21T10:15:36,001520,동양,1281.0,-5.32,6497515,0,-619198,2.89,6.07,0.30,N,7.62,0.17,-13.56,-51.84
2026-09-21T10:15:37,389470,인벤티지랩,27100.0,6.48,221825,0,-90079,11.99,1.67,0.02,N,-35.47,5.25,-73.35,-73.35
2026-09-21T10:15:38,0161M0,네오사피엔스,27550.0,175.5,12087573,80622,0,0.66,98.95,0.00,N,0.00,0.00,-10.26,-10.26
2026-09-21T10:15:39,493280,아이엠바이오로직스,13700.0,-12.79,311607,0,-54794,3.50,2.10,0.71,N,0.00,0.00,-86.83,-86.83
2026-09-21T10:15:40,340810,시선AI,4560.0,9.88,1027233,0,32976,4.84,7.36,0.00,N,-3.58,4.05,-10.59,-10.59
2026-09-21T10:15:41,100590,머큐리,5070.0,2.63,1240417,0,-2177,2.03,7.24,1.42,N,-32.50,0.57,-60.24,-60.24
2026-09-21T10:25:11,007460,에이프로젠,2020.0,1.1,40059,0,-6175,0.00,0.16,0.01,N,-0.61,0.02,-74.10,-87.55
2026-09-21T10:25:12,003060,에이프로젠바이오로직스,1609.0,-1.35,50869,0,-5588,0.00,0.31,0.00,N,-0.12,0.10,-74.74,-85.43
2026-09-21T10:25:13,417030,니어스랩,33675.0,7.76,522173,0,115279,9.19,9.04,0.00,N,-8.13,-0.74,-19.82,-19.82
2026-09-21T10:25:15,127120,제이에스링크,33750.0,3.85,144913,0,11248,3.82,0.39,0.00,N,-56.16,15.72,-32.36,-32.36
2026-09-21T10:25:15,115180,큐리언트,22450.0,4.91,24715,0,3760,3.11,0.07,0.00,N,-26.57,24.83,-64.31,-64.31
2026-09-21T10:25:16,033170,시그네틱스,2795.0,30.0,1113232,0,-29762,1.38,6.49,0.00,N,-2.62,0.92,0.00,-52.75
2026-09-21T10:25:18,232140,와이씨,14330.0,20.32,5931065,0,523491,5.34,7.23,2.69,N,60.98,3.19,-40.66,-40.66
2026-09-21T10:25:19,036540,SFA반도체,10780.0,19.51,12668375,0,1064444,8.60,7.70,0.86,N,-92.93,3.74,-7.39,-7.39
2026-09-21T10:25:19,224060,더코디,5480.0,-0.18,804173,0,-22102,0.00,15.58,0.00,N,1.16,0.24,-57.02,-57.02
2026-09-21T10:25:21,067310,하나마이크론,45200.0,16.95,3961467,0,665969,18.23,5.96,3.49,N,78.61,7.52,-22.74,-22.74
2026-09-21T10:25:22,386380,스카이랩스,22650.0,16.51,6118353,0,150610,0.35,32.61,0.00,N,0.00,0.00,-42.44,-42.44
2026-09-21T10:25:23,950250,테라뷰,3555.0,18.5,1127106,0,0,0.00,3.16,0.33,N,-13.12,3.97,-82.91,-82.91
2026-09-21T10:25:24,240550,동방메디컬,6780.0,16.3,1654310,0,-16898,1.19,7.90,1.94,N,11.85,1.15,-40.73,-40.73
2026-09-21T10:25:25,078350,한양디지텍,28500.0,11.55,705876,0,-101749,5.63,4.63,4.15,N,29.02,2.44,-35.67,-35.67
2026-09-21T10:25:26,003160,디아이,35550.0,13.22,1053348,0,225313,14.43,3.72,3.17,N,197.50,5.65,-14.75,-14.75
2026-09-21T10:25:27,314130,지놈앤컴퍼니,3910.0,15.17,963013,0,140045,2.82,1.84,0.23,N,-22.73,1.63,-61.59,-61.59
2026-09-21T10:25:28,310210,보로노이,155600.0,17.88,84773,0,2271,5.87,0.46,0.65,N,-66.98,27.27,-58.56,-58.56
2026-09-21T10:25:29,200470,에이팩트,7990.0,10.36,1018491,0,-41306,3.66,2.32,0.39,N,-6.68,6.13,-39.01,-39.01
2026-09-21T10:25:30,0161M0,네오사피엔스,27850.0,178.5,12623225,80622,0,0.66,103.33,0.00,N,0.00,0.00,-9.28,-9.28
2026-09-21T10:25:31,437730,삼현,55200.0,10.18,1203547,0,68335,1.17,3.80,1.30,N,168.29,13.24,-28.22,-28.22
2026-09-21T10:25:32,028300,HLB,32100.0,8.26,541928,0,-49258,16.67,0.41,0.07,N,-19.14,10.16,-53.61,-53.61
2026-09-21T10:25:32,330860,네패스아크,28800.0,9.3,158541,0,-4082,9.79,1.30,2.52,N,-12.23,2.12,-54.65,-54.65
2026-09-21T10:25:33,092780,DYP,3795.0,-7.44,831396,0,-115863,2.43,6.31,0.28,N,6.41,0.33,-62.98,-62.98
2026-09-21T10:25:34,092600,앤씨앤,3765.0,2.59,1466130,0,-181001,5.03,29.22,0.00,N,1.51,0.47,-41.54,-61.33
2026-09-21T10:25:35,389470,인벤티지랩,26850.0,5.5,239263,0,-92527,11.99,1.80,0.02,N,-35.14,5.20,-73.60,-73.60
2026-09-21T10:25:36,001520,동양,1284.0,-5.1,6690232,0,-618902,2.89,6.25,0.30,N,7.64,0.17,-13.36,-51.73
2026-09-21T10:25:37,340810,시선AI,4540.0,9.4,1035695,0,32081,4.84,7.42,0.00,N,-3.56,4.03,-10.98,-10.98
2026-09-21T10:25:38,493280,아이엠바이오로직스,13750.0,-12.48,321630,0,-54465,3.50,2.17,0.71,N,0.00,0.00,-86.78,-86.78
2026-09-21T10:25:39,053690,한미글로벌,21650.0,-2.26,244899,0,9792,2.96,2.23,3.42,N,12.80,1.01,-37.70,-37.70
2026-09-21T10:35:09,007460,에이프로젠,2015.0,0.85,41602,0,-6287,0.00,0.17,0.01,N,-0.61,0.02,-74.17,-87.58
2026-09-21T10:35:10,003060,에이프로젠바이오로직스,1612.0,-1.16,51902,0,-5473,0.00,0.32,0.00,N,-0.13,0.10,-74.69,-85.40
2026-09-21T10:35:11,417030,니어스랩,33700.0,7.84,531220,0,113089,9.19,9.19,0.00,N,-8.14,-0.74,-19.76,-19.76
2026-09-21T10:35:12,127120,제이에스링크,34150.0,5.08,155062,0,11823,3.82,0.42,0.00,N,-56.82,15.91,-31.56,-31.56
2026-09-21T10:35:13,115180,큐리언트,22500.0,5.14,27562,0,4161,3.11,0.07,0.00,N,-26.63,24.89,-64.23,-64.23
2026-09-21T10:35:14,033170,시그네틱스,2795.0,30.0,1131752,0,-29762,1.38,6.60,0.00,N,-2.62,0.92,0.00,-52.75
2026-09-21T10:35:15,224060,더코디,5600.0,2.0,825720,0,-22105,0.00,16.00,0.00,N,1.19,0.24,-56.08,-56.08
2026-09-21T10:35:16,036540,SFA반도체,10870.0,20.51,13826379,0,953385,8.60,8.41,0.86,N,-93.71,3.77,-6.62,-6.62
2026-09-21T10:35:17,232140,와이씨,14260.0,19.73,6388292,0,556889,5.34,7.79,2.69,N,60.68,3.18,-40.95,-40.95
2026-09-21T10:35:18,386380,스카이랩스,23200.0,19.34,6445107,0,183161,0.35,34.35,0.00,N,0.00,0.00,-41.04,-41.04
2026-09-21T10:35:19,067310,하나마이크론,45125.0,16.75,4092893,0,670592,18.23,6.16,3.49,N,78.48,7.51,-22.86,-22.86
2026-09-21T10:35:19,950250,테라뷰,3505.0,16.83,1214024,0,0,0.00,3.40,0.33,N,-12.93,3.92,-83.15,-83.15
2026-09-21T10:35:20,078350,한양디지텍,28550.0,11.74,756218,0,-108105,5.63,4.96,4.15,N,29.07,2.45,-35.55,-35.55
2026-09-21T10:35:21,003160,디아이,35450.0,12.9,1090530,0,226459,14.43,3.85,3.17,N,196.94,5.64,-14.99,-14.99
2026-09-21T10:35:22,314130,지놈앤컴퍼니,3915.0,15.32,986121,0,143053,2.82,1.89,0.23,N,-22.76,1.63,-61.54,-61.54
2026-09-21T10:35:23,200470,에이팩트,8100.0,11.88,1098831,0,-20013,3.66,2.51,0.39,N,-6.77,6.21,-38.17,-38.17
2026-09-21T10:35:24,240550,동방메디컬,6640.0,13.89,1909621,0,-24092,1.19,9.12,1.94,N,11.61,1.12,-41.96,-41.96
2026-09-21T10:35:25,310210,보로노이,156000.0,18.18,86525,0,2830,5.87,0.47,0.65,N,-67.15,27.34,-58.46,-58.46
2026-09-21T10:35:26,0161M0,네오사피엔스,27900.0,179.0,13048499,80622,0,0.66,106.82,0.00,N,0.00,0.00,-9.12,-9.12
2026-09-21T10:35:28,086960,MDS테크,2165.0,9.45,1865820,0,-207813,2.49,4.39,0.94,N,9.80,0.60,-46.81,-52.46
2026-09-21T10:35:29,330860,네패스아크,28600.0,8.54,210513,0,-12773,9.79,1.73,2.52,N,-12.15,2.11,-54.96,-54.96
2026-09-21T10:35:30,092780,DYP,3800.0,-7.32,836566,0,-117727,2.43,6.35,0.28,N,6.42,0.33,-62.93,-62.93
2026-09-21T10:35:31,092600,앤씨앤,3810.0,3.81,1515729,0,-178357,5.03,30.21,0.00,N,1.53,0.48,-40.84,-60.86
2026-09-21T10:35:32,001520,동양,1275.0,-5.76,7014149,0,-651618,2.89,6.55,0.30,N,7.59,0.17,-13.97,-52.07
2026-09-21T10:35:33,389470,인벤티지랩,27150.0,6.68,245781,0,-94495,11.99,1.85,0.02,N,-35.54,5.26,-73.30,-73.30
2026-09-21T10:35:34,340810,시선AI,4515.0,8.8,1045799,0,35375,4.84,7.50,0.00,N,-3.54,4.01,-11.47,-11.47
2026-09-21T10:35:34,493280,아이엠바이오로직스,13690.0,-12.86,334215,0,-56882,3.50,2.25,0.71,N,0.00,0.00,-86.84,-86.84
2026-09-21T10:35:35,053690,한미글로벌,21650.0,-2.26,253622,0,11326,2.96,2.31,3.42,N,12.80,1.01,-37.70,-37.70
2026-09-21T10:45:11,007460,에이프로젠,2015.0,0.85,43713,0,-6802,0.00,0.18,0.01,N,-0.61,0.02,-74.17,-87.58
2026-09-21T10:45:12,003060,에이프로젠바이오로직스,1612.0,-1.16,56386,0,-3140,0.00,0.35,0.00,N,-0.13,0.10,-74.69,-85.40
2026-09-21T10:45:13,417030,니어스랩,34050.0,8.96,547844,0,112664,9.19,9.48,0.00,N,-8.22,-0.74,-18.93,-18.93
2026-09-21T10:45:14,127120,제이에스링크,33550.0,3.23,164761,0,7057,3.82,0.44,0.00,N,-55.82,15.63,-32.77,-32.77
2026-09-21T10:45:15,115180,큐리언트,22550.0,5.37,28849,0,4097,3.11,0.08,0.00,N,-26.69,24.94,-64.15,-64.15
2026-09-21T10:45:16,223250,드림씨아이에스,4075.0,29.98,1664265,0,-126080,50.11,6.77,1.67,N,13.63,1.27,-52.84,-52.84
2026-09-21T10:45:17,033170,시그네틱스,2795.0,30.0,1138882,0,-29777,1.38,6.64,0.00,N,-2.62,0.92,0.00,-52.75
2026-09-21T10:45:18,386380,스카이랩스,24500.0,26.03,7375437,0,277345,0.35,39.31,0.00,Y,0.00,0.00,-37.74,-37.74
2026-09-21T10:45:19,036540,SFA반도체,10910.0,20.95,14928601,0,981987,8.60,9.08,0.86,N,-94.05,3.78,-6.27,-6.27
2026-09-21T10:45:20,232140,와이씨,14130.0,18.64,6609531,0,609332,5.34,8.06,2.69,N,60.13,3.15,-41.49,-41.49
2026-09-21T10:45:21,224060,더코디,5430.0,-1.09,894660,0,-13578,0.00,17.34,0.00,N,1.15,0.23,-57.41,-57.41
2026-09-21T10:45:22,067310,하나마이크론,45350.0,17.34,4251528,0,720086,18.23,6.39,3.49,N,78.87,7.55,-22.48,-22.48
2026-09-21T10:45:23,078350,한양디지텍,29050.0,13.7,778040,0,-104061,5.63,5.10,4.15,N,29.58,2.49,-34.42,-34.42
2026-09-21T10:45:24,240550,동방메디컬,6790.0,16.47,2103002,0,-29751,1.19,10.05,1.94,N,11.87,1.15,-40.65,-40.65
2026-09-21T10:45:25,003160,디아이,35850.0,14.17,1148754,0,262039,14.43,4.06,3.17,N,199.17,5.70,-14.03,-14.03
2026-09-21T10:45:26,200470,에이팩트,8100.0,11.88,1145992,0,-27484,3.66,2.62,0.39,N,-6.77,6.21,-38.17,-38.17
2026-09-21T10:45:27,314130,지놈앤컴퍼니,3895.0,14.73,1002686,0,146703,2.82,1.92,0.23,N,-22.65,1.62,-61.74,-61.74
2026-09-21T10:45:28,950250,테라뷰,3455.0,15.17,1249986,0,0,0.00,3.50,0.33,N,-12.75,3.86,-83.39,-83.39
2026-09-21T10:45:29,310210,보로노이,154700.0,17.2,87832,0,2291,5.87,0.47,0.65,N,-66.59,27.12,-58.80,-58.80
2026-09-21T10:45:30,330860,네패스아크,28700.0,8.92,224501,0,-14901,9.79,1.84,2.52,N,-12.19,2.11,-54.80,-54.80
2026-09-21T10:45:31,092780,DYP,3720.0,-9.27,864837,0,-120956,2.43,6.57,0.28,N,6.28,0.33,-63.71,-63.71
2026-09-21T10:45:32,092600,앤씨앤,3815.0,3.95,1538825,0,-182722,5.03,30.67,0.00,N,1.53,0.48,-40.76,-60.81
2026-09-21T10:45:32,001520,동양,1274.0,-5.84,7114465,0,-684813,2.89,6.64,0.30,N,7.58,0.17,-14.04,-52.11
2026-09-21T10:45:33,389470,인벤티지랩,27050.0,6.29,248619,0,-95786,11.99,1.87,0.02,N,-35.41,5.24,-73.40,-73.40
2026-09-21T10:45:34,340810,시선AI,4435.0,6.87,1070269,0,33809,4.84,7.67,0.00,N,-3.48,3.94,-13.04,-13.04
2026-09-21T10:45:35,493280,아이엠바이오로직스,13580.0,-13.56,351389,0,-61028,3.50,2.37,0.71,N,0.00,0.00,-86.94,-86.94
2026-09-21T10:45:36,0161M0,네오사피엔스,27350.0,173.5,13387646,80622,0,0.66,109.59,0.00,N,0.00,0.00,-10.91,-10.91
2026-09-21T10:45:37,053690,한미글로벌,21450.0,-3.16,261291,0,11074,2.96,2.38,3.42,N,12.68,1.00,-38.27,-38.27
2026-09-21T10:45:38,217590,티엠씨,14520.0,-0.21,1951158,0,-135249,4.70,8.10,3.63,N,-660.00,3.12,-62.48,-62.48
2026-09-21T10:55:09,007460,에이프로젠,2035.0,1.85,44710,0,-7495,0.00,0.18,0.01,N,-0.61,0.02,-73.91,-87.46
2026-09-21T10:55:10,003060,에이프로젠바이오로직스,1607.0,-1.47,59015,0,-1893,0.00,0.36,0.00,N,-0.12,0.10,-74.77,-85.45
2026-09-21T10:55:11,417030,니어스랩,33900.0,8.48,561068,0,111354,9.19,9.71,0.00,N,-8.18,-0.74,-19.29,-19.29
2026-09-21T10:55:12,127120,제이에스링크,33800.0,4.0,171797,0,6616,3.82,0.46,0.00,N,-56.24,15.74,-32.26,-32.26
2026-09-21T10:55:13,115180,큐리언트,22500.0,5.14,31956,0,4208,3.11,0.09,0.00,N,-26.63,24.89,-64.23,-64.23
2026-09-21T10:55:14,033170,시그네틱스,2795.0,30.0,1142935,0,-29785,1.38,6.67,0.00,N,-2.62,0.92,0.00,-52.75
2026-09-21T10:55:15,386380,스카이랩스,25250.0,29.89,8427510,0,291949,0.35,44.92,0.00,N,0.00,0.00,-35.83,-35.83
2026-09-21T10:55:16,223250,드림씨아이에스,3825.0,22.01,2261857,0,-109863,50.11,9.19,1.67,N,12.79,1.19,-55.73,-55.73
2026-09-21T10:55:17,036540,SFA반도체,11000.0,21.95,15822147,0,1057168,8.60,9.62,0.86,N,-94.83,3.81,-5.50,-5.50
2026-09-21T10:55:18,232140,와이씨,14080.0,18.22,6800377,0,617422,5.34,8.29,2.69,N,59.91,3.14,-41.70,-41.70
2026-09-21T10:55:19,240550,동방메디컬,6930.0,18.87,2722079,0,-36637,1.19,13.00,1.94,N,12.12,1.17,-39.42,-39.42
2026-09-21T10:55:20,380550,뉴로핏,8020.0,16.74,431565,0,-54328,6.54,3.54,0.08,N,-3.71,4.80,-78.15,-78.15
2026-09-21T10:55:21,067310,하나마이크론,45050.0,16.56,4439118,0,702015,18.23,6.68,3.49,N,78.35,7.50,-22.99,-22.99
2026-09-21T10:55:22,003160,디아이,36050.0,14.81,1231463,0,288089,14.43,4.35,3.17,N,200.28,5.73,-13.55,-13.55
2026-09-21T10:55:23,078350,한양디지텍,28850.0,12.92,808395,0,-107213,5.63,5.30,4.15,N,29.38,2.47,-34.88,-34.88
2026-09-21T10:55:24,224060,더코디,5290.0,-3.64,917292,0,-21604,0.00,17.77,0.00,N,1.12,0.23,-58.51,-58.51
2026-09-21T10:55:25,314130,지놈앤컴퍼니,3945.0,16.2,1016286,0,151169,2.82,1.94,0.23,N,-22.94,1.64,-61.25,-61.25
2026-09-21T10:55:26,200470,에이팩트,8030.0,10.91,1172708,0,-34075,3.66,2.68,0.39,N,-6.71,6.16,-38.70,-38.70
2026-09-21T10:55:27,950250,테라뷰,3450.0,15.0,1286298,0,0,0.00,3.60,0.33,N,-12.73,3.85,-83.41,-83.41
2026-09-21T10:55:27,086960,MDS테크,2190.0,10.72,2513355,0,-378256,2.49,5.91,0.94,N,9.91,0.61,-46.19,-51.91
2026-09-21T10:55:28,310210,보로노이,154200.0,16.82,90676,0,2237,5.87,0.49,0.65,N,-66.38,27.03,-58.93,-58.93
2026-09-21T10:55:29,092780,DYP,3715.0,-9.39,929806,0,-107677,2.43,7.06,0.28,N,6.28,0.33,-63.76,-63.76
2026-09-21T10:55:30,092600,앤씨앤,3835.0,4.5,1555240,0,-179587,5.03,31.00,0.00,N,1.54,0.48,-40.45,-60.61
2026-09-21T10:55:31,001520,동양,1264.0,-6.58,7304676,0,-686144,2.89,6.82,0.30,N,7.52,0.17,-14.71,-52.48
2026-09-21T10:55:32,389470,인벤티지랩,26800.0,5.3,254003,0,-98522,11.99,1.91,0.02,N,-35.08,5.19,-73.65,-73.65
2026-09-21T10:55:33,340810,시선AI,4435.0,6.87,1088030,0,40586,4.84,7.80,0.00,N,-3.48,3.94,-13.04,-13.04
2026-09-21T10:55:34,493280,아이엠바이오로직스,13550.0,-13.75,369081,0,-67995,3.50,2.49,0.71,N,0.00,0.00,-86.97,-86.97
2026-09-21T10:55:35,0161M0,네오사피엔스,27300.0,173.0,13806892,80622,0,0.66,113.02,0.00,N,0.00,0.00,-11.07,-11.07
2026-09-21T10:55:36,0015N0,아로마티카,12730.0,-6.19,349737,0,17841,2.98,2.78,1.81,N,29.33,6.98,-59.59,-59.59
2026-09-21T10:55:37,100590,머큐리,5050.0,2.23,1340674,0,-58803,2.03,7.82,1.42,N,-32.37,0.57,-60.39,-60.39
2026-09-21T10:55:37,053690,한미글로벌,21600.0,-2.48,266247,0,11037,2.96,2.43,3.42,N,12.77,1.01,-37.84,-37.84
2026-09-21T11:05:10,007460,에이프로젠,2030.0,1.6,45520,0,-7790,0.00,0.18,0.01,N,-0.61,0.02,-73.97,-87.49
2026-09-21T11:05:11,003060,에이프로젠바이오로직스,1607.0,-1.47,59402,0,-1884,0.00,0.37,0.00,N,-0.12,0.10,-74.77,-85.45
2026-09-21T11:05:12,417030,니어스랩,33950.0,8.64,574094,0,113832,9.19,9.94,0.00,N,-8.20,-0.74,-19.17,-19.17
2026-09-21T11:05:13,127120,제이에스링크,33550.0,3.23,178989,0,2995,3.82,0.48,0.00,N,-55.82,15.63,-32.77,-32.77
2026-09-21T11:05:14,115180,큐리언트,22550.0,5.37,33076,0,3981,3.11,0.09,0.00,N,-26.69,24.94,-64.15,-64.15
2026-09-21T11:05:15,033170,시그네틱스,2795.0,30.0,1147860,0,-29791,1.38,6.69,0.00,N,-2.62,0.92,0.00,-52.75
2026-09-21T11:05:16,223250,드림씨아이에스,3985.0,27.11,2584733,0,-54322,50.11,10.51,1.67,N,13.33,1.24,-53.88,-53.88
2026-09-21T11:05:17,386380,스카이랩스,25250.0,29.89,8531606,0,291949,0.35,45.47,0.00,N,0.00,0.00,-35.83,-35.83
2026-09-21T11:05:18,036540,SFA반도체,11050.0,22.51,17550534,0,973128,8.60,10.67,0.86,N,-95.26,3.83,-5.07,-5.07
2026-09-21T11:05:19,240550,동방메디컬,7030.0,20.58,3144475,0,-32254,1.19,15.02,1.94,N,12.29,1.19,-38.55,-38.55
2026-09-21T11:05:20,232140,와이씨,14000.0,17.55,7008864,0,606820,5.34,8.54,2.69,N,59.57,3.12,-42.03,-42.03
2026-09-21T11:05:21,067310,하나마이크론,44800.0,15.91,4648645,0,710949,18.23,6.99,3.49,N,77.91,7.46,-23.42,-23.42
2026-09-21T11:05:22,078350,한양디지텍,28950.0,13.31,825722,0,-107376,5.63,5.42,4.15,N,29.48,2.48,-34.65,-34.65
2026-09-21T11:05:23,003160,디아이,35900.0,14.33,1278212,0,293809,14.43,4.52,3.17,N,199.44,5.71,-13.91,-13.91
2026-09-21T11:05:24,380550,뉴로핏,7950.0,15.72,533267,0,-71104,6.54,4.37,0.08,N,-3.68,4.75,-78.34,-78.34
2026-09-21T11:05:25,348080,큐라티스,4885.0,7.6,702698,0,-575,0.56,5.48,0.00,N,-8.29,13.84,-20.44,-62.35
2026-09-21T11:05:27,200470,에이팩트,8050.0,11.19,1208988,0,-19049,3.66,2.76,0.39,N,-6.73,6.17,-38.55,-38.55
2026-09-21T11:05:28,314130,지놈앤컴퍼니,3925.0,15.61,1047010,0,141373,2.82,2.00,0.23,N,-22.82,1.63,-61.44,-61.44
2026-09-21T11:05:29,224060,더코디,5200.0,-5.28,955179,0,-18916,0.00,18.51,0.00,N,1.10,0.22,-59.22,-59.22
2026-09-21T11:05:30,086960,MDS테크,2200.0,11.22,2843822,0,-453267,2.49,6.69,0.94,N,9.95,0.61,-45.95,-51.69
2026-09-21T11:05:31,950250,테라뷰,3415.0,13.83,1308929,0,0,0.00,3.67,0.33,N,-12.60,3.82,-83.58,-83.58
2026-09-21T11:05:32,092780,DYP,3720.0,-9.27,947166,0,-109524,2.43,7.19,0.28,N,6.28,0.33,-63.71,-63.71
2026-09-21T11:05:33,092600,앤씨앤,3855.0,5.04,1587854,0,-168625,5.03,31.65,0.00,N,1.55,0.48,-40.14,-60.40
2026-09-21T11:05:34,001520,동양,1256.0,-7.17,7476803,0,-688073,2.89,6.98,0.30,N,7.48,0.16,-15.25,-52.78
2026-09-21T11:05:35,389470,인벤티지랩,26600.0,4.52,262882,0,-100314,11.99,1.98,0.02,N,-34.82,5.15,-73.84,-73.84
2026-09-21T11:05:36,340810,시선AI,4460.0,7.47,1100563,0,38360,4.84,7.89,0.00,N,-3.50,3.96,-12.55,-12.55
2026-09-21T11:05:36,0161M0,네오사피엔스,26900.0,169.0,14000452,80622,0,0.66,114.61,0.00,N,0.00,0.00,-12.38,-12.38
2026-09-21T11:05:37,0015N0,아로마티카,12660.0,-6.71,373485,0,16713,2.98,2.97,1.81,N,29.17,6.94,-59.81,-59.81
2026-09-21T11:05:38,217590,티엠씨,14460.0,-0.62,2019221,0,-124008,4.70,8.38,3.63,N,-657.27,3.11,-62.64,-62.64
2026-09-21T11:05:39,493280,아이엠바이오로직스,13690.0,-12.86,381183,0,-68230,3.50,2.57,0.71,N,0.00,0.00,-86.84,-86.84
2026-09-21T11:05:40,053690,한미글로벌,21600.0,-2.48,278348,0,12903,2.96,2.54,3.42,N,12.77,1.01,-37.84,-37.84
2026-09-21T11:05:41,100590,머큐리,5060.0,2.43,1358203,0,-62112,2.03,7.92,1.42,N,-32.44,0.57,-60.31,-60.31
2026-09-21T11:15:12,007460,에이프로젠,2050.0,2.6,54773,0,-37,0.00,0.22,0.01,N,-0.62,0.02,-73.72,-87.37
2026-09-21T11:15:13,003060,에이프로젠바이오로직스,1614.0,-1.04,62667,0,-589,0.00,0.39,0.00,N,-0.13,0.10,-74.66,-85.38
2026-09-21T11:15:14,417030,니어스랩,33500.0,7.2,591811,0,114197,9.19,10.24,0.00,N,-8.09,-0.73,-20.24,-20.24
2026-09-21T11:15:15,127120,제이에스링크,33150.0,2.0,184297,0,547,3.82,0.50,0.00,N,-55.16,15.44,-33.57,-33.57
2026-09-21T11:15:16,115180,큐리언트,22550.0,5.37,35571,0,3815,3.11,0.09,0.00,N,-26.69,24.94,-64.15,-64.15
2026-09-21T11:15:17,033170,시그네틱스,2795.0,30.0,1172340,0,-27020,1.38,6.84,0.00,N,-2.62,0.92,0.00,-52.75
2026-09-21T11:15:18,386380,스카이랩스,25250.0,29.89,8773703,0,268641,0.35,46.76,0.00,N,0.00,0.00,-35.83,-35.83
2026-09-21T11:15:19,223250,드림씨아이에스,3890.0,24.08,2701562,0,-44428,50.11,10.98,1.67,N,13.01,1.21,-54.98,-54.98
2026-09-21T11:15:20,036540,SFA반도체,10890.0,20.73,18287582,0,925065,8.60,11.12,0.86,N,-93.88,3.78,-6.44,-6.44
2026-09-21T11:15:21,240550,동방메디컬,7030.0,20.58,3530945,0,-36474,1.19,16.87,1.94,N,12.29,1.19,-38.55,-38.55
2026-09-21T11:15:22,437730,삼현,57700.0,15.17,1714296,0,109602,1.17,5.41,1.30,N,175.91,13.84,-24.97,-24.97
2026-09-21T11:15:23,950250,테라뷰,3600.0,20.0,1444757,0,0,0.00,4.05,0.33,N,-13.28,4.02,-82.69,-82.69
2026-09-21T11:15:24,382150,온코크로스,4000.0,19.4,795730,0,22687,1.75,6.10,0.13,N,-5.35,3.60,-72.39,-72.39
2026-09-21T11:15:25,232140,와이씨,13900.0,16.71,7173309,0,619915,5.34,8.74,2.69,N,59.15,3.10,-42.44,-42.44
2026-09-21T11:15:26,380550,뉴로핏,7980.0,16.16,600772,0,-94854,6.54,4.92,0.08,N,-3.69,4.77,-78.26,-78.26
2026-09-21T11:15:27,067310,하나마이크론,44700.0,15.65,4717805,0,726519,18.23,7.10,3.49,N,77.74,7.44,-23.59,-23.59
2026-09-21T11:15:28,078350,한양디지텍,28750.0,12.52,844424,0,-106839,5.63,5.54,4.15,N,29.28,2.47,-35.10,-35.10
2026-09-21T11:15:29,003160,디아이,35550.0,13.22,1307288,0,301360,14.43,4.62,3.17,N,197.50,5.65,-14.75,-14.75
2026-09-21T11:15:30,314130,지놈앤컴퍼니,3945.0,16.2,1065695,0,143509,2.82,2.04,0.23,N,-22.94,1.64,-61.25,-61.25
2026-09-21T11:15:31,086960,MDS테크,2205.0,11.48,2976934,0,-454785,2.49,7.00,0.94,N,9.98,0.61,-45.82,-51.58
2026-09-21T11:15:32,224060,더코디,5230.0,-4.74,980219,0,-21892,0.00,18.99,0.00,N,1.11,0.23,-58.98,-58.98
2026-09-21T11:15:33,200470,에이팩트,8010.0,10.64,1232269,0,-19361,3.66,2.81,0.39,N,-6.69,6.14,-38.85,-38.85
2026-09-21T11:15:34,348080,큐라티스,4765.0,4.96,768532,0,-16646,0.56,5.99,0.00,N,-8.09,13.50,-22.39,-63.28
2026-09-21T11:15:35,092780,DYP,3725.0,-9.15,951945,0,-110749,2.43,7.23,0.28,N,6.29,0.33,-63.66,-63.66
2026-09-21T11:15:36,092600,앤씨앤,3785.0,3.13,1597240,0,-170779,5.03,31.84,0.00,N,1.52,0.47,-41.23,-61.12
2026-09-21T11:15:37,001520,동양,1256.0,-7.17,7558238,0,-694422,2.89,7.06,0.30,N,7.48,0.16,-15.25,-52.78
2026-09-21T11:15:38,389470,인벤티지랩,26550.0,4.32,267924,0,-102657,11.99,2.01,0.02,N,-34.75,5.14,-73.89,-73.89
2026-09-21T11:15:39,340810,시선AI,4455.0,7.35,1106387,0,42408,4.84,7.93,0.00,N,-3.50,3.96,-12.65,-12.65
2026-09-21T11:15:40,0161M0,네오사피엔스,27100.0,171.0,14210392,80622,0,0.66,116.33,0.00,N,0.00,0.00,-11.73,-11.73
2026-09-21T11:15:41,0015N0,아로마티카,12600.0,-7.15,400002,0,24987,2.98,3.18,1.81,N,29.03,6.90,-60.00,-60.00
2026-09-21T11:15:42,493280,아이엠바이오로직스,13600.0,-13.43,391167,0,-69423,3.50,2.64,0.71,N,0.00,0.00,-86.92,-86.92
2026-09-21T11:15:43,100590,머큐리,5030.0,1.82,1373657,0,-66993,2.03,8.01,1.42,N,-32.24,0.57,-60.55,-60.55
2026-09-21T11:15:44,217590,티엠씨,14500.0,-0.34,2036011,0,-125153,4.70,8.45,3.63,N,-659.09,3.12,-62.53,-62.53
2026-09-21T11:25:09,007460,에이프로젠,2060.0,3.1,56724,0,36,0.00,0.23,0.01,N,-0.62,0.02,-73.59,-87.31
2026-09-21T11:25:10,003060,에이프로젠바이오로직스,1616.0,-0.92,66359,0,678,0.00,0.41,0.00,N,-0.13,0.10,-74.63,-85.37
2026-09-21T11:25:11,417030,니어스랩,33500.0,7.2,594627,0,115183,9.19,10.29,0.00,N,-8.09,-0.73,-20.24,-20.24
2026-09-21T11:25:12,127120,제이에스링크,33600.0,3.38,187613,0,-23,3.82,0.51,0.00,N,-55.91,15.65,-32.67,-32.67
2026-09-21T11:25:13,115180,큐리언트,22450.0,4.91,37141,0,3622,3.11,0.10,0.00,N,-26.57,24.83,-64.31,-64.31
2026-09-21T11:25:14,033170,시그네틱스,2795.0,30.0,1177450,0,-27031,1.38,6.87,0.00,N,-2.62,0.92,0.00,-52.75
2026-09-21T11:25:15,386380,스카이랩스,25250.0,29.89,8785026,0,268641,0.35,46.82,0.00,N,0.00,0.00,-35.83,-35.83
2026-09-21T11:25:16,223250,드림씨아이에스,3855.0,22.97,2822382,0,-27699,50.11,11.47,1.67,N,12.89,1.20,-55.38,-55.38
2026-09-21T11:25:17,950250,테라뷰,3765.0,25.5,1779480,0,0,0.00,4.98,0.33,N,-13.89,4.21,-81.90,-81.90
2026-09-21T11:25:18,240550,동방메디컬,7100.0,21.78,3770019,0,-60461,1.19,18.01,1.94,Y,12.41,1.20,-37.94,-37.94
2026-09-21T11:25:19,036540,SFA반도체,10850.0,20.29,18862431,0,1029969,8.60,11.47,0.86,N,-93.53,3.76,-6.79,-6.79
2026-09-21T11:25:20,437730,삼현,58000.0,15.77,1859530,0,113825,1.17,5.86,1.30,N,176.83,13.92,-24.58,-24.58
2026-09-21T11:25:21,232140,와이씨,13950.0,17.13,7343637,0,635164,5.34,8.95,2.69,N,59.36,3.11,-42.24,-42.24
2026-09-21T11:25:22,380550,뉴로핏,8010.0,16.59,674907,0,-117476,6.54,5.53,0.08,N,-3.70,4.79,-78.17,-78.17
2026-09-21T11:25:23,314130,지놈앤컴퍼니,3975.0,17.08,1151564,0,152209,2.82,2.20,0.23,N,-23.11,1.65,-60.95,-60.95
2026-09-21T11:25:23,224060,더코디,5340.0,-2.73,1005368,0,-21942,0.00,19.48,0.00,N,1.13,0.23,-58.12,-58.12
2026-09-21T11:25:24,067310,하나마이크론,44200.0,14.36,4820737,0,744814,18.23,7.25,3.49,N,76.87,7.36,-24.44,-24.44
2026-09-21T11:25:25,078350,한양디지텍,28550.0,11.74,858377,0,-105618,5.63,5.63,4.15,N,29.07,2.45,-35.55,-35.55
2026-09-21T11:25:26,003160,디아이,35450.0,12.9,1337324,0,313796,14.43,4.73,3.17,N,196.94,5.64,-14.99,-14.99
2026-09-21T11:25:27,086960,MDS테크,2215.0,11.98,3105667,0,-483897,2.49,7.30,0.94,N,10.02,0.61,-45.58,-51.36
2026-09-21T11:25:28,348080,큐라티스,4835.0,6.5,815715,0,-21297,0.56,6.36,0.00,N,-8.21,13.70,-21.25,-62.74
2026-09-21T11:25:29,200470,에이팩트,7980.0,10.22,1271064,0,-3385,3.66,2.90,0.39,N,-6.67,6.12,-39.08,-39.08
2026-09-21T11:25:30,092780,DYP,3755.0,-8.41,958973,0,-114076,2.43,7.28,0.28,N,6.34,0.33,-63.37,-63.37
2026-09-21T11:25:31,092600,앤씨앤,3685.0,0.41,1658510,0,-181879,5.03,33.06,0.00,N,1.48,0.46,-42.78,-62.15
2026-09-21T11:25:32,001520,동양,1254.0,-7.32,7669499,0,-712372,2.89,7.16,0.30,N,7.46,0.16,-15.38,-52.86
2026-09-21T11:25:32,389470,인벤티지랩,26300.0,3.34,273711,0,-105019,11.99,2.06,0.02,N,-34.42,5.09,-74.14,-74.14
2026-09-21T11:25:33,340810,시선AI,4365.0,5.18,1145380,0,28407,4.84,8.21,0.00,N,-3.43,3.88,-14.41,-14.41
2026-09-21T11:25:34,0161M0,네오사피엔스,26800.0,168.0,14392961,80622,0,0.66,117.82,0.00,N,0.00,0.00,-12.70,-12.70
2026-09-21T11:25:35,382150,온코크로스,3725.0,11.19,933325,0,5838,1.75,7.15,0.13,N,-4.99,3.35,-74.29,-74.29
2026-09-21T11:25:36,493280,아이엠바이오로직스,13620.0,-13.3,397855,0,-69551,3.50,2.68,0.71,N,0.00,0.00,-86.90,-86.90
2026-09-21T11:25:37,0015N0,아로마티카,12780.0,-5.82,411992,0,24952,2.98,3.28,1.81,N,29.45,7.00,-59.43,-59.43
2026-09-21T11:25:38,100590,머큐리,5040.0,2.02,1384964,0,-71481,2.03,8.08,1.42,N,-32.31,0.57,-60.47,-60.47
2026-09-21T11:35:10,007460,에이프로젠,2055.0,2.85,60735,0,-260,0.00,0.24,0.01,N,-0.62,0.02,-73.65,-87.34
2026-09-21T11:35:11,003060,에이프로젠바이오로직스,1615.0,-0.98,68152,0,747,0.00,0.42,0.00,N,-0.13,0.10,-74.65,-85.38
2026-09-21T11:35:12,417030,니어스랩,33350.0,6.72,596638,0,115240,9.19,10.33,0.00,N,-8.05,-0.73,-20.60,-20.60
2026-09-21T11:35:14,127120,제이에스링크,33250.0,2.31,190066,0,-2010,3.82,0.51,0.00,N,-55.32,15.49,-33.37,-33.37
2026-09-21T11:35:14,115180,큐리언트,22400.0,4.67,38621,0,3665,3.11,0.10,0.00,N,-26.51,24.78,-64.39,-64.39
2026-09-21T11:35:15,033170,시그네틱스,2795.0,30.0,1179647,0,-27036,1.38,6.88,0.00,N,-2.62,0.92,0.00,-52.75
2026-09-21T11:35:17,386380,스카이랩스,25250.0,29.89,8795010,0,268641,0.35,46.88,0.00,N,0.00,0.00,-35.83,-35.83
2026-09-21T11:35:17,223250,드림씨아이에스,3820.0,21.85,2918920,0,-47984,50.11,11.87,1.67,N,12.78,1.19,-55.79,-55.79
2026-09-21T11:35:18,240550,동방메디컬,7170.0,22.98,4201450,0,-98992,1.19,20.07,1.94,N,12.53,1.21,-37.33,-37.33
2026-09-21T11:35:19,348080,큐라티스,5210.0,14.76,1037698,0,-11209,0.56,8.09,0.00,N,-8.85,14.76,-15.15,-59.85
2026-09-21T11:35:20,036540,SFA반도체,10830.0,20.07,19164784,0,1033710,8.60,11.65,0.86,N,-93.36,3.76,-6.96,-6.96
2026-09-21T11:35:21,437730,삼현,59000.0,17.76,2056512,0,105130,1.17,6.49,1.30,N,179.88,14.16,-23.28,-23.28
2026-09-21T11:35:23,950250,테라뷰,3655.0,21.83,2021580,0,0,0.00,5.66,0.33,N,-13.49,4.08,-82.43,-82.43
2026-09-21T11:35:24,232140,와이씨,13820.0,16.04,7510893,0,604304,5.34,9.15,2.69,N,58.81,3.08,-42.77,-42.77
2026-09-21T11:35:24,380550,뉴로핏,7950.0,15.72,722036,0,-128367,6.54,5.92,0.08,N,-3.68,4.75,-78.34,-78.34
2026-09-21T11:35:25,314130,지놈앤컴퍼니,3985.0,17.38,1204058,0,149317,2.82,2.30,0.23,N,-23.17,1.66,-60.85,-60.85
2026-09-21T11:35:26,224060,더코디,5280.0,-3.83,1017447,0,-22129,0.00,19.72,0.00,N,1.12,0.23,-58.59,-58.59
2026-09-21T11:35:27,086960,MDS테크,2215.0,11.98,3279911,0,-509099,2.49,7.71,0.94,N,10.02,0.61,-45.58,-51.36
2026-09-21T11:35:28,003160,디아이,35450.0,12.9,1359712,0,322591,14.43,4.80,3.17,N,196.94,5.64,-14.99,-14.99
2026-09-21T11:35:29,078350,한양디지텍,28550.0,11.74,873318,0,-101477,5.63,5.73,4.15,N,29.07,2.45,-35.55,-35.55
2026-09-21T11:35:31,067310,하나마이크론,44050.0,13.97,4931082,0,757322,18.23,7.42,3.49,N,76.61,7.33,-24.70,-24.70
2026-09-21T11:35:32,200470,에이팩트,7970.0,10.08,1288145,0,-3315,3.66,2.94,0.39,N,-6.66,6.11,-39.16,-39.16
2026-09-21T11:35:33,092780,DYP,3750.0,-8.54,962517,0,-114775,2.43,7.31,0.28,N,6.33,0.33,-63.41,-63.41
2026-09-21T11:35:34,092600,앤씨앤,3665.0,-0.14,1719898,0,-189103,5.03,34.28,0.00,N,1.47,0.46,-43.09,-62.35
2026-09-21T11:35:35,001520,동양,1247.0,-7.83,7742341,0,-714070,2.89,7.23,0.30,N,7.42,0.16,-15.86,-53.12
2026-09-21T11:35:36,340810,시선AI,4310.0,3.86,1172739,0,26315,4.84,8.41,0.00,N,-3.38,3.83,-15.49,-15.49
2026-09-21T11:35:37,389470,인벤티지랩,26500.0,4.13,278343,0,-104132,11.99,2.09,0.02,N,-34.69,5.13,-73.94,-73.94
2026-09-21T11:35:38,382150,온코크로스,3705.0,10.6,948373,0,7429,1.75,7.27,0.13,N,-4.96,3.33,-74.43,-74.43
2026-09-21T11:35:39,0161M0,네오사피엔스,26900.0,169.0,14593160,80622,0,0.66,119.46,0.00,N,0.00,0.00,-12.38,-12.38
2026-09-21T11:35:40,0015N0,아로마티카,12680.0,-6.56,423112,0,18539,2.98,3.36,1.81,N,29.22,6.95,-59.75,-59.75
2026-09-21T11:35:40,493280,아이엠바이오로직스,13660.0,-13.05,405531,0,-70297,3.50,2.73,0.71,N,0.00,0.00,-86.87,-86.87
2026-09-21T11:45:09,007460,에이프로젠,2050.0,2.6,62757,0,-229,0.00,0.25,0.01,N,-0.62,0.02,-73.72,-87.37
2026-09-21T11:45:10,003060,에이프로젠바이오로직스,1610.0,-1.29,73342,0,1684,0.00,0.45,0.00,N,-0.13,0.10,-74.73,-85.42
2026-09-21T11:45:11,417030,니어스랩,33600.0,7.52,601604,0,115605,9.19,10.41,0.00,N,-8.11,-0.73,-20.00,-20.00
2026-09-21T11:45:12,127120,제이에스링크,33200.0,2.15,190764,0,-2252,3.82,0.51,0.00,N,-55.24,15.46,-33.47,-33.47
2026-09-21T11:45:13,115180,큐리언트,22500.0,5.14,39764,0,3576,3.11,0.11,0.00,N,-26.63,24.89,-64.23,-64.23
2026-09-21T11:45:14,033170,시그네틱스,2795.0,30.0,1182026,0,-27049,1.38,6.89,0.00,N,-2.62,0.92,0.00,-52.75
2026-09-21T11:45:15,386380,스카이랩스,25250.0,29.89,8802249,0,268641,0.35,46.92,0.00,N,0.00,0.00,-35.83,-35.83
2026-09-21T11:45:16,223250,드림씨아이에스,3835.0,22.33,2973340,0,-50012,50.11,12.09,1.67,N,12.83,1.19,-55.61,-55.61
2026-09-21T11:45:17,240550,동방메디컬,7190.0,23.33,4685534,0,-147823,1.19,22.38,1.94,N,12.57,1.22,-37.15,-37.15
2026-09-21T11:45:18,437730,삼현,59000.0,17.76,2206505,0,87597,1.17,6.96,1.30,N,179.88,14.16,-23.28,-23.28
2026-09-21T11:45:19,950250,테라뷰,3680.0,22.67,2113810,0,0,0.00,5.92,0.33,N,-13.58,4.11,-82.31,-82.31
2026-09-21T11:45:20,036540,SFA반도체,10700.0,18.63,19787903,0,1118433,8.60,12.03,0.86,N,-92.24,3.71,-8.08,-8.08
2026-09-21T11:45:21,314130,지놈앤컴퍼니,3995.0,17.67,1227175,0,150430,2.82,2.35,0.23,N,-23.23,1.66,-60.76,-60.76
2026-09-21T11:45:22,086960,MDS테크,2260.0,14.26,3545798,0,-550905,2.49,8.34,0.94,N,10.23,0.63,-44.47,-50.37
2026-09-21T11:45:23,232140,와이씨,13740.0,15.37,7609861,0,593420,5.34,9.28,2.69,N,58.47,3.06,-43.11,-43.11
2026-09-21T11:45:24,224060,더코디,5340.0,-2.73,1026522,0,-22130,0.00,19.89,0.00,N,1.13,0.23,-58.12,-58.12
2026-09-21T11:45:25,348080,큐라티스,4860.0,7.05,1320784,0,-39880,0.56,10.30,0.00,N,-8.25,13.77,-20.85,-62.54
2026-09-21T11:45:26,010580,에스엠벡셀,2875.0,15.0,6936164,0,84596,0.49,6.23,0.49,N,287.50,4.74,-17.74,-17.74
2026-09-21T11:45:27,380550,뉴로핏,7800.0,13.54,771201,0,-147020,6.54,6.32,0.08,N,-3.61,4.67,-78.75,-78.75
2026-09-21T11:45:28,003160,디아이,35450.0,12.9,1379858,0,331713,14.43,4.88,3.17,N,196.94,5.64,-14.99,-14.99
2026-09-21T11:45:29,078350,한양디지텍,28500.0,11.55,886305,0,-99330,5.63,5.81,4.15,N,29.02,2.44,-35.67,-35.67
2026-09-21T11:45:30,067310,하나마이크론,43700.0,13.07,5037386,0,772350,18.23,7.58,3.49,N,76.00,7.27,-25.30,-25.30
2026-09-21T11:45:31,200470,에이팩트,7980.0,10.22,1309503,0,2699,3.66,2.99,0.39,N,-6.67,6.12,-39.08,-39.08
2026-09-21T11:45:32,125490,한라캐스트,12880.0,6.89,2995869,0,-100109,1.77,8.21,4.26,N,110.09,4.45,-49.19,-49.19
2026-09-21T11:45:33,092780,DYP,3745.0,-8.66,966152,0,-115589,2.43,7.34,0.28,N,6.33,0.33,-63.46,-63.46
2026-09-21T11:45:34,092600,앤씨앤,3720.0,1.36,1761330,0,-185217,5.03,35.11,0.00,N,1.50,0.47,-42.24,-61.79
2026-09-21T11:45:35,001520,동양,1239.0,-8.43,7938062,0,-728983,2.89,7.41,0.30,N,7.38,0.16,-16.40,-53.42
2026-09-21T11:45:36,340810,시선AI,4330.0,4.34,1176468,0,26445,4.84,8.43,0.00,N,-3.40,3.85,-15.10,-15.10
2026-09-21T11:45:37,389470,인벤티지랩,26550.0,4.32,283194,0,-104368,11.99,2.13,0.02,N,-34.75,5.14,-73.89,-73.89
2026-09-21T11:45:38,456070,이엔셀,5970.0,-9.82,508878,0,-69759,2.41,4.61,0.81,N,-3.74,1.33,-71.50,-71.50
2026-09-21T11:45:39,382150,온코크로스,3735.0,11.49,954906,0,4929,1.75,7.32,0.13,N,-5.00,3.36,-74.22,-74.22
2026-09-21T11:45:40,0161M0,네오사피엔스,27200.0,172.0,14676163,80622,0,0.66,120.14,0.00,N,0.00,0.00,-11.40,-11.40
2026-09-21T11:45:41,0015N0,아로마티카,12600.0,-7.15,429255,0,16833,2.98,3.41,1.81,N,29.03,6.90,-60.00,-60.00
2026-09-21T11:55:11,007460,에이프로젠,2045.0,2.35,63849,0,-354,0.00,0.26,0.01,N,-0.62,0.02,-73.78,-87.40
2026-09-21T11:55:12,003060,에이프로젠바이오로직스,1611.0,-1.23,73450,0,1684,0.00,0.45,0.00,N,-0.13,0.10,-74.71,-85.41
2026-09-21T11:55:13,417030,니어스랩,33400.0,6.88,605219,0,113763,9.19,10.48,0.00,N,-8.06,-0.73,-20.48,-20.48
2026-09-21T11:55:14,127120,제이에스링크,32950.0,1.38,192855,0,-2766,3.82,0.52,0.00,N,-54.83,15.35,-33.97,-33.97
2026-09-21T11:55:15,115180,큐리언트,22400.0,4.67,40537,0,3193,3.11,0.11,0.00,N,-26.51,24.78,-64.39,-64.39
2026-09-21T11:55:16,033170,시그네틱스,2795.0,30.0,1183717,0,-27061,1.38,6.90,0.00,N,-2.62,0.92,0.00,-52.75
2026-09-21T11:55:17,386380,스카이랩스,25250.0,29.89,8828527,0,273981,0.35,47.06,0.00,N,0.00,0.00,-35.83,-35.83
2026-09-21T11:55:18,223250,드림씨아이에스,3847.0,22.71,2998856,0,-52342,50.11,12.19,1.67,N,12.87,1.20,-55.47,-55.47
2026-09-21T11:55:19,950250,테라뷰,3685.0,22.83,2169232,0,0,0.00,6.08,0.33,N,-13.60,4.12,-82.28,-82.28
2026-09-21T11:55:20,036540,SFA반도체,10730.0,18.96,20123733,0,1165404,8.60,12.24,0.86,N,-92.50,3.72,-7.82,-7.82
2026-09-21T11:55:21,437730,삼현,58100.0,15.97,2299052,0,93019,1.17,7.25,1.30,N,177.13,13.94,-24.45,-24.45
2026-09-21T11:55:22,240550,동방메디컬,6900.0,18.35,5332829,0,-183115,1.19,25.47,1.94,N,12.06,1.17,-39.69,-39.69
2026-09-21T11:55:22,086960,MDS테크,2275.0,15.02,3976171,0,-574392,2.49,9.35,0.94,N,10.29,0.63,-44.10,-50.04
2026-09-21T11:55:23,314130,지놈앤컴퍼니,4025.0,18.56,1244095,0,153579,2.82,2.38,0.23,N,-23.40,1.68,-60.46,-60.46
2026-09-21T11:55:24,232140,와이씨,13800.0,15.87,7690573,0,583279,5.34,9.37,2.69,N,58.72,3.07,-42.86,-42.86
2026-09-21T11:55:25,078350,한양디지텍,28850.0,12.92,898048,0,-99472,5.63,5.89,4.15,N,29.38,2.47,-34.88,-34.88
2026-09-21T11:55:26,010580,에스엠벡셀,2835.0,13.4,8377344,0,-13,0.49,7.53,0.49,N,283.50,4.68,-18.88,-18.88
2026-09-21T11:55:27,067310,하나마이크론,44100.0,14.1,5114007,0,765566,18.23,7.69,3.49,N,76.70,7.34,-24.62,-24.62
2026-09-21T11:55:28,003160,디아이,35200.0,12.1,1397641,0,337786,14.43,4.94,3.17,N,195.56,5.60,-15.59,-15.59
2026-09-21T11:55:29,224060,더코디,5240.0,-4.55,1035065,0,-22128,0.00,20.06,0.00,N,1.11,0.23,-58.90,-58.90
2026-09-21T11:55:30,200470,에이팩트,7980.0,10.22,1324365,0,-3792,3.66,3.02,0.39,N,-6.67,6.12,-39.08,-39.08
2026-09-21T11:55:31,475830,오름테라퓨틱,29050.0,-22.33,3023986,0,-44938,7.09,13.90,0.79,Y,-14.41,4.71,-80.18,-80.18
2026-09-21T11:55:31,348080,큐라티스,4785.0,5.4,1398075,0,-44897,0.56,10.90,0.00,N,-8.12,13.56,-22.07,-63.12
2026-09-21T11:55:32,092780,DYP,3745.0,-8.66,967695,0,-115789,2.43,7.35,0.28,N,6.33,0.33,-63.46,-63.46
2026-09-21T11:55:33,092600,앤씨앤,3640.0,-0.82,1800817,0,-190695,5.03,35.90,0.00,N,1.46,0.46,-43.48,-62.61
2026-09-21T11:55:34,001520,동양,1222.0,-9.68,8177324,0,-759451,2.89,7.63,0.30,N,7.27,0.16,-17.54,-54.06
2026-09-21T11:55:35,389470,인벤티지랩,26250.0,3.14,287899,0,-106818,11.99,2.16,0.02,N,-34.36,5.08,-74.19,-74.19
2026-09-21T11:55:36,340810,시선AI,4320.0,4.1,1195409,0,19149,4.84,8.57,0.00,N,-3.39,3.84,-15.29,-15.29
2026-09-21T11:55:37,456070,이엔셀,5970.0,-9.82,511837,0,-71228,2.41,4.64,0.81,N,-3.74,1.33,-71.50,-71.50
2026-09-21T11:55:38,382150,온코크로스,3700.0,10.45,958403,0,5160,1.75,7.35,0.13,N,-4.95,3.33,-74.47,-74.47
2026-09-21T11:55:39,380550,뉴로핏,7570.0,10.19,813917,0,-146006,6.54,6.67,0.08,Y,-3.50,4.53,-79.37,-79.37
2026-09-21T11:55:40,0161M0,네오사피엔스,27150.0,171.5,14860920,80622,0,0.66,121.65,0.00,N,0.00,0.00,-11.56,-11.56
2026-09-21T11:55:40,0015N0,아로마티카,12590.0,-7.22,436872,0,17026,2.98,3.47,1.81,N,29.01,6.90,-60.03,-60.03
2026-09-21T12:05:09,007460,에이프로젠,2050.0,2.6,63969,0,-255,0.00,0.26,0.01,N,-0.62,0.02,-73.72,-87.37
2026-09-21T12:05:10,003060,에이프로젠바이오로직스,1609.0,-1.35,73569,0,1689,0.00,0.45,0.00,N,-0.12,0.10,-74.74,-85.43
2026-09-21T12:05:11,417030,니어스랩,33600.0,7.52,607525,0,114083,9.19,10.52,0.00,N,-8.11,-0.73,-20.00,-20.00
2026-09-21T12:05:12,127120,제이에스링크,33150.0,2.0,194068,0,-2910,3.82,0.52,0.00,N,-55.16,15.44,-33.57,-33.57
2026-09-21T12:05:13,115180,큐리언트,22400.0,4.67,42366,0,2094,3.11,0.11,0.00,N,-26.51,24.78,-64.39,-64.39
2026-09-21T12:05:14,033170,시그네틱스,2795.0,30.0,1183745,0,-27068,1.38,6.90,0.00,N,-2.62,0.92,0.00,-52.75
2026-09-21T12:05:15,386380,스카이랩스,25250.0,29.89,8834205,0,273981,0.35,47.09,0.00,N,0.00,0.00,-35.83,-35.83
2026-09-21T12:05:16,223250,드림씨아이에스,3870.0,23.44,3166799,0,-27320,50.11,12.87,1.67,N,12.94,1.21,-55.21,-55.21
2026-09-21T12:05:16,036540,SFA반도체,10720.0,18.85,20485945,0,1171210,8.60,12.46,0.86,N,-92.41,3.72,-7.90,-7.90
2026-09-21T12:05:17,950250,테라뷰,3640.0,21.33,2218582,0,0,0.00,6.22,0.33,N,-13.43,4.07,-82.50,-82.50
2026-09-21T12:05:18,314130,지놈앤컴퍼니,4070.0,19.88,1276330,0,144715,2.82,2.44,0.23,N,-23.66,1.69,-60.02,-60.02
2026-09-21T12:05:19,437730,삼현,57800.0,15.37,2377296,0,86337,1.17,7.50,1.30,N,176.22,13.87,-24.84,-24.84
2026-09-21T12:05:20,232140,와이씨,13830.0,16.12,7773664,0,568872,5.34,9.47,2.69,N,58.85,3.08,-42.73,-42.73
2026-09-21T12:05:21,078350,한양디지텍,28850.0,12.92,905777,0,-102284,5.63,5.94,4.15,N,29.38,2.47,-34.88,-34.88
2026-09-21T12:05:22,0161M0,네오사피엔스,28700.0,187.0,15666202,80622,0,0.66,128.24,0.00,N,0.00,0.00,-6.51,-6.51
2026-09-21T12:05:23,086960,MDS테크,2235.0,12.99,4327392,0,-594281,2.49,10.18,0.94,N,10.11,0.62,-45.09,-50.92
2026-09-21T12:05:24,224060,더코디,5300.0,-3.46,1039496,0,-21771,0.00,20.14,0.00,N,1.13,0.23,-58.43,-58.43
2026-09-21T12:05:25,003160,디아이,35400.0,12.74,1426583,0,351857,14.43,5.04,3.17,N,196.67,5.63,-15.11,-15.11
2026-09-21T12:05:26,067310,하나마이크론,43900.0,13.58,5157516,0,760868,18.23,7.76,3.49,N,76.35,7.31,-24.96,-24.96
2026-09-21T12:05:26,240550,동방메디컬,6610.0,13.38,5773223,0,-184283,1.19,27.58,1.94,N,11.56,1.12,-42.22,-42.22
2026-09-21T12:05:27,010580,에스엠벡셀,2805.0,12.2,9321663,0,-14317,0.49,8.38,0.49,N,280.50,4.63,-19.74,-19.74
2026-09-21T12:05:28,200470,에이팩트,7960.0,9.94,1339473,0,-8868,3.66,3.06,0.39,N,-6.65,6.10,-39.24,-39.24
2026-09-21T12:05:29,092780,DYP,3725.0,-9.15,974445,0,-116821,2.43,7.40,0.28,N,6.29,0.33,-63.66,-63.66
2026-09-21T12:05:30,092600,앤씨앤,3490.0,-4.9,1847288,0,-190508,5.03,36.82,0.00,N,1.40,0.44,-45.81,-64.15
2026-09-21T12:05:31,001520,동양,1231.0,-9.02,8282694,0,-752779,2.89,7.73,0.30,N,7.33,0.16,-16.94,-53.72
2026-09-21T12:05:32,389470,인벤티지랩,26300.0,3.34,290752,0,-107752,11.99,2.18,0.02,N,-34.42,5.09,-74.14,-74.14
2026-09-21T12:05:33,340810,시선AI,4350.0,4.82,1216698,0,21779,4.84,8.72,0.00,N,-3.41,3.86,-14.71,-14.71
2026-09-21T12:05:34,382150,온코크로스,3700.0,10.45,964152,0,4932,1.75,7.39,0.13,N,-4.95,3.33,-74.47,-74.47
2026-09-21T12:05:35,456070,이엔셀,6020.0,-9.06,516059,0,-73477,2.41,4.68,0.81,N,-3.77,1.35,-71.26,-71.26
2026-09-21T12:05:35,348080,큐라티스,4725.0,4.07,1443531,0,-44833,0.56,11.25,0.00,N,-8.02,13.39,-23.05,-63.58
2026-09-21T12:05:36,0015N0,아로마티카,12560.0,-7.44,439014,0,16938,2.98,3.49,1.81,N,28.94,6.88,-60.13,-60.13
2026-09-21T12:05:37,380550,뉴로핏,7600.0,10.63,831825,0,-144054,6.54,6.82,0.08,N,-3.52,4.55,-79.29,-79.29
2026-09-21T12:05:38,007610,선도전기,4750.0,-3.94,3028141,0,-93061,3.83,16.82,0.03,N,16.16,2.26,-71.37,-71.37
2026-09-21T12:15:11,007460,에이프로젠,2050.0,2.6,67825,0,-1918,0.00,0.27,0.01,N,-0.62,0.02,-73.72,-87.37
2026-09-21T12:15:12,003060,에이프로젠바이오로직스,1609.0,-1.35,73792,0,1690,0.00,0.45,0.00,N,-0.12,0.10,-74.74,-85.43
2026-09-21T12:15:13,417030,니어스랩,33450.0,7.04,614598,0,112451,9.19,10.64,0.00,N,-8.08,-0.73,-20.36,-20.36
2026-09-21T12:15:14,127120,제이에스링크,33000.0,1.54,194883,0,-3298,3.82,0.53,0.00,N,-54.91,15.37,-33.87,-33.87
2026-09-21T12:15:15,115180,큐리언트,22300.0,4.21,43171,0,2361,3.11,0.12,0.00,N,-26.39,24.67,-64.55,-64.55
2026-09-21T12:15:16,033170,시그네틱스,2795.0,30.0,1184694,0,-27083,1.38,6.91,0.00,N,-2.62,0.92,0.00,-52.75
2026-09-21T12:15:16,386380,스카이랩스,25250.0,29.89,8841656,0,273981,0.35,47.13,0.00,N,0.00,0.00,-35.83,-35.83
2026-09-21T12:15:17,223250,드림씨아이에스,3885.0,23.92,3200588,0,-35333,50.11,13.01,1.67,N,12.99,1.21,-55.03,-55.03
2026-09-21T12:15:18,036540,SFA반도체,10790.0,19.62,20728445,0,1230784,8.60,12.60,0.86,N,-93.02,3.74,-7.30,-7.30
2026-09-21T12:15:19,0161M0,네오사피엔스,29450.0,194.5,17089276,80622,0,0.66,139.89,0.00,N,0.00,0.00,-4.07,-4.07
2026-09-21T12:15:20,437730,삼현,57600.0,14.97,2411834,0,80852,1.17,7.61,1.30,N,175.61,13.82,-25.10,-25.10
2026-09-21T12:15:21,232140,와이씨,13950.0,17.13,7941327,0,543508,5.34,9.68,2.69,N,59.36,3.11,-42.24,-42.24
2026-09-21T12:15:22,950250,테라뷰,3575.0,19.17,2305517,0,0,0.00,6.46,0.33,N,-13.19,3.99,-82.81,-82.81
2026-09-21T12:15:23,314130,지놈앤컴퍼니,4025.0,18.56,1314939,0,142739,2.82,2.51,0.23,N,-23.40,1.68,-60.46,-60.46
2026-09-21T12:15:24,086960,MDS테크,2255.0,14.0,4560448,0,-567267,2.49,10.72,0.94,N,10.20,0.62,-44.59,-50.48
2026-09-21T12:15:25,224060,더코디,5240.0,-4.55,1051077,0,-21593,0.00,20.37,0.00,N,1.11,0.23,-58.90,-58.90
2026-09-21T12:15:25,078350,한양디지텍,28700.0,12.33,916565,0,-100871,5.63,6.01,4.15,N,29.23,2.46,-35.21,-35.21
2026-09-21T12:15:26,003160,디아이,35600.0,13.38,1442821,0,356889,14.43,5.10,3.17,N,197.78,5.66,-14.63,-14.63
2026-09-21T12:15:27,067310,하나마이크론,44250.0,14.49,5209477,0,761401,18.23,7.83,3.49,N,76.96,7.37,-24.36,-24.36
2026-09-21T12:15:28,200470,에이팩트,8130.0,12.29,1422727,0,17644,3.66,3.25,0.39,N,-6.79,6.23,-37.94,-37.94
2026-09-21T12:15:29,010580,에스엠벡셀,2805.0,12.2,9776526,0,14180,0.49,8.79,0.49,N,280.50,4.63,-19.74,-19.74
2026-09-21T12:15:30,380550,뉴로핏,7630.0,11.06,842749,0,-143027,6.54,6.91,0.08,N,-3.53,4.56,-79.21,-79.21
2026-09-21T12:15:31,092780,DYP,3715.0,-9.39,984325,0,-118685,2.43,7.47,0.28,N,6.28,0.33,-63.76,-63.76
2026-09-21T12:15:32,092600,앤씨앤,3525.0,-3.95,1867741,0,-191552,5.03,37.23,0.00,N,1.42,0.44,-45.26,-63.79
2026-09-21T12:15:33,001520,동양,1227.0,-9.31,8362617,0,-763478,2.89,7.81,0.30,N,7.30,0.16,-17.21,-53.87
2026-09-21T12:15:34,389470,인벤티지랩,26200.0,2.95,295844,0,-110075,11.99,2.22,0.02,N,-34.29,5.07,-74.24,-74.24
2026-09-21T12:15:35,340810,시선AI,4335.0,4.46,1223101,0,20422,4.84,8.77,0.00,N,-3.40,3.85,-15.00,-15.00
2026-09-21T12:15:36,382150,온코크로스,3665.0,9.4,967048,0,5695,1.75,7.41,0.13,N,-4.91,3.30,-74.71,-74.71
2026-09-21T12:15:36,456070,이엔셀,6050.0,-8.61,523018,0,-76915,2.41,4.74,0.81,N,-3.79,1.35,-71.12,-71.12
2026-09-21T12:15:37,0015N0,아로마티카,12530.0,-7.66,447273,0,16520,2.98,3.56,1.81,N,28.87,6.87,-60.22,-60.22
2026-09-21T12:15:38,348080,큐라티스,4745.0,4.52,1459082,0,-47205,0.56,11.37,0.00,N,-8.06,13.44,-22.72,-63.43
2026-09-21T12:15:39,240550,동방메디컬,6555.0,12.44,5978621,0,-178474,1.19,28.56,1.94,N,11.46,1.11,-42.70,-42.70
2026-09-21T12:15:40,007610,선도전기,4745.0,-4.04,3049169,0,-85856,3.83,16.94,0.03,N,16.14,2.25,-71.40,-71.40
2026-09-21T12:15:41,100590,머큐리,4995.0,1.11,1474050,0,-97616,2.03,8.60,1.42,N,-32.02,0.56,-60.82,-60.82
2026-09-21T12:25:11,007460,에이프로젠,2050.0,2.6,68218,0,-2311,0.00,0.27,0.01,N,-0.62,0.02,-73.72,-87.37
2026-09-21T12:25:12,003060,에이프로젠바이오로직스,1612.0,-1.16,73991,0,1682,0.00,0.46,0.00,N,-0.13,0.10,-74.69,-85.40
2026-09-21T12:25:13,417030,니어스랩,33350.0,6.72,619299,0,111661,9.19,10.72,0.00,N,-8.05,-0.73,-20.60,-20.60
2026-09-21T12:25:14,127120,제이에스링크,33150.0,2.0,195930,0,-3367,3.82,0.53,0.00,N,-55.16,15.44,-33.57,-33.57
2026-09-21T12:25:15,115180,큐리언트,22350.0,4.44,43810,0,2332,3.11,0.12,0.00,N,-26.45,24.72,-64.47,-64.47
2026-09-21T12:25:16,223250,드림씨아이에스,4030.0,28.55,3427412,0,-4718,50.11,13.93,1.67,N,13.48,1.26,-53.36,-53.36
2026-09-21T12:25:17,033170,시그네틱스,2795.0,30.0,1187033,0,-27098,1.38,6.92,0.00,N,-2.62,0.92,0.00,-52.75
2026-09-21T12:25:18,386380,스카이랩스,25250.0,29.89,8845885,0,273981,0.35,47.15,0.00,N,0.00,0.00,-35.83,-35.83
2026-09-21T12:25:18,036540,SFA반도체,10830.0,20.07,21104359,0,1280588,8.60,12.83,0.86,N,-93.36,3.76,-6.96,-6.96
2026-09-21T12:25:19,0161M0,네오사피엔스,30050.0,200.5,18260995,80622,0,0.66,149.49,0.00,N,0.00,0.00,-2.12,-2.12
2026-09-21T12:25:20,086960,MDS테크,2310.0,16.78,5036095,0,-654785,2.49,11.84,0.94,N,10.45,0.64,-43.24,-49.28
2026-09-21T12:25:21,437730,삼현,57900.0,15.57,2443102,0,80642,1.17,7.71,1.30,N,176.52,13.89,-24.71,-24.71
2026-09-21T12:25:22,950250,테라뷰,3610.0,20.33,2351683,0,0,0.00,6.59,0.33,N,-13.32,4.03,-82.64,-82.64
2026-09-21T12:25:23,232140,와이씨,14000.0,17.55,8143961,0,571061,5.34,9.93,2.69,N,59.57,3.12,-42.03,-42.03
2026-09-21T12:25:24,078350,한양디지텍,28850.0,12.92,924233,0,-101366,5.63,6.06,4.15,N,29.38,2.47,-34.88,-34.88
2026-09-21T12:25:25,314130,지놈앤컴퍼니,3965.0,16.79,1340860,0,150778,2.82,2.56,0.23,N,-23.05,1.65,-61.05,-61.05
2026-09-21T12:25:26,200470,에이팩트,8170.0,12.85,1461353,0,23027,3.66,3.33,0.39,N,-6.83,6.27,-37.63,-37.63
2026-09-21T12:25:27,003160,디아이,35550.0,13.22,1455424,0,355904,14.43,5.14,3.17,N,197.50,5.65,-14.75,-14.75
2026-09-21T12:25:28,067310,하나마이크론,44150.0,14.23,5252119,0,756098,18.23,7.90,3.49,N,76.78,7.35,-24.53,-24.53
2026-09-21T12:25:29,010580,에스엠벡셀,2815.0,12.6,10102590,0,-64280,0.49,9.08,0.49,N,281.50,4.65,-19.46,-19.46
2026-09-21T12:25:30,224060,더코디,5270.0,-4.01,1054564,0,-22127,0.00,20.43,0.00,N,1.12,0.23,-58.67,-58.67
2026-09-21T12:25:30,380550,뉴로핏,7810.0,13.68,859164,0,-139240,6.54,7.04,0.08,N,-3.61,4.67,-78.72,-78.72
2026-09-21T12:25:31,240550,동방메디컬,6620.0,13.55,6125703,0,-181580,1.19,29.26,1.94,N,11.57,1.12,-42.13,-42.13
2026-09-21T12:25:32,092780,DYP,3720.0,-9.27,997448,0,-117782,2.43,7.57,0.28,N,6.28,0.33,-63.71,-63.71
2026-09-21T12:25:33,092600,앤씨앤,3465.0,-5.59,1887934,0,-185618,5.03,37.63,0.00,N,1.39,0.43,-46.20,-64.41
2026-09-21T12:25:34,001520,동양,1222.0,-9.68,8429426,0,-768795,2.89,7.87,0.30,N,7.27,0.16,-17.54,-54.06
2026-09-21T12:25:35,389470,인벤티지랩,26050.0,2.36,301657,0,-112811,11.99,2.27,0.02,N,-34.10,5.05,-74.39,-74.39
2026-09-21T12:25:36,340810,시선AI,4330.0,4.34,1226887,0,20063,4.84,8.80,0.00,N,-3.40,3.85,-15.10,-15.10
2026-09-21T12:25:37,348080,큐라티스,4685.0,3.19,1483972,0,-45387,0.56,11.57,0.00,N,-7.95,13.27,-23.70,-63.89
2026-09-21T12:25:38,382150,온코크로스,3690.0,10.15,969663,0,7045,1.75,7.43,0.13,N,-4.94,3.32,-74.53,-74.53
2026-09-21T12:25:39,456070,이엔셀,6020.0,-9.06,525243,0,-77462,2.41,4.76,0.81,N,-3.77,1.35,-71.26,-71.26
2026-09-21T12:25:40,0015N0,아로마티카,12570.0,-7.37,453394,0,19066,2.98,3.60,1.81,N,28.96,6.89,-60.10,-60.10
2026-09-21T12:25:41,100590,머큐리,4990.0,1.01,1483997,0,-97210,2.03,8.66,1.42,N,-31.99,0.56,-60.86,-60.86
2026-09-21T12:35:10,007460,에이프로젠,2035.0,1.85,68816,0,-2341,0.00,0.28,0.01,N,-0.61,0.02,-73.91,-87.46
2026-09-21T12:35:11,003060,에이프로젠바이오로직스,1607.0,-1.47,75190,0,1695,0.00,0.46,0.00,N,-0.12,0.10,-74.77,-85.45
2026-09-21T12:35:12,417030,니어스랩,33150.0,6.08,626142,0,113248,9.19,10.84,0.00,N,-8.00,-0.72,-21.07,-21.07
2026-09-21T12:35:13,127120,제이에스링크,33100.0,1.85,196618,0,-3768,3.82,0.53,0.00,N,-55.07,15.42,-33.67,-33.67
2026-09-21T12:35:14,115180,큐리언트,22400.0,4.67,44027,0,2395,3.11,0.12,0.00,N,-26.51,24.78,-64.39,-64.39
2026-09-21T12:35:15,223250,드림씨아이에스,4075.0,29.98,3584963,0,2684,50.11,14.57,1.67,N,13.63,1.27,-52.84,-52.84
2026-09-21T12:35:16,033170,시그네틱스,2795.0,30.0,1198480,0,-27102,1.38,6.99,0.00,N,-2.62,0.92,0.00,-52.75
2026-09-21T12:35:17,386380,스카이랩스,25250.0,29.89,8850582,0,273981,0.35,47.17,0.00,N,0.00,0.00,-35.83,-35.83
2026-09-21T12:35:17,086960,MDS테크,2370.0,19.82,5933569,0,-643832,2.49,13.95,0.94,N,10.72,0.66,-41.77,-47.96
2026-09-21T12:35:18,036540,SFA반도체,10830.0,20.07,21305464,0,1274103,8.60,12.95,0.86,N,-93.36,3.76,-6.96,-6.96
2026-09-21T12:35:19,437730,삼현,59200.0,18.16,2592586,0,94481,1.17,8.18,1.30,N,180.49,14.20,-23.02,-23.02
2026-09-21T12:35:20,950250,테라뷰,3675.0,22.5,2388054,0,0,0.00,6.69,0.33,N,-13.56,4.11,-82.33,-82.33
2026-09-21T12:35:21,232140,와이씨,13940.0,17.04,8213157,0,565083,5.34,10.01,2.69,N,59.32,3.10,-42.28,-42.28
2026-09-21T12:35:22,314130,지놈앤컴퍼니,4010.0,18.11,1353392,0,151708,2.82,2.59,0.23,N,-23.31,1.67,-60.61,-60.61
2026-09-21T12:35:23,0161M0,네오사피엔스,28850.0,188.5,19955216,80622,0,0.66,163.36,0.00,N,0.00,0.00,-6.18,-6.18
2026-09-21T12:35:24,078350,한양디지텍,28800.0,12.72,932053,0,-103169,5.63,6.11,4.15,N,29.33,2.47,-34.99,-34.99
2026-09-21T12:35:25,003160,디아이,35650.0,13.54,1468816,0,358858,14.43,5.19,3.17,N,198.06,5.67,-14.51,-14.51
2026-09-21T12:35:26,224060,더코디,5310.0,-3.28,1065419,0,-22130,0.00,20.64,0.00,N,1.13,0.23,-58.35,-58.35
2026-09-21T12:35:27,200470,에이팩트,8140.0,12.43,1478525,0,19363,3.66,3.37,0.39,N,-6.80,6.24,-37.86,-37.86
2026-09-21T12:35:27,380550,뉴로핏,7820.0,13.83,909287,0,-149864,6.54,7.45,0.08,N,-3.62,4.68,-78.69,-78.69
2026-09-21T12:35:28,067310,하나마이크론,44000.0,13.84,5291311,0,750922,18.23,7.96,3.49,N,76.52,7.32,-24.79,-24.79
2026-09-21T12:35:29,099750,이지케어텍,8080.0,15.93,488124,0,-45114,1.10,3.57,0.61,N,18.12,2.46,-65.76,-31.58
2026-09-21T12:35:30,010580,에스엠벡셀,2785.0,11.4,10274687,0,-50097,0.49,9.24,0.49,N,278.50,4.60,-20.31,-20.31
2026-09-21T12:35:31,240550,동방메디컬,6590.0,13.04,6200063,0,-178467,1.19,29.62,1.94,N,11.52,1.12,-42.40,-42.40
2026-09-21T12:35:32,092780,DYP,3710.0,-9.51,1002490,0,-120480,2.43,7.61,0.28,N,6.27,0.33,-63.80,-63.80
2026-09-21T12:35:33,092600,앤씨앤,3445.0,-6.13,1915042,0,-183389,5.03,38.17,0.00,N,1.39,0.43,-46.51,-64.61
2026-09-21T12:35:34,001520,동양,1221.0,-9.76,8535774,0,-780434,2.89,7.97,0.30,N,7.27,0.16,-17.61,-54.10
2026-09-21T12:35:35,389470,인벤티지랩,26150.0,2.75,303529,0,-113448,11.99,2.28,0.02,N,-34.23,5.06,-74.29,-74.29
2026-09-21T12:35:36,340810,시선AI,4335.0,4.46,1230447,0,19759,4.84,8.82,0.00,N,-3.40,3.85,-15.00,-15.00
2026-09-21T12:35:36,348080,큐라티스,4640.0,2.2,1502083,0,-42684,0.56,11.71,0.00,N,-7.88,13.14,-24.43,-64.24
2026-09-21T12:35:37,456070,이엔셀,6040.0,-8.76,527946,0,-77449,2.41,4.79,0.81,N,-3.78,1.35,-71.17,-71.17
2026-09-21T12:35:38,382150,온코크로스,3735.0,11.49,979156,0,5112,1.75,7.51,0.13,N,-5.00,3.36,-74.22,-74.22
2026-09-21T12:35:39,0015N0,아로마티카,12540.0,-7.59,458322,0,17733,2.98,3.64,1.81,N,28.89,6.87,-60.19,-60.19
2026-09-21T12:35:40,388790,라이콤,5260.0,3.75,1860238,0,-34129,0.66,6.08,0.03,N,0.00,0.00,-43.62,-43.62
2026-09-21T12:35:41,007610,선도전기,4780.0,-3.34,3086160,0,-69610,3.83,17.15,0.03,N,16.26,2.27,-71.19,-71.19
2026-09-21T12:45:12,007460,에이프로젠,2050.0,2.6,74512,0,-1997,0.00,0.30,0.01,N,-0.62,0.02,-73.72,-87.37
2026-09-21T12:45:13,003060,에이프로젠바이오로직스,1609.0,-1.35,75430,0,1701,0.00,0.46,0.00,N,-0.12,0.10,-74.74,-85.43
2026-09-21T12:45:14,417030,니어스랩,33100.0,5.92,628225,0,113130,9.19,10.87,0.00,N,-7.99,-0.72,-21.19,-21.19
2026-09-21T12:45:14,127120,제이에스링크,33050.0,1.69,197259,0,-3915,3.82,0.53,0.00,N,-54.99,15.39,-33.77,-33.77
2026-09-21T12:45:15,115180,큐리언트,22450.0,4.91,45961,0,3906,3.11,0.12,0.00,N,-26.57,24.83,-64.31,-64.31
2026-09-21T12:45:16,033170,시그네틱스,2795.0,30.0,1200010,0,-27114,1.38,7.00,0.00,N,-2.62,0.92,0.00,-52.75
2026-09-21T12:45:17,223250,드림씨아이에스,3965.0,26.48,3997765,0,56914,50.11,16.25,1.67,N,13.26,1.23,-54.11,-54.11
2026-09-21T12:45:18,386380,스카이랩스,25250.0,29.89,8853340,0,273981,0.35,47.19,0.00,N,0.00,0.00,-35.83,-35.83
2026-09-21T12:45:19,099750,이지케어텍,8510.0,22.09,707488,0,-57538,1.10,5.18,0.61,N,19.08,2.59,-63.94,-27.94
2026-09-21T12:45:20,036540,SFA반도체,10910.0,20.95,21541399,0,1308706,8.60,13.10,0.86,N,-94.05,3.78,-6.27,-6.27
2026-09-21T12:45:21,950250,테라뷰,3725.0,24.17,2471467,0,0,0.00,6.92,0.33,N,-13.75,4.16,-82.09,-82.09
2026-09-21T12:45:22,437730,삼현,58200.0,16.17,2639420,0,96625,1.17,8.32,1.30,N,177.44,13.96,-24.32,-24.32
2026-09-21T12:45:23,232140,와이씨,14020.0,17.72,8274187,0,562727,5.34,10.08,2.69,N,59.66,3.12,-41.95,-41.95
2026-09-21T12:45:24,314130,지놈앤컴퍼니,4090.0,20.47,1383200,0,156730,2.82,2.64,0.23,N,-23.78,1.70,-59.82,-59.82
2026-09-21T12:45:25,003160,디아이,36075.0,14.89,1508675,0,378230,14.43,5.33,3.17,N,200.42,5.74,-13.49,-13.49
2026-09-21T12:45:25,078350,한양디지텍,28850.0,12.92,937674,0,-104747,5.63,6.15,4.15,N,29.38,2.47,-34.88,-34.88
2026-09-21T12:45:26,200470,에이팩트,8220.0,13.54,1534120,0,24199,3.66,3.50,0.39,N,-6.87,6.30,-37.25,-37.25
2026-09-21T12:45:27,380550,뉴로핏,7880.0,14.7,935855,0,-143605,6.54,7.67,0.08,N,-3.64,4.71,-78.53,-78.53
2026-09-21T12:45:28,067310,하나마이크론,44200.0,14.36,5322392,0,753632,18.23,8.00,3.49,N,76.87,7.36,-24.44,-24.44
2026-09-21T12:45:29,425040,티이엠씨,11270.0,9.84,893689,0,-107792,5.35,4.08,2.94,Y,15.07,1.19,-62.81,-62.81
2026-09-21T12:45:30,224060,더코디,5250.0,-4.37,1069122,0,-22151,0.00,20.72,0.00,N,1.12,0.23,-58.82,-58.82
2026-09-21T12:45:31,086960,MDS테크,2190.0,10.72,7237674,0,-865041,2.49,17.02,0.94,N,9.91,0.61,-46.19,-51.91
2026-09-21T12:45:32,0161M0,네오사피엔스,28100.0,181.0,20721889,80622,0,0.66,169.63,0.00,N,0.00,0.00,-8.62,-8.62
2026-09-21T12:45:33,010580,에스엠벡셀,2800.0,12.0,10422937,0,-53270,0.49,9.37,0.49,N,280.00,4.62,-19.89,-19.89
2026-09-21T12:45:34,092600,앤씨앤,3450.0,-5.99,1938946,0,-179755,5.03,38.65,0.00,N,1.39,0.43,-46.43,-64.56
2026-09-21T12:45:35,092780,DYP,3720.0,-9.27,1004818,0,-122063,2.43,7.63,0.28,N,6.28,0.33,-63.71,-63.71
2026-09-21T12:45:36,001520,동양,1223.0,-9.61,8657413,0,-791866,2.89,8.08,0.30,N,7.28,0.16,-17.48,-54.02
2026-09-21T12:45:37,389470,인벤티지랩,26250.0,3.14,307064,0,-115454,11.99,2.31,0.02,N,-34.36,5.08,-74.19,-74.19
2026-09-21T12:45:38,340810,시선AI,4325.0,4.22,1236993,0,19087,4.84,8.87,0.00,N,-3.39,3.84,-15.20,-15.20
2026-09-21T12:45:39,348080,큐라티스,4630.0,1.98,1526617,0,-37625,0.56,11.90,0.00,N,-7.86,13.12,-24.59,-64.32
2026-09-21T12:45:39,0015N0,아로마티카,12510.0,-7.81,465263,0,16397,2.98,3.70,1.81,N,28.82,6.85,-60.29,-60.29
2026-09-21T12:45:40,382150,온코크로스,3730.0,11.34,1001900,0,-1580,1.75,7.68,0.13,N,-4.99,3.35,-74.26,-74.26
2026-09-21T12:45:41,456070,이엔셀,6080.0,-8.16,535752,0,-81362,2.41,4.86,0.81,N,-3.80,1.36,-70.98,-70.98
2026-09-21T12:45:42,007610,선도전기,4780.0,-3.34,3105716,0,-61278,3.83,17.25,0.03,N,16.26,2.27,-71.19,-71.19
2026-09-21T12:55:10,007460,에이프로젠,2030.0,1.6,80237,0,-296,0.00,0.32,0.01,N,-0.61,0.02,-73.97,-87.49
2026-09-21T12:55:11,003060,에이프로젠바이오로직스,1608.0,-1.41,75540,0,1706,0.00,0.46,0.00,N,-0.12,0.10,-74.76,-85.44
2026-09-21T12:55:12,417030,니어스랩,33200.0,6.24,635435,0,110364,9.19,11.00,0.00,N,-8.02,-0.72,-20.95,-20.95
2026-09-21T12:55:13,127120,제이에스링크,33100.0,1.85,198804,0,-4728,3.82,0.54,0.00,N,-55.07,15.42,-33.67,-33.67
2026-09-21T12:55:14,115180,큐리언트,22450.0,4.91,46165,0,4002,3.11,0.12,0.00,N,-26.57,24.83,-64.31,-64.31
2026-09-21T12:55:14,033170,시그네틱스,2795.0,30.0,1200184,0,-27124,1.38,7.00,0.00,N,-2.62,0.92,0.00,-52.75
2026-09-21T12:55:15,223250,드림씨아이에스,4000.0,27.59,4240872,0,99412,50.11,17.24,1.67,N,13.38,1.25,-53.70,-53.70
2026-09-21T12:55:16,386380,스카이랩스,25250.0,29.89,8856642,0,273981,0.35,47.21,0.00,N,0.00,0.00,-35.83,-35.83
2026-09-21T12:55:17,425040,티이엠씨,12240.0,19.3,2074456,0,-221945,5.35,9.46,2.94,N,16.36,1.30,-59.60,-59.60
2026-09-21T12:55:18,036540,SFA반도체,10890.0,20.73,21781458,0,1328646,8.60,13.24,0.86,N,-93.88,3.78,-6.44,-6.44
2026-09-21T12:55:19,099750,이지케어텍,8320.0,19.37,779562,0,-58570,1.10,5.71,0.61,N,18.65,2.54,-64.75,-29.55
2026-09-21T12:55:20,950250,테라뷰,3650.0,21.67,2525681,0,0,0.00,7.08,0.33,N,-13.47,4.08,-82.45,-82.45
2026-09-21T12:55:21,437730,삼현,58300.0,16.37,2687342,0,88918,1.17,8.48,1.30,N,177.74,13.99,-24.19,-24.19
2026-09-21T12:55:22,314130,지놈앤컴퍼니,4055.0,19.44,1426368,0,158592,2.82,2.73,0.23,N,-23.58,1.69,-60.17,-60.17
2026-09-21T12:55:23,232140,와이씨,13990.0,17.46,8342684,0,555804,5.34,10.17,2.69,N,59.53,3.12,-42.07,-42.07
2026-09-21T12:55:24,078350,한양디지텍,29150.0,14.09,946394,0,-105426,5.63,6.21,4.15,N,29.68,2.50,-34.20,-34.20
2026-09-21T12:55:25,003160,디아이,36000.0,14.65,1532444,0,374424,14.43,5.41,3.17,N,200.00,5.73,-13.67,-13.67
2026-09-21T12:55:25,200470,에이팩트,8200.0,13.26,1551054,0,23800,3.66,3.54,0.39,N,-6.85,6.29,-37.40,-37.40
2026-09-21T12:55:26,067310,하나마이크론,44250.0,14.49,5353665,0,753659,18.23,8.05,3.49,N,76.96,7.37,-24.36,-24.36
2026-09-21T12:55:27,224060,더코디,5290.0,-3.64,1073690,0,-22151,0.00,20.81,0.00,N,1.12,0.23,-58.51,-58.51
2026-09-21T12:55:28,010580,에스엠벡셀,2815.0,12.6,10500781,0,-50649,0.49,9.44,0.49,N,281.50,4.65,-19.46,-19.46
2026-09-21T12:55:29,0161M0,네오사피엔스,28300.0,183.0,20983640,80622,0,0.66,171.77,0.00,N,0.00,0.00,-7.97,-7.97
2026-09-21T12:55:30,086960,MDS테크,2195.0,10.97,7546529,0,-870891,2.49,17.74,0.94,N,9.93,0.61,-46.07,-51.80
2026-09-21T12:55:31,047920,HLB제약,7020.0,13.04,728185,0,-21378,0.00,2.22,0.30,N,49.79,1.84,-68.45,-65.76
2026-09-21T12:55:32,092780,DYP,3710.0,-9.51,1006895,0,-122324,2.43,7.65,0.28,N,6.27,0.33,-63.80,-63.80
2026-09-21T12:55:33,092600,앤씨앤,3525.0,-3.95,1977677,0,-192979,5.03,39.42,0.00,N,1.42,0.44,-45.26,-63.79
2026-09-21T12:55:34,001520,동양,1229.0,-9.16,8768396,0,-770173,2.89,8.19,0.30,N,7.32,0.16,-17.07,-53.80
2026-09-21T12:55:35,389470,인벤티지랩,26250.0,3.14,309941,0,-117109,11.99,2.33,0.02,N,-34.36,5.08,-74.19,-74.19
2026-09-21T12:55:35,340810,시선AI,4350.0,4.82,1242820,0,20372,4.84,8.91,0.00,N,-3.41,3.86,-14.71,-14.71
2026-09-21T12:55:36,348080,큐라티스,4610.0,1.54,1538715,0,-38136,0.56,12.00,0.00,N,-7.83,13.06,-24.92,-64.47
2026-09-21T12:55:37,382150,온코크로스,3710.0,10.75,1010600,0,-6205,1.75,7.75,0.13,N,-4.97,3.34,-74.40,-74.40
2026-09-21T12:55:38,0015N0,아로마티카,12530.0,-7.66,472068,0,15951,2.98,3.75,1.81,N,28.87,6.87,-60.22,-60.22
2026-09-21T12:55:39,456070,이엔셀,6090.0,-8.01,551279,0,-88062,2.41,5.00,0.81,N,-3.81,1.36,-70.93,-70.93
2026-09-21T12:55:40,007610,선도전기,4765.0,-3.64,3111381,0,-59811,3.83,17.29,0.03,N,16.21,2.26,-71.28,-71.28
2026-09-21T12:55:41,240550,동방메디컬,6550.0,12.35,6312315,0,-179049,1.19,30.15,1.94,N,11.45,1.11,-42.74,-42.74
2026-09-21T13:05:10,007460,에이프로젠,2030.0,1.6,84305,0,3308,0.00,0.34,0.01,N,-0.61,0.02,-73.97,-87.49
2026-09-21T13:05:11,003060,에이프로젠바이오로직스,1608.0,-1.41,75639,0,1711,0.00,0.47,0.00,N,-0.12,0.10,-74.76,-85.44
2026-09-21T13:05:12,417030,니어스랩,33250.0,6.4,637540,0,111115,9.19,11.03,0.00,N,-8.03,-0.73,-20.83,-20.83
2026-09-21T13:05:13,127120,제이에스링크,33800.0,4.0,210091,0,-1204,3.82,0.57,0.00,N,-56.24,15.74,-32.26,-32.26
2026-09-21T13:05:14,115180,큐리언트,22450.0,4.91,46783,0,4441,3.11,0.12,0.00,N,-26.57,24.83,-64.31,-64.31
2026-09-21T13:05:15,033170,시그네틱스,2795.0,30.0,1200388,0,-27131,1.38,7.00,0.00,N,-2.62,0.92,0.00,-52.75
2026-09-21T13:05:16,223250,드림씨아이에스,4005.0,27.75,4315054,0,118961,50.11,17.54,1.67,N,13.39,1.25,-53.65,-53.65
2026-09-21T13:05:17,386380,스카이랩스,25250.0,29.89,8857840,0,273981,0.35,47.21,0.00,N,0.00,0.00,-35.83,-35.83
2026-09-21T13:05:18,036540,SFA반도체,10810.0,19.84,21986619,0,1341319,8.60,13.37,0.86,N,-93.19,3.75,-7.13,-7.13
2026-09-21T13:05:18,950250,테라뷰,3680.0,22.67,2578308,0,0,0.00,7.22,0.33,N,-13.58,4.11,-82.31,-82.31
2026-09-21T13:05:19,425040,티이엠씨,11900.0,15.98,2573888,0,-265862,5.35,11.74,2.94,N,15.91,1.26,-60.73,-60.73
2026-09-21T13:05:20,099750,이지케어텍,8140.0,16.79,848072,0,-55422,1.10,6.21,0.61,N,18.25,2.48,-65.51,-31.08
2026-09-21T13:05:21,437730,삼현,57900.0,15.57,2716745,0,88460,1.17,8.57,1.30,N,176.52,13.89,-24.71,-24.71
2026-09-21T13:05:22,232140,와이씨,13990.0,17.46,8392047,0,576205,5.34,10.23,2.69,N,59.53,3.12,-42.07,-42.07
2026-09-21T13:05:23,314130,지놈앤컴퍼니,4030.0,18.7,1439487,0,159410,2.82,2.75,0.23,N,-23.43,1.68,-60.41,-60.41
2026-09-21T13:05:24,003160,디아이,36100.0,14.97,1570518,0,374391,14.43,5.55,3.17,N,200.56,5.74,-13.43,-13.43
2026-09-21T13:05:25,078350,한양디지텍,28950.0,13.31,956113,0,-109732,5.63,6.27,4.15,N,29.48,2.48,-34.65,-34.65
2026-09-21T13:05:26,200470,에이팩트,8220.0,13.54,1572310,0,25379,3.66,3.59,0.39,N,-6.87,6.30,-37.25,-37.25
2026-09-21T13:05:27,067310,하나마이크론,44250.0,14.49,5381463,0,749450,18.23,8.09,3.49,N,76.96,7.37,-24.36,-24.36
2026-09-21T13:05:28,0161M0,네오사피엔스,28350.0,183.5,21269556,80622,0,0.66,174.11,0.00,N,0.00,0.00,-7.80,-7.80
2026-09-21T13:05:29,047920,HLB제약,7130.0,14.81,759532,0,-8154,0.00,2.32,0.30,N,50.57,1.87,-67.96,-65.22
2026-09-21T13:05:30,224060,더코디,5240.0,-4.55,1078369,0,-22152,0.00,20.90,0.00,N,1.11,0.23,-58.90,-58.90
2026-09-21T13:05:31,240550,동방메디컬,6640.0,13.89,6345325,0,-177654,1.19,30.31,1.94,N,11.61,1.12,-41.96,-41.96
2026-09-21T13:05:32,086960,MDS테크,2195.0,10.97,7720081,0,-869406,2.49,18.15,0.94,N,9.93,0.61,-46.07,-51.80
2026-09-21T13:05:32,380550,뉴로핏,7770.0,13.1,980251,0,-160304,6.54,8.04,0.08,N,-3.59,4.65,-78.83,-78.83
2026-09-21T13:05:33,092600,앤씨앤,3465.0,-5.59,1993049,0,-191575,5.03,39.73,0.00,N,1.39,0.43,-46.20,-64.41
2026-09-21T13:05:34,092780,DYP,3760.0,-8.29,1014536,0,-127186,2.43,7.70,0.28,N,6.35,0.33,-63.32,-63.32
2026-09-21T13:05:35,001520,동양,1256.0,-7.17,9058609,0,-683587,2.89,8.46,0.30,N,7.48,0.16,-15.25,-52.78
2026-09-21T13:05:36,389470,인벤티지랩,26200.0,2.95,312741,0,-118808,11.99,2.35,0.02,N,-34.29,5.07,-74.24,-74.24
2026-09-21T13:05:37,348080,큐라티스,4665.0,2.75,1546460,0,-38127,0.56,12.06,0.00,N,-7.92,13.22,-24.02,-64.05
2026-09-21T13:05:38,340810,시선AI,4420.0,6.51,1254252,0,25155,4.84,8.99,0.00,N,-3.47,3.93,-13.33,-13.33
2026-09-21T13:05:39,382150,온코크로스,3710.0,10.75,1012298,0,-6206,1.75,7.76,0.13,N,-4.97,3.34,-74.40,-74.40
2026-09-21T13:05:40,0015N0,아로마티카,12520.0,-7.74,480491,0,16291,2.98,3.82,1.81,N,28.85,6.86,-60.25,-60.25
2026-09-21T13:05:41,456070,이엔셀,6080.0,-8.16,556414,0,-89699,2.41,5.04,0.81,N,-3.80,1.36,-70.98,-70.98
2026-09-21T13:05:42,100590,머큐리,4990.0,1.01,1516703,0,-105446,2.03,8.85,1.42,N,-31.99,0.56,-60.86,-60.86
2026-09-21T13:15:10,007460,에이프로젠,2040.0,2.1,86066,0,2839,0.00,0.35,0.01,N,-0.62,0.02,-73.85,-87.43
2026-09-21T13:15:11,003060,에이프로젠바이오로직스,1608.0,-1.41,77094,0,1607,0.00,0.47,0.00,N,-0.12,0.10,-74.76,-85.44
2026-09-21T13:15:12,417030,니어스랩,33550.0,7.36,657907,0,118482,9.19,11.39,0.00,N,-8.10,-0.73,-20.12,-20.12
2026-09-21T13:15:13,127120,제이에스링크,34000.0,4.62,258358,0,17288,3.82,0.70,0.00,N,-56.57,15.84,-31.86,-31.86
2026-09-21T13:15:14,115180,큐리언트,22400.0,4.67,47301,0,4731,3.11,0.13,0.00,N,-26.51,24.78,-64.39,-64.39
2026-09-21T13:15:15,223250,드림씨아이에스,4050.0,29.19,4407026,0,111444,50.11,17.91,1.67,N,13.55,1.26,-53.12,-53.12
2026-09-21T13:15:16,033170,시그네틱스,2795.0,30.0,1201894,0,-27140,1.38,7.01,0.00,N,-2.62,0.92,0.00,-52.75
2026-09-21T13:15:17,386380,스카이랩스,25250.0,29.89,8859434,0,273981,0.35,47.22,0.00,N,0.00,0.00,-35.83,-35.83
2026-09-21T13:15:18,425040,티이엠씨,12600.0,22.81,3331683,0,-312345,5.35,15.20,2.94,N,16.84,1.34,-58.42,-58.42
2026-09-21T13:15:19,036540,SFA반도체,10790.0,19.62,22112539,0,1356119,8.60,13.45,0.86,N,-93.02,3.74,-7.30,-7.30
2026-09-21T13:15:20,950250,테라뷰,3680.0,22.67,2603947,0,0,0.00,7.29,0.33,N,-13.58,4.11,-82.31,-82.31
2026-09-21T13:15:21,099750,이지케어텍,8110.0,16.36,886691,0,-59381,1.10,6.49,0.61,N,18.18,2.47,-65.64,-31.33
2026-09-21T13:15:22,437730,삼현,57400.0,14.57,2752484,0,77993,1.17,8.68,1.30,N,175.00,13.77,-25.36,-25.36
2026-09-21T13:15:23,314130,지놈앤컴퍼니,4035.0,18.85,1462332,0,159194,2.82,2.80,0.23,N,-23.46,1.68,-60.36,-60.36
2026-09-21T13:15:24,232140,와이씨,13850.0,16.29,8472076,0,568305,5.34,10.33,2.69,N,58.94,3.08,-42.65,-42.65
2026-09-21T13:15:25,078350,한양디지텍,29050.0,13.7,962285,0,-110842,5.63,6.31,4.15,N,29.58,2.49,-34.42,-34.42
2026-09-21T13:15:26,003160,디아이,35850.0,14.17,1601481,0,384394,14.43,5.66,3.17,N,199.17,5.70,-14.03,-14.03
2026-09-21T13:15:27,047920,HLB제약,7220.0,16.26,830417,0,984,0.00,2.53,0.30,N,51.21,1.89,-67.55,-64.79
2026-09-21T13:15:28,200470,에이팩트,8160.0,12.71,1594329,0,20224,3.66,3.64,0.39,N,-6.82,6.26,-37.71,-37.71
2026-09-21T13:15:29,067310,하나마이크론,44000.0,13.84,5425886,0,747983,18.23,8.16,3.49,N,76.52,7.32,-24.79,-24.79
2026-09-21T13:15:30,380550,뉴로핏,7670.0,11.64,1017344,0,-178192,6.54,8.34,0.08,N,-3.55,4.59,-79.10,-79.10
2026-09-21T13:15:31,0161M0,네오사피엔스,28050.0,180.5,21478093,80622,0,0.66,175.82,0.00,N,0.00,0.00,-8.78,-8.78
2026-09-21T13:15:32,092600,앤씨앤,3425.0,-6.68,2011120,0,-199407,5.03,40.09,0.00,N,1.38,0.43,-46.82,-64.82
2026-09-21T13:15:33,092780,DYP,3730.0,-9.02,1032764,0,-135728,2.43,7.84,0.28,N,6.30,0.33,-63.61,-63.61
2026-09-21T13:15:34,224060,더코디,5170.0,-5.83,1092326,0,-22153,0.00,21.17,0.00,N,1.10,0.22,-59.45,-59.45
2026-09-21T13:15:35,001520,동양,1233.0,-8.87,9198056,0,-702641,2.89,8.59,0.30,N,7.34,0.16,-16.80,-53.65
2026-09-21T13:15:36,389470,인벤티지랩,26150.0,2.75,318273,0,-121984,11.99,2.39,0.02,N,-34.23,5.06,-74.29,-74.29
2026-09-21T13:15:37,340810,시선AI,4380.0,5.54,1257868,0,22870,4.84,9.02,0.00,N,-3.44,3.89,-14.12,-14.12
2026-09-21T13:15:38,348080,큐라티스,4670.0,2.86,1558616,0,-42068,0.56,12.15,0.00,N,-7.93,13.23,-23.94,-64.01
2026-09-21T13:15:39,382150,온코크로스,3690.0,10.15,1013538,0,-6223,1.75,7.77,0.13,N,-4.94,3.32,-74.53,-74.53
2026-09-21T13:15:39,365340,성일하이텍,35450.0,0.14,107324,0,-32638,3.10,0.83,0.05,N,-5.57,3.41,-58.54,-58.54
2026-09-21T13:15:40,0015N0,아로마티카,12530.0,-7.66,486494,0,14289,2.98,3.87,1.81,N,28.87,6.87,-60.22,-60.22
2026-09-21T13:15:41,100590,머큐리,4935.0,-0.1,1550107,0,-115084,2.03,9.04,1.42,N,-31.63,0.55,-61.29,-61.29
2026-09-21T13:25:13,007460,에이프로젠,2040.0,2.1,86087,0,2839,0.00,0.35,0.01,N,-0.62,0.02,-73.85,-87.43
2026-09-21T13:25:14,003060,에이프로젠바이오로직스,1608.0,-1.41,77255,0,1578,0.00,0.48,0.00,N,-0.12,0.10,-74.76,-85.44
2026-09-21T13:25:15,417030,니어스랩,33200.0,6.24,664349,0,119913,9.19,11.50,0.00,N,-8.02,-0.72,-20.95,-20.95
2026-09-21T13:25:16,127120,제이에스링크,34100.0,4.92,268196,0,15497,3.82,0.72,0.00,N,-56.74,15.88,-31.66,-31.66
2026-09-21T13:25:17,115180,큐리언트,22300.0,4.21,47827,0,4592,3.11,0.13,0.00,N,-26.39,24.67,-64.55,-64.55
2026-09-21T13:25:18,033170,시그네틱스,2795.0,30.0,1202378,0,-27145,1.38,7.01,0.00,N,-2.62,0.92,0.00,-52.75
2026-09-21T13:25:19,223250,드림씨아이에스,4015.0,28.07,4450756,0,109349,50.11,18.09,1.67,N,13.43,1.25,-53.53,-53.53
2026-09-21T13:25:19,386380,스카이랩스,25250.0,29.89,8860518,0,273981,0.35,47.23,0.00,N,0.00,0.00,-35.83,-35.83
2026-09-21T13:25:20,425040,티이엠씨,12790.0,24.66,3993234,0,-368328,5.35,18.21,2.94,N,17.10,1.36,-57.79,-57.79
2026-09-21T13:25:21,036540,SFA반도체,10840.0,20.18,22355686,0,1373671,8.60,13.59,0.86,N,-93.45,3.76,-6.87,-6.87
2026-09-21T13:25:22,047920,HLB제약,7530.0,21.26,972440,0,-24551,0.00,2.96,0.30,N,53.40,1.97,-66.16,-63.27
2026-09-21T13:25:23,950250,테라뷰,3625.0,20.83,2635302,0,0,0.00,7.38,0.33,N,-13.38,4.05,-82.57,-82.57
2026-09-21T13:25:24,078350,한양디지텍,29500.0,15.46,993289,0,-113972,5.63,6.52,4.15,N,30.04,2.53,-33.41,-33.41
2026-09-21T13:25:25,232140,와이씨,13910.0,16.79,8684208,0,521831,5.34,10.58,2.69,N,59.19,3.10,-42.40,-42.40
2026-09-21T13:25:26,314130,지놈앤컴퍼니,4000.0,17.82,1474539,0,158947,2.82,2.82,0.23,N,-23.26,1.67,-60.71,-60.71
2026-09-21T13:25:27,437730,삼현,56900.0,13.57,2823740,0,77952,1.17,8.91,1.30,N,173.48,13.65,-26.01,-26.01
2026-09-21T13:25:27,003160,디아이,35900.0,14.33,1617360,0,383731,14.43,5.72,3.17,N,199.44,5.71,-13.91,-13.91
2026-09-21T13:25:28,200470,에이팩트,8190.0,13.12,1607624,0,22008,3.66,3.67,0.39,N,-6.84,6.28,-37.48,-37.48
2026-09-21T13:25:29,067310,하나마이크론,44400.0,14.88,5471938,0,760007,18.23,8.23,3.49,N,77.22,7.39,-24.10,-24.10
2026-09-21T13:25:30,099750,이지케어텍,7930.0,13.77,1046559,0,-62708,1.10,7.66,0.61,N,17.78,2.42,-66.40,-32.85
2026-09-21T13:25:31,388210,씨엠티엑스,82100.0,10.65,49571,0,4605,7.86,0.51,1.35,N,-22.37,4.27,-51.79,-51.79
2026-09-21T13:25:32,0161M0,네오사피엔스,28300.0,183.0,21656403,80622,0,0.66,177.28,0.00,N,0.00,0.00,-7.97,-7.97
2026-09-21T13:25:33,092780,DYP,3705.0,-9.63,1038781,0,-138953,2.43,7.89,0.28,N,6.26,0.33,-63.85,-63.85
2026-09-21T13:25:34,092600,앤씨앤,3485.0,-5.04,2033666,0,-202812,5.03,40.54,0.00,N,1.40,0.44,-45.89,-64.20
2026-09-21T13:25:35,224060,더코디,5280.0,-3.83,1101603,0,-22153,0.00,21.35,0.00,N,1.12,0.23,-58.59,-58.59
2026-09-21T13:25:36,001520,동양,1224.0,-9.53,9259848,0,-719793,2.89,8.64,0.30,N,7.29,0.16,-17.41,-53.98
2026-09-21T13:25:36,389470,인벤티지랩,26150.0,2.75,320030,0,-122845,11.99,2.40,0.02,N,-34.23,5.06,-74.29,-74.29
2026-09-21T13:25:37,340810,시선AI,4365.0,5.18,1259759,0,22816,4.84,9.03,0.00,N,-3.43,3.88,-14.41,-14.41
2026-09-21T13:25:38,348080,큐라티스,4645.0,2.31,1573354,0,-45745,0.56,12.27,0.00,N,-7.89,13.16,-24.35,-64.20
2026-09-21T13:25:39,382150,온코크로스,3690.0,10.15,1018802,0,-7287,1.75,7.81,0.13,N,-4.94,3.32,-74.53,-74.53
2026-09-21T13:25:40,0015N0,아로마티카,12440.0,-8.33,506457,0,3060,2.98,4.03,1.81,N,28.66,6.82,-60.51,-60.51
2026-09-21T13:25:41,100590,머큐리,4920.0,-0.4,1565889,0,-124443,2.03,9.14,1.42,N,-31.54,0.55,-61.41,-61.41
2026-09-21T13:25:42,380550,뉴로핏,7540.0,9.75,1042880,0,-180377,6.54,8.55,0.08,N,-3.49,4.51,-79.46,-79.46
2026-09-21T13:25:43,240550,동방메디컬,6440.0,10.46,6515435,0,-173891,1.19,31.12,1.94,N,11.26,1.09,-43.71,-43.71
2026-09-21T13:25:44,365340,성일하이텍,35500.0,0.28,110459,0,-32897,3.10,0.85,0.05,N,-5.58,3.42,-58.48,-58.48
2026-09-21T13:35:10,007460,에이프로젠,2040.0,2.1,89904,0,2930,0.00,0.36,0.01,N,-0.62,0.02,-73.85,-87.43
2026-09-21T13:35:11,003060,에이프로젠바이오로직스,1612.0,-1.16,79824,0,623,0.00,0.49,0.00,N,-0.13,0.10,-74.69,-85.40
2026-09-21T13:35:12,417030,니어스랩,33900.0,8.48,672725,0,125224,9.19,11.64,0.00,N,-8.18,-0.74,-19.29,-19.29
2026-09-21T13:35:13,127120,제이에스링크,34300.0,5.54,282899,0,18034,3.82,0.76,0.00,N,-57.07,15.98,-31.26,-31.26
2026-09-21T13:35:14,115180,큐리언트,22450.0,4.91,48348,0,4624,3.11,0.13,0.00,N,-26.57,24.83,-64.31,-64.31
2026-09-21T13:35:15,425040,티이엠씨,13040.0,27.1,5311375,0,-433620,5.35,24.23,2.94,N,17.43,1.38,-56.96,-56.96
2026-09-21T13:35:16,033170,시그네틱스,2795.0,30.0,1202664,0,-27159,1.38,7.01,0.00,N,-2.62,0.92,0.00,-52.75
2026-09-21T13:35:16,223250,드림씨아이에스,4010.0,27.91,4495602,0,102187,50.11,18.27,1.67,N,13.41,1.25,-53.59,-53.59
2026-09-21T13:35:17,386380,스카이랩스,25250.0,29.89,8862295,0,273981,0.35,47.24,0.00,N,0.00,0.00,-35.83,-35.83
2026-09-21T13:35:18,047920,HLB제약,7630.0,22.87,1175396,0,-32980,0.00,3.58,0.30,N,54.11,2.00,-65.71,-62.79
2026-09-21T13:35:19,036540,SFA반도체,10810.0,19.84,22521175,0,1379158,8.60,13.69,0.86,N,-93.19,3.75,-7.13,-7.13
2026-09-21T13:35:20,950250,테라뷰,3635.0,21.17,2680192,0,0,0.00,7.51,0.33,N,-13.41,4.06,-82.52,-82.52
2026-09-21T13:35:21,224060,더코디,5510.0,0.36,1152405,0,-22094,0.00,22.33,0.00,N,1.17,0.24,-56.78,-56.78
2026-09-21T13:35:22,232140,와이씨,14000.0,17.55,8775428,0,518841,5.34,10.70,2.69,N,59.57,3.12,-42.03,-42.03
2026-09-21T13:35:23,078350,한양디지텍,29350.0,14.87,1014635,0,-123409,5.63,6.66,4.15,N,29.89,2.52,-33.75,-33.75
2026-09-21T13:35:24,0161M0,네오사피엔스,29150.0,191.5,22044550,80622,0,0.66,180.46,0.00,N,0.00,0.00,-5.20,-5.20
2026-09-21T13:35:25,314130,지놈앤컴퍼니,4005.0,17.97,1481690,0,157998,2.82,2.83,0.23,N,-23.28,1.67,-60.66,-60.66
2026-09-21T13:35:26,010580,에스엠벡셀,2875.0,15.0,11908430,0,-32388,0.49,10.70,0.49,N,287.50,4.74,-17.74,-17.74
2026-09-21T13:35:27,437730,삼현,56800.0,13.37,2851465,0,79689,1.17,8.99,1.30,N,173.17,13.63,-26.14,-26.14
2026-09-21T13:35:28,003160,디아이,35850.0,14.17,1630373,0,385116,14.43,5.76,3.17,N,199.17,5.70,-14.03,-14.03
2026-09-21T13:35:29,067310,하나마이크론,44350.0,14.75,5517532,0,765654,18.23,8.30,3.49,N,77.13,7.38,-24.19,-24.19
2026-09-21T13:35:30,200470,에이팩트,8160.0,12.71,1636417,0,31727,3.66,3.73,0.39,N,-6.82,6.26,-37.71,-37.71
2026-09-21T13:35:31,388210,씨엠티엑스,82500.0,11.19,54651,0,6884,7.86,0.57,1.35,N,-22.48,4.30,-51.56,-51.56
2026-09-21T13:35:32,092780,DYP,3710.0,-9.51,1041858,0,-140718,2.43,7.91,0.28,N,6.27,0.33,-63.80,-63.80
2026-09-21T13:35:33,092600,앤씨앤,3505.0,-4.5,2077993,0,-202164,5.03,41.42,0.00,N,1.41,0.44,-45.57,-64.00
2026-09-21T13:35:34,001520,동양,1221.0,-9.76,9354221,0,-741789,2.89,8.73,0.30,N,7.27,0.16,-17.61,-54.10
2026-09-21T13:35:35,389470,인벤티지랩,26050.0,2.36,321782,0,-123696,11.99,2.42,0.02,N,-34.10,5.05,-74.39,-74.39
2026-09-21T13:35:36,380550,뉴로핏,7320.0,6.55,1069789,0,-179823,6.54,8.77,0.08,N,-3.39,4.38,-80.05,-80.05
2026-09-21T13:35:37,340810,시선AI,4395.0,5.9,1266411,0,19992,4.84,9.08,0.00,N,-3.45,3.90,-13.82,-13.82
2026-09-21T13:35:37,382150,온코크로스,3680.0,9.85,1022218,0,-7447,1.75,7.84,0.13,N,-4.93,3.31,-74.60,-74.60
2026-09-21T13:35:38,100590,머큐리,4875.0,-1.32,1597770,0,-128067,2.03,9.32,1.42,N,-31.25,0.55,-61.76,-61.76
2026-09-21T13:35:39,240550,동방메디컬,6410.0,9.95,6563770,0,-174702,1.19,31.35,1.94,N,11.21,1.09,-43.97,-43.97
2026-09-21T13:35:40,365340,성일하이텍,35450.0,0.14,112188,0,-33079,3.10,0.87,0.05,N,-5.57,3.41,-58.54,-58.54
2026-09-21T13:35:41,348080,큐라티스,4730.0,4.19,1608967,0,-46498,0.56,12.54,0.00,N,-8.03,13.40,-22.96,-63.55
2026-09-21T13:45:10,007460,에이프로젠,2030.0,1.6,93982,0,2727,0.00,0.38,0.01,N,-0.61,0.02,-73.97,-87.49
2026-09-21T13:45:11,003060,에이프로젠바이오로직스,1614.0,-1.04,81312,0,619,0.00,0.50,0.00,N,-0.13,0.10,-74.66,-85.38
2026-09-21T13:45:12,417030,니어스랩,34775.0,11.28,695803,0,131754,9.19,12.04,0.00,N,-8.40,-0.76,-17.20,-17.20
2026-09-21T13:45:13,127120,제이에스링크,34600.0,6.46,303539,0,21343,3.82,0.82,0.00,N,-57.57,16.12,-30.66,-30.66
2026-09-21T13:45:14,115180,큐리언트,22450.0,4.91,48580,0,4699,3.11,0.13,0.00,N,-26.57,24.83,-64.31,-64.31
2026-09-21T13:45:15,033170,시그네틱스,2795.0,30.0,1204593,0,-27166,1.38,7.03,0.00,N,-2.62,0.92,0.00,-52.75
2026-09-21T13:45:16,223250,드림씨아이에스,4020.0,28.23,4520020,0,99291,50.11,18.37,1.67,N,13.44,1.25,-53.47,-53.47
2026-09-21T13:45:17,425040,티이엠씨,12920.0,25.93,5565409,0,-459409,5.35,25.39,2.94,N,17.27,1.37,-57.36,-57.36
2026-09-21T13:45:18,386380,스카이랩스,25250.0,29.89,8863136,0,273981,0.35,47.24,0.00,N,0.00,0.00,-35.83,-35.83
2026-09-21T13:45:19,047920,HLB제약,7680.0,23.67,1264204,0,-16251,0.00,3.85,0.30,N,54.47,2.01,-65.48,-62.54
2026-09-21T13:45:20,036540,SFA반도체,10860.0,20.4,22731011,0,1403436,8.60,13.82,0.86,N,-93.62,3.77,-6.70,-6.70
2026-09-21T13:45:21,224060,더코디,5530.0,0.73,1172786,0,-18223,0.00,22.73,0.00,N,1.18,0.24,-56.63,-56.63
2026-09-21T13:45:22,0155E0,해치텍,13390.0,14.05,1042497,0,2280,0.84,19.00,0.00,N,-6.90,7.49,-37.43,-37.43
2026-09-21T13:45:23,232140,와이씨,13995.0,17.51,8837275,0,525732,5.34,10.77,2.69,N,59.55,3.12,-42.05,-42.05
2026-09-21T13:45:24,078350,한양디지텍,29350.0,14.87,1031714,0,-128864,5.63,6.77,4.15,N,29.89,2.52,-33.75,-33.75
2026-09-21T13:45:25,950250,테라뷰,3590.0,19.67,2714731,0,0,0.00,7.60,0.33,N,-13.25,4.01,-82.74,-82.74
2026-09-21T13:45:26,099750,이지케어텍,8090.0,16.07,1159251,0,-62967,1.10,8.49,0.61,N,18.14,2.46,-65.72,-31.50
2026-09-21T13:45:27,437730,삼현,56900.0,13.57,2877537,0,86665,1.17,9.08,1.30,N,173.48,13.65,-26.01,-26.01
2026-09-21T13:45:28,010580,에스엠벡셀,2885.0,15.4,12466759,0,-56836,0.49,11.21,0.49,N,288.50,4.76,-17.45,-17.45
2026-09-21T13:45:29,314130,지놈앤컴퍼니,3990.0,17.53,1493979,0,156475,2.82,2.86,0.23,N,-23.20,1.66,-60.81,-60.81
2026-09-21T13:45:31,003160,디아이,35800.0,14.01,1644858,0,382896,14.43,5.81,3.17,N,198.89,5.69,-14.15,-14.15
2026-09-21T13:45:32,067310,하나마이크론,44350.0,14.75,5543782,0,766044,18.23,8.34,3.49,N,77.13,7.38,-24.19,-24.19
2026-09-21T13:45:33,200470,에이팩트,8140.0,12.43,1649779,0,33056,3.66,3.76,0.39,N,-6.80,6.24,-37.86,-37.86
2026-09-21T13:45:34,0161M0,네오사피엔스,28500.0,185.0,22477147,80622,0,0.66,184.00,0.00,N,0.00,0.00,-7.32,-7.32
2026-09-21T13:45:35,092780,DYP,3675.0,-10.37,1048227,0,-141950,2.43,7.96,0.28,N,6.21,0.32,-64.15,-64.15
2026-09-21T13:45:36,092600,앤씨앤,3520.0,-4.09,2092048,0,-200784,5.03,41.70,0.00,N,1.42,0.44,-45.34,-63.84
2026-09-21T13:45:37,001520,동양,1216.0,-10.13,9523228,0,-763630,2.89,8.89,0.30,N,7.24,0.16,-17.95,-54.29
2026-09-21T13:45:38,389470,인벤티지랩,26050.0,2.36,323675,0,-124583,11.99,2.43,0.02,N,-34.10,5.05,-74.39,-74.39
2026-09-21T13:45:39,380550,뉴로핏,7310.0,6.4,1096326,0,-174508,6.54,8.99,0.08,N,-3.38,4.37,-80.08,-80.08
2026-09-21T13:45:40,240550,동방메디컬,6350.0,8.92,6640372,0,-162711,1.19,31.72,1.94,N,11.10,1.08,-44.49,-44.49
2026-09-21T13:45:41,340810,시선AI,4420.0,6.51,1273732,0,16811,4.84,9.13,0.00,N,-3.47,3.93,-13.33,-13.33
2026-09-21T13:45:42,382150,온코크로스,3695.0,10.3,1027024,0,-8443,1.75,7.87,0.13,N,-4.95,3.32,-74.50,-74.50
2026-09-21T13:45:43,100590,머큐리,4880.0,-1.21,1607652,0,-128456,2.03,9.38,1.42,N,-31.28,0.55,-61.73,-61.73
2026-09-21T13:45:44,348080,큐라티스,4720.0,3.96,1630099,0,-51564,0.56,12.71,0.00,N,-8.01,13.37,-23.13,-63.62
2026-09-21T13:45:45,365340,성일하이텍,35400.0,0.0,113408,0,-33739,3.10,0.88,0.05,N,-5.56,3.41,-58.60,-58.60
2026-09-21T13:55:10,007460,에이프로젠,2025.0,1.35,96802,0,3092,0.00,0.39,0.01,N,-0.61,0.02,-74.04,-87.52
2026-09-21T13:55:11,003060,에이프로젠바이오로직스,1612.0,-1.16,81532,0,497,0.00,0.50,0.00,N,-0.13,0.10,-74.69,-85.40
2026-09-21T13:55:12,417030,니어스랩,34500.0,10.4,709961,0,131957,9.19,12.29,0.00,N,-8.33,-0.75,-17.86,-17.86
2026-09-21T13:55:13,127120,제이에스링크,34450.0,6.0,311063,0,19368,3.82,0.84,0.00,N,-57.32,16.05,-30.96,-30.96
2026-09-21T13:55:14,115180,큐리언트,22450.0,4.91,48831,0,4595,3.11,0.13,0.00,N,-26.57,24.83,-64.31,-64.31
2026-09-21T13:55:14,223250,드림씨아이에스,4060.0,29.51,4592528,0,76458,50.11,18.67,1.67,N,13.58,1.26,-53.01,-53.01
2026-09-21T13:55:15,033170,시그네틱스,2795.0,30.0,1206165,0,-27172,1.38,7.03,0.00,N,-2.62,0.92,0.00,-52.75
2026-09-21T13:55:16,425040,티이엠씨,12850.0,25.24,5756812,0,-472828,5.35,26.26,2.94,N,17.18,1.36,-57.59,-57.59
2026-09-21T13:55:17,386380,스카이랩스,25250.0,29.89,8865018,0,273981,0.35,47.25,0.00,N,0.00,0.00,-35.83,-35.83
2026-09-21T13:55:18,036540,SFA반도체,10940.0,21.29,23205551,0,1483291,8.60,14.11,0.86,N,-94.31,3.79,-6.01,-6.01
2026-09-21T13:55:19,047920,HLB제약,7620.0,22.71,1348346,0,2304,0.00,4.11,0.30,N,54.04,2.00,-65.75,-62.83
2026-09-21T13:55:20,950250,테라뷰,3640.0,21.33,2754084,0,0,0.00,7.72,0.33,N,-13.43,4.07,-82.50,-82.50
2026-09-21T13:55:21,232140,와이씨,14140.0,18.72,8988351,0,546406,5.34,10.96,2.69,N,60.17,3.15,-41.45,-41.45
2026-09-21T13:55:22,0155E0,해치텍,13320.0,13.46,1479687,0,-10768,0.84,26.97,0.00,N,-6.87,7.45,-37.76,-37.76
2026-09-21T13:55:23,078350,한양디지텍,29250.0,14.48,1050931,0,-139500,5.63,6.89,4.15,N,29.79,2.51,-33.97,-33.97
2026-09-21T13:55:23,224060,더코디,5400.0,-1.64,1186023,0,-20001,0.00,22.98,0.00,N,1.15,0.23,-57.65,-57.65
2026-09-21T13:55:24,437730,삼현,56800.0,13.37,2899970,0,89895,1.17,9.15,1.30,N,173.17,13.63,-26.14,-26.14
2026-09-21T13:55:25,003160,디아이,35800.0,14.01,1658696,0,384250,14.43,5.86,3.17,N,198.89,5.69,-14.15,-14.15
2026-09-21T13:55:26,010580,에스엠벡셀,2860.0,14.4,12675529,0,-37802,0.49,11.39,0.49,N,286.00,4.72,-18.17,-18.17
2026-09-21T13:55:27,067310,하나마이크론,44350.0,14.75,5574566,0,767113,18.23,8.38,3.49,N,77.13,7.38,-24.19,-24.19
2026-09-21T13:55:28,314130,지놈앤컴퍼니,3960.0,16.64,1513788,0,161758,2.82,2.89,0.23,N,-23.02,1.65,-61.10,-61.10
2026-09-21T13:55:29,200470,에이팩트,8140.0,12.43,1669530,0,40552,3.66,3.81,0.39,N,-6.80,6.24,-37.86,-37.86
2026-09-21T13:55:30,099750,이지케어텍,7850.0,12.63,1207234,0,-61661,1.10,8.84,0.61,N,17.60,2.39,-66.74,-33.53
2026-09-21T13:55:31,092780,DYP,3675.0,-10.37,1071629,0,-144754,2.43,8.14,0.28,N,6.21,0.32,-64.15,-64.15
2026-09-21T13:55:32,092600,앤씨앤,3630.0,-1.09,2208481,0,-201778,5.03,44.02,0.00,N,1.46,0.46,-43.63,-62.71
2026-09-21T13:55:32,001520,동양,1210.0,-10.57,9616866,0,-762648,2.89,8.98,0.30,N,7.20,0.16,-18.35,-54.51
2026-09-21T13:55:33,389470,인벤티지랩,25900.0,1.77,328398,0,-125926,11.99,2.47,0.02,N,-33.90,5.02,-74.53,-74.53
2026-09-21T13:55:34,380550,뉴로핏,7340.0,6.84,1117196,0,-174350,6.54,9.16,0.08,N,-3.40,4.39,-80.00,-80.00
2026-09-21T13:55:35,348080,큐라티스,4655.0,2.53,1640162,0,-47974,0.56,12.79,0.00,N,-7.90,13.19,-24.19,-64.12
2026-09-21T13:55:36,100590,머큐리,4850.0,-1.82,1630267,0,-131066,2.03,9.51,1.42,N,-31.09,0.55,-61.96,-61.96
2026-09-21T13:55:37,240550,동방메디컬,6340.0,8.75,6682352,0,-153721,1.19,31.92,1.94,N,11.08,1.07,-44.58,-44.58
2026-09-21T13:55:38,382150,온코크로스,3695.0,10.3,1031249,0,-8384,1.75,7.90,0.13,N,-4.95,3.32,-74.50,-74.50
2026-09-21T13:55:39,365340,성일하이텍,35250.0,-0.42,115685,0,-33756,3.10,0.90,0.05,N,-5.54,3.40,-58.77,-58.77
2026-09-21T13:55:40,456070,이엔셀,6020.0,-9.06,587197,0,-97727,2.41,5.32,0.81,N,-3.77,1.35,-71.26,-71.26
2026-09-21T14:05:09,007460,에이프로젠,2030.0,1.6,100730,0,4945,0.00,0.41,0.01,N,-0.61,0.02,-73.97,-87.49
2026-09-21T14:05:10,003060,에이프로젠바이오로직스,1624.0,-0.43,86124,0,-82,0.00,0.53,0.00,N,-0.13,0.10,-74.51,-85.29
2026-09-21T14:05:11,417030,니어스랩,34300.0,9.76,731013,0,123316,9.19,12.65,0.00,N,-8.28,-0.75,-18.33,-18.33
2026-09-21T14:05:12,127120,제이에스링크,34450.0,6.0,319436,0,19239,3.82,0.86,0.00,N,-57.32,16.05,-30.96,-30.96
2026-09-21T14:05:13,115180,큐리언트,22400.0,4.67,49452,0,4535,3.11,0.13,0.00,N,-26.51,24.78,-64.39,-64.39
2026-09-21T14:05:14,223250,드림씨아이에스,4040.0,28.87,4645760,0,54793,50.11,18.88,1.67,N,13.51,1.26,-53.24,-53.24
2026-09-21T14:05:15,033170,시그네틱스,2795.0,30.0,1209437,0,-27182,1.38,7.05,0.00,N,-2.62,0.92,0.00,-52.75
2026-09-21T14:05:16,386380,스카이랩스,25250.0,29.89,8866847,0,273981,0.35,47.26,0.00,N,0.00,0.00,-35.83,-35.83
2026-09-21T14:05:17,425040,티이엠씨,12650.0,23.29,5986759,0,-473477,5.35,27.31,2.94,N,16.91,1.34,-58.25,-58.25
2026-09-21T14:05:18,0155E0,해치텍,14260.0,21.47,2022052,0,-894,0.84,36.85,0.00,Y,-7.35,7.98,-33.36,-33.36
2026-09-21T14:05:19,036540,SFA반도체,10930.0,21.18,23523510,0,1495706,8.60,14.30,0.86,N,-94.22,3.79,-6.10,-6.10
2026-09-21T14:05:20,047920,HLB제약,7510.0,20.93,1381388,0,9205,0.00,4.21,0.30,N,53.26,1.97,-66.25,-63.37
2026-09-21T14:05:21,232140,와이씨,14090.0,18.3,9238132,0,592726,5.34,11.26,2.69,N,59.96,3.14,-41.66,-41.66
2026-09-21T14:05:22,950250,테라뷰,3580.0,19.33,2839793,0,0,0.00,7.96,0.33,N,-13.21,4.00,-82.79,-82.79
2026-09-21T14:05:23,224060,더코디,5390.0,-1.82,1203077,0,-19751,0.00,23.31,0.00,N,1.15,0.23,-57.73,-57.73
2026-09-21T14:05:24,314130,지놈앤컴퍼니,4010.0,18.11,1542999,0,176734,2.82,2.95,0.23,N,-23.31,1.67,-60.61,-60.61
2026-09-21T14:05:25,099750,이지케어텍,8080.0,15.93,1229207,0,-60282,1.10,9.00,0.61,N,18.12,2.46,-65.76,-31.58
2026-09-21T14:05:26,437730,삼현,56600.0,12.97,2921647,0,89361,1.17,9.21,1.30,N,172.56,13.58,-26.40,-26.40
2026-09-21T14:05:27,003160,디아이,35700.0,13.69,1668102,0,384705,14.43,5.89,3.17,N,198.33,5.68,-14.39,-14.39
2026-09-21T14:05:29,078350,한양디지텍,28800.0,12.72,1069166,0,-137095,5.63,7.01,4.15,N,29.33,2.47,-34.99,-34.99
2026-09-21T14:05:30,067310,하나마이크론,44250.0,14.49,5626487,0,779865,18.23,8.46,3.49,N,76.96,7.37,-24.36,-24.36
2026-09-21T14:05:31,200470,에이팩트,8150.0,12.57,1691182,0,49287,3.66,3.86,0.39,N,-6.81,6.25,-37.79,-37.79
2026-09-21T14:05:32,010580,에스엠벡셀,2835.0,13.4,12850642,0,-28754,0.49,11.55,0.49,N,283.50,4.68,-18.88,-18.88
2026-09-21T14:05:33,092780,DYP,3695.0,-9.88,1073928,0,-145953,2.43,8.16,0.28,N,6.24,0.32,-63.95,-63.95
2026-09-21T14:05:34,092600,앤씨앤,3720.0,1.36,2290677,0,-206645,5.03,45.66,0.00,N,1.50,0.47,-42.24,-61.79
2026-09-21T14:05:35,001520,동양,1222.0,-9.68,9695005,0,-770305,2.89,9.05,0.30,N,7.27,0.16,-17.54,-54.06
2026-09-21T14:05:36,389470,인벤티지랩,25850.0,1.57,331223,0,-125580,11.99,2.49,0.02,N,-33.84,5.01,-74.58,-74.58
2026-09-21T14:05:37,380550,뉴로핏,7240.0,5.39,1133330,0,-170291,6.54,9.29,0.08,N,-3.35,4.33,-80.27,-80.27
2026-09-21T14:05:38,348080,큐라티스,4640.0,2.2,1644306,0,-46164,0.56,12.82,0.00,N,-7.88,13.14,-24.43,-64.24
2026-09-21T14:05:39,100590,머큐리,4855.0,-1.72,1645043,0,-139873,2.03,9.60,1.42,N,-31.12,0.55,-61.92,-61.92
2026-09-21T14:05:40,240550,동방메디컬,6340.0,8.75,6711786,0,-153478,1.19,32.06,1.94,N,11.08,1.07,-44.58,-44.58
2026-09-21T14:05:41,382150,온코크로스,3700.0,10.45,1035528,0,-6823,1.75,7.94,0.13,N,-4.95,3.33,-74.47,-74.47
2026-09-21T14:05:42,365340,성일하이텍,35200.0,-0.56,117651,0,-33554,3.10,0.91,0.05,N,-5.53,3.39,-58.83,-58.83
2026-09-21T14:05:43,241790,티이엠씨씨엔에스,6460.0,1.25,733374,0,-95000,3.53,7.33,1.46,N,15.38,0.54,-34.08,-34.08
2026-09-21T14:05:44,456070,이엔셀,6000.0,-9.37,591582,0,-98722,2.41,5.36,0.81,N,-3.75,1.34,-71.36,-71.36
2026-09-21T14:15:09,007460,에이프로젠,2030.0,1.6,100895,0,4945,0.00,0.41,0.01,N,-0.61,0.02,-73.97,-87.49
2026-09-21T14:15:10,003060,에이프로젠바이오로직스,1617.0,-0.86,90429,0,-1334,0.00,0.56,0.00,N,-0.13,0.10,-74.62,-85.36
2026-09-21T14:15:11,417030,니어스랩,34200.0,9.44,737598,0,124566,9.19,12.77,0.00,N,-8.26,-0.75,-18.57,-18.57
2026-09-21T14:15:12,127120,제이에스링크,34600.0,6.46,337115,0,20713,3.82,0.91,0.00,N,-57.57,16.12,-30.66,-30.66
2026-09-21T14:15:13,115180,큐리언트,22350.0,4.44,50302,0,4528,3.11,0.13,0.00,N,-26.45,24.72,-64.47,-64.47
2026-09-21T14:15:14,223250,드림씨아이에스,4030.0,28.55,4672006,0,56897,50.11,18.99,1.67,N,13.48,1.26,-53.36,-53.36
2026-09-21T14:15:15,033170,시그네틱스,2795.0,30.0,1209454,0,-27189,1.38,7.05,0.00,N,-2.62,0.92,0.00,-52.75
2026-09-21T14:15:16,386380,스카이랩스,25250.0,29.89,8869594,0,273981,0.35,47.27,0.00,N,0.00,0.00,-35.83,-35.83
2026-09-21T14:15:17,0155E0,해치텍,14480.0,23.34,2641417,0,-18060,0.84,48.14,0.00,N,-7.46,8.10,-32.34,-32.34
2026-09-21T14:15:17,425040,티이엠씨,12470.0,21.54,6167366,0,-472267,5.35,28.13,2.94,N,16.67,1.32,-58.84,-58.84
2026-09-21T14:15:18,036540,SFA반도체,10820.0,19.96,23810707,0,1532772,8.60,14.48,0.86,N,-93.28,3.75,-7.04,-7.04
2026-09-21T14:15:19,047920,HLB제약,7540.0,21.42,1402872,0,17183,0.00,4.28,0.30,N,53.48,1.98,-66.11,-63.22
2026-09-21T14:15:20,232140,와이씨,14090.0,18.3,9314208,0,606421,5.34,11.35,2.69,N,59.96,3.14,-41.66,-41.66
2026-09-21T14:15:21,314130,지놈앤컴퍼니,4050.0,19.29,1614710,0,172588,2.82,3.09,0.23,N,-23.55,1.69,-60.22,-60.22
2026-09-21T14:15:22,224060,더코디,5400.0,-1.64,1218205,0,-19682,0.00,23.61,0.00,N,1.15,0.23,-57.65,-57.65
2026-09-21T14:15:23,950250,테라뷰,3580.0,19.33,2857502,0,0,0.00,8.00,0.33,N,-13.21,4.00,-82.79,-82.79
2026-09-21T14:15:24,010580,에스엠벡셀,2865.0,14.6,13095812,0,-19582,0.49,11.77,0.49,N,286.50,4.73,-18.03,-18.03
2026-09-21T14:15:25,099750,이지케어텍,8030.0,15.21,1267393,0,-61611,1.10,9.28,0.61,N,18.00,2.45,-65.97,-32.01
2026-09-21T14:15:26,003160,디아이,35700.0,13.69,1682108,0,387488,14.43,5.94,3.17,N,198.33,5.68,-14.39,-14.39
2026-09-21T14:15:27,437730,삼현,56200.0,12.18,2958317,0,94406,1.17,9.33,1.30,N,171.34,13.48,-26.92,-26.92
2026-09-21T14:15:28,078350,한양디지텍,28650.0,12.13,1092421,0,-125443,5.63,7.17,4.15,N,29.18,2.46,-35.33,-35.33
2026-09-21T14:15:28,067310,하나마이크론,44150.0,14.23,5655396,0,783922,18.23,8.51,3.49,N,76.78,7.35,-24.53,-24.53
2026-09-21T14:15:29,200470,에이팩트,8130.0,12.29,1710037,0,48155,3.66,3.90,0.39,N,-6.79,6.23,-37.94,-37.94
2026-09-21T14:15:30,131970,두산테스나,95400.0,10.8,521676,0,-54385,10.72,2.70,2.00,N,50.13,4.19,-51.55,-51.55
2026-09-21T14:15:31,402490,그린리소스,7680.0,11.47,706732,0,-136635,7.46,4.17,1.75,N,12.41,1.82,-69.09,-69.09
2026-09-21T14:15:32,388210,씨엠티엑스,82300.0,10.92,62715,0,7766,7.86,0.65,1.35,N,-22.43,4.28,-51.67,-51.67
2026-09-21T14:15:33,092780,DYP,3700.0,-9.76,1075442,0,-146312,2.43,8.17,0.28,N,6.25,0.32,-63.90,-63.90
2026-09-21T14:15:34,092600,앤씨앤,3535.0,-3.68,2335529,0,-207639,5.03,46.56,0.00,N,1.42,0.44,-45.11,-63.69
2026-09-21T14:15:35,389470,인벤티지랩,25800.0,1.38,333567,0,-125372,11.99,2.51,0.02,N,-33.77,5.00,-74.63,-74.63
2026-09-21T14:15:36,001520,동양,1235.0,-8.72,9843588,0,-804260,2.89,9.19,0.30,N,7.35,0.16,-16.67,-53.57
2026-09-21T14:15:37,380550,뉴로핏,7210.0,4.95,1150779,0,-161526,6.54,9.43,0.08,N,-3.33,4.31,-80.35,-80.35
2026-09-21T14:15:38,240550,동방메디컬,6290.0,7.89,6734596,0,-151990,1.19,32.17,1.94,N,11.00,1.07,-45.02,-45.02
2026-09-21T14:15:38,348080,큐라티스,4630.0,1.98,1649872,0,-43723,0.56,12.86,0.00,N,-7.86,13.12,-24.59,-64.32
2026-09-21T14:15:39,100590,머큐리,4860.0,-1.62,1657417,0,-141111,2.03,9.67,1.42,N,-31.15,0.55,-61.88,-61.88
2026-09-21T14:15:40,365340,성일하이텍,35050.0,-0.99,119436,0,-33589,3.10,0.92,0.05,N,-5.51,3.38,-59.01,-59.01
2026-09-21T14:15:41,241790,티이엠씨씨엔에스,6410.0,0.47,747621,0,-96589,3.53,7.47,1.46,N,15.26,0.54,-34.59,-34.59
2026-09-21T14:15:42,456070,이엔셀,6000.0,-9.37,597220,0,-100560,2.41,5.41,0.81,N,-3.75,1.34,-71.36,-71.36
2026-09-21T14:15:43,0015N0,아로마티카,12440.0,-8.33,542656,0,1058,2.98,4.31,1.81,N,28.66,6.82,-60.51,-60.51
2026-09-21T14:25:09,007460,에이프로젠,2035.0,1.85,100896,0,4945,0.00,0.41,0.01,N,-0.61,0.02,-73.91,-87.46
2026-09-21T14:25:10,003060,에이프로젠바이오로직스,1613.0,-1.1,93611,0,-1892,0.00,0.58,0.00,N,-0.13,0.10,-74.68,-85.39
2026-09-21T14:25:11,417030,니어스랩,34100.0,9.12,741405,0,125981,9.19,12.83,0.00,N,-8.23,-0.74,-18.81,-18.81
2026-09-21T14:25:12,127120,제이에스링크,34500.0,6.15,350843,0,19006,3.82,0.95,0.00,N,-57.40,16.07,-30.86,-30.86
2026-09-21T14:25:13,115180,큐리언트,22200.0,3.74,52469,0,3588,3.11,0.14,0.00,N,-26.27,24.56,-64.71,-64.71
2026-09-21T14:25:14,223250,드림씨아이에스,4020.0,28.23,4696299,0,49804,50.11,19.09,1.67,N,13.44,1.25,-53.47,-53.47
2026-09-21T14:25:15,033170,시그네틱스,2795.0,30.0,1209920,0,-27195,1.38,7.06,0.00,N,-2.62,0.92,0.00,-52.75
2026-09-21T14:25:16,386380,스카이랩스,25250.0,29.89,8870259,0,273981,0.35,47.28,0.00,N,0.00,0.00,-35.83,-35.83
2026-09-21T14:25:17,0155E0,해치텍,14510.0,23.59,3050877,0,-19051,0.84,55.60,0.00,N,-7.48,8.12,-32.20,-32.20
2026-09-21T14:25:18,425040,티이엠씨,12550.0,22.32,6426690,0,-489098,5.35,29.31,2.94,N,16.78,1.33,-58.58,-58.58
2026-09-21T14:25:18,047920,HLB제약,7760.0,24.96,1514212,0,23559,0.00,4.62,0.30,N,55.04,2.03,-65.12,-62.15
2026-09-21T14:25:19,036540,SFA반도체,10820.0,19.96,24003305,0,1578624,8.60,14.60,0.86,N,-93.28,3.75,-7.04,-7.04
2026-09-21T14:25:20,232140,와이씨,14240.0,19.56,9488683,0,659197,5.34,11.57,2.69,N,60.60,3.17,-41.04,-41.04
2026-09-21T14:25:21,224060,더코디,5510.0,0.36,1234361,0,-15601,0.00,23.92,0.00,N,1.17,0.24,-56.78,-56.78
2026-09-21T14:25:22,314130,지놈앤컴퍼니,4025.0,18.56,1651657,0,200041,2.82,3.16,0.23,N,-23.40,1.68,-60.46,-60.46
2026-09-21T14:25:23,071090,하이스틸,3600.0,11.46,2754624,0,-114404,2.57,13.64,1.83,N,-15.86,0.51,-36.62,-36.62
2026-09-21T14:25:24,950250,테라뷰,3530.0,17.67,2890651,0,0,0.00,8.10,0.33,N,-13.03,3.94,-83.03,-83.03
2026-09-21T14:25:25,003160,디아이,35600.0,13.38,1697417,0,392571,14.43,6.00,3.17,N,197.78,5.66,-14.63,-14.63
2026-09-21T14:25:26,437730,삼현,56200.0,12.18,2983751,0,99915,1.17,9.41,1.30,N,171.34,13.48,-26.92,-26.92
2026-09-21T14:25:27,010580,에스엠벡셀,2855.0,14.2,13249552,0,-57534,0.49,11.91,0.49,N,285.50,4.71,-18.31,-18.31
2026-09-21T14:25:28,099750,이지케어텍,7940.0,13.92,1297710,0,-62090,1.10,9.50,0.61,N,17.80,2.42,-66.36,-32.77
2026-09-21T14:25:28,200470,에이팩트,8140.0,12.43,1721567,0,47167,3.66,3.93,0.39,N,-6.80,6.24,-37.86,-37.86
2026-09-21T14:25:29,078350,한양디지텍,28650.0,12.13,1108215,0,-117973,5.63,7.27,4.15,N,29.18,2.46,-35.33,-35.33
2026-09-21T14:25:30,067310,하나마이크론,44200.0,14.36,5691919,0,795081,18.23,8.56,3.49,N,76.87,7.36,-24.44,-24.44
2026-09-21T14:25:31,092780,DYP,3700.0,-9.76,1077845,0,-148167,2.43,8.19,0.28,N,6.25,0.32,-63.90,-63.90
2026-09-21T14:25:32,092600,앤씨앤,3610.0,-1.63,2357391,0,-209647,5.03,46.99,0.00,N,1.45,0.45,-43.94,-62.92
2026-09-21T14:25:33,389470,인벤티지랩,25750.0,1.18,337012,0,-125694,11.99,2.53,0.02,N,-33.70,4.99,-74.68,-74.68
2026-09-21T14:25:34,001520,동양,1223.0,-9.61,9909962,0,-800193,2.89,9.25,0.30,N,7.28,0.16,-17.48,-54.02
2026-09-21T14:25:35,380550,뉴로핏,7160.0,4.22,1166149,0,-156004,6.54,9.56,0.08,N,-3.31,4.28,-80.49,-80.49
2026-09-21T14:25:36,241790,티이엠씨씨엔에스,6340.0,-0.63,765901,0,-94192,3.53,7.66,1.46,N,15.10,0.53,-35.31,-35.31
2026-09-21T14:25:37,240550,동방메디컬,6320.0,8.4,6755612,0,-148284,1.19,32.27,1.94,N,11.05,1.07,-44.76,-44.76
2026-09-21T14:25:38,348080,큐라티스,4670.0,2.86,1657169,0,-45135,0.56,12.92,0.00,N,-7.93,13.23,-23.94,-64.01
2026-09-21T14:25:39,365340,성일하이텍,35000.0,-1.13,120404,0,-33898,3.10,0.93,0.05,N,-5.50,3.37,-59.06,-59.06
2026-09-21T14:25:39,456070,이엔셀,5990.0,-9.52,601312,0,-101805,2.41,5.45,0.81,N,-3.75,1.34,-71.41,-71.41
2026-09-21T14:25:40,0015N0,아로마티카,12390.0,-8.7,555104,0,-1069,2.98,4.41,1.81,N,28.55,6.79,-60.67,-60.67
2026-09-21T14:25:41,086960,MDS테크,2095.0,5.92,8490013,0,-821014,2.49,19.96,0.94,N,9.48,0.58,-48.53,-54.00
2026-09-21T14:35:12,007460,에이프로젠,2025.0,1.35,101404,0,5325,0.00,0.41,0.01,N,-0.61,0.02,-74.04,-87.52
2026-09-21T14:35:13,003060,에이프로젠바이오로직스,1611.0,-1.23,94324,0,-2442,0.00,0.58,0.00,N,-0.13,0.10,-74.71,-85.41
2026-09-21T14:35:14,417030,니어스랩,34250.0,9.6,750400,0,126302,9.19,12.99,0.00,N,-8.27,-0.75,-18.45,-18.45
2026-09-21T14:35:15,127120,제이에스링크,34500.0,6.15,361545,0,17814,3.82,0.98,0.00,N,-57.40,16.07,-30.86,-30.86
2026-09-21T14:35:16,115180,큐리언트,22200.0,3.74,53297,0,3387,3.11,0.14,0.00,N,-26.27,24.56,-64.71,-64.71
2026-09-21T14:35:17,223250,드림씨아이에스,4035.0,28.71,4742840,0,33340,50.11,19.28,1.67,N,13.49,1.26,-53.30,-53.30
2026-09-21T14:35:18,033170,시그네틱스,2795.0,30.0,1210029,0,-27204,1.38,7.06,0.00,N,-2.62,0.92,0.00,-52.75
2026-09-21T14:35:19,386380,스카이랩스,25250.0,29.89,8871530,0,273981,0.35,47.28,0.00,N,0.00,0.00,-35.83,-35.83
2026-09-21T14:35:20,0155E0,해치텍,14370.0,22.4,3434441,0,-17845,0.84,62.59,0.00,N,-7.41,8.04,-32.85,-32.85
2026-09-21T14:35:21,047920,HLB제약,7930.0,27.7,1618128,0,45633,0.00,4.93,0.30,N,56.24,2.08,-64.36,-61.32
2026-09-21T14:35:22,425040,티이엠씨,12510.0,21.93,6551413,0,-500185,5.35,29.88,2.94,N,16.72,1.33,-58.71,-58.71
2026-09-21T14:35:23,036540,SFA반도체,10770.0,19.4,24397735,0,1698107,8.60,14.84,0.86,N,-92.84,3.73,-7.47,-7.47
2026-09-21T14:35:24,224060,더코디,5530.0,0.73,1239413,0,-14397,0.00,24.02,0.00,N,1.18,0.24,-56.63,-56.63
2026-09-21T14:35:24,232140,와이씨,14180.0,19.06,9583858,0,690864,5.34,11.68,2.69,N,60.34,3.16,-41.28,-41.28
2026-09-21T14:35:25,950250,테라뷰,3545.0,18.17,2904913,0,0,0.00,8.14,0.33,N,-13.08,3.96,-82.96,-82.96
2026-09-21T14:35:26,314130,지놈앤컴퍼니,3975.0,17.08,1673662,0,204527,2.82,3.20,0.23,N,-23.11,1.65,-60.95,-60.95
2026-09-21T14:35:27,003160,디아이,35600.0,13.38,1707138,0,393755,14.43,6.03,3.17,N,197.78,5.66,-14.63,-14.63
2026-09-21T14:35:28,200470,에이팩트,8160.0,12.71,1740211,0,48825,3.66,3.97,0.39,N,-6.82,6.26,-37.71,-37.71
2026-09-21T14:35:29,437730,삼현,56200.0,12.18,3005729,0,98980,1.17,9.48,1.30,N,171.34,13.48,-26.92,-26.92
2026-09-21T14:35:30,131970,두산테스나,96400.0,11.96,606951,0,-39979,10.72,3.14,2.00,N,50.66,4.24,-51.04,-51.04
2026-09-21T14:35:31,078350,한양디지텍,28600.0,11.94,1118603,0,-117547,5.63,7.34,4.15,N,29.12,2.45,-35.44,-35.44
2026-09-21T14:35:32,010580,에스엠벡셀,2840.0,13.6,13370732,0,-71861,0.49,12.02,0.49,N,284.00,4.69,-18.74,-18.74
2026-09-21T14:35:33,067310,하나마이크론,44150.0,14.23,5719011,0,801202,18.23,8.60,3.49,N,76.78,7.35,-24.53,-24.53
2026-09-21T14:35:34,092780,DYP,3700.0,-9.76,1100557,0,-147234,2.43,8.36,0.28,N,6.25,0.32,-63.90,-63.90
2026-09-21T14:35:35,092600,앤씨앤,3550.0,-3.27,2378323,0,-210816,5.03,47.41,0.00,N,1.43,0.45,-44.88,-63.53
2026-09-21T14:35:35,001520,동양,1222.0,-9.68,9990517,0,-808850,2.89,9.33,0.30,N,7.27,0.16,-17.54,-54.06
2026-09-21T14:35:36,389470,인벤티지랩,25600.0,0.59,339939,0,-126217,11.99,2.55,0.02,N,-33.51,4.96,-74.83,-74.83
2026-09-21T14:35:37,380550,뉴로핏,7210.0,4.95,1180393,0,-146754,6.54,9.68,0.08,N,-3.33,4.31,-80.35,-80.35
2026-09-21T14:35:38,348080,큐라티스,4555.0,0.33,1670056,0,-42112,0.56,13.02,0.00,Y,-7.73,12.90,-25.81,-64.89
2026-09-21T14:35:39,241790,티이엠씨씨엔에스,6320.0,-0.94,775765,0,-91530,3.53,7.76,1.46,N,15.05,0.53,-35.51,-35.51
2026-09-21T14:35:40,240550,동방메디컬,6310.0,8.23,6806494,0,-156089,1.19,32.51,1.94,N,11.03,1.07,-44.84,-44.84
2026-09-21T14:35:41,365340,성일하이텍,34850.0,-1.55,123711,0,-33772,3.10,0.96,0.05,N,-5.48,3.36,-59.24,-59.24
2026-09-21T14:35:42,0015N0,아로마티카,12290.0,-9.43,581777,0,4671,2.98,4.63,1.81,N,28.32,6.73,-60.98,-60.98
2026-09-21T14:35:43,456070,이엔셀,5990.0,-9.52,604855,0,-103639,2.41,5.48,0.81,N,-3.75,1.34,-71.41,-71.41
2026-09-21T14:45:10,007460,에이프로젠,2035.0,1.85,103929,0,5821,0.00,0.42,0.01,N,-0.61,0.02,-73.91,-87.46
2026-09-21T14:45:11,003060,에이프로젠바이오로직스,1612.0,-1.16,95073,0,-2722,0.00,0.58,0.00,N,-0.13,0.10,-74.69,-85.40
2026-09-21T14:45:12,417030,니어스랩,34450.0,10.24,756866,0,127239,9.19,13.10,0.00,N,-8.32,-0.75,-17.98,-17.98
2026-09-21T14:45:13,127120,제이에스링크,34550.0,6.31,380375,0,23130,3.82,1.03,0.00,N,-57.49,16.09,-30.76,-30.76
2026-09-21T14:45:14,115180,큐리언트,22200.0,3.74,53615,0,3255,3.11,0.14,0.00,N,-26.27,24.56,-64.71,-64.71
2026-09-21T14:45:15,033170,시그네틱스,2795.0,30.0,1210587,0,-27215,1.38,7.06,0.00,N,-2.62,0.92,0.00,-52.75
2026-09-21T14:45:15,425040,티이엠씨,12930.0,26.02,6950249,0,-520024,5.35,31.70,2.94,N,17.29,1.37,-57.33,-57.33
2026-09-21T14:45:16,386380,스카이랩스,25250.0,29.89,8874086,0,273981,0.35,47.30,0.00,N,0.00,0.00,-35.83,-35.83
2026-09-21T14:45:17,223250,드림씨아이에스,3895.0,24.24,4968803,0,-28447,50.11,20.20,1.67,N,13.03,1.21,-54.92,-54.92
2026-09-21T14:45:18,0155E0,해치텍,14110.0,20.19,3803878,0,5269,0.84,69.32,0.00,N,-7.27,7.89,-34.07,-34.07
2026-09-21T14:45:19,047920,HLB제약,7780.0,25.28,1668803,0,44915,0.00,5.09,0.30,N,55.18,2.04,-65.03,-62.05
2026-09-21T14:45:20,224060,더코디,5600.0,2.0,1255070,0,-11199,0.00,24.32,0.00,N,1.19,0.24,-56.08,-56.08
2026-09-21T14:45:21,036540,SFA반도체,10690.0,18.51,24753862,0,1776418,8.60,15.05,0.86,N,-92.16,3.71,-8.16,-8.16
2026-09-21T14:45:22,232140,와이씨,14100.0,18.39,9657731,0,708089,5.34,11.77,2.69,N,60.00,3.14,-41.61,-41.61
2026-09-21T14:45:23,099750,이지케어텍,8100.0,16.21,1364338,0,-62400,1.10,9.99,0.61,N,18.16,2.47,-65.68,-31.41
2026-09-21T14:45:24,950250,테라뷰,3550.0,18.33,2933716,0,0,0.00,8.22,0.33,N,-13.10,3.97,-82.93,-82.93
2026-09-21T14:45:25,314130,지놈앤컴퍼니,3955.0,16.49,1685966,0,204536,2.82,3.22,0.23,N,-22.99,1.65,-61.15,-61.15
2026-09-21T14:45:26,131970,두산테스나,96100.0,11.61,659789,0,-43616,10.72,3.41,2.00,N,50.50,4.22,-51.19,-51.19
2026-09-21T14:45:27,003160,디아이,35500.0,13.06,1725357,0,398641,14.43,6.10,3.17,N,197.22,5.65,-14.87,-14.87
2026-09-21T14:45:28,078350,한양디지텍,28650.0,12.13,1129864,0,-117495,5.63,7.41,4.15,N,29.18,2.46,-35.33,-35.33
2026-09-21T14:45:29,0161M0,네오사피엔스,28350.0,183.5,26050395,80622,0,0.66,213.25,0.00,N,0.00,0.00,-7.80,-7.80
2026-09-21T14:45:30,200470,에이팩트,8130.0,12.29,1752870,0,47863,3.66,4.00,0.39,N,-6.79,6.23,-37.94,-37.94
2026-09-21T14:45:31,067310,하나마이크론,44050.0,13.97,5754226,0,817544,18.23,8.65,3.49,N,76.61,7.33,-24.70,-24.70
2026-09-21T14:45:32,092780,DYP,3700.0,-9.76,1101803,0,-148062,2.43,8.37,0.28,N,6.25,0.32,-63.90,-63.90
2026-09-21T14:45:33,092600,앤씨앤,3490.0,-4.9,2406808,0,-211027,5.03,47.98,0.00,N,1.40,0.44,-45.81,-64.15
2026-09-21T14:45:34,001520,동양,1236.0,-8.65,10065865,0,-818891,2.89,9.40,0.30,N,7.36,0.16,-16.60,-53.53
2026-09-21T14:45:35,389470,인벤티지랩,25650.0,0.79,344115,0,-126106,11.99,2.59,0.02,N,-33.57,4.97,-74.78,-74.78
2026-09-21T14:45:36,348080,큐라티스,4500.0,-0.88,1690996,0,-36422,0.56,13.18,0.00,N,-7.64,12.75,-26.71,-65.32
2026-09-21T14:45:37,380550,뉴로핏,7290.0,6.11,1189909,0,-142808,6.54,9.75,0.08,N,-3.37,4.36,-80.14,-80.14
2026-09-21T14:45:38,054930,유신,18860.0,5.54,172620,0,-18687,3.39,5.75,2.45,N,2.32,0.38,-35.30,-35.30
2026-09-21T14:45:39,0015N0,아로마티카,12220.0,-9.95,595829,0,1179,2.98,4.74,1.81,N,28.16,6.70,-61.21,-61.21
2026-09-21T14:45:40,240550,동방메디컬,6280.0,7.72,6839350,0,-160036,1.19,32.67,1.94,N,10.98,1.06,-45.10,-45.10
2026-09-21T14:45:41,365340,성일하이텍,34800.0,-1.69,124892,0,-34014,3.10,0.97,0.05,N,-5.47,3.35,-59.30,-59.30
2026-09-21T14:45:42,241790,티이엠씨씨엔에스,6440.0,0.94,792902,0,-91086,3.53,7.93,1.46,N,15.33,0.54,-34.29,-34.29
2026-09-21T14:45:43,340810,시선AI,4440.0,6.99,1345760,0,18337,4.84,9.65,0.00,N,-3.49,3.94,-12.94,-12.94
2026-09-21T14:45:44,456070,이엔셀,5990.0,-9.52,609332,0,-105636,2.41,5.52,0.81,N,-3.75,1.34,-71.41,-71.41
2026-09-21T14:55:10,007460,에이프로젠,2035.0,1.85,105789,0,5607,0.00,0.43,0.01,N,-0.61,0.02,-73.91,-87.46
2026-09-21T14:55:11,003060,에이프로젠바이오로직스,1607.0,-1.47,98337,0,-2833,0.00,0.60,0.00,N,-0.12,0.10,-74.77,-85.45
2026-09-21T14:55:12,417030,니어스랩,34050.0,8.96,761089,0,128482,9.19,13.17,0.00,N,-8.22,-0.74,-18.93,-18.93
2026-09-21T14:55:13,127120,제이에스링크,34200.0,5.23,388517,0,20772,3.82,1.05,0.00,N,-56.91,15.93,-31.46,-31.46
2026-09-21T14:55:13,115180,큐리언트,22250.0,3.97,54276,0,3099,3.11,0.14,0.00,N,-26.33,24.61,-64.63,-64.63
2026-09-21T14:55:14,033170,시그네틱스,2795.0,30.0,1210877,0,-27224,1.38,7.06,0.00,N,-2.62,0.92,0.00,-52.75
2026-09-21T14:55:15,386380,스카이랩스,25250.0,29.89,8875190,0,273981,0.35,47.30,0.00,N,0.00,0.00,-35.83,-35.83
2026-09-21T14:55:16,425040,티이엠씨,12650.0,23.29,7248083,0,-540395,5.35,33.06,2.94,N,16.91,1.34,-58.25,-58.25
2026-09-21T14:55:17,0155E0,해치텍,14130.0,20.36,4035651,0,-12697,0.84,73.55,0.00,N,-7.28,7.90,-33.97,-33.97
2026-09-21T14:55:18,223250,드림씨아이에스,3800.0,21.21,5149131,0,-69808,50.11,20.93,1.67,N,12.71,1.18,-56.02,-56.02
2026-09-21T14:55:19,047920,HLB제약,7690.0,23.83,1713293,0,45037,0.00,5.22,0.30,N,54.54,2.02,-65.44,-62.49
2026-09-21T14:55:20,036540,SFA반도체,10680.0,18.4,25025513,0,1824135,8.60,15.22,0.86,N,-92.07,3.70,-8.25,-8.25
2026-09-21T14:55:21,232140,와이씨,14150.0,18.81,9774383,0,744563,5.34,11.91,2.69,N,60.21,3.15,-41.41,-41.41
2026-09-21T14:55:22,224060,더코디,5500.0,0.18,1267756,0,-11503,0.00,24.57,0.00,N,1.17,0.24,-56.86,-56.86
2026-09-21T14:55:23,0161M0,네오사피엔스,29400.0,194.0,27071097,80622,0,0.66,221.61,0.00,N,0.00,0.00,-4.39,-4.39
2026-09-21T14:55:24,950250,테라뷰,3550.0,18.33,2963052,0,0,0.00,8.30,0.33,N,-13.10,3.97,-82.93,-82.93
2026-09-21T14:55:25,067310,하나마이크론,44350.0,14.75,5805214,0,839956,18.23,8.73,3.49,N,77.13,7.38,-24.19,-24.19
2026-09-21T14:55:26,468530,프로티나,39650.0,13.12,131680,0,-1603,2.78,1.19,0.49,N,-43.48,23.24,-66.99,-66.99
2026-09-21T14:55:27,314130,지놈앤컴퍼니,3950.0,16.35,1692122,0,203178,2.82,3.24,0.23,N,-22.97,1.64,-61.20,-61.20
2026-09-21T14:55:27,003160,디아이,35500.0,13.06,1749495,0,412014,14.43,6.18,3.17,N,197.22,5.65,-14.87,-14.87
2026-09-21T14:55:28,078350,한양디지텍,28550.0,11.74,1138452,0,-117851,5.63,7.47,4.15,N,29.07,2.45,-35.55,-35.55
2026-09-21T14:55:29,200470,에이팩트,8120.0,12.15,1773871,0,56216,3.66,4.05,0.39,N,-6.78,6.23,-38.02,-38.02
2026-09-21T14:55:30,131970,두산테스나,95900.0,11.38,698193,0,-34183,10.72,3.61,2.00,N,50.39,4.22,-51.30,-51.30
2026-09-21T14:55:31,437730,삼현,55900.0,11.58,3056579,0,106196,1.17,9.64,1.30,N,170.43,13.41,-27.31,-27.31
2026-09-21T14:55:32,092600,앤씨앤,3340.0,-8.99,2461351,0,-210085,5.03,49.06,0.00,N,1.34,0.42,-48.14,-65.69
2026-09-21T14:55:33,092780,DYP,3690.0,-10.0,1107514,0,-148761,2.43,8.41,0.28,N,6.23,0.32,-64.00,-64.00
2026-09-21T14:55:34,348080,큐라티스,4435.0,-2.31,1710607,0,-26665,0.56,13.34,0.00,N,-7.53,12.56,-27.77,-65.82
2026-09-21T14:55:35,001520,동양,1217.0,-10.05,10188632,0,-794868,2.89,9.51,0.30,N,7.24,0.16,-17.88,-54.25
2026-09-21T14:55:36,389470,인벤티지랩,25750.0,1.18,346083,0,-127041,11.99,2.60,0.02,N,-33.70,4.99,-74.68,-74.68
2026-09-21T14:55:37,380550,뉴로핏,7230.0,5.24,1198302,0,-138931,6.54,9.82,0.08,N,-3.34,4.32,-80.30,-80.30
2026-09-21T14:55:37,054930,유신,18830.0,5.37,177939,0,-19620,3.39,5.93,2.45,N,2.31,0.38,-35.40,-35.40
2026-09-21T14:55:38,365340,성일하이텍,34850.0,-1.55,126277,0,-34302,3.10,0.98,0.05,N,-5.48,3.36,-59.24,-59.24
2026-09-21T14:55:39,241790,티이엠씨씨엔에스,6410.0,0.47,818321,0,-101642,3.53,8.18,1.46,N,15.26,0.54,-34.59,-34.59
2026-09-21T14:55:40,240550,동방메디컬,6330.0,8.58,6871257,0,-155989,1.19,32.82,1.94,N,11.07,1.07,-44.67,-44.67
2026-09-21T14:55:41,0015N0,아로마티카,12310.0,-9.29,611372,0,-1491,2.98,4.86,1.81,N,28.36,6.75,-60.92,-60.92
2026-09-21T14:55:42,456070,이엔셀,5990.0,-9.52,618116,0,-108895,2.41,5.60,0.81,N,-3.75,1.34,-71.41,-71.41
2026-09-21T15:05:10,007460,에이프로젠,2040.0,2.1,107997,0,6747,0.00,0.44,0.01,N,-0.62,0.02,-73.85,-87.43
2026-09-21T15:05:11,003060,에이프로젠바이오로직스,1603.0,-1.72,103354,0,-6332,0.00,0.64,0.00,N,-0.12,0.10,-74.84,-85.48
2026-09-21T15:05:12,417030,니어스랩,34450.0,10.24,771539,0,123403,9.19,13.35,0.00,N,-8.32,-0.75,-17.98,-17.98
2026-09-21T15:05:12,127120,제이에스링크,34350.0,5.69,393642,0,19159,3.82,1.06,0.00,N,-57.15,16.00,-31.16,-31.16
2026-09-21T15:05:13,115180,큐리언트,22250.0,3.97,54818,0,3026,3.11,0.15,0.00,N,-26.33,24.61,-64.63,-64.63
2026-09-21T15:05:14,033170,시그네틱스,2795.0,30.0,1211163,0,-27236,1.38,7.06,0.00,N,-2.62,0.92,0.00,-52.75
2026-09-21T15:05:15,0007J0,인벤테라,12270.0,20.89,253736,0,4739,1.00,3.23,0.29,N,0.00,0.00,-79.62,-79.62
2026-09-21T15:05:16,386380,스카이랩스,25250.0,29.89,8879527,0,273981,0.35,47.33,0.00,N,0.00,0.00,-35.83,-35.83
2026-09-21T15:05:17,425040,티이엠씨,12530.0,22.12,7421127,0,-550432,5.35,33.85,2.94,N,16.75,1.33,-58.65,-58.65
2026-09-21T15:05:18,0161M0,네오사피엔스,30750.0,207.5,29264448,80622,0,0.66,239.56,0.00,N,0.00,0.00,-1.76,-1.76
2026-09-21T15:05:19,047920,HLB제약,7660.0,23.35,1744491,0,49517,0.00,5.32,0.30,N,54.33,2.01,-65.57,-62.64
2026-09-21T15:05:20,223250,드림씨아이에스,3665.0,16.91,5367424,0,-84732,50.11,21.82,1.67,N,12.26,1.14,-57.58,-57.58
2026-09-21T15:05:21,232140,와이씨,14180.0,19.06,9852527,0,769467,5.34,12.01,2.69,N,60.34,3.16,-41.28,-41.28
2026-09-21T15:05:22,0155E0,해치텍,13460.0,14.65,4232971,0,-12431,0.84,77.14,0.00,N,-6.94,7.53,-37.10,-37.10
2026-09-21T15:05:22,036540,SFA반도체,10590.0,17.41,25561368,0,1930712,8.60,15.54,0.86,N,-91.29,3.67,-9.02,-9.02
2026-09-21T15:05:23,224060,더코디,5400.0,-1.64,1285124,0,-8833,0.00,24.90,0.00,N,1.15,0.23,-57.65,-57.65
2026-09-21T15:05:24,468530,프로티나,40100.0,14.41,145816,0,1821,2.78,1.31,0.49,N,-43.97,23.51,-66.61,-66.61
2026-09-21T15:05:25,067310,하나마이크론,44500.0,15.14,5896809,0,848017,18.23,8.87,3.49,N,77.39,7.41,-23.93,-23.93
2026-09-21T15:05:26,314130,지놈앤컴퍼니,3960.0,16.64,1701904,0,201791,2.82,3.25,0.23,N,-23.02,1.65,-61.10,-61.10
2026-09-21T15:05:27,950250,테라뷰,3545.0,18.17,3011704,0,0,0.00,8.44,0.33,N,-13.08,3.96,-82.96,-82.96
2026-09-21T15:05:28,003160,디아이,35450.0,12.9,1773314,0,421132,14.43,6.27,3.17,N,196.94,5.64,-14.99,-14.99
2026-09-21T15:05:29,010580,에스엠벡셀,2825.0,13.0,13634289,0,-84772,0.49,12.26,0.49,N,282.50,4.66,-19.17,-19.17
2026-09-21T15:05:30,200470,에이팩트,8110.0,12.02,1792515,0,50978,3.66,4.09,0.39,N,-6.78,6.22,-38.09,-38.09
2026-09-21T15:05:31,437730,삼현,55900.0,11.58,3092130,0,108480,1.17,9.75,1.30,N,170.43,13.41,-27.31,-27.31
2026-09-21T15:05:32,092600,앤씨앤,3260.0,-11.17,2510280,0,-216711,5.03,50.04,0.00,N,1.31,0.41,-49.38,-66.51
2026-09-21T15:05:33,092780,DYP,3690.0,-10.0,1109182,0,-149219,2.43,8.42,0.28,N,6.23,0.32,-64.00,-64.00
2026-09-21T15:05:34,348080,큐라티스,4390.0,-3.3,1727833,0,-17920,0.56,13.47,0.00,N,-7.45,12.44,-28.50,-66.17
2026-09-21T15:05:34,001520,동양,1220.0,-9.83,10249994,0,-790275,2.89,9.57,0.30,N,7.26,0.16,-17.68,-54.14
2026-09-21T15:05:35,389470,인벤티지랩,25650.0,0.79,348533,0,-127394,11.99,2.62,0.02,N,-33.57,4.97,-74.78,-74.78
2026-09-21T15:05:36,380550,뉴로핏,7200.0,4.8,1207427,0,-134906,6.54,9.90,0.08,N,-3.33,4.31,-80.38,-80.38
2026-09-21T15:05:37,290560,파라택시스이더리움,1331.0,7.51,2260153,0,7245,16.70,10.11,0.01,N,0.00,0.00,-86.03,-41.24
2026-09-21T15:05:38,054930,유신,18750.0,4.92,183316,0,-19785,3.39,6.11,2.45,N,2.30,0.38,-35.68,-35.68
2026-09-21T15:05:39,241790,티이엠씨씨엔에스,6370.0,-0.16,831099,0,-98410,3.53,8.31,1.46,N,15.17,0.54,-35.00,-35.00
2026-09-21T15:05:40,240550,동방메디컬,6350.0,8.92,6900717,0,-150798,1.19,32.96,1.94,N,11.10,1.08,-44.49,-44.49
2026-09-21T15:05:41,365340,성일하이텍,34850.0,-1.55,127040,0,-34267,3.10,0.98,0.05,N,-5.48,3.36,-59.24,-59.24
2026-09-21T15:05:42,456070,이엔셀,5980.0,-9.67,625524,0,-111816,2.41,5.67,0.81,N,-3.74,1.34,-71.46,-71.46
2026-09-21T15:05:43,0015N0,아로마티카,12420.0,-8.47,621628,0,-3325,2.98,4.94,1.81,N,28.62,6.81,-60.57,-60.57
2026-09-21T15:05:44,086960,MDS테크,2105.0,6.42,8729792,0,-789189,2.49,20.53,0.94,N,9.52,0.58,-48.28,-53.78
2026-09-21T15:15:10,007460,에이프로젠,2035.0,1.85,109822,0,7787,0.00,0.44,0.01,N,-0.61,0.02,-73.91,-87.46
2026-09-21T15:15:11,003060,에이프로젠바이오로직스,1603.0,-1.72,104065,0,-6340,0.00,0.64,0.00,N,-0.12,0.10,-74.84,-85.48
2026-09-21T15:15:12,417030,니어스랩,34500.0,10.4,778010,0,125616,9.19,13.47,0.00,N,-8.33,-0.75,-17.86,-17.86
2026-09-21T15:15:13,127120,제이에스링크,34250.0,5.38,395816,0,18013,3.82,1.07,0.00,N,-56.99,15.95,-31.36,-31.36
2026-09-21T15:15:14,115180,큐리언트,22300.0,4.21,55585,0,3003,3.11,0.15,0.00,N,-26.39,24.67,-64.55,-64.55
2026-09-21T15:15:15,0161M0,네오사피엔스,33300.0,233.0,31799920,80622,0,0.66,260.32,0.00,N,0.00,0.00,-0.60,-0.60
2026-09-21T15:15:17,033170,시그네틱스,2795.0,30.0,1215822,0,-30731,1.38,7.09,0.00,N,-2.62,0.92,0.00,-52.75
2026-09-21T15:15:18,386380,스카이랩스,25250.0,29.89,8883419,0,273981,0.35,47.35,0.00,N,0.00,0.00,-35.83,-35.83
2026-09-21T15:15:18,425040,티이엠씨,12660.0,23.39,7541391,0,-554971,5.35,34.40,2.94,N,16.93,1.34,-58.22,-58.22
2026-09-21T15:15:19,0007J0,인벤테라,11770.0,15.96,866784,0,2530,1.00,11.02,0.29,N,0.00,0.00,-80.45,-80.45
2026-09-21T15:15:21,047920,HLB제약,7630.0,22.87,1790059,0,60061,0.00,5.46,0.30,N,54.11,2.00,-65.71,-62.79
2026-09-21T15:15:22,232140,와이씨,14250.0,19.65,10028982,0,808562,5.34,12.22,2.69,N,60.64,3.17,-40.99,-40.99
2026-09-21T15:15:23,223250,드림씨아이에스,3600.0,14.83,5524542,0,-114150,50.11,22.46,1.67,N,12.04,1.12,-58.33,-58.33
2026-09-21T15:15:24,0155E0,해치텍,13290.0,13.2,4420126,0,1349,0.84,80.55,0.00,N,-6.85,7.43,-37.90,-37.90
2026-09-21T15:15:25,036540,SFA반도체,10490.0,16.3,26058473,0,2030805,8.60,15.84,0.86,N,-90.43,3.64,-9.88,-9.88
2026-09-21T15:15:26,224060,더코디,5320.0,-3.1,1304009,0,-10560,0.00,25.27,0.00,N,1.13,0.23,-58.27,-58.27
2026-09-21T15:15:27,067310,하나마이크론,44550.0,15.27,6011355,0,847654,18.23,9.04,3.49,N,77.48,7.42,-23.85,-23.85
2026-09-21T15:15:28,314130,지놈앤컴퍼니,3965.0,16.79,1714421,0,197571,2.82,3.28,0.23,N,-23.05,1.65,-61.05,-61.05
2026-09-21T15:15:29,468530,프로티나,39650.0,13.12,154630,0,-2273,2.78,1.39,0.49,N,-43.48,23.24,-66.99,-66.99
2026-09-21T15:15:30,010580,에스엠벡셀,2845.0,13.8,13742222,0,-60087,0.49,12.35,0.49,N,284.50,4.69,-18.60,-18.60
2026-09-21T15:15:31,950250,테라뷰,3485.0,16.17,3091359,0,0,0.00,8.66,0.33,N,-12.86,3.89,-83.25,-83.25
2026-09-21T15:15:32,200470,에이팩트,8120.0,12.15,1805431,0,47845,3.66,4.12,0.39,N,-6.78,6.23,-38.02,-38.02
2026-09-21T15:15:33,003160,디아이,35350.0,12.58,1820187,0,435742,14.43,6.43,3.17,N,196.39,5.62,-15.23,-15.23
2026-09-21T15:15:34,092600,앤씨앤,3170.0,-13.62,2546375,0,-213269,5.03,50.76,0.00,N,1.28,0.40,-50.78,-67.44
2026-09-21T15:15:36,092780,DYP,3670.0,-10.49,1111728,0,-149263,2.43,8.44,0.28,N,6.20,0.32,-64.20,-64.20
2026-09-21T15:15:37,348080,큐라티스,4385.0,-3.41,1740275,0,-12528,0.56,13.57,0.00,N,-7.44,12.42,-28.58,-66.20
2026-09-21T15:15:38,001520,동양,1213.0,-10.35,10323408,0,-791685,2.89,9.64,0.30,N,7.22,0.16,-18.15,-54.40
2026-09-21T15:15:39,389470,인벤티지랩,25650.0,0.79,352100,0,-127565,11.99,2.65,0.02,N,-33.57,4.97,-74.78,-74.78
2026-09-21T15:15:40,380550,뉴로핏,7230.0,5.24,1215677,0,-131499,6.54,9.97,0.08,N,-3.34,4.32,-80.30,-80.30
2026-09-21T15:15:41,290560,파라택시스이더리움,1339.0,8.16,2269224,0,6623,16.70,10.15,0.01,N,0.00,0.00,-85.95,-40.88
2026-09-21T15:15:42,054930,유신,18630.0,4.25,188292,0,-18729,3.39,6.28,2.45,N,2.29,0.38,-36.09,-36.09
2026-09-21T15:15:43,261780,아리바이오랩,3490.0,-16.81,1049127,0,-72664,0.00,3.62,0.00,N,0.00,0.00,-48.07,-48.07
2026-09-21T15:15:44,241790,티이엠씨씨엔에스,6370.0,-0.16,840043,0,-97313,3.53,8.40,1.46,N,15.17,0.54,-35.00,-35.00
2026-09-21T15:15:45,240550,동방메디컬,6310.0,8.23,6928973,0,-146540,1.19,33.10,1.94,N,11.03,1.07,-44.84,-44.84
2026-09-21T15:15:46,365340,성일하이텍,34800.0,-1.69,129249,0,-34033,3.10,1.00,0.05,N,-5.47,3.35,-59.30,-59.30
2026-09-21T15:15:47,456070,이엔셀,5990.0,-9.52,631881,0,-113239,2.41,5.73,0.81,N,-3.75,1.34,-71.41,-71.41
2026-09-21T15:25:10,007460,에이프로젠,2040.0,2.1,110630,0,7699,0.00,0.45,0.01,N,-0.62,0.02,-73.85,-87.43
2026-09-21T15:25:11,003060,에이프로젠바이오로직스,1602.0,-1.78,105923,0,-6366,0.00,0.65,0.00,N,-0.12,0.10,-74.85,-85.49
2026-09-21T15:25:12,417030,니어스랩,34350.0,9.92,781619,0,127336,9.19,13.53,0.00,N,-8.29,-0.75,-18.21,-18.21
2026-09-21T15:25:12,127120,제이에스링크,34300.0,5.54,397145,0,17405,3.82,1.07,0.00,N,-57.07,15.98,-31.26,-31.26
2026-09-21T15:25:13,115180,큐리언트,22200.0,3.74,57156,0,4154,3.11,0.15,0.00,N,-26.27,24.56,-64.71,-64.71
2026-09-21T15:25:14,0161M0,네오사피엔스,33500.0,235.0,33616480,80622,0,0.66,275.19,0.00,N,0.00,0.00,-3.60,-3.60
2026-09-21T15:25:15,033170,시그네틱스,2795.0,30.0,1215826,0,-30731,1.38,7.09,0.00,N,-2.62,0.92,0.00,-52.75
2026-09-21T15:25:16,425040,티이엠씨,12820.0,24.95,7657040,0,-545119,5.35,34.93,2.94,N,17.14,1.36,-57.69,-57.69
2026-09-21T15:25:17,386380,스카이랩스,25250.0,29.89,8884166,0,273981,0.35,47.35,0.00,N,0.00,0.00,-35.83,-35.83
2026-09-21T15:25:18,047920,HLB제약,7670.0,23.51,1808027,0,63349,0.00,5.51,0.30,N,54.40,2.01,-65.53,-62.59
2026-09-21T15:25:19,0007J0,인벤테라,11610.0,14.38,916586,0,337,1.00,11.65,0.29,N,0.00,0.00,-80.71,-80.71
2026-09-21T15:25:20,232140,와이씨,14240.0,19.56,10117119,0,799463,5.34,12.33,2.69,N,60.60,3.17,-41.04,-41.04
2026-09-21T15:25:21,223250,드림씨아이에스,3625.0,15.63,5560440,0,-103434,50.11,22.60,1.67,N,12.12,1.13,-58.04,-58.04
2026-09-21T15:25:22,0155E0,해치텍,13410.0,14.22,4495035,0,8446,0.84,81.92,0.00,N,-6.91,7.50,-37.34,-37.34
2026-09-21T15:25:22,036540,SFA반도체,10520.0,16.63,26358575,0,2056487,8.60,16.03,0.86,N,-90.69,3.65,-9.62,-9.62
2026-09-21T15:25:23,067310,하나마이크론,44800.0,15.91,6086051,0,857311,18.23,9.15,3.49,N,77.91,7.46,-23.42,-23.42
2026-09-21T15:25:24,010580,에스엠벡셀,2850.0,14.0,13843704,0,-44651,0.49,12.44,0.49,N,285.00,4.70,-18.45,-18.45
2026-09-21T15:25:25,224060,더코디,5280.0,-3.83,1323549,0,-9493,0.00,25.65,0.00,N,1.12,0.23,-58.59,-58.59
2026-09-21T15:25:26,950250,테라뷰,3495.0,16.5,3115276,0,0,0.00,8.73,0.33,N,-12.90,3.91,-83.20,-83.20
2026-09-21T15:25:27,468530,프로티나,39450.0,12.55,156415,0,-2774,2.78,1.41,0.49,N,-43.26,23.12,-67.15,-67.15
2026-09-21T15:25:28,003160,디아이,35350.0,12.58,1836599,0,442552,14.43,6.49,3.17,N,196.39,5.62,-15.23,-15.23
2026-09-21T15:25:29,200470,에이팩트,8100.0,11.88,1834059,0,64741,3.66,4.19,0.39,N,-6.77,6.21,-38.17,-38.17
2026-09-21T15:25:30,092600,앤씨앤,3220.0,-12.26,2558259,0,-212532,5.03,50.99,0.00,N,1.30,0.40,-50.00,-66.92
2026-09-21T15:25:31,092780,DYP,3675.0,-10.37,1117511,0,-148621,2.43,8.49,0.28,N,6.21,0.32,-64.15,-64.15
2026-09-21T15:25:31,348080,큐라티스,4400.0,-3.08,1746023,0,-10318,0.56,13.61,0.00,N,-7.47,12.46,-28.34,-66.09
2026-09-21T15:25:32,001520,동양,1219.0,-9.9,10382411,0,-795732,2.89,9.69,0.30,N,7.26,0.16,-17.75,-54.17
2026-09-21T15:25:33,389470,인벤티지랩,25600.0,0.59,354290,0,-128464,11.99,2.66,0.02,N,-33.51,4.96,-74.83,-74.83
2026-09-21T15:25:34,290560,파라택시스이더리움,1336.0,7.92,2270378,0,6208,16.70,10.15,0.01,N,0.00,0.00,-85.98,-41.02
2026-09-21T15:25:35,380550,뉴로핏,7260.0,5.68,1222483,0,-129335,6.54,10.02,0.08,N,-3.36,4.34,-80.22,-80.22
2026-09-21T15:25:36,261780,아리바이오랩,3465.0,-17.4,1089180,0,-65528,0.00,3.76,0.00,N,0.00,0.00,-48.44,-48.44
2026-09-21T15:25:37,054930,유신,18650.0,4.36,190623,0,-17849,3.39,6.35,2.45,N,2.29,0.38,-36.02,-36.02
2026-09-21T15:25:38,365340,성일하이텍,34950.0,-1.27,129674,0,-33973,3.10,1.00,0.05,N,-5.49,3.37,-59.12,-59.12
2026-09-21T15:25:39,241790,티이엠씨씨엔에스,6400.0,0.31,845128,0,-95294,3.53,8.45,1.46,N,15.24,0.54,-34.69,-34.69
2026-09-21T15:25:40,240550,동방메디컬,6360.0,9.09,6948856,0,-145151,1.19,33.19,1.94,N,11.12,1.08,-44.41,-44.41
2026-09-21T15:25:41,0015N0,아로마티카,12380.0,-8.77,645646,0,-8895,2.98,5.13,1.81,N,28.53,6.78,-60.70,-60.70
2026-09-21T15:25:41,456070,이엔셀,6000.0,-9.37,635825,0,-115382,2.41,5.76,0.81,N,-3.75,1.34,-71.36,-71.36
2026-09-22T09:05:13,007460,에이프로젠,2050.0,0.49,7857,0,-1475,0.00,0.03,0.01,N,-0.62,0.02,-73.72,-87.37
2026-09-22T09:05:15,003060,에이프로젠바이오로직스,1612.0,0.62,99,0,51,0.00,0.00,0.00,N,-0.13,0.10,-74.69,-84.74
2026-09-22T09:05:16,417030,니어스랩,34350.0,-0.58,31875,0,6300,11.49,0.55,0.00,N,-8.29,-0.75,-18.21,-18.21
2026-09-22T09:05:19,127120,제이에스링크,34450.0,0.29,7617,0,-3313,3.90,0.02,0.00,N,-57.32,16.05,-30.96,-30.96
2026-09-22T09:05:21,115180,큐리언트,22300.0,0.45,928,0,-334,3.15,0.00,0.00,N,-26.39,24.67,-64.55,-64.55
2026-09-22T09:05:22,0200G0,한국제17호스팩,4140.0,107.0,17277285,521600,0,6.00,198.59,0.00,N,0.00,0.00,-10.78,-10.78
2026-09-22T09:05:23,393210,토마토시스템,3075.0,20.59,1166555,0,-83854,2.65,7.47,1.22,Y,-24.02,1.83,-55.76,-56.63
2026-09-22T09:05:24,0161M0,네오사피엔스,38050.0,10.93,1415363,0,31836,0.00,11.59,0.00,N,-48.66,-9.65,-1.17,-1.17
2026-09-22T09:05:25,222800,심텍,147600.0,12.93,244864,0,25789,11.09,0.64,1.64,N,-29.79,9.57,-10.11,-10.11
2026-09-22T09:05:26,010950,S-Oil,155800.0,1.23,48762,0,18686,79.42,0.04,0.20,N,102.64,2.04,-12.03,-12.03
2026-09-22T09:05:28,052710,아모텍,18380.0,8.76,249948,0,11829,6.94,1.34,0.85,N,40.94,2.08,-49.30,-43.16
2026-09-22T09:05:29,0209J0,KB제34호스팩,3910.0,95.5,11085371,787500,0,10.92,153.75,0.00,N,0.00,0.00,-10.83,-10.83
2026-09-22T09:15:09,007460,에이프로젠,2030.0,-0.49,13153,0,-504,0.00,0.05,0.01,N,-0.61,0.02,-73.97,-87.49
2026-09-22T09:15:10,003060,에이프로젠바이오로직스,1595.0,-0.44,10535,0,-4372,0.00,0.06,0.00,N,-0.12,0.10,-74.96,-84.90
2026-09-22T09:15:11,417030,니어스랩,33900.0,-1.88,78544,0,30678,11.49,1.36,0.00,N,-8.18,-0.74,-19.29,-19.29
2026-09-22T09:15:12,127120,제이에스링크,33600.0,-2.18,16499,0,-7358,3.90,0.04,0.00,N,-55.91,15.65,-32.67,-32.67
2026-09-22T09:15:13,115180,큐리언트,22300.0,0.45,2490,0,-348,3.15,0.01,0.00,N,-26.39,24.67,-64.55,-64.55
2026-09-22T09:15:14,0200G0,한국제17호스팩,4240.0,112.0,30834289,521600,0,6.00,354.42,0.00,N,0.00,0.00,-8.62,-8.62
2026-09-22T09:15:15,393210,토마토시스템,3000.0,17.65,2125260,0,-218071,2.65,13.61,1.22,N,-23.44,1.78,-56.83,-57.69
2026-09-22T09:15:15,222800,심텍,152900.0,16.99,472948,0,53805,11.09,1.23,1.64,N,-30.86,9.92,-6.88,-6.88
2026-09-22T09:15:16,001440,대한전선,33000.0,11.11,2149135,0,297980,11.30,1.10,1.59,N,73.01,3.83,-56.52,-56.52
2026-09-22T09:15:17,007810,코리아써키트,64800.0,23.9,576081,0,-49492,6.87,2.40,2.46,N,37.54,4.03,-56.30,-56.30
2026-09-22T09:15:18,356860,티엘비,43850.0,15.09,538693,0,70594,4.62,2.27,2.33,N,49.33,7.41,-69.08,-35.14
2026-09-22T09:15:19,353200,대덕전자,117300.0,15.11,953262,0,266576,18.20,1.93,1.51,N,126.95,6.73,-40.76,-40.76
2026-09-22T09:15:20,0209J0,KB제34호스팩,3865.0,93.25,15494971,787500,0,10.92,214.91,0.00,N,0.00,0.00,-11.86,-11.86
2026-09-22T09:15:21,0161M0,네오사피엔스,37450.0,9.18,3785388,0,56311,0.00,30.99,0.00,N,-47.89,-9.50,-7.53,-7.53
2026-09-22T09:25:08,007460,에이프로젠,2030.0,-0.49,16584,0,2759,0.00,0.07,0.01,N,-0.61,0.02,-73.97,-87.49
2026-09-22T09:25:09,003060,에이프로젠바이오로직스,1594.0,-0.5,20290,0,-9155,0.00,0.12,0.00,N,-0.12,0.10,-74.98,-84.91
2026-09-22T09:25:10,417030,니어스랩,34350.0,-0.58,101266,0,22531,11.49,1.75,0.00,N,-8.29,-0.75,-18.21,-18.21
2026-09-22T09:25:11,127120,제이에스링크,33500.0,-2.47,26394,0,-7176,3.90,0.07,0.00,N,-55.74,15.60,-32.87,-32.87
2026-09-22T09:25:12,115180,큐리언트,22250.0,0.23,3455,0,-459,3.15,0.01,0.00,N,-26.33,24.61,-64.63,-64.63
2026-09-22T09:25:13,0200G0,한국제17호스팩,4775.0,138.75,43423475,521600,0,6.00,499.12,0.00,N,0.00,0.00,-2.35,-2.35
2026-09-22T09:25:14,299170,더블유에스아이,1545.0,29.94,3276741,0,-16649,5.30,7.89,2.77,N,-14.58,1.08,-69.10,-69.10
2026-09-22T09:25:15,393210,토마토시스템,3315.0,30.0,3186498,0,-178109,2.65,20.41,1.22,N,-25.90,1.97,-52.30,-53.24
2026-09-22T09:25:16,049470,비트플래닛,3385.0,22.87,1964406,0,-46441,23.82,8.34,0.00,N,-178.16,5.36,-8.51,-81.45
2026-09-22T09:25:17,0209J0,KB제34호스팩,4230.0,111.5,23014794,787500,0,10.92,319.21,0.00,N,0.00,0.00,-3.53,-3.53
2026-09-22T09:25:18,051370,인터플렉스,7310.0,16.77,925997,0,-57319,6.89,3.97,1.74,N,5.18,0.55,-50.17,-50.17
2026-09-22T09:25:19,085910,네오티스,15960.0,13.11,245122,0,13716,12.78,1.78,0.92,N,52.33,3.84,-56.03,-56.03
2026-09-22T09:25:20,001440,대한전선,32600.0,9.76,3728771,0,411512,11.30,1.90,1.59,N,72.12,3.78,-57.05,-57.05
2026-09-22T09:25:21,024840,KBI메탈,6900.0,9.35,3332368,0,171246,4.86,7.67,2.48,N,-6900.00,1.98,-41.33,-41.33
2026-09-22T09:25:22,222800,심텍,149500.0,14.38,630113,0,48083,11.09,1.64,1.64,N,-30.17,9.70,-8.95,-8.95
2026-09-22T09:25:23,007810,코리아써키트,63700.0,21.8,738177,0,-37606,6.87,3.08,2.46,N,36.91,3.96,-57.05,-57.05
2026-09-22T09:25:24,0161M0,네오사피엔스,36850.0,7.43,4318759,0,25910,0.00,35.35,0.00,N,-47.12,-9.35,-9.01,-9.01
2026-09-22T09:35:10,007460,에이프로젠,2015.0,-1.23,17565,0,2978,0.00,0.07,0.01,N,-0.61,0.02,-74.17,-87.58
2026-09-22T09:35:11,003060,에이프로젠바이오로직스,1595.0,-0.44,24693,0,-9747,0.00,0.15,0.00,N,-0.12,0.10,-74.96,-84.90
2026-09-22T09:35:12,417030,니어스랩,33700.0,-2.46,111281,0,23778,11.49,1.93,0.00,N,-8.14,-0.74,-19.76,-19.76
2026-09-22T09:35:13,127120,제이에스링크,33300.0,-3.06,33270,0,-8701,3.90,0.09,0.00,N,-55.41,15.51,-33.27,-33.27
2026-09-22T09:35:14,115180,큐리언트,22150.0,-0.23,10780,0,3716,3.15,0.03,0.00,N,-26.21,24.50,-64.79,-64.79
2026-09-22T09:35:15,0200G0,한국제17호스팩,4925.0,146.25,51307460,521600,0,6.00,589.74,0.00,N,0.00,0.00,-0.30,-0.30
2026-09-22T09:35:16,299170,더블유에스아이,1545.0,29.94,3687707,0,-3853,5.30,8.88,2.77,N,-14.58,1.08,-69.10,-69.10
2026-09-22T09:35:17,393210,토마토시스템,3315.0,30.0,3221685,0,-178308,2.65,20.63,1.22,N,-25.90,1.97,-52.30,-53.24
2026-09-22T09:35:18,049470,비트플래닛,3345.0,21.42,2344224,0,-67365,23.82,9.96,0.00,N,-176.05,5.30,-9.59,-81.67
2026-09-22T09:35:19,051370,인터플렉스,7390.0,18.05,1192771,0,-78191,6.89,5.11,1.74,N,5.24,0.56,-49.63,-49.63
2026-09-22T09:35:20,0209J0,KB제34호스팩,4170.0,108.5,26008314,787500,0,10.92,360.73,0.00,N,0.00,0.00,-4.90,-4.90
2026-09-22T09:35:21,085910,네오티스,16250.0,15.17,317155,0,15131,12.78,2.30,0.92,N,53.28,3.91,-55.23,-55.23
2026-09-22T09:35:22,007810,코리아써키트,66800.0,27.72,929537,0,-24416,6.87,3.88,2.46,Y,38.70,4.16,-54.96,-54.96
2026-09-22T09:35:23,222800,심텍,153200.0,17.21,770994,0,65062,11.09,2.00,1.64,N,-30.92,9.94,-6.70,-6.70
2026-09-22T09:35:24,052710,아모텍,19200.0,13.61,1202735,0,-54124,6.94,6.44,0.85,N,42.76,2.17,-47.03,-40.63
2026-09-22T09:35:25,356860,티엘비,44700.0,17.32,858243,0,149770,4.62,3.62,2.33,N,50.28,7.55,-68.48,-33.88
2026-09-22T09:35:26,001440,대한전선,32700.0,10.1,4542542,0,364740,11.30,2.32,1.59,N,72.35,3.79,-56.92,-56.92
2026-09-22T09:35:27,036710,심텍홀딩스,4440.0,12.98,712407,0,42884,24.30,1.35,0.02,N,-6.11,9.15,-31.69,-31.69
2026-09-22T09:35:28,353200,대덕전자,118100.0,15.9,1303252,0,338592,18.20,2.64,1.51,N,127.81,6.78,-40.35,-40.35
2026-09-22T09:35:29,033160,엠케이전자,16170.0,9.78,754387,0,64319,14.19,3.07,5.25,N,269.50,0.92,-56.30,-56.30
2026-09-22T09:35:30,0161M0,네오사피엔스,35750.0,4.23,4764109,0,6903,0.00,39.00,0.00,N,-45.72,-9.07,-11.73,-11.73
2026-09-22T09:45:08,007460,에이프로젠,2055.0,0.74,24821,0,1363,0.00,0.10,0.01,N,-0.62,0.02,-73.65,-87.34
2026-09-22T09:45:09,003060,에이프로젠바이오로직스,1597.0,-0.31,26364,0,-10327,0.00,0.16,0.00,N,-0.12,0.10,-74.93,-84.88
2026-09-22T09:45:10,417030,니어스랩,33700.0,-2.46,117072,0,24674,11.49,2.03,0.00,N,-8.14,-0.74,-19.76,-19.76
2026-09-22T09:45:11,127120,제이에스링크,33400.0,-2.77,38267,0,-9311,3.90,0.10,0.00,N,-55.57,15.56,-33.07,-33.07
2026-09-22T09:45:12,115180,큐리언트,22200.0,0.0,11447,0,3677,3.15,0.03,0.00,N,-26.27,24.56,-64.71,-64.71
2026-09-22T09:45:13,0200G0,한국제17호스팩,5170.0,158.5,62881335,521600,0,6.00,722.77,0.00,N,0.00,0.00,-0.96,-0.96
2026-09-22T09:45:14,299170,더블유에스아이,1545.0,29.94,3726321,0,-3853,5.30,8.98,2.77,N,-14.58,1.08,-69.10,-69.10
2026-09-22T09:45:15,393210,토마토시스템,3315.0,30.0,3234411,0,-178669,2.65,20.71,1.22,N,-25.90,1.97,-52.30,-53.24
2026-09-22T09:45:16,049470,비트플래닛,3420.0,24.14,2566223,0,-67915,23.82,10.90,0.00,N,-180.00,5.42,-7.57,-81.26
2026-09-22T09:45:17,051370,인터플렉스,7480.0,19.49,1399479,0,-65050,6.89,6.00,1.74,N,5.30,0.56,-49.01,-49.01
2026-09-22T09:45:18,085910,네오티스,16450.0,16.58,405062,0,24284,12.78,2.94,0.92,N,53.93,3.96,-54.68,-54.68
2026-09-22T09:45:19,0209J0,KB제34호스팩,4180.0,109.0,29153950,787500,0,10.92,404.35,0.00,N,0.00,0.00,-4.68,-4.68
2026-09-22T09:45:20,052710,아모텍,19690.0,16.51,1549786,0,-99833,6.94,8.30,0.85,N,43.85,2.22,-45.68,-39.11
2026-09-22T09:45:21,007810,코리아써키트,67000.0,28.11,1408033,0,-31154,6.87,5.87,2.46,N,38.82,4.17,-54.82,-54.82
2026-09-22T09:45:22,222800,심텍,152700.0,16.83,947260,0,58270,11.09,2.46,1.64,N,-30.82,9.90,-7.00,-7.00
2026-09-22T09:45:23,356860,티엘비,45400.0,19.16,1144303,0,130952,4.62,4.83,2.33,N,51.07,7.67,-67.98,-32.85
2026-09-22T09:45:24,033160,엠케이전자,16510.0,12.08,983371,0,97736,14.19,4.00,5.25,N,275.17,0.94,-55.38,-55.38
2026-09-22T09:45:25,486990,노타,20250.0,16.71,616106,0,77167,0.69,2.88,0.44,N,-20.71,15.72,-68.99,-68.99
2026-09-22T09:45:26,425420,티에프이,64600.0,11.0,161981,0,6115,3.06,1.31,2.68,N,41.04,6.86,-16.86,-16.86
2026-09-22T09:45:27,0161M0,네오사피엔스,35900.0,4.66,5292935,0,23200,0.00,43.33,0.00,N,-45.91,-9.10,-11.36,-11.36
2026-09-22T09:45:28,033170,시그네틱스,3100.0,10.91,1045825,0,-67960,1.19,6.10,0.00,N,-2.90,1.02,-9.36,-47.59
2026-09-22T09:55:09,007460,에이프로젠,2050.0,0.49,25356,0,984,0.00,0.10,0.01,N,-0.62,0.02,-73.72,-87.37
2026-09-22T09:55:10,003060,에이프로젠바이오로직스,1600.0,-0.12,26990,0,-10408,0.00,0.17,0.00,N,-0.12,0.10,-74.88,-84.86
2026-09-22T09:55:11,417030,니어스랩,33700.0,-2.46,119379,0,24565,11.49,2.07,0.00,N,-8.14,-0.74,-19.76,-19.76
2026-09-22T09:55:12,127120,제이에스링크,33750.0,-1.75,42404,0,-10191,3.90,0.11,0.00,N,-56.16,15.72,-32.36,-32.36
2026-09-22T09:55:13,115180,큐리언트,22100.0,-0.45,12400,0,3717,3.15,0.03,0.00,N,-26.15,24.45,-64.86,-64.86
2026-09-22T09:55:14,0200G0,한국제17호스팩,4965.0,148.25,70163825,521600,0,6.00,806.48,0.00,N,0.00,0.00,-4.89,-4.89
2026-09-22T09:55:15,299170,더블유에스아이,1545.0,29.94,3730787,0,-3854,5.30,8.99,2.77,N,-14.58,1.08,-69.10,-69.10
2026-09-22T09:55:16,0007C0,아크릴,23450.0,23.03,619730,0,11694,3.53,7.72,1.22,N,-49.06,4.30,-69.55,-69.55
2026-09-22T09:55:17,393210,토마토시스템,3315.0,30.0,3238268,0,-178978,2.65,20.74,1.22,N,-25.90,1.97,-52.30,-53.24
2026-09-22T09:55:18,486990,노타,22550.0,29.97,1410776,0,84492,0.69,6.59,0.44,N,-23.06,17.51,-65.47,-65.47
2026-09-22T09:55:19,049470,비트플래닛,3420.0,24.14,2752574,0,-68504,23.82,11.69,0.00,N,-180.00,5.42,-7.57,-81.26
2026-09-22T09:55:20,051370,인터플렉스,7580.0,21.09,1525764,0,-62799,6.89,6.54,1.74,N,5.38,0.57,-48.33,-48.33
2026-09-22T09:55:20,085910,네오티스,16190.0,14.74,439640,0,16556,12.78,3.19,0.92,N,53.08,3.90,-55.40,-55.40
2026-09-22T09:55:21,052710,아모텍,19570.0,15.8,1752176,0,-116196,6.94,9.38,0.85,N,43.59,2.21,-46.01,-39.48
2026-09-22T09:55:22,007810,코리아써키트,66600.0,27.34,1533724,0,-5057,6.87,6.40,2.46,N,38.59,4.14,-55.09,-55.09
2026-09-22T09:55:23,0209J0,KB제34호스팩,4070.0,103.5,30761950,787500,0,10.92,426.66,0.00,N,0.00,0.00,-7.18,-7.18
2026-09-22T09:55:24,356860,티엘비,45100.0,18.37,1270102,0,140587,4.62,5.36,2.33,N,50.73,7.62,-68.19,-33.29
2026-09-22T09:55:25,222800,심텍,151300.0,15.76,1030899,0,45740,11.09,2.68,1.64,N,-30.53,9.81,-7.86,-7.86
2026-09-22T09:55:26,425420,티에프이,65200.0,12.03,206514,0,1940,3.06,1.67,2.68,N,41.42,6.93,-16.09,-16.09
2026-09-22T09:55:27,001440,대한전선,32650.0,9.93,5426810,0,327138,11.30,2.77,1.59,N,72.23,3.79,-56.98,-56.98
2026-09-22T09:55:28,0161M0,네오사피엔스,36150.0,5.39,5583979,0,1223,0.00,45.71,0.00,N,-46.23,-9.17,-10.74,-10.74
2026-09-22T10:05:10,007460,에이프로젠,2045.0,0.25,27915,0,1329,0.00,0.11,0.01,N,-0.62,0.02,-73.78,-87.40
2026-09-22T10:05:11,003060,에이프로젠바이오로직스,1601.0,-0.06,31805,0,-6077,0.00,0.20,0.00,N,-0.12,0.10,-74.87,-84.85
2026-09-22T10:05:12,417030,니어스랩,33700.0,-2.46,125311,0,24241,11.49,2.17,0.00,N,-8.14,-0.74,-19.76,-19.76
2026-09-22T10:05:13,127120,제이에스링크,33650.0,-2.04,44669,0,-10774,3.90,0.12,0.00,N,-55.99,15.67,-32.57,-32.57
2026-09-22T10:05:15,115180,큐리언트,22150.0,-0.23,13440,0,3243,3.15,0.04,0.00,N,-26.21,24.50,-64.79,-64.79
2026-09-22T10:05:15,0200G0,한국제17호스팩,4720.0,136.0,73792167,521600,0,6.00,848.19,0.00,N,0.00,0.00,-9.58,-9.58
2026-09-22T10:05:17,299170,더블유에스아이,1545.0,29.94,3754973,0,-3854,5.30,9.05,2.77,N,-14.58,1.08,-69.10,-69.10
2026-09-22T10:05:18,0209J0,KB제34호스팩,4540.0,127.0,36953486,787500,0,10.92,512.53,0.00,N,0.00,0.00,-0.87,-0.87
2026-09-22T10:05:19,393210,토마토시스템,3315.0,30.0,3242207,0,-179272,2.65,20.76,1.22,N,-25.90,1.97,-52.30,-53.24
2026-09-22T10:05:20,486990,노타,22550.0,29.97,1640906,0,83380,0.69,7.67,0.44,N,-23.06,17.51,-65.47,-65.47
2026-09-22T10:05:20,0007C0,아크릴,22900.0,20.15,868907,0,3336,3.53,10.82,1.22,N,-47.91,4.20,-70.26,-70.26
2026-09-22T10:05:21,049470,비트플래닛,3355.0,21.78,2844154,0,-68600,23.82,12.08,0.00,N,-176.58,5.32,-9.32,-81.62
2026-09-22T10:05:22,051370,인터플렉스,7400.0,18.21,1605843,0,-65049,6.89,6.88,1.74,N,5.25,0.56,-49.56,-49.56
2026-09-22T10:05:24,085910,네오티스,16400.0,16.23,456340,0,15263,12.78,3.31,0.92,N,53.77,3.95,-54.82,-54.82
2026-09-22T10:05:24,052710,아모텍,19460.0,15.15,1853326,0,-97062,6.94,9.92,0.85,N,43.34,2.20,-46.32,-39.82
2026-09-22T10:05:25,425420,티에프이,66500.0,14.26,246067,0,12074,3.06,1.99,2.68,N,42.25,7.07,-14.41,-14.41
2026-09-22T10:05:26,007810,코리아써키트,66500.0,27.15,1622275,0,13640,6.87,6.76,2.46,N,38.53,4.14,-55.16,-55.16
2026-09-22T10:05:27,222800,심텍,153700.0,17.6,1100391,0,61944,11.09,2.86,1.64,N,-31.02,9.97,-6.39,-6.39
2026-09-22T10:05:29,356860,티엘비,45200.0,18.64,1344732,0,153423,4.62,5.67,2.33,N,50.84,7.64,-68.12,-33.14
2026-09-22T10:05:30,0161M0,네오사피엔스,35650.0,3.94,5968989,0,1515,0.00,48.86,0.00,N,-45.59,-9.04,-11.98,-11.98
2026-09-22T10:05:31,386380,스카이랩스,24400.0,-3.37,2900060,0,-27017,1.76,15.46,0.00,N,0.00,0.00,-37.99,-37.99
2026-09-22T10:15:11,007460,에이프로젠,2050.0,0.49,30254,0,1325,0.00,0.12,0.01,N,-0.62,0.02,-73.72,-87.37
2026-09-22T10:15:12,003060,에이프로젠바이오로직스,1598.0,-0.25,36611,0,-3995,0.00,0.23,0.00,N,-0.12,0.10,-74.91,-84.87
2026-09-22T10:15:13,417030,니어스랩,34050.0,-1.45,133740,0,22186,11.49,2.31,0.00,N,-8.22,-0.74,-18.93,-18.93
2026-09-22T10:15:14,127120,제이에스링크,33200.0,-3.35,48629,0,-11637,3.90,0.13,0.00,N,-55.24,15.46,-33.47,-33.47
2026-09-22T10:15:15,115180,큐리언트,21900.0,-1.35,34183,0,17382,3.15,0.09,0.00,N,-25.92,24.23,-65.18,-65.18
2026-09-22T10:15:16,0200G0,한국제17호스팩,4915.0,145.75,77153620,521600,0,6.00,886.82,0.00,N,0.00,0.00,-5.84,-5.84
2026-09-22T10:15:17,299170,더블유에스아이,1545.0,29.94,3757549,0,-3854,5.30,9.05,2.77,N,-14.58,1.08,-69.10,-69.10
2026-09-22T10:15:18,393210,토마토시스템,3315.0,30.0,3244021,0,-179547,2.65,20.78,1.22,N,-25.90,1.97,-52.30,-53.24
2026-09-22T10:15:19,486990,노타,22550.0,29.97,1641183,0,83380,0.69,7.67,0.44,N,-23.06,17.51,-65.47,-65.47
2026-09-22T10:15:20,049470,비트플래닛,3400.0,23.41,2963385,0,-69043,23.82,12.59,0.00,N,-178.95,5.39,-8.11,-81.37
2026-09-22T10:15:21,085910,네오티스,16690.0,18.28,510869,0,7032,12.78,3.70,0.92,N,54.72,4.02,-54.02,-54.02
2026-09-22T10:15:22,0209J0,KB제34호스팩,4285.0,114.25,42596805,787500,0,10.92,590.80,0.00,N,0.00,0.00,-6.44,-6.44
2026-09-22T10:15:23,0007C0,아크릴,22350.0,17.26,960994,0,12080,3.53,11.97,1.22,N,-46.76,4.10,-70.97,-70.97
2026-09-22T10:15:24,051370,인터플렉스,7270.0,16.13,1662895,0,-59155,6.89,7.13,1.74,N,5.16,0.55,-50.44,-50.44
2026-09-22T10:15:25,052710,아모텍,19380.0,14.67,1915238,0,-94216,6.94,10.25,0.85,N,43.16,2.19,-46.54,-40.07
2026-09-22T10:15:26,007810,코리아써키트,66300.0,26.77,1683914,0,14232,6.87,7.02,2.46,N,38.41,4.13,-55.29,-55.29
2026-09-22T10:15:27,059090,미코,22050.0,10.36,536841,0,114759,23.04,1.61,2.69,N,24.97,6.03,-24.62,-24.62
2026-09-22T10:15:28,425420,티에프이,65700.0,12.89,260193,0,15408,3.06,2.11,2.68,N,41.74,6.98,-15.44,-15.44
2026-09-22T10:15:29,0161M0,네오사피엔스,34400.0,0.29,6730930,0,1844,0.00,55.10,0.00,N,-43.99,-8.72,-15.06,-15.06
2026-09-22T10:15:30,386380,스카이랩스,24050.0,-4.75,3068052,0,-19716,1.76,16.35,0.00,N,0.00,0.00,-38.88,-38.88
2026-09-22T10:25:10,007460,에이프로젠,2045.0,0.25,30547,0,1252,0.00,0.12,0.01,N,-0.62,0.02,-73.78,-87.40
2026-09-22T10:25:11,003060,에이프로젠바이오로직스,1601.0,-0.06,40096,0,-4012,0.00,0.25,0.00,N,-0.12,0.10,-74.87,-84.85
2026-09-22T10:25:12,417030,니어스랩,34300.0,-0.72,140311,0,20762,11.49,2.43,0.00,N,-8.28,-0.75,-18.33,-18.33
2026-09-22T10:25:13,127120,제이에스링크,33000.0,-3.93,56315,0,-12271,3.90,0.15,0.00,N,-54.91,15.37,-33.87,-33.87
2026-09-22T10:25:14,115180,큐리언트,21950.0,-1.13,35129,0,16758,3.15,0.09,0.00,N,-25.98,24.28,-65.10,-65.10
2026-09-22T10:25:15,0200G0,한국제17호스팩,4805.0,140.25,79424086,521600,0,6.00,912.92,0.00,N,0.00,0.00,-7.95,-7.95
2026-09-22T10:25:16,299170,더블유에스아이,1545.0,29.94,3759288,0,-3854,5.30,9.06,2.77,N,-14.58,1.08,-69.10,-69.10
2026-09-22T10:25:17,393210,토마토시스템,3315.0,30.0,3246462,0,-179841,2.65,20.79,1.22,N,-25.90,1.97,-52.30,-53.24
2026-09-22T10:25:18,486990,노타,22550.0,29.97,1642117,0,83376,0.69,7.68,0.44,N,-23.06,17.51,-65.47,-65.47
2026-09-22T10:25:19,049470,비트플래닛,3360.0,21.96,3008576,0,-68269,23.82,12.78,0.00,N,-176.84,5.32,-9.19,-81.59
2026-09-22T10:25:20,0007C0,아크릴,22150.0,16.21,1054361,0,23802,3.53,13.13,1.22,N,-46.34,4.07,-71.23,-71.23
2026-09-22T10:25:21,0209J0,KB제34호스팩,4185.0,109.25,44785850,787500,0,10.92,621.16,0.00,N,0.00,0.00,-8.62,-8.62
2026-09-22T10:25:21,085910,네오티스,16230.0,15.02,538234,0,2510,12.78,3.90,0.92,N,53.21,3.91,-55.29,-55.29
2026-09-22T10:25:22,051370,인터플렉스,7200.0,15.02,1731881,0,-49706,6.89,7.42,1.74,N,5.11,0.54,-50.92,-50.92
2026-09-22T10:25:23,059090,미코,22500.0,12.61,652050,0,151465,23.04,1.95,2.69,N,25.48,6.15,-23.08,-23.08
2026-09-22T10:25:24,274090,켄코아에어로스페이스,13940.0,13.7,1346630,0,-77738,5.36,9.78,1.93,N,-11.78,1.14,-64.80,-64.80
2026-09-22T10:25:25,007810,코리아써키트,66700.0,27.53,1725209,0,11515,6.87,7.19,2.46,N,38.64,4.15,-55.02,-55.02
2026-09-22T10:25:26,052710,아모텍,19380.0,14.67,1976284,0,-71404,6.94,10.58,0.85,N,43.16,2.19,-46.54,-40.07
2026-09-22T10:25:27,425420,티에프이,66400.0,14.09,276034,0,22413,3.06,2.24,2.68,N,42.19,7.06,-14.54,-14.54
2026-09-22T10:25:28,0161M0,네오사피엔스,33400.0,-2.62,7049137,0,13626,0.00,57.70,0.00,N,-42.71,-8.47,-17.53,-17.53
2026-09-22T10:25:29,386380,스카이랩스,24100.0,-4.55,3208193,0,-15288,1.76,17.10,0.00,N,0.00,0.00,-38.75,-38.75
2026-09-22T10:35:09,007460,에이프로젠,2040.0,0.0,30666,0,1351,0.00,0.12,0.01,N,-0.62,0.02,-73.85,-87.43
2026-09-22T10:35:10,003060,에이프로젠바이오로직스,1603.0,0.06,40269,0,-3907,0.00,0.25,0.00,N,-0.12,0.10,-74.84,-84.83
2026-09-22T10:35:11,417030,니어스랩,33950.0,-1.74,142354,0,20332,11.49,2.46,0.00,N,-8.20,-0.74,-19.17,-19.17
2026-09-22T10:35:11,127120,제이에스링크,32900.0,-4.22,59824,0,-14192,3.90,0.16,0.00,N,-54.74,15.32,-34.07,-34.07
2026-09-22T10:35:12,115180,큐리언트,21900.0,-1.35,37667,0,16566,3.15,0.10,0.00,N,-25.92,24.23,-65.18,-65.18
2026-09-22T10:35:13,0200G0,한국제17호스팩,4720.0,136.0,80970423,521600,0,6.00,930.69,0.00,N,0.00,0.00,-9.58,-9.58
2026-09-22T10:35:14,299170,더블유에스아이,1545.0,29.94,3759389,0,-3854,5.30,9.06,2.77,N,-14.58,1.08,-69.10,-69.10
2026-09-22T10:35:15,009580,무림P&P,2025.0,24.16,3853145,0,-155785,2.05,6.18,0.74,N,-3.72,0.21,-54.19,-54.19
2026-09-22T10:35:16,393210,토마토시스템,3315.0,30.0,3249478,0,-180144,2.65,20.81,1.22,N,-25.90,1.97,-52.30,-53.24
2026-09-22T10:35:17,486990,노타,22550.0,29.97,1642837,0,83376,0.69,7.68,0.44,N,-23.06,17.51,-65.47,-65.47
2026-09-22T10:35:18,049470,비트플래닛,3360.0,21.96,3052406,0,-68000,23.82,12.96,0.00,N,-176.84,5.32,-9.19,-81.59
2026-09-22T10:35:19,0007C0,아크릴,22050.0,15.69,1091633,0,24012,3.53,13.59,1.22,N,-46.13,4.05,-71.36,-71.36
2026-09-22T10:35:20,085910,네오티스,16200.0,14.81,552506,0,817,12.78,4.01,0.92,N,53.11,3.90,-55.37,-55.37
2026-09-22T10:35:21,059090,미코,22600.0,13.11,738557,0,186926,23.04,2.21,2.69,N,25.59,6.18,-22.74,-22.74
2026-09-22T10:35:22,051370,인터플렉스,7180.0,14.7,1778060,0,-51215,6.89,7.62,1.74,N,5.09,0.54,-51.06,-51.06
2026-09-22T10:35:23,007810,코리아써키트,67100.0,28.3,1771239,0,24873,6.87,7.39,2.46,N,38.88,4.18,-54.75,-54.75
2026-09-22T10:35:23,425420,티에프이,66900.0,14.95,290519,0,30939,3.06,2.35,2.68,N,42.50,7.11,-13.90,-13.90
2026-09-22T10:35:24,356860,티엘비,45850.0,20.34,1546101,0,193650,4.62,6.52,2.33,N,51.57,7.75,-67.67,-32.18
2026-09-22T10:35:25,0209J0,KB제34호스팩,4095.0,104.75,46492622,787500,0,10.92,644.84,0.00,N,0.00,0.00,-10.59,-10.59
2026-09-22T10:35:26,493280,아이엠바이오로직스,15290.0,10.0,203953,0,75174,3.31,1.37,0.69,N,0.00,0.00,-85.30,-85.30
2026-09-22T10:35:27,085670,뉴프렉스,3320.0,14.68,924546,0,9625,3.36,3.77,2.08,N,9.22,0.75,-54.40,-54.40
2026-09-22T10:35:28,052710,아모텍,19280.0,14.08,2016372,0,-57833,6.94,10.79,0.85,N,42.94,2.18,-46.81,-40.38
2026-09-22T10:35:30,232140,와이씨,15370.0,7.86,5045800,0,-367903,6.36,6.15,2.69,N,65.40,3.42,-36.36,-36.36
2026-09-22T10:35:31,0161M0,네오사피엔스,34350.0,0.15,7252730,0,17192,0.00,59.37,0.00,N,-43.93,-8.71,-15.19,-15.19
2026-09-22T10:35:32,386380,스카이랩스,24100.0,-4.55,3402023,0,2146,1.76,18.13,0.00,N,0.00,0.00,-38.75,-38.75
2026-09-22T10:35:32,232830,아이티센피엔에스,2925.0,7.54,1074572,0,-835,0.74,6.50,0.00,N,-7.97,3.04,-47.67,-47.67
2026-09-22T10:45:08,007460,에이프로젠,2055.0,0.74,32890,0,1108,0.00,0.13,0.01,N,-0.62,0.02,-73.65,-87.34
2026-09-22T10:45:09,003060,에이프로젠바이오로직스,1600.0,-0.12,43992,0,-3013,0.00,0.27,0.00,N,-0.12,0.10,-74.88,-84.86
2026-09-22T10:45:10,417030,니어스랩,33850.0,-2.03,145511,0,18182,11.49,2.52,0.00,N,-8.17,-0.74,-19.40,-19.40
2026-09-22T10:45:11,127120,제이에스링크,32600.0,-5.09,64019,0,-15962,3.90,0.17,0.00,N,-54.24,15.18,-34.67,-34.67
2026-09-22T10:45:12,115180,큐리언트,21850.0,-1.58,38750,0,16325,3.15,0.10,0.00,N,-25.86,24.17,-65.26,-65.26
2026-09-22T10:45:13,0200G0,한국제17호스팩,4715.0,135.75,83929767,521600,0,6.00,964.71,0.00,N,0.00,0.00,-9.67,-9.67
2026-09-22T10:45:14,299170,더블유에스아이,1545.0,29.94,3764456,0,-3854,5.30,9.07,2.77,N,-14.58,1.08,-69.10,-69.10
2026-09-22T10:45:15,0007J0,인벤테라,14400.0,24.03,858447,0,-15116,0.95,10.91,0.50,N,0.00,0.00,-76.08,-76.08
2026-09-22T10:45:16,393210,토마토시스템,3315.0,30.0,3253085,0,-180418,2.65,20.83,1.22,N,-25.90,1.97,-52.30,-53.24
2026-09-22T10:45:16,486990,노타,22550.0,29.97,1642969,0,83376,0.69,7.68,0.44,N,-23.06,17.51,-65.47,-65.47
2026-09-22T10:45:17,049470,비트플래닛,3350.0,21.6,3076405,0,-68995,23.82,13.07,0.00,N,-176.32,5.31,-9.46,-81.64
2026-09-22T10:45:18,009580,무림P&P,1891.0,15.94,5454880,0,-82475,2.05,8.75,0.74,N,-3.48,0.20,-57.22,-57.22
2026-09-22T10:45:19,085910,네오티스,16260.0,15.24,561504,0,-1045,12.78,4.07,0.92,N,53.31,3.91,-55.21,-55.21
2026-09-22T10:45:20,051370,인터플렉스,7230.0,15.5,1787633,0,-51261,6.89,7.66,1.74,N,5.13,0.54,-50.72,-50.72
2026-09-22T10:45:21,0007C0,아크릴,21450.0,12.54,1144900,0,22435,3.53,14.26,1.22,N,-44.87,3.94,-72.14,-72.14
2026-09-22T10:45:22,007810,코리아써키트,67150.0,28.39,1793426,0,29255,6.87,7.48,2.46,N,38.90,4.18,-54.72,-54.72
2026-09-22T10:45:23,425420,티에프이,67000.0,15.12,330921,0,53315,3.06,2.68,2.68,N,42.57,7.12,-13.77,-13.77
2026-09-22T10:45:24,052710,아모텍,19480.0,15.27,2063733,0,-52698,6.94,11.05,0.85,N,43.39,2.20,-46.26,-39.76
2026-09-22T10:45:25,059090,미코,22200.0,11.11,779752,0,191669,23.04,2.33,2.69,N,25.14,6.07,-24.10,-24.10
2026-09-22T10:45:26,356860,티엘비,45650.0,19.82,1583391,0,194417,4.62,6.68,2.33,N,51.35,7.71,-67.81,-32.48
2026-09-22T10:45:28,0209J0,KB제34호스팩,4020.0,101.0,48020173,787500,0,10.92,666.02,0.00,N,0.00,0.00,-12.23,-12.23
2026-09-22T10:45:29,493280,아이엠바이오로직스,15200.0,9.35,210226,0,77612,3.31,1.42,0.69,N,0.00,0.00,-85.38,-85.38
2026-09-22T10:45:30,085670,뉴프렉스,3270.0,12.95,949735,0,5896,3.36,3.88,2.08,N,9.08,0.74,-55.08,-55.08
2026-09-22T10:45:31,0161M0,네오사피엔스,34950.0,1.9,7873867,0,6498,0.00,64.46,0.00,N,-44.69,-8.86,-13.70,-13.70
2026-09-22T10:45:32,386380,스카이랩스,24250.0,-3.96,3448233,0,-1582,1.76,18.38,0.00,N,0.00,0.00,-38.37,-38.37
2026-09-22T10:45:33,274090,켄코아에어로스페이스,13050.0,6.44,2112477,0,-105659,5.36,15.34,1.93,N,-11.03,1.07,-67.05,-67.05
2026-09-22T10:45:34,033170,시그네틱스,3130.0,11.99,1600268,0,-100539,1.19,9.33,0.00,N,-2.93,1.03,-8.48,-47.08
2026-09-22T10:55:10,007460,에이프로젠,2040.0,0.0,35784,0,1019,0.00,0.14,0.01,N,-0.62,0.02,-73.85,-87.43
2026-09-22T10:55:11,003060,에이프로젠바이오로직스,1601.0,-0.06,44520,0,-2651,0.00,0.27,0.00,N,-0.12,0.10,-74.87,-84.85
2026-09-22T10:55:12,417030,니어스랩,33850.0,-2.03,148597,0,17136,11.49,2.57,0.00,N,-8.17,-0.74,-19.40,-19.40
2026-09-22T10:55:13,127120,제이에스링크,32900.0,-4.22,67350,0,-16639,3.90,0.18,0.00,N,-54.74,15.32,-34.07,-34.07
2026-09-22T10:55:14,115180,큐리언트,21750.0,-2.03,42014,0,14851,3.15,0.11,0.00,N,-25.74,24.06,-65.42,-65.42
2026-09-22T10:55:15,0200G0,한국제17호스팩,4645.0,132.25,85280409,521600,0,6.00,980.23,0.00,N,0.00,0.00,-11.02,-11.02
2026-09-22T10:55:16,299170,더블유에스아이,1545.0,29.94,3776413,0,-3854,5.30,9.10,2.77,N,-14.58,1.08,-69.10,-69.10
2026-09-22T10:55:17,0007J0,인벤테라,14580.0,25.58,1277262,0,-22223,0.95,16.24,0.50,N,0.00,0.00,-75.78,-75.78
2026-09-22T10:55:18,393210,토마토시스템,3315.0,30.0,3255478,0,-180626,2.65,20.85,1.22,N,-25.90,1.97,-52.30,-53.24
2026-09-22T10:55:19,486990,노타,22550.0,29.97,1644227,0,83360,0.69,7.69,0.44,N,-23.06,17.51,-65.47,-65.47
2026-09-22T10:55:20,009580,무림P&P,1941.0,19.01,6380146,0,-120781,2.05,10.23,0.74,N,-3.57,0.20,-56.09,-56.09
2026-09-22T10:55:21,049470,비트플래닛,3280.0,19.06,3137995,0,-66409,23.82,13.33,0.00,N,-172.63,5.20,-11.35,-82.03
2026-09-22T10:55:22,085910,네오티스,16250.0,15.17,571803,0,-3588,12.78,4.15,0.92,N,53.28,3.91,-55.23,-55.23
2026-09-22T10:55:23,0007C0,아크릴,21500.0,12.8,1173063,0,25115,3.53,14.61,1.22,N,-44.98,3.95,-72.08,-72.08
2026-09-22T10:55:24,051370,인터플렉스,7180.0,14.7,1797401,0,-51414,6.89,7.71,1.74,N,5.09,0.54,-51.06,-51.06
2026-09-22T10:55:25,007810,코리아써키트,67100.0,28.3,1809606,0,29238,6.87,7.55,2.46,N,38.88,4.18,-54.75,-54.75
2026-09-22T10:55:26,052710,아모텍,19420.0,14.91,2084618,0,-50020,6.94,11.16,0.85,N,43.25,2.19,-46.43,-39.95
2026-09-22T10:55:27,425420,티에프이,66500.0,14.26,355216,0,62095,3.06,2.88,2.68,N,42.25,7.07,-14.41,-14.41
2026-09-22T10:55:27,356860,티엘비,45650.0,19.82,1611278,0,200153,4.62,6.80,2.33,N,51.35,7.71,-67.81,-32.48
2026-09-22T10:55:28,0209J0,KB제34호스팩,4025.0,101.25,49016365,787500,0,10.92,679.84,0.00,N,0.00,0.00,-12.12,-12.12
2026-09-22T10:55:29,388790,라이콤,5590.0,3.52,662609,0,86745,0.43,2.16,0.01,N,0.00,0.00,-40.09,-40.09
2026-09-22T10:55:30,493280,아이엠바이오로직스,15180.0,9.21,216560,0,75323,3.31,1.46,0.69,N,0.00,0.00,-85.40,-85.40
2026-09-22T10:55:31,059090,미코,21950.0,9.86,824640,0,191994,23.04,2.47,2.69,N,24.86,6.00,-24.96,-24.96
2026-09-22T10:55:32,222800,심텍,151700.0,16.07,1272675,0,74309,11.09,3.31,1.64,N,-30.62,9.84,-7.61,-7.61
2026-09-22T10:55:33,0161M0,네오사피엔스,35050.0,2.19,8204661,0,1058,0.00,67.16,0.00,N,-44.82,-8.89,-13.46,-13.46
2026-09-22T10:55:34,274090,켄코아에어로스페이스,12910.0,5.3,2218073,0,-87323,5.36,16.10,1.93,N,-10.91,1.06,-67.40,-67.40
2026-09-22T10:55:35,232830,아이티센피엔에스,2870.0,5.51,1166217,0,-1143,0.74,7.05,0.00,N,-7.82,2.98,-48.66,-48.66
2026-09-22T10:55:36,386380,스카이랩스,24050.0,-4.75,3503520,0,-15757,1.76,18.67,0.00,N,0.00,0.00,-38.88,-38.88
2026-09-22T10:55:37,033170,시그네틱스,3100.0,10.91,1700940,0,-104215,1.19,9.92,0.00,N,-2.90,1.02,-9.36,-47.59
2026-09-22T11:05:10,007460,에이프로젠,2050.0,0.49,36007,0,982,0.00,0.15,0.01,N,-0.62,0.02,-73.72,-87.37
2026-09-22T11:05:12,003060,에이프로젠바이오로직스,1603.0,0.06,46531,0,-2557,0.00,0.29,0.00,N,-0.12,0.10,-74.84,-84.83
2026-09-22T11:05:13,417030,니어스랩,33800.0,-2.17,151673,0,16159,11.49,2.63,0.00,N,-8.16,-0.74,-19.52,-19.52
2026-09-22T11:05:14,127120,제이에스링크,32900.0,-4.22,70718,0,-17074,3.90,0.19,0.00,N,-54.74,15.32,-34.07,-34.07
2026-09-22T11:05:15,115180,큐리언트,21800.0,-1.8,43000,0,14065,3.15,0.11,0.00,N,-25.80,24.12,-65.34,-65.34
2026-09-22T11:05:16,0200G0,한국제17호스팩,4515.0,125.75,87407569,521600,0,6.00,1004.68,0.00,N,0.00,0.00,-13.51,-13.51
2026-09-22T11:05:17,299170,더블유에스아이,1545.0,29.94,3778678,0,-3854,5.30,9.10,2.77,N,-14.58,1.08,-69.10,-69.10
2026-09-22T11:05:18,393210,토마토시스템,3315.0,30.0,3256617,0,-180919,2.65,20.86,1.22,N,-25.90,1.97,-52.30,-53.24
2026-09-22T11:05:19,486990,노타,22550.0,29.97,1644870,0,83350,0.69,7.69,0.44,N,-23.06,17.51,-65.47,-65.47
2026-09-22T11:05:20,0007J0,인벤테라,13830.0,19.12,1409471,0,-23887,0.95,17.92,0.50,N,0.00,0.00,-77.03,-77.03
2026-09-22T11:05:21,009580,무림P&P,1929.0,18.27,6676125,0,-42108,2.05,10.70,0.74,N,-3.55,0.20,-56.36,-56.36
2026-09-22T11:05:22,049470,비트플래닛,3320.0,20.51,3197395,0,-69710,23.82,13.58,0.00,N,-174.74,5.26,-10.27,-81.81
2026-09-22T11:05:23,012210,삼미금속,12430.0,11.78,3295333,0,-39792,0.62,14.30,0.85,N,0.00,0.00,-40.38,-40.38
2026-09-22T11:05:24,085910,네오티스,16300.0,15.52,575070,0,-4728,12.78,4.17,0.92,N,53.44,3.92,-55.10,-55.10
2026-09-22T11:05:25,071090,하이스틸,3640.0,11.31,1789924,0,140674,1.29,8.86,1.82,N,-16.04,0.51,-35.92,-35.92
2026-09-22T11:05:26,0007C0,아크릴,21600.0,13.33,1201033,0,16741,3.53,14.96,1.22,N,-45.19,3.96,-71.95,-71.95
2026-09-22T11:05:27,052710,아모텍,19670.0,16.39,2122684,0,-46852,6.94,11.36,0.85,N,43.81,2.22,-45.74,-39.18
2026-09-22T11:05:28,007810,코리아써키트,67300.0,28.68,1981494,0,28266,6.87,8.26,2.46,N,38.99,4.19,-54.62,-54.62
2026-09-22T11:05:29,051370,인터플렉스,7180.0,14.7,1826439,0,-58916,6.89,7.83,1.74,N,5.09,0.54,-51.06,-51.06
2026-09-22T11:05:30,356860,티엘비,45800.0,20.21,1665047,0,226722,4.62,7.03,2.33,N,51.52,7.74,-67.70,-32.26
2026-09-22T11:05:31,425420,티에프이,66400.0,14.09,379662,0,76202,3.06,3.07,2.68,N,42.19,7.06,-14.54,-14.54
2026-09-22T11:05:32,222800,심텍,152400.0,16.6,1291725,0,80288,11.09,3.36,1.64,N,-30.76,9.88,-7.19,-7.19
2026-09-22T11:05:33,0209J0,KB제34호스팩,3885.0,94.25,50136150,787500,0,10.92,695.37,0.00,N,0.00,0.00,-15.17,-15.17
2026-09-22T11:05:34,0161M0,네오사피엔스,34150.0,-0.44,8470779,0,539,0.00,69.34,0.00,N,-43.67,-8.66,-15.68,-15.68
2026-09-22T11:05:34,274090,켄코아에어로스페이스,12880.0,5.06,2305052,0,-79819,5.36,16.73,1.93,N,-10.89,1.05,-67.47,-67.47
2026-09-22T11:05:35,386380,스카이랩스,24100.0,-4.55,3572598,0,-40027,1.76,19.04,0.00,N,0.00,0.00,-38.75,-38.75
2026-09-22T11:05:36,232830,아이티센피엔에스,2880.0,5.88,1193738,0,1024,0.74,7.22,0.00,N,-7.85,2.99,-48.48,-48.48
2026-09-22T11:15:10,007460,에이프로젠,2055.0,0.74,36119,0,898,0.00,0.15,0.01,N,-0.62,0.02,-73.65,-87.34
2026-09-22T11:15:11,003060,에이프로젠바이오로직스,1605.0,0.19,49552,0,-2808,0.00,0.30,0.00,N,-0.12,0.10,-74.80,-84.81
2026-09-22T11:15:12,417030,니어스랩,34000.0,-1.59,153844,0,15480,11.49,2.66,0.00,N,-8.21,-0.74,-19.05,-19.05
2026-09-22T11:15:13,127120,제이에스링크,32950.0,-4.08,74654,0,-17647,3.90,0.20,0.00,N,-54.83,15.35,-33.97,-33.97
2026-09-22T11:15:14,115180,큐리언트,21700.0,-2.25,43811,0,13865,3.15,0.12,0.00,N,-25.68,24.00,-65.50,-65.50
2026-09-22T11:15:15,0200G0,한국제17호스팩,4380.0,119.0,89167605,521600,0,6.00,1024.92,0.00,N,0.00,0.00,-16.09,-16.09
2026-09-22T11:15:16,299170,더블유에스아이,1545.0,29.94,3779573,0,-3854,5.30,9.10,2.77,N,-14.58,1.08,-69.10,-69.10
2026-09-22T11:15:17,393210,토마토시스템,3315.0,30.0,3259370,0,-181188,2.65,20.87,1.22,N,-25.90,1.97,-52.30,-53.24
2026-09-22T11:15:18,486990,노타,22550.0,29.97,1645147,0,83343,0.69,7.69,0.44,N,-23.06,17.51,-65.47,-65.47
2026-09-22T11:15:19,012210,삼미금속,12930.0,16.28,5108460,0,13766,0.62,22.16,0.85,N,0.00,0.00,-37.99,-37.99
2026-09-22T11:15:21,009580,무림P&P,1917.0,17.54,6895060,0,31877,2.05,11.06,0.74,N,-3.52,0.20,-56.63,-56.63
2026-09-22T11:15:22,0007J0,인벤테라,13650.0,17.57,1479315,0,-13439,0.95,18.81,0.50,N,0.00,0.00,-77.33,-77.33
2026-09-22T11:15:23,049470,비트플래닛,3310.0,20.15,3219632,0,-68265,23.82,13.67,0.00,N,-174.21,5.25,-10.54,-81.86
2026-09-22T11:15:24,085910,네오티스,16260.0,15.24,580711,0,-8311,12.78,4.21,0.92,N,53.31,3.91,-55.21,-55.21
2026-09-22T11:15:25,071090,하이스틸,3645.0,11.47,2778684,0,207342,1.29,13.76,1.82,N,-16.06,0.51,-35.83,-35.83
2026-09-22T11:15:25,007810,코리아써키트,66600.0,27.34,2023436,0,16322,6.87,8.44,2.46,N,38.59,4.14,-55.09,-55.09
2026-09-22T11:15:26,0007C0,아크릴,21050.0,10.44,1246361,0,16600,3.53,15.52,1.22,N,-44.04,3.86,-72.66,-72.66
2026-09-22T11:15:27,052710,아모텍,19360.0,14.56,2180981,0,-47697,6.94,11.67,0.85,N,43.12,2.19,-46.59,-40.13
2026-09-22T11:15:29,051370,인터플렉스,7050.0,12.62,1878565,0,-62602,6.89,8.05,1.74,N,5.00,0.53,-51.94,-51.94
2026-09-22T11:15:30,100840,SNT에너지,39900.0,8.57,289011,0,40053,0.89,1.40,3.16,N,9.78,2.16,-40.80,-40.80
2026-09-22T11:15:30,356860,티엘비,45300.0,18.9,1705525,0,227133,4.62,7.20,2.33,N,50.96,7.65,-68.05,-33.00
2026-09-22T11:15:32,493280,아이엠바이오로직스,15150.0,8.99,224711,0,76112,3.31,1.51,0.69,N,0.00,0.00,-85.43,-85.43
2026-09-22T11:15:33,0209J0,KB제34호스팩,3675.0,83.75,52008097,787500,0,10.92,721.33,0.00,N,0.00,0.00,-19.76,-19.76
2026-09-22T11:15:34,0161M0,네오사피엔스,34700.0,1.17,8597183,0,319,0.00,70.38,0.00,N,-44.37,-8.80,-14.32,-14.32
2026-09-22T11:15:35,033170,시그네틱스,3045.0,8.94,1827277,0,-110128,1.19,10.66,0.00,N,-2.85,1.00,-10.96,-48.52
2026-09-22T11:15:35,274090,켄코아에어로스페이스,12850.0,4.81,2339255,0,-89955,5.36,16.98,1.93,N,-10.86,1.05,-67.55,-67.55
2026-09-22T11:25:09,007460,에이프로젠,2020.0,-0.98,38317,0,1759,0.00,0.15,0.01,N,-0.61,0.02,-74.10,-87.55
2026-09-22T11:25:10,003060,에이프로젠바이오로직스,1601.0,-0.06,53502,0,-3101,0.00,0.33,0.00,N,-0.12,0.10,-74.87,-84.85
2026-09-22T11:25:11,417030,니어스랩,33750.0,-2.32,162091,0,20571,11.49,2.81,0.00,N,-8.15,-0.74,-19.64,-19.64
2026-09-22T11:25:12,127120,제이에스링크,33000.0,-3.93,76558,0,-19035,3.90,0.21,0.00,N,-54.91,15.37,-33.87,-33.87
2026-09-22T11:25:13,115180,큐리언트,21800.0,-1.8,44267,0,13728,3.15,0.12,0.00,N,-25.80,24.12,-65.34,-65.34
2026-09-22T11:25:14,299170,더블유에스아이,1545.0,29.94,3779654,0,-3854,5.30,9.11,2.77,N,-14.58,1.08,-69.10,-69.10
2026-09-22T11:25:15,012210,삼미금속,13470.0,21.13,7583176,0,-49717,0.62,32.90,0.85,N,0.00,0.00,-35.40,-35.40
2026-09-22T11:25:16,0200G0,한국제17호스팩,4200.0,110.0,91639017,521600,0,6.00,1053.32,0.00,N,0.00,0.00,-19.54,-19.54
2026-09-22T11:25:17,393210,토마토시스템,3315.0,30.0,3262204,0,-181438,2.65,20.89,1.22,N,-25.90,1.97,-52.30,-53.24
2026-09-22T11:25:18,486990,노타,22550.0,29.97,1647187,0,83249,0.69,7.70,0.44,N,-23.06,17.51,-65.47,-65.47
2026-09-22T11:25:19,0007J0,인벤테라,13900.0,19.72,1531668,0,-26702,0.95,19.47,0.50,N,0.00,0.00,-76.91,-76.91
2026-09-22T11:25:20,071090,하이스틸,3740.0,14.37,3716911,0,305964,1.29,18.41,1.82,N,-16.48,0.53,-34.15,-34.15
2026-09-22T11:25:21,009580,무림P&P,1910.0,17.11,7036188,0,68524,2.05,11.28,0.74,N,-3.51,0.20,-56.79,-56.79
2026-09-22T11:25:22,085910,네오티스,16150.0,14.46,586576,0,-9974,12.78,4.25,0.92,N,52.95,3.89,-55.51,-55.51
2026-09-22T11:25:23,049470,비트플래닛,3235.0,17.42,3263179,0,-61131,23.82,13.86,0.00,N,-170.26,5.13,-12.57,-82.27
2026-09-22T11:25:24,051370,인터플렉스,7140.0,14.06,1911493,0,-59365,6.89,8.19,1.74,N,5.06,0.54,-51.33,-51.33
2026-09-22T11:25:26,052710,아모텍,19510.0,15.44,2204573,0,-41041,6.94,11.80,0.85,N,43.45,2.20,-46.18,-39.67
2026-09-22T11:25:27,007810,코리아써키트,67000.0,28.11,2057663,0,17092,6.87,8.58,2.46,N,38.82,4.17,-54.82,-54.82
2026-09-22T11:25:27,425420,티에프이,66800.0,14.78,418864,0,99812,3.06,3.39,2.68,N,42.44,7.10,-14.03,-14.03
2026-09-22T11:25:28,493280,아이엠바이오로직스,15190.0,9.28,228208,0,74814,3.31,1.54,0.69,N,0.00,0.00,-85.39,-85.39
2026-09-22T11:25:30,0007C0,아크릴,20800.0,9.13,1282410,0,25031,3.53,15.97,1.22,N,-43.51,3.82,-72.99,-72.99
2026-09-22T11:25:31,0209J0,KB제34호스팩,3340.0,67.0,55264256,787500,0,10.92,766.49,0.00,N,0.00,0.00,-27.07,-27.07
2026-09-22T11:25:32,0161M0,네오사피엔스,34325.0,0.07,8689383,0,68,0.00,71.13,0.00,N,-43.89,-8.71,-15.25,-15.25
2026-09-22T11:25:33,033170,시그네틱스,3025.0,8.23,1896572,0,-112321,1.19,11.06,0.00,N,-2.83,0.99,-11.55,-48.86
2026-09-22T11:25:34,274090,켄코아에어로스페이스,12770.0,4.16,2383202,0,-79672,5.36,17.30,1.93,N,-10.79,1.04,-67.75,-67.75
2026-09-22T11:35:09,007460,에이프로젠,2045.0,0.25,42393,0,3687,0.00,0.17,0.01,N,-0.62,0.02,-73.78,-87.40
2026-09-22T11:35:10,003060,에이프로젠바이오로직스,1602.0,0.0,55009,0,-2017,0.00,0.34,0.00,N,-0.12,0.10,-74.85,-84.84
2026-09-22T11:35:11,417030,니어스랩,33700.0,-2.46,163108,0,20467,11.49,2.82,0.00,N,-8.14,-0.74,-19.76,-19.76
2026-09-22T11:35:12,127120,제이에스링크,32950.0,-4.08,77971,0,-19927,3.90,0.21,0.00,N,-54.83,15.35,-33.97,-33.97
2026-09-22T11:35:13,115180,큐리언트,21800.0,-1.8,44481,0,13699,3.15,0.12,0.00,N,-25.80,24.12,-65.34,-65.34
2026-09-22T11:35:14,0200G0,한국제17호스팩,4505.0,125.25,94569032,521600,0,6.00,1087.00,0.00,N,0.00,0.00,-13.70,-13.70
2026-09-22T11:35:15,299170,더블유에스아이,1545.0,29.94,3783203,0,-3854,5.30,9.11,2.77,N,-14.58,1.08,-69.10,-69.10
2026-09-22T11:35:16,012210,삼미금속,13310.0,19.69,8703079,0,-40942,0.62,37.75,0.85,N,0.00,0.00,-36.16,-36.16
2026-09-22T11:35:17,393210,토마토시스템,3315.0,30.0,3265594,0,-181651,2.65,20.91,1.22,N,-25.90,1.97,-52.30,-53.24
2026-09-22T11:35:18,009580,무림P&P,1929.0,18.27,7125700,0,83214,2.05,11.43,0.74,N,-3.55,0.20,-56.36,-56.36
2026-09-22T11:35:19,486990,노타,21950.0,26.51,2205018,0,132826,0.69,10.31,0.44,N,-22.44,17.04,-66.39,-66.39
2026-09-22T11:35:20,0007J0,인벤테라,13700.0,18.0,1569604,0,-20234,0.95,19.96,0.50,N,0.00,0.00,-77.24,-77.24
2026-09-22T11:35:21,071090,하이스틸,3700.0,13.15,4176355,0,395273,1.29,20.68,1.82,N,-16.30,0.52,-34.86,-34.86
2026-09-22T11:35:23,049470,비트플래닛,3247.0,17.86,3292403,0,-61163,23.82,13.98,0.00,N,-170.89,5.15,-12.24,-82.21
2026-09-22T11:35:24,085910,네오티스,16050.0,13.75,592116,0,-10493,12.78,4.29,0.92,N,52.62,3.86,-55.79,-55.79
2026-09-22T11:35:25,007810,코리아써키트,66800.0,27.72,2101601,0,25052,6.87,8.76,2.46,N,38.70,4.16,-54.96,-54.96
2026-09-22T11:35:26,425420,티에프이,66500.0,14.26,422062,0,100120,3.06,3.42,2.68,N,42.25,7.07,-14.41,-14.41
2026-09-22T11:35:27,051370,인터플렉스,7080.0,13.1,1921199,0,-59646,6.89,8.24,1.74,N,5.02,0.53,-51.74,-51.74
2026-09-22T11:35:28,232830,아이티센피엔에스,2985.0,9.74,1319813,0,813,0.74,7.98,0.00,N,-8.13,3.10,-46.60,-46.60
2026-09-22T11:35:29,059090,미코,22000.0,10.11,923066,0,214616,23.04,2.76,2.69,N,24.92,6.01,-24.79,-24.79
2026-09-22T11:35:30,052710,아모텍,19280.0,14.08,2252485,0,-33020,6.94,12.06,0.85,N,42.94,2.18,-46.81,-40.38
2026-09-22T11:35:31,493280,아이엠바이오로직스,15170.0,9.14,232879,0,72344,3.31,1.57,0.69,N,0.00,0.00,-85.41,-85.41
2026-09-22T11:35:32,0209J0,KB제34호스팩,3545.0,77.25,57105753,787500,0,10.92,792.04,0.00,N,0.00,0.00,-22.60,-22.60
2026-09-22T11:35:33,0161M0,네오사피엔스,33800.0,-1.46,8811433,0,432,0.00,72.13,0.00,N,-43.22,-8.57,-16.54,-16.54
2026-09-22T11:35:34,033170,시그네틱스,2995.0,7.16,1926654,0,-116363,1.19,11.24,0.00,N,-2.80,0.98,-12.43,-49.37
2026-09-22T11:35:35,0007C0,아크릴,21000.0,10.18,1297127,0,27543,3.53,16.15,1.22,N,-43.93,3.85,-72.73,-72.73
2026-09-22T11:35:36,274090,켄코아에어로스페이스,12790.0,4.32,2409595,0,-74893,5.36,17.49,1.93,N,-10.81,1.05,-67.70,-67.70
2026-09-22T11:45:08,007460,에이프로젠,2010.0,-1.47,44535,0,4627,0.00,0.18,0.01,N,-0.61,0.02,-74.23,-87.62
2026-09-22T11:45:09,003060,에이프로젠바이오로직스,1600.0,-0.12,57014,0,-2228,0.00,0.35,0.00,N,-0.12,0.10,-74.88,-84.86
2026-09-22T11:45:11,417030,니어스랩,33550.0,-2.89,166227,0,17802,11.49,2.88,0.00,N,-8.10,-0.73,-20.12,-20.12
2026-09-22T11:45:12,127120,제이에스링크,33000.0,-3.93,79430,0,-21154,3.90,0.21,0.00,N,-54.91,15.37,-33.87,-33.87
2026-09-22T11:45:13,115180,큐리언트,21850.0,-1.58,44747,0,13752,3.15,0.12,0.00,N,-25.86,24.17,-65.26,-65.26
2026-09-22T11:45:14,0200G0,한국제17호스팩,4715.0,135.75,99399764,521600,0,6.00,1142.53,0.00,N,0.00,0.00,-9.67,-9.67
2026-09-22T11:45:15,299170,더블유에스아이,1545.0,29.94,3789897,0,-3854,5.30,9.13,2.77,N,-14.58,1.08,-69.10,-69.10
2026-09-22T11:45:16,393210,토마토시스템,3315.0,30.0,3266964,0,-181863,2.65,20.92,1.22,N,-25.90,1.97,-52.30,-53.24
2026-09-22T11:45:17,012210,삼미금속,13110.0,17.9,9433856,0,-44386,0.62,40.92,0.85,N,0.00,0.00,-37.12,-37.12
2026-09-22T11:45:18,009580,무림P&P,1945.0,19.25,7356581,0,120048,2.05,11.80,0.74,N,-3.58,0.20,-56.00,-56.00
2026-09-22T11:45:19,486990,노타,22050.0,27.09,2303230,0,113694,0.69,10.77,0.44,N,-22.55,17.12,-66.23,-66.23
2026-09-22T11:45:20,049470,비트플래닛,3320.0,20.51,3349497,0,-69307,23.82,14.23,0.00,N,-174.74,5.26,-10.27,-81.81
2026-09-22T11:45:21,0007J0,인벤테라,13520.0,16.45,1593124,0,-19405,0.95,20.25,0.50,N,0.00,0.00,-77.54,-77.54
2026-09-22T11:45:22,0209J0,KB제34호스팩,3770.0,88.5,59752447,787500,0,10.92,828.74,0.00,N,0.00,0.00,-17.69,-17.69
2026-09-22T11:45:23,085910,네오티스,16080.0,13.96,595922,0,-10759,12.78,4.32,0.92,N,52.72,3.87,-55.70,-55.70
2026-09-22T11:45:24,052710,아모텍,19550.0,15.68,2270849,0,-32774,6.94,12.16,0.85,N,43.54,2.21,-46.07,-39.55
2026-09-22T11:45:25,051370,인터플렉스,7120.0,13.74,1938592,0,-62039,6.89,8.31,1.74,N,5.05,0.54,-51.47,-51.47
2026-09-22T11:45:26,425420,티에프이,66600.0,14.43,427121,0,103091,3.06,3.46,2.68,N,42.31,7.08,-14.29,-14.29
2026-09-22T11:45:27,071090,하이스틸,3595.0,9.94,4519069,0,471549,1.29,22.38,1.82,N,-15.84,0.50,-36.71,-36.71
2026-09-22T11:45:28,059090,미코,22100.0,10.61,970897,0,243025,23.04,2.91,2.69,N,25.03,6.04,-24.44,-24.44
2026-09-22T11:45:29,493280,아이엠바이오로직스,15240.0,9.64,235402,0,71671,3.31,1.59,0.69,N,0.00,0.00,-85.35,-85.35
2026-09-22T11:45:30,007810,코리아써키트,65900.0,26.0,2175918,0,-2667,6.87,9.07,2.46,N,38.18,4.10,-55.56,-55.56
2026-09-22T11:45:30,0007C0,아크릴,21000.0,10.18,1306580,0,24594,3.53,16.27,1.22,N,-43.93,3.85,-72.73,-72.73
2026-09-22T11:45:31,0161M0,네오사피엔스,34250.0,-0.15,8951004,0,-216,0.00,73.27,0.00,N,-43.80,-8.69,-15.43,-15.43
2026-09-22T11:45:32,274090,켄코아에어로스페이스,12840.0,4.73,2428355,0,-74642,5.36,17.63,1.93,N,-10.85,1.05,-67.58,-67.58
2026-09-22T11:55:10,007460,에이프로젠,2030.0,-0.49,45365,0,4656,0.00,0.18,0.01,N,-0.61,0.02,-73.97,-87.49
2026-09-22T11:55:11,003060,에이프로젠바이오로직스,1598.0,-0.25,62959,0,-3490,0.00,0.39,0.00,N,-0.12,0.10,-74.91,-84.87
2026-09-22T11:55:12,417030,니어스랩,33800.0,-2.17,166812,0,17382,11.49,2.89,0.00,N,-8.16,-0.74,-19.52,-19.52
2026-09-22T11:55:13,127120,제이에스링크,33050.0,-3.78,80658,0,-21764,3.90,0.22,0.00,N,-54.99,15.39,-33.77,-33.77
2026-09-22T11:55:14,115180,큐리언트,22050.0,-0.68,46325,0,13124,3.15,0.12,0.00,N,-26.09,24.39,-64.94,-64.94
2026-09-22T11:55:16,0200G0,한국제17호스팩,4430.0,121.5,103579560,521600,0,6.00,1190.57,0.00,N,0.00,0.00,-15.13,-15.13
2026-09-22T11:55:17,299170,더블유에스아이,1545.0,29.94,3793374,0,-3854,5.30,9.14,2.77,N,-14.58,1.08,-69.10,-69.10
2026-09-22T11:55:18,012210,삼미금속,13490.0,21.31,10274208,0,-21732,0.62,44.57,0.85,N,0.00,0.00,-35.30,-35.30
2026-09-22T11:55:18,393210,토마토시스템,3315.0,30.0,3267213,0,-182056,2.65,20.92,1.22,N,-25.90,1.97,-52.30,-53.24
2026-09-22T11:55:19,486990,노타,22250.0,28.24,2340604,0,113188,0.69,10.94,0.44,N,-22.75,17.27,-65.93,-65.93
2026-09-22T11:55:20,0007J0,인벤테라,13680.0,17.83,1618275,0,-13839,0.95,20.57,0.50,N,0.00,0.00,-77.28,-77.28
2026-09-22T11:55:21,009580,무림P&P,1903.0,16.68,7487591,0,121549,2.05,12.01,0.74,N,-3.50,0.20,-56.95,-56.95
2026-09-22T11:55:23,049470,비트플래닛,3285.0,19.24,3373451,0,-62568,23.82,14.33,0.00,N,-172.89,5.21,-11.22,-82.00
2026-09-22T11:55:23,085910,네오티스,16100.0,14.1,599103,0,-12128,12.78,4.34,0.92,N,52.79,3.88,-55.65,-55.65
2026-09-22T11:55:24,071090,하이스틸,3640.0,11.31,4679019,0,457119,1.29,23.17,1.82,N,-16.04,0.51,-35.92,-35.92
2026-09-22T11:55:25,051370,인터플렉스,7110.0,13.58,1942283,0,-63016,6.89,8.33,1.74,N,5.04,0.53,-51.53,-51.53
2026-09-22T11:55:26,425420,티에프이,66500.0,14.26,429930,0,103976,3.06,3.48,2.68,N,42.25,7.07,-14.41,-14.41
2026-09-22T11:55:27,052710,아모텍,19330.0,14.38,2288865,0,-36985,6.94,12.25,0.85,N,43.05,2.18,-46.68,-40.23
2026-09-22T11:55:28,059090,미코,22000.0,10.11,981821,0,244292,23.04,2.94,2.69,N,24.92,6.01,-24.79,-24.79
2026-09-22T11:55:29,007810,코리아써키트,65900.0,26.0,2216526,0,1923,6.87,9.24,2.46,N,38.18,4.10,-55.56,-55.56
2026-09-22T11:55:30,493280,아이엠바이오로직스,15210.0,9.42,238288,0,70376,3.31,1.61,0.69,N,0.00,0.00,-85.38,-85.38
2026-09-22T11:55:31,0007C0,아크릴,20950.0,9.92,1315636,0,22326,3.53,16.38,1.22,N,-43.83,3.85,-72.79,-72.79
2026-09-22T11:55:32,0209J0,KB제34호스팩,3530.0,76.5,61551367,787500,0,10.92,853.69,0.00,N,0.00,0.00,-22.93,-22.93
2026-09-22T11:55:33,0161M0,네오사피엔스,34150.0,-0.44,9018458,0,2304,0.00,73.83,0.00,N,-43.67,-8.66,-15.68,-15.68
2026-09-22T11:55:34,033170,시그네틱스,2980.0,6.62,2078238,0,-114936,1.19,12.12,0.00,N,-2.79,0.98,-12.87,-49.62
2026-09-22T11:55:35,274090,켄코아에어로스페이스,12810.0,4.49,2439985,0,-75895,5.36,17.71,1.93,N,-10.83,1.05,-67.65,-67.65
2026-09-22T12:05:09,007460,에이프로젠,2020.0,-0.98,45421,0,4703,0.00,0.18,0.01,N,-0.61,0.02,-74.10,-87.55
2026-09-22T12:05:10,003060,에이프로젠바이오로직스,1593.0,-0.56,70510,0,-9026,0.00,0.43,0.00,N,-0.12,0.10,-74.99,-84.92
2026-09-22T12:05:11,417030,니어스랩,33600.0,-2.75,167890,0,16755,11.49,2.91,0.00,N,-8.11,-0.73,-20.00,-20.00
2026-09-22T12:05:12,127120,제이에스링크,33000.0,-3.93,81535,0,-22422,3.90,0.22,0.00,N,-54.91,15.37,-33.87,-33.87
2026-09-22T12:05:13,115180,큐리언트,22050.0,-0.68,46371,0,13159,3.15,0.12,0.00,N,-26.09,24.39,-64.94,-64.94
2026-09-22T12:05:14,0200G0,한국제17호스팩,4545.0,127.25,105785742,521600,0,6.00,1215.93,0.00,N,0.00,0.00,-12.93,-12.93
2026-09-22T12:05:15,299170,더블유에스아이,1545.0,29.94,3806855,0,-3854,5.30,9.17,2.77,N,-14.58,1.08,-69.10,-69.10
2026-09-22T12:05:16,012210,삼미금속,13320.0,19.78,10752905,0,-47213,0.62,46.65,0.85,N,0.00,0.00,-36.12,-36.12
2026-09-22T12:05:17,393210,토마토시스템,3315.0,30.0,3267390,0,-182165,2.65,20.93,1.22,N,-25.90,1.97,-52.30,-53.24
2026-09-22T12:05:18,486990,노타,22550.0,29.97,2412643,0,112420,0.69,11.28,0.44,N,-23.06,17.51,-65.47,-65.47
2026-09-22T12:05:19,0007J0,인벤테라,13990.0,20.5,1661224,0,-19651,0.95,21.12,0.50,N,0.00,0.00,-76.76,-76.76
2026-09-22T12:05:20,009580,무림P&P,1917.0,17.54,7638769,0,30588,2.05,12.25,0.74,N,-3.52,0.20,-56.63,-56.63
2026-09-22T12:05:21,049470,비트플래닛,3305.0,19.96,3389597,0,-61173,23.82,14.40,0.00,N,-173.95,5.24,-10.68,-81.89
2026-09-22T12:05:22,085910,네오티스,16120.0,14.25,605274,0,-12878,12.78,4.39,0.92,N,52.85,3.88,-55.59,-55.59
2026-09-22T12:05:23,065680,우주일렉트로,25450.0,15.16,124186,0,22517,10.35,1.34,3.84,N,10.96,0.78,-50.77,-50.77
2026-09-22T12:05:24,051370,인터플렉스,7080.0,13.1,1951888,0,-65188,6.89,8.37,1.74,N,5.02,0.53,-51.74,-51.74
2026-09-22T12:05:25,493280,아이엠바이오로직스,15290.0,10.0,244037,0,70709,3.31,1.64,0.69,N,0.00,0.00,-85.30,-85.30
2026-09-22T12:05:27,425420,티에프이,66200.0,13.75,434250,0,105600,3.06,3.52,2.68,N,42.06,7.03,-14.80,-14.80
2026-09-22T12:05:28,059090,미코,22100.0,10.61,990815,0,242429,23.04,2.97,2.69,N,25.03,6.04,-24.44,-24.44
2026-09-22T12:05:29,007810,코리아써키트,66200.0,26.58,2254181,0,10043,6.87,9.40,2.46,N,38.35,4.12,-55.36,-55.36
2026-09-22T12:05:30,0007C0,아크릴,21100.0,10.7,1323598,0,23035,3.53,16.48,1.22,N,-44.14,3.87,-72.60,-72.60
2026-09-22T12:05:31,052710,아모텍,19230.0,13.79,2313132,0,-43378,6.94,12.38,0.85,N,42.83,2.17,-46.95,-40.54
2026-09-22T12:05:32,071090,하이스틸,3530.0,7.95,4993092,0,439205,1.29,24.73,1.82,N,-15.55,0.50,-37.85,-37.85
2026-09-22T12:05:32,0209J0,KB제34호스팩,3565.0,78.25,62404326,787500,0,10.92,865.52,0.00,N,0.00,0.00,-22.16,-22.16
2026-09-22T12:05:33,0161M0,네오사피엔스,34200.0,-0.29,9069444,0,-237,0.00,74.24,0.00,N,-43.73,-8.67,-15.56,-15.56
2026-09-22T12:05:34,274090,켄코아에어로스페이스,12730.0,3.83,2457066,0,-72461,5.36,17.84,1.93,N,-10.76,1.04,-67.85,-67.85
2026-09-22T12:05:35,033170,시그네틱스,3070.0,9.84,2115111,0,-116856,1.19,12.34,0.00,N,-2.87,1.01,-10.23,-48.10
2026-09-22T12:15:09,007460,에이프로젠,2025.0,-0.74,45545,0,4679,0.00,0.18,0.01,N,-0.61,0.02,-74.04,-87.52
2026-09-22T12:15:10,003060,에이프로젠바이오로직스,1593.0,-0.56,79090,0,-12365,0.00,0.49,0.00,N,-0.12,0.10,-74.99,-84.92
2026-09-22T12:15:11,417030,니어스랩,33600.0,-2.75,168552,0,16380,11.49,2.92,0.00,N,-8.11,-0.73,-20.00,-20.00
2026-09-22T12:15:12,127120,제이에스링크,33050.0,-3.78,82589,0,-23069,3.90,0.22,0.00,N,-54.99,15.39,-33.77,-33.77
2026-09-22T12:15:12,115180,큐리언트,21950.0,-1.13,46593,0,13060,3.15,0.12,0.00,N,-25.98,24.28,-65.10,-65.10
2026-09-22T12:15:13,0200G0,한국제17호스팩,4520.0,126.0,108423580,521600,0,6.00,1246.25,0.00,N,0.00,0.00,-13.41,-13.41
2026-09-22T12:15:14,299170,더블유에스아이,1545.0,29.94,3806964,0,-3854,5.30,9.17,2.77,N,-14.58,1.08,-69.10,-69.10
2026-09-22T12:15:15,009580,무림P&P,1999.0,22.56,8629891,0,-183582,2.05,13.84,0.74,N,-3.67,0.21,-54.77,-54.77
2026-09-22T12:15:16,012210,삼미금속,13230.0,18.97,11174441,0,-43682,0.62,48.48,0.85,N,0.00,0.00,-36.55,-36.55
2026-09-22T12:15:17,393210,토마토시스템,3315.0,30.0,3267456,0,-182221,2.65,20.93,1.22,N,-25.90,1.97,-52.30,-53.24
2026-09-22T12:15:18,486990,노타,22550.0,29.97,2412999,0,112406,0.69,11.28,0.44,N,-23.06,17.51,-65.47,-65.47
2026-09-22T12:15:19,0007J0,인벤테라,13830.0,19.12,1693272,0,-27850,0.95,21.53,0.50,N,0.00,0.00,-77.03,-77.03
2026-09-22T12:15:21,049470,비트플래닛,3270.0,18.69,3439899,0,-62915,23.82,14.61,0.00,N,-172.11,5.18,-11.62,-82.08
2026-09-22T12:15:22,065680,우주일렉트로,25550.0,15.61,124757,0,22188,10.35,1.35,3.84,N,11.00,0.78,-50.58,-50.58
2026-09-22T12:15:22,085910,네오티스,16100.0,14.1,609378,0,-14141,12.78,4.42,0.92,N,52.79,3.88,-55.65,-55.65
2026-09-22T12:15:24,493280,아이엠바이오로직스,15550.0,11.87,251699,0,69739,3.31,1.70,0.69,N,0.00,0.00,-85.05,-85.05
2026-09-22T12:15:25,0007C0,아크릴,21300.0,11.75,1343341,0,24295,3.53,16.73,1.22,N,-44.56,3.91,-72.34,-72.34
2026-09-22T12:15:25,047400,유니온머티리얼,1032.0,13.03,2928183,0,-47735,2.93,6.97,0.02,N,17.49,2.21,-61.49,-61.49
2026-09-22T12:15:27,059090,미코,22150.0,10.86,1000312,0,239918,23.04,2.99,2.69,N,25.08,6.06,-24.27,-24.27
2026-09-22T12:15:28,425420,티에프이,66300.0,13.92,437995,0,107120,3.06,3.55,2.68,N,42.12,7.04,-14.67,-14.67
2026-09-22T12:15:29,051370,인터플렉스,7080.0,13.1,1958640,0,-65304,6.89,8.40,1.74,N,5.02,0.53,-51.74,-51.74
2026-09-22T12:15:30,052710,아모텍,19200.0,13.61,2335782,0,-42997,6.94,12.50,0.85,N,42.76,2.17,-47.03,-40.63
2026-09-22T12:15:30,007810,코리아써키트,65900.0,26.0,2289294,0,14589,6.87,9.55,2.46,N,38.18,4.10,-55.56,-55.56
2026-09-22T12:15:32,0209J0,KB제34호스팩,3610.0,80.5,63269912,787500,0,10.92,877.53,0.00,N,0.00,0.00,-21.18,-21.18
2026-09-22T12:15:32,0161M0,네오사피엔스,34450.0,0.44,9205345,0,1656,0.00,75.36,0.00,N,-44.05,-8.74,-14.94,-14.94
2026-09-22T12:15:33,033170,시그네틱스,3025.0,8.23,2214155,0,-117466,1.19,12.91,0.00,N,-2.83,0.99,-11.55,-48.86
2026-09-22T12:15:34,274090,켄코아에어로스페이스,12720.0,3.75,2468519,0,-70990,5.36,17.92,1.93,N,-10.75,1.04,-67.88,-67.88
2026-09-22T12:25:08,007460,에이프로젠,2025.0,-0.74,45550,0,4675,0.00,0.18,0.01,N,-0.61,0.02,-74.04,-87.52
2026-09-22T12:25:09,003060,에이프로젠바이오로직스,1594.0,-0.5,79542,0,-12201,0.00,0.49,0.00,N,-0.12,0.10,-74.98,-84.91
2026-09-22T12:25:10,417030,니어스랩,33400.0,-3.33,176836,0,10124,11.49,3.06,0.00,N,-8.06,-0.73,-20.48,-20.48
2026-09-22T12:25:11,127120,제이에스링크,32950.0,-4.08,83147,0,-23334,3.90,0.22,0.00,N,-54.83,15.35,-33.97,-33.97
2026-09-22T12:25:12,115180,큐리언트,22000.0,-0.9,46945,0,13091,3.15,0.13,0.00,N,-26.04,24.34,-65.02,-65.02
2026-09-22T12:25:13,0200G0,한국제17호스팩,4390.0,119.5,110013872,521600,0,6.00,1264.53,0.00,N,0.00,0.00,-15.90,-15.90
2026-09-22T12:25:14,299170,더블유에스아이,1545.0,29.94,3807377,0,-3854,5.30,9.17,2.77,N,-14.58,1.08,-69.10,-69.10
2026-09-22T12:25:15,0007J0,인벤테라,14280.0,23.0,1876641,0,-27765,0.95,23.86,0.50,N,0.00,0.00,-76.28,-76.28
2026-09-22T12:25:16,012210,삼미금속,13180.0,18.53,11475484,0,-28513,0.62,49.78,0.85,N,0.00,0.00,-36.79,-36.79
2026-09-22T12:25:17,303810,동국생명과학,2820.0,20.77,1867901,0,-242208,2.01,5.84,0.92,N,33.57,0.75,-35.17,-35.84
2026-09-22T12:25:18,393210,토마토시스템,3315.0,30.0,3267681,0,-182276,2.65,20.93,1.22,N,-25.90,1.97,-52.30,-53.24
2026-09-22T12:25:19,486990,노타,22550.0,29.97,2415424,0,112307,0.69,11.29,0.44,N,-23.06,17.51,-65.47,-65.47
2026-09-22T12:25:20,009580,무림P&P,1977.0,21.21,9223159,0,-179274,2.05,14.79,0.74,N,-3.63,0.21,-55.27,-55.27
2026-09-22T12:25:21,049470,비트플래닛,3310.0,20.15,3466537,0,-66831,23.82,14.72,0.00,N,-174.21,5.25,-10.54,-81.86
2026-09-22T12:25:22,065680,우주일렉트로,25450.0,15.16,125222,0,22014,10.35,1.36,3.84,N,10.96,0.78,-50.77,-50.77
2026-09-22T12:25:23,085910,네오티스,16090.0,14.03,612164,0,-15545,12.78,4.44,0.92,N,52.75,3.87,-55.67,-55.67
2026-09-22T12:25:24,493280,아이엠바이오로직스,15510.0,11.58,259455,0,68112,3.31,1.75,0.69,N,0.00,0.00,-85.09,-85.09
2026-09-22T12:25:25,059090,미코,22450.0,12.36,1055337,0,249776,23.04,3.16,2.69,N,25.42,6.14,-23.25,-23.25
2026-09-22T12:25:25,047400,유니온머티리얼,1031.0,12.92,2943096,0,-53128,2.93,7.01,0.02,N,17.47,2.21,-61.53,-61.53
2026-09-22T12:25:26,0007C0,아크릴,21200.0,11.23,1348115,0,22921,3.53,16.79,1.22,N,-44.35,3.89,-72.47,-72.47
2026-09-22T12:25:27,425420,티에프이,66500.0,14.26,440531,0,108581,3.06,3.57,2.68,N,42.25,7.07,-14.41,-14.41
2026-09-22T12:25:28,051370,인터플렉스,7090.0,13.26,1964295,0,-67342,6.89,8.42,1.74,N,5.03,0.53,-51.67,-51.67
2026-09-22T12:25:29,052710,아모텍,19190.0,13.55,2343945,0,-43962,6.94,12.55,0.85,N,42.74,2.17,-47.06,-40.66
2026-09-22T12:25:30,0209J0,KB제34호스팩,3430.0,71.5,63794181,787500,0,10.92,884.80,0.00,N,0.00,0.00,-25.11,-25.11
2026-09-22T12:25:31,0161M0,네오사피엔스,34650.0,1.02,9244919,0,1556,0.00,75.68,0.00,N,-44.31,-8.79,-14.44,-14.44
2026-09-22T12:25:32,033170,시그네틱스,3025.0,8.23,2297999,0,-116911,1.19,13.40,0.00,N,-2.83,0.99,-11.55,-48.86
2026-09-22T12:25:33,274090,켄코아에어로스페이스,12730.0,3.83,2478698,0,-70065,5.36,18.00,1.93,N,-10.76,1.04,-67.85,-67.85
2026-09-22T12:35:09,007460,에이프로젠,2040.0,0.0,46392,0,4320,0.00,0.19,0.01,N,-0.62,0.02,-73.85,-87.43
2026-09-22T12:35:10,003060,에이프로젠바이오로직스,1593.0,-0.56,80513,0,-12790,0.00,0.50,0.00,N,-0.12,0.10,-74.99,-84.92
2026-09-22T12:35:11,417030,니어스랩,33150.0,-4.05,180154,0,9916,11.49,3.12,0.00,N,-8.00,-0.72,-21.07,-21.07
2026-09-22T12:35:12,127120,제이에스링크,32950.0,-4.08,84578,0,-24331,3.90,0.23,0.00,N,-54.83,15.35,-33.97,-33.97
2026-09-22T12:35:13,115180,큐리언트,22100.0,-0.45,47432,0,12962,3.15,0.13,0.00,N,-26.15,24.45,-64.86,-64.86
2026-09-22T12:35:14,0200G0,한국제17호스팩,4380.0,119.0,111522754,521600,0,6.00,1281.87,0.00,N,0.00,0.00,-16.09,-16.09
2026-09-22T12:35:15,299170,더블유에스아이,1545.0,29.94,3809505,0,-3854,5.30,9.18,2.77,N,-14.58,1.08,-69.10,-69.10
2026-09-22T12:35:16,0007J0,인벤테라,14290.0,23.08,1921698,0,-30275,0.95,24.43,0.50,N,0.00,0.00,-76.26,-76.26
2026-09-22T12:35:17,012210,삼미금속,13270.0,19.33,11727047,0,-16156,0.62,50.87,0.85,N,0.00,0.00,-36.35,-36.35
2026-09-22T12:35:18,009580,무림P&P,1973.0,20.97,9565283,0,-202370,2.05,15.34,0.74,N,-3.63,0.21,-55.36,-55.36
2026-09-22T12:35:19,393210,토마토시스템,3315.0,30.0,3267768,0,-182363,2.65,20.93,1.22,N,-25.90,1.97,-52.30,-53.24
2026-09-22T12:35:20,486990,노타,22550.0,29.97,2417883,0,112207,0.69,11.30,0.44,N,-23.06,17.51,-65.47,-65.47
2026-09-22T12:35:21,005160,동국산업,3730.0,15.12,2603851,0,-107527,1.65,4.80,0.86,N,-20.27,0.52,-5.81,-5.81
2026-09-22T12:35:23,303810,동국생명과학,2735.0,17.13,2676101,0,-206280,2.01,8.37,0.92,N,32.56,0.72,-37.13,-37.77
2026-09-22T12:35:23,049470,비트플래닛,3260.0,18.33,3478706,0,-68763,23.82,14.77,0.00,N,-171.58,5.17,-11.89,-82.14
2026-09-22T12:35:25,065680,우주일렉트로,25450.0,15.16,125491,0,22133,10.35,1.36,3.84,N,10.96,0.78,-50.77,-50.77
2026-09-22T12:35:26,085910,네오티스,16060.0,13.82,615765,0,-17393,12.78,4.46,0.92,N,52.66,3.87,-55.76,-55.76
2026-09-22T12:35:27,493280,아이엠바이오로직스,15550.0,11.87,270122,0,64290,3.31,1.82,0.69,N,0.00,0.00,-85.05,-85.05
2026-09-22T12:35:28,059090,미코,22350.0,11.86,1080798,0,249285,23.04,3.23,2.69,N,25.31,6.11,-23.59,-23.59
2026-09-22T12:35:29,0007C0,아크릴,21350.0,12.01,1356527,0,25489,3.53,16.89,1.22,N,-44.67,3.92,-72.27,-72.27
2026-09-22T12:35:30,425420,티에프이,66500.0,14.26,442790,0,109708,3.06,3.59,2.68,N,42.25,7.07,-14.41,-14.41
2026-09-22T12:35:31,052710,아모텍,19290.0,14.14,2358135,0,-44797,6.94,12.62,0.85,N,42.96,2.18,-46.79,-40.35
2026-09-22T12:35:32,047400,유니온머티리얼,1022.0,11.94,2970237,0,-56045,2.93,7.07,0.02,N,17.32,2.19,-61.87,-61.87
2026-09-22T12:35:33,051370,인터플렉스,7020.0,12.14,1987657,0,-75584,6.89,8.52,1.74,N,4.98,0.53,-52.15,-52.15
2026-09-22T12:35:34,0209J0,KB제34호스팩,3400.0,70.0,64970399,787500,0,10.92,901.12,0.00,N,0.00,0.00,-25.76,-25.76
2026-09-22T12:35:35,0161M0,네오사피엔스,34200.0,-0.29,9316473,0,-73,0.00,76.27,0.00,N,-43.73,-8.67,-15.56,-15.56
2026-09-22T12:35:36,232830,아이티센피엔에스,2795.0,2.76,1437776,0,-72,0.74,8.70,0.00,N,-7.62,2.91,-50.00,-50.00
2026-09-22T12:35:37,274090,켄코아에어로스페이스,12710.0,3.67,2505716,0,-69320,5.36,18.19,1.93,N,-10.74,1.04,-67.90,-67.90
2026-09-22T12:45:11,007460,에이프로젠,2035.0,-0.25,47946,0,4320,0.00,0.19,0.01,N,-0.61,0.02,-73.91,-87.46
2026-09-22T12:45:12,003060,에이프로젠바이오로직스,1595.0,-0.44,81925,0,-12940,0.00,0.50,0.00,N,-0.12,0.10,-74.96,-84.90
2026-09-22T12:45:13,417030,니어스랩,33250.0,-3.76,182856,0,11142,11.49,3.16,0.00,N,-8.03,-0.73,-20.83,-20.83
2026-09-22T12:45:14,127120,제이에스링크,32850.0,-4.37,86635,0,-25790,3.90,0.23,0.00,N,-54.66,15.30,-34.17,-34.17
2026-09-22T12:45:15,115180,큐리언트,22100.0,-0.45,47931,0,12622,3.15,0.13,0.00,N,-26.15,24.45,-64.86,-64.86
2026-09-22T12:45:16,0200G0,한국제17호스팩,4400.0,120.0,113105140,521600,0,6.00,1300.06,0.00,N,0.00,0.00,-15.71,-15.71
2026-09-22T12:45:17,299170,더블유에스아이,1545.0,29.94,3825300,0,-3854,5.30,9.22,2.77,N,-14.58,1.08,-69.10,-69.10
2026-09-22T12:45:18,005160,동국산업,3875.0,19.6,4076753,0,-150422,1.65,7.52,0.86,N,-21.06,0.54,-2.15,-2.15
2026-09-22T12:45:19,0007J0,인벤테라,14170.0,22.05,1965100,0,-25630,0.95,24.98,0.50,N,0.00,0.00,-76.46,-76.46
2026-09-22T12:45:20,393210,토마토시스템,3315.0,30.0,3270573,0,-182542,2.65,20.95,1.22,N,-25.90,1.97,-52.30,-53.24
2026-09-22T12:45:21,012210,삼미금속,13110.0,17.9,11908307,0,-31934,0.62,51.66,0.85,N,0.00,0.00,-37.12,-37.12
2026-09-22T12:45:22,486990,노타,22550.0,29.97,2417987,0,112203,0.69,11.30,0.44,N,-23.06,17.51,-65.47,-65.47
2026-09-22T12:45:23,009580,무림P&P,1932.0,18.45,10012566,0,-188921,2.05,16.05,0.74,N,-3.55,0.20,-56.29,-56.29
2026-09-22T12:45:24,303810,동국생명과학,2700.0,15.63,3311065,0,-257990,2.01,10.35,0.92,N,32.14,0.72,-37.93,-38.57
2026-09-22T12:45:25,049470,비트플래닛,3255.0,18.15,3498373,0,-67392,23.82,14.86,0.00,N,-171.32,5.16,-12.03,-82.16
2026-09-22T12:45:26,085910,네오티스,16100.0,14.1,626175,0,-18767,12.78,4.54,0.92,N,52.79,3.88,-55.65,-55.65
2026-09-22T12:45:27,065680,우주일렉트로,25400.0,14.93,126144,0,22435,10.35,1.37,3.84,N,10.94,0.78,-50.87,-50.87
2026-09-22T12:45:28,493280,아이엠바이오로직스,15490.0,11.44,278495,0,60255,3.31,1.88,0.69,N,0.00,0.00,-85.11,-85.11
2026-09-22T12:45:29,0007C0,아크릴,21250.0,11.49,1366014,0,21407,3.53,17.01,1.22,N,-44.46,3.90,-72.40,-72.40
2026-09-22T12:45:30,425420,티에프이,66400.0,14.09,444927,0,110803,3.06,3.60,2.68,N,42.19,7.06,-14.54,-14.54
2026-09-22T12:45:31,059090,미코,22150.0,10.86,1097242,0,253235,23.04,3.28,2.69,N,25.08,6.06,-24.27,-24.27
2026-09-22T12:45:32,007810,코리아써키트,65900.0,26.0,2401623,0,21844,6.87,10.01,2.46,N,38.18,4.10,-55.56,-55.56
2026-09-22T12:45:33,051370,인터플렉스,7040.0,12.46,1996337,0,-74502,6.89,8.56,1.74,N,4.99,0.53,-52.01,-52.01
2026-09-22T12:45:34,0209J0,KB제34호스팩,3290.0,64.5,65779531,787500,0,10.92,912.34,0.00,N,0.00,0.00,-28.17,-28.17
2026-09-22T12:45:35,0161M0,네오사피엔스,34100.0,-0.58,9399652,0,-200,0.00,76.95,0.00,N,-43.61,-8.65,-15.80,-15.80
2026-09-22T12:45:36,274090,켄코아에어로스페이스,12780.0,4.24,2516155,0,-68340,5.36,18.27,1.93,N,-10.80,1.05,-67.73,-67.73
2026-09-22T12:45:37,232830,아이티센피엔에스,2820.0,3.68,1442991,0,605,0.74,8.73,0.00,N,-7.68,2.93,-49.55,-49.55
2026-09-22T12:45:38,033170,시그네틱스,3060.0,9.48,2489137,0,-116457,1.19,14.52,0.00,N,-2.87,1.00,-10.53,-48.27
2026-09-22T12:55:08,007460,에이프로젠,2040.0,0.0,47987,0,4320,0.00,0.19,0.01,N,-0.62,0.02,-73.85,-87.43
2026-09-22T12:55:09,003060,에이프로젠바이오로직스,1595.0,-0.44,82088,0,-13102,0.00,0.50,0.00,N,-0.12,0.10,-74.96,-84.90
2026-09-22T12:55:10,417030,니어스랩,33100.0,-4.2,194362,0,16788,11.49,3.36,0.00,N,-7.99,-0.72,-21.19,-21.19
2026-09-22T12:55:11,127120,제이에스링크,32900.0,-4.22,88403,0,-26229,3.90,0.24,0.00,N,-54.74,15.32,-34.07,-34.07
2026-09-22T12:55:12,115180,큐리언트,22150.0,-0.23,48768,0,12161,3.15,0.13,0.00,N,-26.21,24.50,-64.79,-64.79
2026-09-22T12:55:13,299170,더블유에스아이,1545.0,29.94,3825516,0,-3854,5.30,9.22,2.77,N,-14.58,1.08,-69.10,-69.10
2026-09-22T12:55:14,0200G0,한국제17호스팩,4335.0,116.75,114507721,521600,0,6.00,1316.18,0.00,N,0.00,0.00,-16.95,-16.95
2026-09-22T12:55:15,005160,동국산업,3915.0,20.83,5117395,0,-114670,1.65,9.43,0.86,N,-21.28,0.54,-1.14,-1.14
2026-09-22T12:55:16,393210,토마토시스템,3315.0,30.0,3270675,0,-182599,2.65,20.95,1.22,N,-25.90,1.97,-52.30,-53.24
2026-09-22T12:55:17,486990,노타,22550.0,29.97,2418507,0,112182,0.69,11.31,0.44,N,-23.06,17.51,-65.47,-65.47
2026-09-22T12:55:18,0007J0,인벤테라,13980.0,20.41,1987710,0,-25757,0.95,25.27,0.50,N,0.00,0.00,-76.78,-76.78
2026-09-22T12:55:19,012210,삼미금속,12770.0,14.84,12511215,0,-5633,0.62,54.27,0.85,N,0.00,0.00,-38.75,-38.75
2026-09-22T12:55:20,009580,무림P&P,1912.0,17.23,10196396,0,-177775,2.05,16.35,0.74,N,-3.51,0.20,-56.74,-56.74
2026-09-22T12:55:21,419050,삼기에너지솔루션즈,1774.0,16.4,3883567,0,-174619,1.41,6.79,2.24,N,-11.37,1.58,-28.03,-28.03
2026-09-22T12:55:21,049470,비트플래닛,3240.0,17.6,3514293,0,-67967,23.82,14.93,0.00,N,-170.53,5.13,-12.43,-82.25
2026-09-22T12:55:22,085910,네오티스,16150.0,14.46,630896,0,-20907,12.78,4.57,0.92,N,52.95,3.89,-55.51,-55.51
2026-09-22T12:55:23,065680,우주일렉트로,25450.0,15.16,126595,0,22541,10.35,1.37,3.84,N,10.96,0.78,-50.77,-50.77
2026-09-22T12:55:24,303810,동국생명과학,2660.0,13.92,3634387,0,-200952,2.01,11.36,0.92,N,31.67,0.70,-38.85,-39.48
2026-09-22T12:55:25,493280,아이엠바이오로직스,15400.0,10.79,284476,0,58242,3.31,1.92,0.69,N,0.00,0.00,-85.19,-85.19
2026-09-22T12:55:26,425420,티에프이,66400.0,14.09,447394,0,111336,3.06,3.62,2.68,N,42.19,7.06,-14.54,-14.54
2026-09-22T12:55:27,051370,인터플렉스,7100.0,13.42,2007577,0,-79203,6.89,8.61,1.74,N,5.04,0.53,-51.60,-51.60
2026-09-22T12:55:28,059090,미코,22100.0,10.61,1117533,0,256864,23.04,3.34,2.69,N,25.03,6.04,-24.44,-24.44
2026-09-22T12:55:29,0007C0,아크릴,21200.0,11.23,1370853,0,22229,3.53,17.07,1.22,N,-44.35,3.89,-72.47,-72.47
2026-09-22T12:55:30,007810,코리아써키트,65900.0,26.0,2422538,0,14844,6.87,10.10,2.46,N,38.18,4.10,-55.56,-55.56
2026-09-22T12:55:31,0209J0,KB제34호스팩,3195.0,59.75,66785272,787500,0,10.92,926.29,0.00,N,0.00,0.00,-30.24,-30.24
2026-09-22T12:55:32,0161M0,네오사피엔스,33350.0,-2.77,9515080,0,97,0.00,77.89,0.00,N,-42.65,-8.46,-17.65,-17.65
2026-09-22T12:55:33,274090,켄코아에어로스페이스,12650.0,3.18,2527020,0,-70946,5.36,18.35,1.93,N,-10.69,1.03,-68.06,-68.06
2026-09-22T12:55:33,232830,아이티센피엔에스,2810.0,3.31,1453224,0,828,0.74,8.79,0.00,N,-7.66,2.92,-49.73,-49.73
2026-09-22T13:05:08,007460,에이프로젠,2025.0,-0.74,57009,0,-2470,0.00,0.23,0.01,N,-0.61,0.02,-74.04,-87.52
2026-09-22T13:05:09,003060,에이프로젠바이오로직스,1593.0,-0.56,85499,0,-14377,0.00,0.53,0.00,N,-0.12,0.10,-74.99,-84.92
2026-09-22T13:05:10,417030,니어스랩,32850.0,-4.92,196896,0,16728,11.49,3.41,0.00,N,-7.93,-0.72,-21.79,-21.79
2026-09-22T13:05:11,127120,제이에스링크,32850.0,-4.37,89322,0,-26860,3.90,0.24,0.00,N,-54.66,15.30,-34.17,-34.17
2026-09-22T13:05:13,115180,큐리언트,21950.0,-1.13,51400,0,9919,3.15,0.14,0.00,N,-25.98,24.28,-65.10,-65.10
2026-09-22T13:05:14,299170,더블유에스아이,1545.0,29.94,3825684,0,-3854,5.30,9.22,2.77,N,-14.58,1.08,-69.10,-69.10
2026-09-22T13:05:15,0200G0,한국제17호스팩,4255.0,112.75,116502929,521600,0,6.00,1339.11,0.00,N,0.00,0.00,-18.49,-18.49
2026-09-22T13:05:16,005160,동국산업,3875.0,19.6,6236699,0,-154720,1.65,11.50,0.86,N,-21.06,0.54,-2.64,-2.64
2026-09-22T13:05:16,393210,토마토시스템,3315.0,30.0,3270725,0,-182647,2.65,20.95,1.22,N,-25.90,1.97,-52.30,-53.24
2026-09-22T13:05:19,012210,삼미금속,13110.0,17.9,13030854,0,-30140,0.62,56.53,0.85,N,0.00,0.00,-37.12,-37.12
2026-09-22T13:05:20,486990,노타,22550.0,29.97,2421188,0,112114,0.69,11.32,0.44,N,-23.06,17.51,-65.47,-65.47
2026-09-22T13:05:20,0007J0,인벤테라,14020.0,20.76,2010288,0,-23404,0.95,25.56,0.50,N,0.00,0.00,-76.71,-76.71
2026-09-22T13:05:21,009580,무림P&P,1901.0,16.55,10355048,0,-181685,2.05,16.60,0.74,N,-3.49,0.20,-56.99,-56.99
2026-09-22T13:05:22,049470,비트플래닛,3260.0,18.33,3530601,0,-69111,23.82,15.00,0.00,N,-171.58,5.17,-11.89,-82.14
2026-09-22T13:05:23,059090,미코,22775.0,13.99,1169915,0,274382,23.04,3.50,2.69,N,25.79,6.23,-22.14,-22.14
2026-09-22T13:05:24,065680,우주일렉트로,25450.0,15.16,127929,0,22437,10.35,1.38,3.84,N,10.96,0.78,-50.77,-50.77
2026-09-22T13:05:25,085910,네오티스,16080.0,13.96,637276,0,-25109,12.78,4.62,0.92,N,52.72,3.87,-55.70,-55.70
2026-09-22T13:05:26,052690,한전기술,140200.0,8.18,1130602,0,10157,11.44,2.96,2.08,N,62.76,8.53,-29.19,-29.19
2026-09-22T13:05:27,419050,삼기에너지솔루션즈,1704.0,11.81,5053179,0,-185772,1.41,8.83,2.24,N,-10.92,1.52,-30.87,-30.87
2026-09-22T13:05:28,493280,아이엠바이오로직스,15240.0,9.64,289208,0,57453,3.31,1.95,0.69,N,0.00,0.00,-85.35,-85.35
2026-09-22T13:05:29,425420,티에프이,66100.0,13.57,450087,0,112432,3.06,3.65,2.68,N,41.99,7.02,-14.93,-14.93
2026-09-22T13:05:30,007810,코리아써키트,65800.0,25.81,2434915,0,14532,6.87,10.15,2.46,N,38.12,4.09,-55.63,-55.63
2026-09-22T13:05:31,0007C0,아크릴,20900.0,9.65,1388538,0,22644,3.53,17.29,1.22,N,-43.72,3.84,-72.86,-72.86
2026-09-22T13:05:32,303810,동국생명과학,2530.0,8.35,3971306,0,-224945,2.01,12.42,0.92,N,30.12,0.67,-41.84,-42.43
2026-09-22T13:05:33,0209J0,KB제34호스팩,2870.0,43.5,69496024,787500,0,10.92,963.88,0.00,N,0.00,0.00,-37.34,-37.34
2026-09-22T13:05:34,0161M0,네오사피엔스,31950.0,-6.85,9845494,0,302,0.00,80.60,0.00,N,-40.86,-8.10,-21.11,-21.11
2026-09-22T13:05:35,274090,켄코아에어로스페이스,12550.0,2.37,2562525,0,-75189,5.36,18.60,1.93,N,-10.61,1.03,-68.31,-68.31
2026-09-22T13:05:36,047400,유니온머티리얼,987.0,8.11,3172228,0,-43165,2.93,7.55,0.02,N,16.73,2.11,-63.17,-63.17
2026-09-22T13:05:37,232830,아이티센피엔에스,2815.0,3.49,1462470,0,-213,0.74,8.85,0.00,N,-7.67,2.93,-49.64,-49.64
2026-09-22T13:05:38,051370,인터플렉스,6980.0,11.5,2025051,0,-80796,6.89,8.68,1.74,N,4.95,0.52,-52.42,-52.42
2026-09-22T13:15:10,007460,에이프로젠,2040.0,0.0,61515,0,-3822,0.00,0.25,0.01,N,-0.62,0.02,-73.85,-87.43
2026-09-22T13:15:11,003060,에이프로젠바이오로직스,1596.0,-0.37,92588,0,-14838,0.00,0.57,0.00,N,-0.12,0.10,-74.95,-84.89
2026-09-22T13:15:13,417030,니어스랩,32900.0,-4.78,199694,0,15396,11.49,3.46,0.00,N,-7.94,-0.72,-21.67,-21.67
2026-09-22T13:15:14,127120,제이에스링크,32800.0,-4.51,92379,0,-28145,3.90,0.25,0.00,N,-54.58,15.28,-34.27,-34.27
2026-09-22T13:15:15,115180,큐리언트,22000.0,-0.9,51702,0,9914,3.15,0.14,0.00,N,-26.04,24.34,-65.02,-65.02
2026-09-22T13:15:16,299170,더블유에스아이,1545.0,29.94,3826591,0,-3854,5.30,9.22,2.77,N,-14.58,1.08,-69.10,-69.10
2026-09-22T13:15:17,005160,동국산업,3900.0,20.37,7184883,0,-139521,1.65,13.25,0.86,N,-21.20,0.54,-2.01,-2.01
2026-09-22T13:15:18,012210,삼미금속,13360.0,20.14,13767140,0,7453,0.62,59.72,0.85,N,0.00,0.00,-35.92,-35.92
2026-09-22T13:15:19,0200G0,한국제17호스팩,4170.0,108.5,118256947,521600,0,6.00,1359.28,0.00,N,0.00,0.00,-20.11,-20.11
2026-09-22T13:15:20,393210,토마토시스템,3315.0,30.0,3271112,0,-182747,2.65,20.95,1.22,N,-25.90,1.97,-52.30,-53.24
2026-09-22T13:15:21,486990,노타,22550.0,29.97,2424496,0,112112,0.69,11.33,0.44,N,-23.06,17.51,-65.47,-65.47
2026-09-22T13:15:22,0007J0,인벤테라,14060.0,21.1,2024898,0,-26200,0.95,25.74,0.50,N,0.00,0.00,-76.64,-76.64
2026-09-22T13:15:23,009580,무림P&P,1904.0,16.74,10463208,0,-160633,2.05,16.78,0.74,N,-3.50,0.20,-56.92,-56.92
2026-09-22T13:15:24,303810,동국생명과학,2690.0,15.2,4331881,0,-167025,2.01,13.54,0.92,N,32.02,0.71,-38.16,-38.79
2026-09-22T13:15:24,065680,우주일렉트로,25750.0,16.52,129781,0,23267,10.35,1.40,3.84,N,11.09,0.79,-50.19,-50.19
2026-09-22T13:15:26,049470,비트플래닛,3225.0,17.06,3540580,0,-69710,23.82,15.04,0.00,N,-169.74,5.11,-12.84,-82.33
2026-09-22T13:15:26,059090,미코,22500.0,12.61,1206489,0,268576,23.04,3.61,2.69,N,25.48,6.15,-23.08,-23.08
2026-09-22T13:15:28,493280,아이엠바이오로직스,15420.0,10.94,298416,0,54541,3.31,2.01,0.69,N,0.00,0.00,-85.17,-85.17
2026-09-22T13:15:29,085910,네오티스,15900.0,12.69,646755,0,-26293,12.78,4.69,0.92,N,52.13,3.83,-56.20,-56.20
2026-09-22T13:15:29,052690,한전기술,139000.0,7.25,1228595,0,10914,11.44,3.21,2.08,N,62.22,8.46,-29.80,-29.80
2026-09-22T13:15:31,419050,삼기에너지솔루션즈,1685.0,10.56,6125306,0,-353747,1.41,10.71,2.24,N,-10.80,1.50,-31.64,-31.64
2026-09-22T13:15:31,425420,티에프이,65900.0,13.23,453014,0,113160,3.06,3.67,2.68,N,41.87,7.00,-15.19,-15.19
2026-09-22T13:15:32,007810,코리아써키트,65300.0,24.86,2460316,0,19017,6.87,10.26,2.46,N,37.83,4.06,-55.97,-55.97
2026-09-22T13:15:33,051370,인터플렉스,6960.0,11.18,2036217,0,-78915,6.89,8.73,1.74,N,4.94,0.52,-52.56,-52.56
2026-09-22T13:15:34,0209J0,KB제34호스팩,2765.0,38.25,72122531,787500,0,10.92,1000.31,0.00,N,0.00,0.00,-39.63,-39.63
2026-09-22T13:15:35,0161M0,네오사피엔스,32550.0,-5.1,10050381,0,462,0.00,82.27,0.00,N,-41.62,-8.26,-19.63,-19.63
2026-09-22T13:15:36,274090,켄코아에어로스페이스,12440.0,1.47,2605739,0,-67611,5.36,18.92,1.93,Y,-10.52,1.02,-68.59,-68.59
2026-09-22T13:15:37,0007C0,아크릴,20800.0,9.13,1400991,0,24400,3.53,17.45,1.22,N,-43.51,3.82,-72.99,-72.99
2026-09-22T13:15:38,232830,아이티센피엔에스,2810.0,3.31,1469549,0,-811,0.74,8.89,0.00,N,-7.66,2.92,-49.73,-49.73
2026-09-22T13:15:39,0155E0,해치텍,12920.0,-4.08,1172926,0,-3001,1.02,21.38,0.00,N,-6.66,7.23,-39.63,-39.63
2026-09-22T13:25:08,007460,에이프로젠,2040.0,0.0,68228,0,-1550,0.00,0.27,0.01,N,-0.62,0.02,-73.85,-87.43
2026-09-22T13:25:09,003060,에이프로젠바이오로직스,1598.0,-0.25,94281,0,-15396,0.00,0.58,0.00,N,-0.12,0.10,-74.91,-84.87
2026-09-22T13:25:10,417030,니어스랩,32800.0,-5.07,201482,0,14373,11.49,3.49,0.00,N,-7.92,-0.72,-21.90,-21.90
2026-09-22T13:25:11,127120,제이에스링크,32700.0,-4.8,96732,0,-31420,3.90,0.26,0.00,N,-54.41,15.23,-34.47,-34.47
2026-09-22T13:25:12,115180,큐리언트,22100.0,-0.45,52434,0,9450,3.15,0.14,0.00,N,-26.15,24.45,-64.86,-64.86
2026-09-22T13:25:13,299170,더블유에스아이,1545.0,29.94,3827102,0,-3854,5.30,9.22,2.77,N,-14.58,1.08,-69.10,-69.10
2026-09-22T13:25:14,012210,삼미금속,13640.0,22.66,15090399,0,-14519,0.62,65.46,0.85,N,0.00,0.00,-34.58,-34.58
2026-09-22T13:25:15,393210,토마토시스템,3315.0,30.0,3273262,0,-182906,2.65,20.96,1.22,N,-25.90,1.97,-52.30,-53.24
2026-09-22T13:25:16,486990,노타,22550.0,29.97,2433230,0,111826,0.69,11.37,0.44,N,-23.06,17.51,-65.47,-65.47
2026-09-22T13:25:17,0007J0,인벤테라,13980.0,20.41,2041005,0,-24448,0.95,25.95,0.50,N,0.00,0.00,-76.78,-76.78
2026-09-22T13:25:18,009580,무림P&P,1937.0,18.76,10619828,0,-122414,2.05,17.03,0.74,N,-3.56,0.20,-56.18,-56.18
2026-09-22T13:25:19,005160,동국산업,3720.0,14.81,7730849,0,-157713,1.65,14.25,0.86,N,-20.22,0.52,-6.53,-6.53
2026-09-22T13:25:20,493280,아이엠바이오로직스,15920.0,14.53,332303,0,57694,3.31,2.24,0.69,N,0.00,0.00,-84.69,-84.69
2026-09-22T13:25:21,303810,동국생명과학,2685.0,14.99,4735560,0,-116168,2.01,14.81,0.92,N,31.96,0.71,-38.28,-38.91
2026-09-22T13:25:22,085910,네오티스,16280.0,15.38,661711,0,-26617,12.78,4.80,0.92,N,53.38,3.92,-55.15,-55.15
2026-09-22T13:25:23,065680,우주일렉트로,25600.0,15.84,130779,0,23535,10.35,1.42,3.84,N,11.02,0.78,-50.48,-50.48
2026-09-22T13:25:23,059090,미코,22500.0,12.61,1219690,0,267541,23.04,3.65,2.69,N,25.48,6.15,-23.08,-23.08
2026-09-22T13:25:24,049470,비트플래닛,3205.0,16.33,3562714,0,-69348,23.82,15.13,0.00,N,-168.68,5.08,-13.38,-82.44
2026-09-22T13:25:25,425420,티에프이,65800.0,13.06,460898,0,114017,3.06,3.73,2.68,N,41.80,6.99,-15.32,-15.32
2026-09-22T13:25:26,052690,한전기술,138300.0,6.71,1291849,0,3818,11.44,3.38,2.08,N,61.91,8.42,-30.15,-30.15
2026-09-22T13:25:27,122350,삼기,1612.0,4.07,1909299,0,-164257,3.03,4.98,0.38,N,-9.32,0.61,-31.26,-31.26
2026-09-22T13:25:28,051370,인터플렉스,7030.0,12.3,2051117,0,-78578,6.89,8.79,1.74,N,4.99,0.53,-52.08,-52.08
2026-09-22T13:25:29,071090,하이스틸,3550.0,8.56,5712789,0,462400,1.29,28.29,1.82,N,-15.64,0.50,-37.50,-37.50
2026-09-22T13:25:30,0209J0,KB제34호스팩,2475.0,23.75,74594589,787500,0,10.92,1034.60,0.00,N,0.00,0.00,-45.96,-45.96
2026-09-22T13:25:31,0200G0,한국제17호스팩,3525.0,76.25,122749582,521600,0,6.00,1410.91,0.00,N,0.00,0.00,-32.47,-32.47
2026-09-22T13:25:32,0161M0,네오사피엔스,31600.0,-7.87,10224406,0,4146,0.00,83.70,0.00,N,-40.41,-8.01,-21.98,-21.98
2026-09-22T13:25:33,274090,켄코아에어로스페이스,12510.0,2.04,2637577,0,-69178,5.36,19.15,1.93,N,-10.57,1.02,-68.41,-68.41
2026-09-22T13:25:34,0007C0,아크릴,20800.0,9.13,1408961,0,24259,3.53,17.55,1.22,N,-43.51,3.82,-72.99,-72.99
2026-09-22T13:25:34,232830,아이티센피엔에스,2810.0,3.31,1472453,0,-811,0.74,8.91,0.00,N,-7.66,2.92,-49.73,-49.73
2026-09-22T13:25:35,047400,유니온머티리얼,991.0,8.54,3198017,0,-40283,2.93,7.61,0.02,N,16.80,2.12,-63.02,-63.02
2026-09-22T13:25:37,0155E0,해치텍,12910.0,-4.16,1182456,0,-2712,1.02,21.55,0.00,N,-6.65,7.22,-39.67,-39.67
2026-09-22T13:35:09,007460,에이프로젠,2040.0,0.0,72774,0,-1625,0.00,0.29,0.01,N,-0.62,0.02,-73.85,-87.43
2026-09-22T13:35:10,003060,에이프로젠바이오로직스,1604.0,0.12,96299,0,-14843,0.00,0.59,0.00,N,-0.12,0.10,-74.82,-84.82
2026-09-22T13:35:11,417030,니어스랩,32700.0,-5.35,211063,0,8643,11.49,3.65,0.00,N,-7.89,-0.71,-22.14,-22.14
2026-09-22T13:35:12,127120,제이에스링크,32600.0,-5.09,98955,0,-33172,3.90,0.27,0.00,N,-54.24,15.18,-34.67,-34.67
2026-09-22T13:35:13,115180,큐리언트,22000.0,-0.9,52530,0,9490,3.15,0.14,0.00,N,-26.04,24.34,-65.02,-65.02
2026-09-22T13:35:14,299170,더블유에스아이,1545.0,29.94,3829709,0,-3854,5.30,9.23,2.77,N,-14.58,1.08,-69.10,-69.10
2026-09-22T13:35:15,012210,삼미금속,13640.0,22.66,16142777,0,-39558,0.62,70.03,0.85,N,0.00,0.00,-34.58,-34.58
2026-09-22T13:35:16,393210,토마토시스템,3315.0,30.0,3273310,0,-182953,2.65,20.96,1.22,N,-25.90,1.97,-52.30,-53.24
2026-09-22T13:35:17,486990,노타,22550.0,29.97,2433738,0,111780,0.69,11.38,0.44,N,-23.06,17.51,-65.47,-65.47
2026-09-22T13:35:17,0007J0,인벤테라,13810.0,18.95,2073532,0,-20835,0.95,26.36,0.50,N,0.00,0.00,-77.06,-77.06
2026-09-22T13:35:18,009580,무림P&P,1917.0,17.54,10749403,0,-127038,2.05,17.24,0.74,N,-3.52,0.20,-56.63,-56.63
2026-09-22T13:35:19,493280,아이엠바이오로직스,16140.0,16.12,360351,0,58097,3.31,2.43,0.69,N,0.00,0.00,-84.48,-84.48
2026-09-22T13:35:20,005160,동국산업,3620.0,11.73,8075701,0,-155595,1.65,14.89,0.86,N,-19.67,0.50,-9.05,-9.05
2026-09-22T13:35:21,049470,비트플래닛,3265.0,18.51,3648952,0,-64491,23.82,15.50,0.00,N,-171.84,5.17,-11.76,-82.11
2026-09-22T13:35:22,085910,네오티스,16190.0,14.74,671305,0,-28938,12.78,4.87,0.92,N,53.08,3.90,-55.40,-55.40
2026-09-22T13:35:23,065680,우주일렉트로,25500.0,15.38,131268,0,23482,10.35,1.42,3.84,N,10.98,0.78,-50.68,-50.68
2026-09-22T13:35:24,052690,한전기술,141700.0,9.34,1498912,0,4498,11.44,3.92,2.08,N,63.43,8.63,-28.43,-28.43
2026-09-22T13:35:25,059090,미코,22500.0,12.61,1235071,0,275938,23.04,3.70,2.69,N,25.48,6.15,-23.08,-23.08
2026-09-22T13:35:26,303810,동국생명과학,2620.0,12.21,4832302,0,-114921,2.01,15.11,0.92,N,31.19,0.69,-39.77,-40.39
2026-09-22T13:35:27,098070,한텍,26700.0,9.65,145212,0,32616,3.97,1.31,3.13,N,9.27,1.83,-57.07,-57.07
2026-09-22T13:35:28,122350,삼기,1610.0,3.94,1929697,0,-157596,3.03,5.03,0.38,N,-9.31,0.61,-31.34,-31.34
2026-09-22T13:35:29,051370,인터플렉스,6980.0,11.5,2058848,0,-81041,6.89,8.83,1.74,N,4.95,0.52,-52.42,-52.42
2026-09-22T13:35:30,0209J0,KB제34호스팩,2290.0,14.5,77033504,787500,0,10.92,1068.43,0.00,N,0.00,0.00,-50.00,-50.00
2026-09-22T13:35:31,0200G0,한국제17호스팩,3005.0,50.25,129127967,521600,0,6.00,1484.23,0.00,N,0.00,0.00,-42.43,-42.43
2026-09-22T13:35:32,0161M0,네오사피엔스,31250.0,-8.89,10609017,0,96,0.00,86.85,0.00,N,-39.96,-7.93,-22.84,-22.84
2026-09-22T13:35:33,274090,켄코아에어로스페이스,12480.0,1.79,2648400,0,-70220,5.36,19.23,1.93,N,-10.55,1.02,-68.48,-68.48
2026-09-22T13:35:34,0155E0,해치텍,12760.0,-5.27,1213143,0,-1186,1.02,22.11,0.00,N,-6.58,7.14,-40.37,-40.37
2026-09-22T13:35:34,0007C0,아크릴,20800.0,9.13,1413599,0,23612,3.53,17.60,1.22,N,-43.51,3.82,-72.99,-72.99
2026-09-22T13:35:35,232830,아이티센피엔에스,2790.0,2.57,1479250,0,-1337,0.74,8.95,0.00,N,-7.60,2.90,-50.09,-50.09
2026-09-22T13:35:36,047400,유니온머티리얼,987.0,8.11,3219562,0,-33826,2.93,7.67,0.02,N,16.73,2.11,-63.17,-63.17
2026-09-22T13:35:37,478340,나라스페이스테크놀로지,12920.0,-6.85,1023127,0,-116035,2.79,8.81,0.65,N,-10.82,-2.82,-80.00,-80.00
2026-09-22T13:35:38,419050,삼기에너지솔루션즈,1623.0,6.5,7024910,0,-340296,1.41,12.28,2.24,N,-10.40,1.45,-34.16,-34.16
2026-09-22T13:45:08,007460,에이프로젠,2055.0,0.74,74310,0,-1616,0.00,0.30,0.01,N,-0.62,0.02,-73.65,-87.34
2026-09-22T13:45:09,003060,에이프로젠바이오로직스,1599.0,-0.19,102407,0,-14223,0.00,0.63,0.00,N,-0.12,0.10,-74.90,-84.87
2026-09-22T13:45:10,417030,니어스랩,32650.0,-5.5,214945,0,7782,11.49,3.72,0.00,N,-7.88,-0.71,-22.26,-22.26
2026-09-22T13:45:11,127120,제이에스링크,32500.0,-5.39,103687,0,-36920,3.90,0.28,0.00,N,-54.08,15.14,-34.87,-34.87
2026-09-22T13:45:12,115180,큐리언트,21950.0,-1.13,53704,0,9562,3.15,0.14,0.00,N,-25.98,24.28,-65.10,-65.10
2026-09-22T13:45:13,012210,삼미금속,14080.0,26.62,17169359,0,-36302,0.62,74.48,0.85,N,0.00,0.00,-32.47,-32.47
2026-09-22T13:45:14,299170,더블유에스아이,1545.0,29.94,3830588,0,-3854,5.30,9.23,2.77,N,-14.58,1.08,-69.10,-69.10
2026-09-22T13:45:15,393210,토마토시스템,3315.0,30.0,3274132,0,-183073,2.65,20.97,1.22,N,-25.90,1.97,-52.30,-53.24
2026-09-22T13:45:16,486990,노타,22550.0,29.97,2434425,0,111779,0.69,11.38,0.44,N,-23.06,17.51,-65.47,-65.47
2026-09-22T13:45:17,0007J0,인벤테라,13770.0,18.6,2093288,0,-14860,0.95,26.61,0.50,N,0.00,0.00,-77.13,-77.13
2026-09-22T13:45:18,049470,비트플래닛,3310.0,20.15,3678748,0,-62132,23.82,15.62,0.00,N,-174.21,5.25,-10.54,-81.86
2026-09-22T13:45:19,493280,아이엠바이오로직스,16040.0,15.4,370762,0,58978,3.31,2.50,0.69,N,0.00,0.00,-84.58,-84.58
2026-09-22T13:45:20,009580,무림P&P,1891.0,15.94,10843733,0,-147290,2.05,17.39,0.74,N,-3.48,0.20,-57.22,-57.22
2026-09-22T13:45:21,187790,나노,3445.0,13.88,1024648,0,-103310,2.49,3.32,0.29,N,15.11,2.47,-54.43,-54.43
2026-09-22T13:45:22,085910,네오티스,16210.0,14.88,679818,0,-31491,12.78,4.93,0.92,N,53.15,3.90,-55.34,-55.34
2026-09-22T13:45:23,065680,우주일렉트로,25350.0,14.71,132105,0,23258,10.35,1.43,3.84,N,10.92,0.78,-50.97,-50.97
2026-09-22T13:45:24,303810,동국생명과학,2635.0,12.85,4949646,0,-137511,2.01,15.48,0.92,N,31.37,0.70,-39.43,-40.05
2026-09-22T13:45:25,059090,미코,22400.0,12.11,1258183,0,285543,23.04,3.77,2.69,N,25.37,6.12,-23.42,-23.42
2026-09-22T13:45:26,005160,동국산업,3530.0,8.95,8434469,0,-96652,1.65,15.55,0.86,N,-19.18,0.49,-11.31,-11.31
2026-09-22T13:45:27,098070,한텍,26850.0,10.27,189389,0,19878,3.97,1.70,3.13,N,9.33,1.84,-56.83,-56.83
2026-09-22T13:45:28,052690,한전기술,138600.0,6.94,1598085,0,-13690,11.44,4.18,2.08,N,62.04,8.44,-30.00,-30.00
2026-09-22T13:45:29,044490,태웅,41000.0,8.18,314358,0,18299,3.28,1.57,2.74,N,33.23,1.36,-33.12,-33.12
2026-09-22T13:45:30,0209J0,KB제34호스팩,2265.0,13.25,78435696,787500,0,10.92,1087.87,0.00,N,0.00,0.00,-50.55,-50.55
2026-09-22T13:45:31,0200G0,한국제17호스팩,3055.0,52.75,134671838,521600,0,6.00,1547.95,0.00,N,0.00,0.00,-41.48,-41.48
2026-09-22T13:45:32,0161M0,네오사피엔스,31000.0,-9.62,10781657,0,278,0.00,88.26,0.00,N,-39.64,-7.86,-23.46,-23.46
2026-09-22T13:45:33,274090,켄코아에어로스페이스,12450.0,1.55,2665954,0,-74653,5.36,19.35,1.93,N,-10.52,1.02,-68.56,-68.56
2026-09-22T13:45:34,0007C0,아크릴,20600.0,8.08,1427939,0,25705,3.53,17.78,1.22,N,-43.10,3.78,-73.25,-73.25
2026-09-22T13:45:35,0155E0,해치텍,12730.0,-5.49,1230461,0,105,1.02,22.42,0.00,N,-6.56,7.12,-40.51,-40.51
2026-09-22T13:45:36,232830,아이티센피엔에스,2780.0,2.21,1489015,0,-1099,0.74,9.01,0.00,N,-7.57,2.89,-50.27,-50.27
2026-09-22T13:45:37,051370,인터플렉스,6900.0,10.22,2071016,0,-80453,6.89,8.88,1.74,N,4.89,0.52,-52.97,-52.97
2026-09-22T13:45:38,478340,나라스페이스테크놀로지,12900.0,-6.99,1043557,0,-111040,2.79,8.99,0.65,N,-10.80,-2.81,-80.03,-80.03
2026-09-22T13:55:09,007460,에이프로젠,2040.0,0.0,75458,0,-2495,0.00,0.30,0.01,N,-0.62,0.02,-73.85,-87.43
2026-09-22T13:55:10,003060,에이프로젠바이오로직스,1598.0,-0.25,102573,0,-14303,0.00,0.63,0.00,N,-0.12,0.10,-74.91,-84.87
2026-09-22T13:55:11,417030,니어스랩,33100.0,-4.2,219921,0,5027,11.49,3.81,0.00,N,-7.99,-0.72,-21.19,-21.19
2026-09-22T13:55:12,127120,제이에스링크,32300.0,-5.97,106736,0,-37687,3.90,0.29,0.00,N,-53.74,15.04,-35.27,-35.27
2026-09-22T13:55:12,115180,큐리언트,21950.0,-1.13,53998,0,9361,3.15,0.14,0.00,N,-25.98,24.28,-65.10,-65.10
2026-09-22T13:55:13,012210,삼미금속,13800.0,24.1,18180290,0,-47458,0.62,78.87,0.85,N,0.00,0.00,-33.81,-33.81
2026-09-22T13:55:14,299170,더블유에스아이,1545.0,29.94,3830618,0,-3854,5.30,9.23,2.77,N,-14.58,1.08,-69.10,-69.10
2026-09-22T13:55:15,0200G0,한국제17호스팩,3505.0,75.25,141267713,521600,0,6.00,1623.77,0.00,N,0.00,0.00,-32.85,-32.85
2026-09-22T13:55:16,393210,토마토시스템,3315.0,30.0,3274551,0,-183172,2.65,20.97,1.22,N,-25.90,1.97,-52.30,-53.24
2026-09-22T13:55:17,486990,노타,22550.0,29.97,2436379,0,111778,0.69,11.39,0.44,N,-23.06,17.51,-65.47,-65.47
2026-09-22T13:55:18,0007J0,인벤테라,14010.0,20.67,2119408,0,-14159,0.95,26.94,0.50,N,0.00,0.00,-76.73,-76.73
2026-09-22T13:55:19,009580,무림P&P,1887.0,15.7,10914897,0,-144678,2.05,17.50,0.74,N,-3.47,0.20,-57.31,-57.31
2026-09-22T13:55:20,493280,아이엠바이오로직스,15880.0,14.24,381518,0,56351,3.31,2.57,0.69,N,0.00,0.00,-84.73,-84.73
2026-09-22T13:55:21,303810,동국생명과학,2660.0,13.92,5649051,0,-184866,2.01,17.66,0.92,N,31.67,0.70,-38.85,-39.48
2026-09-22T13:55:22,005160,동국산업,3660.0,12.96,8739549,0,-112779,1.65,16.11,0.86,N,-19.89,0.51,-8.04,-8.04
2026-09-22T13:55:23,049470,비트플래닛,3245.0,17.79,3715660,0,-68456,23.82,15.78,0.00,N,-170.79,5.14,-12.30,-82.22
2026-09-22T13:55:24,085910,네오티스,16220.0,14.95,694481,0,-30083,12.78,5.03,0.92,N,53.18,3.90,-55.32,-55.32
2026-09-22T13:55:25,059090,미코,22300.0,11.61,1270542,0,289597,23.04,3.80,2.69,N,25.25,6.10,-23.76,-23.76
2026-09-22T13:55:26,065680,우주일렉트로,25150.0,13.8,133968,0,24423,10.35,1.45,3.84,N,10.83,0.77,-51.35,-51.35
2026-09-22T13:55:27,098070,한텍,26500.0,8.83,217238,0,12791,3.97,1.95,3.13,N,9.20,1.81,-57.40,-57.40
2026-09-22T13:55:28,0209J0,KB제34호스팩,2350.0,17.5,80252043,787500,0,10.92,1113.07,0.00,N,0.00,0.00,-48.69,-48.69
2026-09-22T13:55:29,052690,한전기술,138500.0,6.87,1652727,0,-23770,11.44,4.32,2.08,N,62.00,8.43,-30.05,-30.05
2026-09-22T13:55:30,0161M0,네오사피엔스,31150.0,-9.18,10920947,0,281,0.00,89.40,0.00,N,-39.83,-7.90,-23.09,-23.09
2026-09-22T13:55:31,187790,나노,3170.0,4.79,1364015,0,-133386,2.49,4.42,0.29,N,13.90,2.28,-58.07,-58.07
2026-09-22T13:55:32,274090,켄코아에어로스페이스,12330.0,0.57,2688603,0,-77562,5.36,19.52,1.93,N,-10.42,1.01,-68.86,-68.86
2026-09-22T13:55:33,0155E0,해치텍,12700.0,-5.72,1252856,0,5727,1.02,22.83,0.00,N,-6.55,7.10,-40.65,-40.65
2026-09-22T13:55:34,232830,아이티센피엔에스,2765.0,1.65,1496713,0,-1098,0.74,9.05,0.00,N,-7.53,2.87,-50.54,-50.54
2026-09-22T13:55:35,0007C0,아크릴,20750.0,8.87,1431771,0,25557,3.53,17.83,1.22,N,-43.41,3.81,-73.05,-73.05
2026-09-22T13:55:36,047400,유니온머티리얼,981.0,7.45,3246387,0,-31004,2.93,7.73,0.02,N,16.63,2.10,-63.40,-63.40
2026-09-22T13:55:37,051370,인터플렉스,6880.0,9.9,2078497,0,-79810,6.89,8.91,1.74,N,4.88,0.52,-53.10,-53.10
2026-09-22T13:55:38,478340,나라스페이스테크놀로지,12890.0,-7.07,1051111,0,-114210,2.79,9.05,0.65,N,-10.80,-2.81,-80.05,-80.05
2026-09-22T14:05:11,007460,에이프로젠,2040.0,0.0,75538,0,-2485,0.00,0.30,0.01,N,-0.62,0.02,-73.85,-87.43
2026-09-22T14:05:12,003060,에이프로젠바이오로직스,1597.0,-0.31,102789,0,-14498,0.00,0.63,0.00,N,-0.12,0.10,-74.93,-84.88
2026-09-22T14:05:13,417030,니어스랩,33400.0,-3.33,222380,0,3493,11.49,3.85,0.00,N,-8.06,-0.73,-20.48,-20.48
2026-09-22T14:05:14,127120,제이에스링크,32500.0,-5.39,108398,0,-38846,3.90,0.29,0.00,N,-54.08,15.14,-34.87,-34.87
2026-09-22T14:05:15,115180,큐리언트,22000.0,-0.9,54223,0,9406,3.15,0.14,0.00,N,-26.04,24.34,-65.02,-65.02
2026-09-22T14:05:16,0200G0,한국제17호스팩,3675.0,83.75,150111032,521600,0,6.00,1725.41,0.00,N,0.00,0.00,-29.60,-29.60
2026-09-22T14:05:17,299170,더블유에스아이,1545.0,29.94,3832492,0,-3854,5.30,9.23,2.77,N,-14.58,1.08,-69.10,-69.10
2026-09-22T14:05:18,012210,삼미금속,13680.0,23.02,18630077,0,-49313,0.62,80.82,0.85,N,0.00,0.00,-34.39,-34.39
2026-09-22T14:05:19,303810,동국생명과학,2905.0,24.41,8526823,0,-219079,2.01,26.66,0.92,N,34.58,0.77,-33.22,-33.90
2026-09-22T14:05:20,439580,블루엠텍,3045.0,11.13,1925270,0,-315747,2.94,5.69,0.81,N,-22.72,2.30,-54.28,-54.28
2026-09-22T14:05:20,0007J0,인벤테라,14140.0,21.79,2174539,0,-17924,0.95,27.65,0.50,N,0.00,0.00,-76.51,-76.51
2026-09-22T14:05:21,393210,토마토시스템,3315.0,30.0,3274663,0,-183283,2.65,20.97,1.22,N,-25.90,1.97,-52.30,-53.24
2026-09-22T14:05:22,486990,노타,22550.0,29.97,2436527,0,111723,0.69,11.39,0.44,N,-23.06,17.51,-65.47,-65.47
2026-09-22T14:05:23,005160,동국산업,3740.0,15.43,9574256,0,-158153,1.65,17.65,0.86,N,-20.33,0.52,-6.03,-6.03
2026-09-22T14:05:24,493280,아이엠바이오로직스,15880.0,14.24,386147,0,56708,3.31,2.60,0.69,N,0.00,0.00,-84.73,-84.73
2026-09-22T14:05:25,291810,핀텔,1278.0,-6.72,2354013,0,253755,2.24,16.78,0.00,N,213.00,0.69,-75.38,-75.38
2026-09-22T14:05:26,009580,무림P&P,1869.0,14.59,11045678,0,-126792,2.05,17.71,0.74,N,-3.44,0.20,-57.71,-57.71
2026-09-22T14:05:27,085910,네오티스,16130.0,14.32,700171,0,-31603,12.78,5.08,0.92,N,52.89,3.88,-55.56,-55.56
2026-09-22T14:05:28,065680,우주일렉트로,25400.0,14.93,134459,0,24590,10.35,1.46,3.84,N,10.94,0.78,-50.87,-50.87
2026-09-22T14:05:29,049470,비트플래닛,3200.0,16.15,3804587,0,-68271,23.82,16.16,0.00,N,-168.42,5.07,-13.51,-82.47
2026-09-22T14:05:30,059090,미코,22100.0,10.61,1291948,0,295177,23.04,3.87,2.69,N,25.03,6.04,-24.44,-24.44
2026-09-22T14:05:31,0209J0,KB제34호스팩,2370.0,18.5,84201176,787500,0,10.92,1167.84,0.00,N,0.00,0.00,-48.25,-48.25
2026-09-22T14:05:32,0161M0,네오사피엔스,31100.0,-9.33,11050700,0,-150,0.00,90.46,0.00,N,-39.77,-7.89,-23.21,-23.21
2026-09-22T14:05:33,187790,나노,3020.0,-0.17,1487313,0,-127419,2.49,4.82,0.29,N,13.25,2.17,-60.05,-60.05
2026-09-22T14:05:34,274090,켄코아에어로스페이스,12480.0,1.79,2703457,0,-74424,5.36,19.63,1.93,N,-10.55,1.02,-68.48,-68.48
2026-09-22T14:05:35,0007C0,아크릴,20600.0,8.08,1438915,0,24734,3.53,17.92,1.22,N,-43.10,3.78,-73.25,-73.25
2026-09-22T14:05:36,0155E0,해치텍,12710.0,-5.64,1266143,0,6969,1.02,23.07,0.00,N,-6.55,7.11,-40.61,-40.61
2026-09-22T14:05:38,232830,아이티센피엔에스,2785.0,2.39,1505406,0,-1097,0.74,9.11,0.00,N,-7.59,2.90,-50.18,-50.18
2026-09-22T14:05:39,047400,유니온머티리얼,982.0,7.56,3256505,0,-31879,2.93,7.75,0.02,N,16.64,2.10,-63.36,-63.36
2026-09-22T14:15:08,007460,에이프로젠,2030.0,-0.49,75913,0,-2185,0.00,0.31,0.01,N,-0.61,0.02,-73.97,-87.49
2026-09-22T14:15:09,003060,에이프로젠바이오로직스,1598.0,-0.25,103817,0,-14531,0.00,0.64,0.00,N,-0.12,0.10,-74.91,-84.87
2026-09-22T14:15:10,417030,니어스랩,33650.0,-2.6,230178,0,1478,11.49,3.98,0.00,N,-8.12,-0.73,-19.88,-19.88
2026-09-22T14:15:11,127120,제이에스링크,32450.0,-5.53,109152,0,-39271,3.90,0.29,0.00,N,-53.99,15.11,-34.97,-34.97
2026-09-22T14:15:12,115180,큐리언트,22050.0,-0.68,54625,0,9410,3.15,0.15,0.00,N,-26.09,24.39,-64.94,-64.94
2026-09-22T14:15:13,0200G0,한국제17호스팩,3865.0,93.25,154899574,521600,0,6.00,1780.45,0.00,N,0.00,0.00,-25.96,-25.96
2026-09-22T14:15:14,439580,블루엠텍,3180.0,16.06,2807760,0,-295231,2.94,8.30,0.81,N,-23.73,2.40,-52.25,-52.25
2026-09-22T14:15:15,299170,더블유에스아이,1545.0,29.94,3832596,0,-3854,5.30,9.23,2.77,N,-14.58,1.08,-69.10,-69.10
2026-09-22T14:15:16,012210,삼미금속,13600.0,22.3,19036095,0,-52420,0.62,82.58,0.85,N,0.00,0.00,-34.77,-34.77
2026-09-22T14:15:17,303810,동국생명과학,2900.0,24.2,9076566,0,-262374,2.01,28.38,0.92,N,34.52,0.77,-33.33,-34.02
2026-09-22T14:15:18,393210,토마토시스템,3315.0,30.0,3274844,0,-183334,2.65,20.97,1.22,N,-25.90,1.97,-52.30,-53.24
2026-09-22T14:15:19,0007J0,인벤테라,14110.0,21.53,2199564,0,-10270,0.95,27.96,0.50,N,0.00,0.00,-76.56,-76.56
2026-09-22T14:15:20,486990,노타,22550.0,29.97,2436770,0,111723,0.69,11.39,0.44,N,-23.06,17.51,-65.47,-65.47
2026-09-22T14:15:21,005160,동국산업,3735.0,15.28,9939264,0,-157378,1.65,18.32,0.86,N,-20.30,0.52,-6.16,-6.16
2026-09-22T14:15:22,493280,아이엠바이오로직스,16130.0,16.04,402357,0,63989,3.31,2.71,0.69,N,0.00,0.00,-84.49,-84.49
2026-09-22T14:15:23,0209J0,KB제34호스팩,2490.0,24.5,85579867,787500,0,10.92,1186.96,0.00,N,0.00,0.00,-45.63,-45.63
2026-09-22T14:15:24,291810,핀텔,1286.0,-6.13,2386881,0,262643,2.24,17.02,0.00,N,214.33,0.70,-75.22,-75.22
2026-09-22T14:15:25,009580,무림P&P,1860.0,14.04,11163660,0,-72974,2.05,17.90,0.74,N,-3.42,0.19,-57.92,-57.92
2026-09-22T14:15:26,065680,우주일렉트로,25500.0,15.38,135152,0,24832,10.35,1.46,3.84,N,10.98,0.78,-50.68,-50.68
2026-09-22T14:15:27,085910,네오티스,16110.0,14.17,705727,0,-32625,12.78,5.12,0.92,N,52.82,3.88,-55.62,-55.62
2026-09-22T14:15:28,059090,미코,22100.0,10.61,1301456,0,298379,23.04,3.89,2.69,N,25.03,6.04,-24.44,-24.44
2026-09-22T14:15:28,049470,비트플래닛,3115.0,13.07,3933340,0,-70333,23.82,16.71,0.00,N,-163.95,4.94,-15.81,-82.93
2026-09-22T14:15:29,0161M0,네오사피엔스,30950.0,-9.77,11182379,0,167,0.00,91.54,0.00,N,-39.58,-7.85,-23.58,-23.58
2026-09-22T14:15:30,187790,나노,3075.0,1.65,1534906,0,-121424,2.49,4.98,0.29,N,13.49,2.21,-59.33,-59.33
2026-09-22T14:15:31,224060,더코디,4370.0,-16.44,731819,0,-10353,0.00,14.18,0.00,N,0.93,0.19,-65.73,-65.73
2026-09-22T14:15:32,274090,켄코아에어로스페이스,12480.0,1.79,2714066,0,-76052,5.36,19.70,1.93,N,-10.55,1.02,-68.48,-68.48
2026-09-22T14:15:33,047400,유니온머티리얼,975.0,6.79,3282065,0,-29573,2.93,7.81,0.02,N,16.53,2.09,-63.62,-63.62
2026-09-22T14:15:34,033170,시그네틱스,3000.0,7.33,3068901,0,-120649,1.19,17.90,0.00,N,-2.81,0.99,-12.28,-49.28
2026-09-22T14:15:35,232830,아이티센피엔에스,2780.0,2.21,1507743,0,-1096,0.74,9.12,0.00,N,-7.57,2.89,-50.27,-50.27
2026-09-22T14:15:36,0007C0,아크릴,20750.0,8.87,1446214,0,23251,3.53,18.01,1.22,N,-43.41,3.81,-73.05,-73.05
2026-09-22T14:15:37,0155E0,해치텍,12760.0,-5.27,1275348,0,5376,1.02,23.24,0.00,N,-6.58,7.14,-40.37,-40.37
2026-09-22T14:15:38,419050,삼기에너지솔루션즈,1602.0,5.12,7616334,0,-301519,1.41,13.32,2.24,N,-10.27,1.43,-35.01,-35.01
2026-09-22T14:25:09,007460,에이프로젠,2030.0,-0.49,76023,0,-2243,0.00,0.31,0.01,N,-0.61,0.02,-73.97,-87.49
2026-09-22T14:25:10,003060,에이프로젠바이오로직스,1597.0,-0.31,106895,0,-13919,0.00,0.66,0.00,N,-0.12,0.10,-74.93,-84.88
2026-09-22T14:25:11,417030,니어스랩,33925.0,-1.81,235024,0,877,11.49,4.07,0.00,N,-8.19,-0.74,-19.23,-19.23
2026-09-22T14:25:12,127120,제이에스링크,32350.0,-5.82,112557,0,-39586,3.90,0.30,0.00,N,-53.83,15.07,-35.17,-35.17
2026-09-22T14:25:13,115180,큐리언트,22150.0,-0.23,56427,0,9590,3.15,0.15,0.00,N,-26.21,24.50,-64.79,-64.79
2026-09-22T14:25:14,439580,블루엠텍,3300.0,20.44,3951576,0,-367831,2.94,11.67,0.81,N,-24.63,2.49,-50.45,-50.45
2026-09-22T14:25:15,0200G0,한국제17호스팩,3650.0,82.5,158664202,521600,0,6.00,1823.73,0.00,N,0.00,0.00,-30.08,-30.08
2026-09-22T14:25:16,299170,더블유에스아이,1545.0,29.94,3832823,0,-3854,5.30,9.23,2.77,N,-14.58,1.08,-69.10,-69.10
2026-09-22T14:25:17,012210,삼미금속,13580.0,22.12,19477646,0,-46234,0.62,84.50,0.85,N,0.00,0.00,-34.87,-34.87
2026-09-22T14:25:18,303810,동국생명과학,2920.0,25.05,9449551,0,-216357,2.01,29.54,0.92,N,34.76,0.77,-32.87,-33.56
2026-09-22T14:25:19,393210,토마토시스템,3315.0,30.0,3275408,0,-183460,2.65,20.98,1.22,N,-25.90,1.97,-52.30,-53.24
2026-09-22T14:25:20,486990,노타,22550.0,29.97,2437152,0,111721,0.69,11.39,0.44,N,-23.06,17.51,-65.47,-65.47
2026-09-22T14:25:21,0007J0,인벤테라,13860.0,19.38,2226196,0,-7402,0.95,28.30,0.50,N,0.00,0.00,-76.98,-76.98
2026-09-22T14:25:22,005160,동국산업,3730.0,15.12,10273070,0,-165763,1.65,18.94,0.86,N,-20.27,0.52,-6.28,-6.28
2026-09-22T14:25:23,493280,아이엠바이오로직스,15960.0,14.82,413225,0,62725,3.31,2.79,0.69,N,0.00,0.00,-84.65,-84.65
2026-09-22T14:25:24,291810,핀텔,1278.0,-6.72,2408304,0,251118,2.24,17.17,0.00,N,213.00,0.69,-75.38,-75.38
2026-09-22T14:25:25,009580,무림P&P,1863.0,14.22,11209971,0,-82222,2.05,17.97,0.74,N,-3.42,0.19,-57.85,-57.85
2026-09-22T14:25:26,065680,우주일렉트로,25300.0,14.48,136338,0,24543,10.35,1.48,3.84,N,10.90,0.77,-51.06,-51.06
2026-09-22T14:25:27,085910,네오티스,15940.0,12.97,716364,0,-38847,12.78,5.19,0.92,N,52.26,3.84,-56.09,-56.09
2026-09-22T14:25:28,049470,비트플래닛,3160.0,14.7,3999784,0,-69764,23.82,16.99,0.00,N,-166.32,5.01,-14.59,-82.68
2026-09-22T14:25:29,059090,미코,22000.0,10.11,1330354,0,303727,23.04,3.98,2.69,N,24.92,6.01,-24.79,-24.79
2026-09-22T14:25:30,098070,한텍,26250.0,7.8,253101,0,11201,3.97,2.28,3.13,N,9.12,1.80,-57.80,-57.80
2026-09-22T14:25:31,052690,한전기술,137100.0,5.79,1761708,0,-22763,11.44,4.61,2.08,N,61.37,8.35,-30.76,-30.76
2026-09-22T14:25:32,0209J0,KB제34호스팩,2320.0,16.0,86603209,787500,0,10.92,1201.15,0.00,N,0.00,0.00,-49.34,-49.34
2026-09-22T14:25:33,0161M0,네오사피엔스,32000.0,-6.71,11481572,0,218,0.00,93.99,0.00,N,-40.92,-8.12,-20.99,-20.99
2026-09-22T14:25:34,187790,나노,3050.0,0.83,1574361,0,-130199,2.49,5.10,0.29,N,13.38,2.19,-59.66,-59.66
2026-09-22T14:25:35,224060,더코디,4330.0,-17.21,765002,0,-12522,0.00,14.82,0.00,N,0.92,0.19,-66.04,-66.04
2026-09-22T14:25:36,274090,켄코아에어로스페이스,12430.0,1.39,2723654,0,-75213,5.36,19.77,1.93,N,-10.51,1.02,-68.61,-68.61
2026-09-22T14:25:37,0007C0,아크릴,20600.0,8.08,1454371,0,21701,3.53,18.11,1.22,N,-43.10,3.78,-73.25,-73.25
2026-09-22T14:25:38,0155E0,해치텍,12650.0,-6.09,1288184,0,4902,1.02,23.48,0.00,N,-6.52,7.07,-40.89,-40.89
2026-09-22T14:25:39,033170,시그네틱스,2980.0,6.62,3100002,0,-119737,1.19,18.08,0.00,N,-2.79,0.98,-12.87,-49.62
2026-09-22T14:25:40,419050,삼기에너지솔루션즈,1598.0,4.86,7673459,0,-285798,1.41,13.42,2.24,N,-10.24,1.42,-35.17,-35.17
2026-09-22T14:35:09,007460,에이프로젠,2030.0,-0.49,76023,0,-2243,0.00,0.31,0.01,N,-0.61,0.02,-73.97,-87.49
2026-09-22T14:35:10,003060,에이프로젠바이오로직스,1597.0,-0.31,108798,0,-13978,0.00,0.67,0.00,N,-0.12,0.10,-74.93,-84.88
2026-09-22T14:35:11,417030,니어스랩,33700.0,-2.46,237358,0,14,11.49,4.11,0.00,N,-8.14,-0.74,-19.76,-19.76
2026-09-22T14:35:12,127120,제이에스링크,32450.0,-5.53,113726,0,-40267,3.90,0.31,0.00,N,-53.99,15.11,-34.97,-34.97
2026-09-22T14:35:13,115180,큐리언트,22350.0,0.68,57682,0,9550,3.15,0.15,0.00,N,-26.45,24.72,-64.47,-64.47
2026-09-22T14:35:14,439580,블루엠텍,3275.0,19.53,4760255,0,-404125,2.94,14.06,0.81,N,-24.44,2.47,-50.83,-50.83
2026-09-22T14:35:15,012210,삼미금속,13890.0,24.91,20093995,0,-37756,0.62,87.17,0.85,N,0.00,0.00,-33.38,-33.38
2026-09-22T14:35:16,299170,더블유에스아이,1545.0,29.94,3833300,0,-3854,5.30,9.23,2.77,N,-14.58,1.08,-69.10,-69.10
2026-09-22T14:35:17,0200G0,한국제17호스팩,3485.0,74.25,163194809,521600,0,6.00,1875.80,0.00,N,0.00,0.00,-33.24,-33.24
2026-09-22T14:35:18,393210,토마토시스템,3315.0,30.0,3275580,0,-183546,2.65,20.98,1.22,N,-25.90,1.97,-52.30,-53.24
2026-09-22T14:35:19,486990,노타,22550.0,29.97,2437393,0,111717,0.69,11.39,0.44,N,-23.06,17.51,-65.47,-65.47
2026-09-22T14:35:20,0007J0,인벤테라,13740.0,18.35,2248138,0,-5326,0.95,28.58,0.50,N,0.00,0.00,-77.18,-77.18
2026-09-22T14:35:21,303810,동국생명과학,2725.0,16.7,11339435,0,-103734,2.01,35.45,0.92,N,32.44,0.72,-37.36,-38.00
2026-09-22T14:35:22,005160,동국산업,3680.0,13.58,10576251,0,-156088,1.65,19.50,0.86,N,-20.00,0.51,-7.54,-7.54
2026-09-22T14:35:22,493280,아이엠바이오로직스,15920.0,14.53,423644,0,63891,3.31,2.86,0.69,N,0.00,0.00,-84.69,-84.69
2026-09-22T14:35:23,009580,무림P&P,1853.0,13.61,11275083,0,-74428,2.05,18.08,0.74,N,-3.41,0.19,-58.08,-58.08
2026-09-22T14:35:24,291810,핀텔,1264.0,-7.74,2431207,0,248797,2.24,17.33,0.00,N,210.67,0.69,-75.65,-75.65
2026-09-22T14:35:25,065680,우주일렉트로,25500.0,15.38,136951,0,24616,10.35,1.48,3.84,N,10.98,0.78,-50.68,-50.68
2026-09-22T14:35:26,085910,네오티스,16060.0,13.82,725667,0,-38725,12.78,5.26,0.92,N,52.66,3.87,-55.76,-55.76
2026-09-22T14:35:27,059090,미코,22100.0,10.61,1353269,0,312795,23.04,4.05,2.69,N,25.03,6.04,-24.44,-24.44
2026-09-22T14:35:28,052690,한전기술,138800.0,7.1,1795875,0,-24994,11.44,4.70,2.08,N,62.13,8.45,-29.90,-29.90
2026-09-22T14:35:29,0209J0,KB제34호스팩,2205.0,10.25,88057503,787500,0,10.92,1221.32,0.00,N,0.00,0.00,-51.86,-51.86
2026-09-22T14:35:30,0161M0,네오사피엔스,30950.0,-9.77,11803787,0,381,0.00,96.63,0.00,N,-39.58,-7.85,-23.58,-23.58
2026-09-22T14:35:31,187790,나노,3075.0,1.65,1588093,0,-131446,2.49,5.15,0.29,N,13.49,2.21,-59.33,-59.33
2026-09-22T14:35:32,224060,더코디,4260.0,-18.55,796862,0,-12590,0.00,15.44,0.00,N,0.91,0.18,-66.59,-66.59
2026-09-22T14:35:33,033170,시그네틱스,2850.0,1.97,3173328,0,-121242,1.19,18.51,0.00,N,-2.67,0.94,-16.67,-51.82
2026-09-22T14:35:34,049470,비트플래닛,3085.0,11.98,4073491,0,-70626,23.82,17.30,0.00,N,-162.37,4.89,-16.62,-83.10
2026-09-22T14:35:35,274090,켄코아에어로스페이스,12390.0,1.06,2731041,0,-71896,5.36,19.83,1.93,N,-10.47,1.01,-68.71,-68.71
2026-09-22T14:35:36,0007C0,아크릴,20600.0,8.08,1457328,0,21205,3.53,18.15,1.22,N,-43.10,3.78,-73.25,-73.25
2026-09-22T14:35:37,0155E0,해치텍,12660.0,-6.01,1298298,0,4873,1.02,23.66,0.00,N,-6.53,7.08,-40.84,-40.84
2026-09-22T14:45:08,007460,에이프로젠,2020.0,-0.98,76449,0,-2284,0.00,0.31,0.01,N,-0.61,0.02,-74.10,-87.55
2026-09-22T14:45:09,003060,에이프로젠바이오로직스,1595.0,-0.44,109999,0,-13820,0.00,0.68,0.00,N,-0.12,0.10,-74.96,-84.90
2026-09-22T14:45:10,417030,니어스랩,33700.0,-2.46,243951,0,-1280,11.49,4.22,0.00,N,-8.14,-0.74,-19.76,-19.76
2026-09-22T14:45:11,127120,제이에스링크,32500.0,-5.39,114907,0,-40782,3.90,0.31,0.00,N,-54.08,15.14,-34.87,-34.87
2026-09-22T14:45:13,115180,큐리언트,22150.0,-0.23,59169,0,9138,3.15,0.16,0.00,N,-26.21,24.50,-64.79,-64.79
2026-09-22T14:45:13,439580,블루엠텍,3485.0,27.19,5327268,0,-381914,2.94,15.74,0.81,Y,-26.01,2.63,-47.67,-47.67
2026-09-22T14:45:15,299170,더블유에스아이,1545.0,29.94,3842408,0,-3854,5.30,9.26,2.77,N,-14.58,1.08,-69.10,-69.10
2026-09-22T14:45:16,012210,삼미금속,13770.0,23.83,20510086,0,-53471,0.62,88.97,0.85,N,0.00,0.00,-33.96,-33.96
2026-09-22T14:45:16,303810,동국생명과학,2880.0,23.34,12175176,0,-8043,2.01,38.07,0.92,N,34.29,0.76,-33.79,-34.47
2026-09-22T14:45:17,393210,토마토시스템,3315.0,30.0,3275882,0,-183665,2.65,20.98,1.22,N,-25.90,1.97,-52.30,-53.24
2026-09-22T14:45:18,486990,노타,22550.0,29.97,2444890,0,111306,0.69,11.43,0.44,N,-23.06,17.51,-65.47,-65.47
2026-09-22T14:45:19,0200G0,한국제17호스팩,3440.0,72.0,166047873,521600,0,6.00,1908.60,0.00,N,0.00,0.00,-34.10,-34.10
2026-09-22T14:45:20,0007J0,인벤테라,13740.0,18.35,2270606,0,-668,0.95,28.87,0.50,N,0.00,0.00,-77.18,-77.18
2026-09-22T14:45:21,005160,동국산업,3730.0,15.12,10754292,0,-168237,1.65,19.83,0.86,N,-20.27,0.52,-6.28,-6.28
2026-09-22T14:45:22,493280,아이엠바이오로직스,15840.0,13.96,434224,0,62167,3.31,2.93,0.69,N,0.00,0.00,-84.77,-84.77
2026-09-22T14:45:23,065680,우주일렉트로,25500.0,15.38,138769,0,25638,10.35,1.50,3.84,N,10.98,0.78,-50.68,-50.68
2026-09-22T14:45:24,009580,무림P&P,1851.0,13.49,11389961,0,-52830,2.05,18.26,0.74,N,-3.40,0.19,-58.12,-58.12
2026-09-22T14:45:25,085910,네오티스,16050.0,13.75,733455,0,-42117,12.78,5.32,0.92,N,52.62,3.86,-55.79,-55.79
2026-09-22T14:45:26,291810,핀텔,1241.0,-9.42,2479030,0,252829,2.24,17.67,0.00,N,206.83,0.67,-76.09,-76.09
2026-09-22T14:45:27,059090,미코,22200.0,11.11,1364664,0,317223,23.04,4.08,2.69,N,25.14,6.07,-24.10,-24.10
2026-09-22T14:45:28,052690,한전기술,138900.0,7.18,1825411,0,-23156,11.44,4.78,2.08,N,62.18,8.46,-29.85,-29.85
2026-09-22T14:45:29,0209J0,KB제34호스팩,2180.0,9.0,88955920,787500,0,10.92,1233.79,0.00,N,0.00,0.00,-52.40,-52.40
2026-09-22T14:45:30,0161M0,네오사피엔스,30900.0,-9.91,11920106,0,-362,0.00,97.58,0.00,N,-39.51,-7.84,-23.70,-23.70
2026-09-22T14:45:31,187790,나노,3040.0,0.5,1613130,0,-133297,2.49,5.23,0.29,N,13.33,2.18,-59.79,-59.79
2026-09-22T14:45:32,224060,더코디,4300.0,-17.78,825713,0,-12883,0.00,16.00,0.00,N,0.91,0.19,-66.27,-66.27
2026-09-22T14:45:33,033170,시그네틱스,2830.0,1.25,3237378,0,-119038,1.19,18.88,0.00,N,-2.65,0.93,-17.25,-52.16
2026-09-22T14:45:34,049470,비트플래닛,3100.0,12.52,4100584,0,-69816,23.82,17.42,0.00,N,-163.16,4.91,-16.22,-83.01
2026-09-22T14:45:35,274090,켄코아에어로스페이스,12420.0,1.31,2735313,0,-71287,5.36,19.86,1.93,N,-10.50,1.02,-68.64,-68.64
2026-09-22T14:45:36,0155E0,해치텍,12660.0,-6.01,1311701,0,9479,1.02,23.90,0.00,N,-6.53,7.08,-40.84,-40.84
2026-09-22T14:45:37,0007C0,아크릴,20700.0,8.6,1458752,0,21028,3.53,18.17,1.22,N,-43.31,3.80,-73.12,-73.12
2026-09-22T14:55:10,007460,에이프로젠,2040.0,0.0,78933,0,-2450,0.00,0.32,0.01,N,-0.62,0.02,-73.85,-87.43
2026-09-22T14:55:11,003060,에이프로젠바이오로직스,1605.0,0.19,117983,0,-13689,0.00,0.73,0.00,N,-0.12,0.10,-74.80,-84.81
2026-09-22T14:55:12,417030,니어스랩,33800.0,-2.17,246900,0,845,11.49,4.27,0.00,N,-8.16,-0.74,-19.52,-19.52
2026-09-22T14:55:13,127120,제이에스링크,32650.0,-4.95,119248,0,-42856,3.90,0.32,0.00,N,-54.33,15.21,-34.57,-34.57
2026-09-22T14:55:14,115180,큐리언트,22050.0,-0.68,62432,0,10582,3.15,0.17,0.00,N,-26.09,24.39,-64.94,-64.94
2026-09-22T14:55:15,439580,블루엠텍,3370.0,22.99,6560261,0,-407268,2.94,19.38,0.81,N,-25.15,2.54,-49.40,-49.40
2026-09-22T14:55:16,299170,더블유에스아이,1545.0,29.94,3844918,0,-3854,5.30,9.26,2.77,N,-14.58,1.08,-69.10,-69.10
2026-09-22T14:55:17,012210,삼미금속,13580.0,22.12,20855969,0,-51028,0.62,90.48,0.85,N,0.00,0.00,-34.87,-34.87
2026-09-22T14:55:18,303810,동국생명과학,2840.0,21.63,12419462,0,-5262,2.01,38.83,0.92,N,33.81,0.75,-34.71,-35.38
2026-09-22T14:55:19,393210,토마토시스템,3315.0,30.0,3275955,0,-183715,2.65,20.98,1.22,N,-25.90,1.97,-52.30,-53.24
2026-09-22T14:55:20,486990,노타,22550.0,29.97,2445045,0,111300,0.69,11.43,0.44,N,-23.06,17.51,-65.47,-65.47
2026-09-22T14:55:21,0007J0,인벤테라,13740.0,18.35,2280116,0,2173,0.95,28.99,0.50,N,0.00,0.00,-77.18,-77.18
2026-09-22T14:55:22,493280,아이엠바이오로직스,15870.0,14.17,438701,0,62582,3.31,2.96,0.69,N,0.00,0.00,-84.74,-84.74
2026-09-22T14:55:23,005160,동국산업,3635.0,12.19,10903765,0,-162954,1.65,20.10,0.86,N,-19.76,0.51,-8.67,-8.67
2026-09-22T14:55:24,085910,네오티스,16150.0,14.46,740425,0,-45735,12.78,5.37,0.92,N,52.95,3.89,-55.51,-55.51
2026-09-22T14:55:25,009580,무림P&P,1844.0,13.06,11433636,0,-42011,2.05,18.33,0.74,N,-3.39,0.19,-58.28,-58.28
2026-09-22T14:55:26,065680,우주일렉트로,25450.0,15.16,139517,0,26056,10.35,1.51,3.84,N,10.96,0.78,-50.77,-50.77
2026-09-22T14:55:27,0200G0,한국제17호스팩,3210.0,60.5,169324377,521600,0,6.00,1946.26,0.00,N,0.00,0.00,-38.51,-38.51
2026-09-22T14:55:28,291810,핀텔,1250.0,-8.76,2499689,0,255903,2.24,17.82,0.00,N,208.33,0.68,-75.92,-75.92
2026-09-22T14:55:29,059090,미코,22150.0,10.86,1373831,0,320566,23.04,4.11,2.69,N,25.08,6.06,-24.27,-24.27
2026-09-22T14:55:30,052690,한전기술,138600.0,6.94,1850224,0,-19993,11.44,4.84,2.08,N,62.04,8.44,-30.00,-30.00
2026-09-22T14:55:31,007810,코리아써키트,65700.0,25.62,2700968,0,-2399,6.87,11.26,2.46,N,38.06,4.09,-55.70,-55.70
2026-09-22T14:55:32,0209J0,KB제34호스팩,2100.0,5.0,89795229,787500,0,10.92,1245.43,0.00,N,0.00,0.00,-54.15,-54.15
2026-09-22T14:55:33,0161M0,네오사피엔스,30700.0,-10.5,12000047,0,844,0.00,98.23,0.00,N,-39.26,-7.79,-24.20,-24.20
2026-09-22T14:55:34,187790,나노,3025.0,0.0,1626442,0,-128693,2.49,5.27,0.29,N,13.27,2.17,-59.99,-59.99
2026-09-22T14:55:35,224060,더코디,4330.0,-17.21,841040,0,-12836,0.00,16.30,0.00,N,0.92,0.19,-66.04,-66.04
2026-09-22T14:55:36,033170,시그네틱스,2825.0,1.07,3261729,0,-119786,1.19,19.02,0.00,N,-2.65,0.93,-17.40,-52.24
2026-09-22T14:55:37,274090,켄코아에어로스페이스,12390.0,1.06,2744044,0,-66278,5.36,19.92,1.93,N,-10.47,1.01,-68.71,-68.71
2026-09-22T14:55:37,049470,비트플래닛,3110.0,12.89,4126608,0,-70645,23.82,17.53,0.00,N,-163.68,4.93,-15.95,-82.96
2026-09-22T14:55:38,232830,아이티센피엔에스,2760.0,1.47,1529021,0,-946,0.74,9.25,0.00,N,-7.52,2.87,-50.63,-50.63
2026-09-22T14:55:39,047400,유니온머티리얼,975.0,6.79,3351905,0,-917,2.93,7.98,0.02,N,16.53,2.09,-63.62,-63.62
2026-09-22T14:55:40,0007C0,아크릴,20700.0,8.6,1463143,0,20635,3.53,18.22,1.22,N,-43.31,3.80,-73.12,-73.12
2026-09-22T15:05:09,007460,에이프로젠,2025.0,-0.74,79086,0,-2582,0.00,0.32,0.01,N,-0.61,0.02,-74.04,-87.52
2026-09-22T15:05:10,003060,에이프로젠바이오로직스,1609.0,0.44,125081,0,-8413,0.00,0.77,0.00,N,-0.12,0.10,-74.74,-84.77
2026-09-22T15:05:11,417030,니어스랩,33700.0,-2.46,248891,0,274,11.49,4.31,0.00,N,-8.14,-0.74,-19.76,-19.76
2026-09-22T15:05:12,127120,제이에스링크,32650.0,-4.95,122491,0,-44951,3.90,0.33,0.00,N,-54.33,15.21,-34.57,-34.57
2026-09-22T15:05:13,115180,큐리언트,22500.0,1.35,75020,0,7849,3.15,0.20,0.00,N,-26.63,24.89,-64.23,-64.23
2026-09-22T15:05:14,299170,더블유에스아이,1545.0,29.94,3845210,0,-3854,5.30,9.26,2.77,N,-14.58,1.08,-69.10,-69.10
2026-09-22T15:05:15,012210,삼미금속,13370.0,20.23,21098273,0,-36772,0.62,91.53,0.85,N,0.00,0.00,-35.88,-35.88
2026-09-22T15:05:16,439580,블루엠텍,3110.0,13.5,7233916,0,-401472,2.94,21.37,0.81,N,-23.21,2.35,-53.30,-53.30
2026-09-22T15:05:16,303810,동국생명과학,2835.0,21.41,12767710,0,-80951,2.01,39.92,0.92,N,33.75,0.75,-34.83,-35.49
2026-09-22T15:05:17,393210,토마토시스템,3315.0,30.0,3276238,0,-183843,2.65,20.98,1.22,N,-25.90,1.97,-52.30,-53.24
2026-09-22T15:05:18,486990,노타,22550.0,29.97,2445108,0,111297,0.69,11.43,0.44,N,-23.06,17.51,-65.47,-65.47
2026-09-22T15:05:19,0007J0,인벤테라,13740.0,18.35,2292320,0,5707,0.95,29.14,0.50,N,0.00,0.00,-77.18,-77.18
2026-09-22T15:05:20,493280,아이엠바이오로직스,15880.0,14.24,443538,0,62685,3.31,2.99,0.69,N,0.00,0.00,-84.73,-84.73
2026-09-22T15:05:21,005160,동국산업,3605.0,11.27,10996663,0,-144174,1.65,20.27,0.86,N,-19.59,0.50,-9.42,-9.42
2026-09-22T15:05:22,065680,우주일렉트로,25550.0,15.61,140414,0,25981,10.35,1.52,3.84,N,11.00,0.78,-50.58,-50.58
2026-09-22T15:05:23,085910,네오티스,16180.0,14.67,747341,0,-48495,12.78,5.42,0.92,N,53.05,3.90,-55.43,-55.43
2026-09-22T15:05:24,059090,미코,22600.0,13.11,1435393,0,329926,23.04,4.30,2.69,N,25.59,6.18,-22.74,-22.74
2026-09-22T15:05:25,009580,무림P&P,1826.0,11.96,11491482,0,-18746,2.05,18.43,0.74,N,-3.36,0.19,-58.69,-58.69
2026-09-22T15:05:26,291810,핀텔,1238.0,-9.64,2537023,0,243825,2.24,18.09,0.00,N,206.33,0.67,-76.15,-76.15
2026-09-22T15:05:27,0209J0,KB제34호스팩,2005.0,0.25,91102235,787500,0,10.92,1263.55,0.00,N,0.00,0.00,-56.22,-56.22
2026-09-22T15:05:28,0200G0,한국제17호스팩,3035.0,51.75,172263004,521600,0,6.00,1980.03,0.00,N,0.00,0.00,-41.86,-41.86
2026-09-22T15:05:29,0161M0,네오사피엔스,30400.0,-11.37,12124256,0,3,0.00,99.25,0.00,N,-38.87,-7.71,-24.94,-24.94
2026-09-22T15:05:29,224060,더코디,4225.0,-19.22,855184,0,-12841,0.00,16.57,0.00,N,0.90,0.18,-66.86,-66.86
2026-09-22T15:05:30,187790,나노,3050.0,0.83,1653543,0,-125054,2.49,5.36,0.29,N,13.38,2.19,-59.66,-59.66
2026-09-22T15:05:31,033170,시그네틱스,2850.0,1.97,3300614,0,-121468,1.19,19.25,0.00,N,-2.67,0.94,-16.67,-51.82
2026-09-22T15:05:32,274090,켄코아에어로스페이스,12400.0,1.14,2748803,0,-66566,5.36,19.96,1.93,N,-10.48,1.01,-68.69,-68.69
2026-09-22T15:05:33,049470,비트플래닛,3110.0,12.89,4147839,0,-70670,23.82,17.62,0.00,N,-163.68,4.93,-15.95,-82.96
2026-09-22T15:05:34,232830,아이티센피엔에스,2765.0,1.65,1539243,0,-944,0.74,9.31,0.00,N,-7.53,2.87,-50.54,-50.54
2026-09-22T15:15:12,007460,에이프로젠,2030.0,-0.49,79568,0,-2140,0.00,0.32,0.01,N,-0.61,0.02,-73.97,-87.49
2026-09-22T15:15:14,003060,에이프로젠바이오로직스,1597.0,-0.31,133445,0,-7254,0.00,0.82,0.00,N,-0.12,0.10,-74.93,-84.88
2026-09-22T15:15:14,417030,니어스랩,34200.0,-1.01,261966,0,3344,11.49,4.53,0.00,N,-8.26,-0.75,-18.57,-18.57
2026-09-22T15:15:15,127120,제이에스링크,32300.0,-5.97,124273,0,-45506,3.90,0.33,0.00,N,-53.74,15.04,-35.27,-35.27
2026-09-22T15:15:16,115180,큐리언트,22700.0,2.25,84907,0,5242,3.15,0.23,0.00,N,-26.86,25.11,-63.91,-63.91
2026-09-22T15:15:17,299170,더블유에스아이,1545.0,29.94,3848669,0,-3854,5.30,9.27,2.77,N,-14.58,1.08,-69.10,-69.10
2026-09-22T15:15:18,303810,동국생명과학,2945.0,26.12,13588165,0,-113032,2.01,42.48,0.92,N,35.06,0.78,-32.30,-32.99
2026-09-22T15:15:19,012210,삼미금속,13490.0,21.31,21393550,0,-35801,0.62,92.81,0.85,N,0.00,0.00,-35.30,-35.30
2026-09-22T15:15:20,439580,블루엠텍,3095.0,12.96,7663252,0,-427597,2.94,22.64,0.81,N,-23.10,2.34,-53.53,-53.53
2026-09-22T15:15:21,393210,토마토시스템,3315.0,30.0,3278399,0,-185969,2.65,21.00,1.22,N,-25.90,1.97,-52.30,-53.24
2026-09-22T15:15:22,486990,노타,22550.0,29.97,2446230,0,111230,0.69,11.44,0.44,N,-23.06,17.51,-65.47,-65.47
2026-09-22T15:15:23,0007J0,인벤테라,13660.0,17.66,2305783,0,5888,0.95,29.31,0.50,N,0.00,0.00,-77.31,-77.31
2026-09-22T15:15:24,005160,동국산업,3690.0,13.89,11165163,0,-132451,1.65,20.58,0.86,N,-20.05,0.51,-7.29,-7.29
2026-09-22T15:15:25,493280,아이엠바이오로직스,16000.0,15.11,457155,0,70216,3.31,3.08,0.69,N,0.00,0.00,-84.62,-84.62
2026-09-22T15:15:26,065680,우주일렉트로,25550.0,15.61,143944,0,28935,10.35,1.56,3.84,N,11.00,0.78,-50.58,-50.58
2026-09-22T15:15:27,085910,네오티스,16130.0,14.32,758369,0,-55687,12.78,5.50,0.92,N,52.89,3.88,-55.56,-55.56
2026-09-22T15:15:27,059090,미코,22500.0,12.61,1468973,0,319651,23.04,4.40,2.69,N,25.48,6.15,-23.08,-23.08
2026-09-22T15:15:28,009580,무림P&P,1822.0,11.71,11573327,0,-8776,2.05,18.56,0.74,N,-3.35,0.19,-58.78,-58.78
2026-09-22T15:15:29,092600,앤씨앤,2850.0,-10.94,1184977,0,-29226,0.79,23.62,0.00,N,1.15,0.36,-55.75,-70.72
2026-09-22T15:15:30,049470,비트플래닛,3170.0,15.06,4221012,0,-44336,23.82,17.93,0.00,N,-166.84,5.02,-14.32,-82.63
2026-09-22T15:15:31,052710,아모텍,19360.0,14.56,2724299,0,-49621,6.94,14.58,0.85,N,43.12,2.19,-46.59,-40.13
2026-09-22T15:15:32,159010,아스플로,24300.0,8.24,197652,0,-7367,4.36,1.48,0.13,N,-32.62,6.77,-8.99,-8.99
2026-09-22T15:15:33,0209J0,KB제34호스팩,1914.0,-4.3,92616785,787500,0,10.92,1284.56,0.00,N,0.00,0.00,-58.21,-58.21
2026-09-22T15:15:34,0200G0,한국제17호스팩,2165.0,8.25,176786225,521600,0,6.00,2032.03,0.00,N,0.00,0.00,-58.52,-58.52
2026-09-22T15:15:35,0161M0,네오사피엔스,30400.0,-11.37,12261905,0,1567,0.00,100.38,0.00,N,-38.87,-7.71,-24.94,-24.94
2026-09-22T15:15:36,187790,나노,3035.0,0.33,1670977,0,-127984,2.49,5.42,0.29,N,13.31,2.18,-59.85,-59.85
2026-09-22T15:15:37,224060,더코디,4225.0,-19.22,867585,0,-12873,0.00,16.81,0.00,N,0.90,0.18,-66.86,-66.86
2026-09-22T15:15:38,033170,시그네틱스,2860.0,2.33,3321157,0,-119180,1.19,19.37,0.00,N,-2.68,0.94,-16.37,-51.65
2026-09-22T15:15:39,291810,핀텔,1204.0,-12.12,2618345,0,235832,2.24,18.67,0.00,N,200.67,0.65,-76.80,-76.80
2026-09-22T15:15:39,274090,켄코아에어로스페이스,12430.0,1.39,2763800,0,-71807,5.36,20.07,1.93,N,-10.51,1.02,-68.61,-68.61
2026-09-22T15:15:40,0007C0,아크릴,20550.0,7.82,1474180,0,19159,3.53,18.36,1.22,N,-42.99,3.77,-73.31,-73.31
2026-09-22T15:15:41,047400,유니온머티리얼,974.0,6.68,3366944,0,-7,2.93,8.02,0.02,N,16.51,2.09,-63.66,-63.66
2026-09-22T15:15:42,0155E0,해치텍,12700.0,-5.72,1336605,0,13981,1.02,24.36,0.00,N,-6.55,7.10,-40.65,-40.65
2026-09-22T15:15:43,232830,아이티센피엔에스,2780.0,2.21,1543409,0,-942,0.74,9.33,0.00,N,-7.57,2.89,-50.27,-50.27
2026-09-22T15:25:08,007460,에이프로젠,2010.0,-1.47,80231,0,-2214,0.00,0.32,0.01,N,-0.61,0.02,-74.23,-87.62
2026-09-22T15:25:09,003060,에이프로젠바이오로직스,1604.0,0.12,133446,0,-7254,0.00,0.82,0.00,N,-0.12,0.10,-74.82,-84.82
2026-09-22T15:25:10,417030,니어스랩,34500.0,-0.14,270246,0,1988,11.49,4.68,0.00,N,-8.33,-0.75,-17.86,-17.86
2026-09-22T15:25:11,127120,제이에스링크,32700.0,-4.8,130313,0,-49806,3.90,0.35,0.00,N,-54.41,15.23,-34.47,-34.47
2026-09-22T15:25:12,115180,큐리언트,22600.0,1.8,86416,0,5543,3.15,0.23,0.00,N,-26.75,25.00,-64.07,-64.07
2026-09-22T15:25:13,303810,동국생명과학,3035.0,29.98,14227108,0,-82073,2.01,44.48,0.92,N,36.13,0.80,-30.23,-30.94
2026-09-22T15:25:13,299170,더블유에스아이,1545.0,29.94,3848955,0,-3854,5.30,9.27,2.77,N,-14.58,1.08,-69.10,-69.10
2026-09-22T15:25:14,012210,삼미금속,13480.0,21.22,21551245,0,-2768,0.62,93.49,0.85,N,0.00,0.00,-35.35,-35.35
2026-09-22T15:25:15,439580,블루엠텍,3105.0,13.32,7785640,0,-428533,2.94,23.00,0.81,N,-23.17,2.34,-53.38,-53.38
2026-09-22T15:25:16,393210,토마토시스템,3315.0,30.0,3278502,0,-186047,2.65,21.00,1.22,N,-25.90,1.97,-52.30,-53.24
2026-09-22T15:25:17,486990,노타,22550.0,29.97,2446243,0,111230,0.69,11.44,0.44,N,-23.06,17.51,-65.47,-65.47
2026-09-22T15:25:18,0007J0,인벤테라,13830.0,19.12,2333950,0,6777,0.95,29.67,0.50,N,0.00,0.00,-77.03,-77.03
2026-09-22T15:25:19,005160,동국산업,3695.0,14.04,11352041,0,-146064,1.65,20.93,0.86,N,-20.08,0.51,-7.16,-7.16
2026-09-22T15:25:20,493280,아이엠바이오로직스,15970.0,14.89,461089,0,70279,3.31,3.11,0.69,N,0.00,0.00,-84.64,-84.64
2026-09-22T15:25:21,065680,우주일렉트로,25700.0,16.29,144755,0,28921,10.35,1.57,3.84,N,11.07,0.79,-50.29,-50.29
2026-09-22T15:25:22,059090,미코,22600.0,13.11,1482846,0,314572,23.04,4.44,2.69,N,25.59,6.18,-22.74,-22.74
2026-09-22T15:25:23,049470,비트플래닛,3210.0,16.52,4247565,0,-34896,23.82,18.04,0.00,N,-168.95,5.09,-13.24,-82.41
2026-09-22T15:25:23,051370,인터플렉스,7160.0,14.38,2224977,0,-82201,6.89,9.54,1.74,N,5.08,0.54,-51.19,-51.19
2026-09-22T15:25:24,085910,네오티스,15980.0,13.25,763586,0,-57172,12.78,5.54,0.92,N,52.39,3.85,-55.98,-55.98
2026-09-22T15:25:25,052710,아모텍,19345.0,14.47,2754557,0,-56698,6.94,14.75,0.85,N,43.08,2.18,-46.63,-40.18
2026-09-22T15:25:26,009580,무림P&P,1808.0,10.85,11643036,0,9883,2.05,18.67,0.74,N,-3.32,0.19,-59.10,-59.10
2026-09-22T15:25:27,092600,앤씨앤,2825.0,-11.72,1200479,0,-29847,0.79,23.93,0.00,N,1.14,0.35,-56.13,-70.98
2026-09-22T15:25:28,0200G0,한국제17호스팩,2170.0,8.5,179005713,521600,0,6.00,2057.54,0.00,N,0.00,0.00,-58.43,-58.43
2026-09-22T15:25:29,0209J0,KB제34호스팩,1914.0,-4.3,93394999,787500,0,10.92,1295.35,0.00,N,0.00,0.00,-58.21,-58.21
2026-09-22T15:25:30,0161M0,네오사피엔스,30600.0,-10.79,12314379,0,1558,0.00,100.81,0.00,N,-39.13,-7.76,-24.44,-24.44
2026-09-22T15:25:31,187790,나노,3015.0,-0.33,1676407,0,-125691,2.49,5.44,0.29,N,13.22,2.16,-60.12,-60.12
2026-09-22T15:25:32,224060,더코디,4220.0,-19.31,875303,0,-12876,0.00,16.96,0.00,N,0.90,0.18,-66.90,-66.90
2026-09-22T15:25:33,033170,시그네틱스,2885.0,3.22,3332800,0,-117976,1.19,19.44,0.00,N,-2.70,0.95,-15.64,-51.23
2026-09-22T15:25:33,291810,핀텔,1204.0,-12.12,2630253,0,236558,2.24,18.75,0.00,N,200.67,0.65,-76.80,-76.80
2026-09-22T15:25:34,274090,켄코아에어로스페이스,12490.0,1.88,2770308,0,-70977,5.36,20.11,1.93,N,-10.56,1.02,-68.46,-68.46
2026-09-22T15:25:35,232830,아이티센피엔에스,2765.0,1.65,1549328,0,-942,0.74,9.37,0.00,N,-7.53,2.87,-50.54,-50.54
